case_id,trial_uid,trial_id,n,k,rate,family,snr_db,true_label,states,transmitted_int,marginal_winner_int,joint_winner_int,first_winner_int,certified_winner_int,oracle_tie,certified,certificate_cap_hit,cert_matches_marginal,direct_probability_check,marginal_vs_joint_switch,marginal_vs_first_switch,marginal_error,joint_error,first_error,logsumexp_gain_winner,effective_path_multiplicity_winner,oracle_margin_log,cert_components,cert_queue_touch_fraction,first_components,certificate_over_first
EF10_DENSE,EF10_DENSE_c0_t0,0,10,7,0.7,dense,7.0,slip_2_1,9,919,535,535,535,535,False,True,False,True,True,False,False,True,True,True,3.5223558993990878e-06,1.0000035223621029,3.4439466556804,9,1.0,2,4.5
EF10_DENSE,EF10_DENSE_c0_t1,1,10,7,0.7,dense,-1.0,no_slip,9,271,143,143,143,143,False,True,False,True,True,False,False,True,True,True,0.09546017000100626,1.1001650015903508,0.2196828595638216,269,1.0,6,44.833333333333336
EF10_DENSE,EF10_DENSE_c0_t2,2,10,7,0.7,dense,5.0,no_slip,9,365,365,365,365,365,False,True,False,True,True,False,False,False,False,False,0.3426082518953706,1.4086168308508982,1.0888236805193046,43,1.0,5,8.6
EF10_DENSE,EF10_DENSE_c0_t3,3,10,7,0.7,dense,-3.0,slip_3_1,9,725,792,792,792,792,False,True,False,True,True,False,False,True,True,True,0.05552959240104016,1.057100298745551,0.6784939070383214,199,1.0,3,66.33333333333333
EF10_DENSE,EF10_DENSE_c0_t4,4,10,7,0.7,dense,1.0,slip_4_3,9,781,830,830,830,830,False,True,False,True,True,False,False,True,True,True,0.03142076550347106,1.0319196087256546,0.6358290131987943,63,1.0,4,15.75
EF10_DENSE,EF10_DENSE_c0_t5,5,10,7,0.7,dense,-3.0,no_slip,9,297,288,288,288,288,False,True,False,True,True,False,False,True,True,True,0.17344280619110286,1.189392658927803,0.04444540874373182,1219,1.0,8,152.375
EF10_DENSE,EF10_DENSE_c0_t6,6,10,7,0.7,dense,3.0,slip_3_3,9,297,288,262,262,288,False,True,False,True,True,True,True,True,True,True,0.6368432725968702,1.890503645356396,0.23310111869089134,73,1.0,6,12.166666666666666
EF10_DENSE,EF10_DENSE_c0_t7,7,10,7,0.7,dense,-1.0,slip_4_3,9,0,331,77,77,331,False,True,False,True,True,True,True,True,True,True,0.738580546149505,2.092962541256256,0.046799852207316306,912,1.0,7,130.28571428571428
EF10_DENSE,EF10_DENSE_c0_t8,8,10,7,0.7,dense,-3.0,no_slip,9,309,860,860,860,860,False,True,False,True,True,False,False,True,True,True,0.3990095505401836,1.490347852166483,0.17770763996900207,658,1.0,9,73.11111111111111
EF10_DENSE,EF10_DENSE_c0_t9,9,10,7,0.7,dense,1.0,no_slip,9,275,275,275,275,275,False,True,False,True,True,False,False,False,False,False,0.03531248017102584,1.035943369989565,0.06777470277358155,357,1.0,6,59.5
EF10_DENSE,EF10_DENSE_c0_t10,10,10,7,0.7,dense,1.0,no_slip,9,548,548,548,548,548,False,True,False,True,True,False,False,False,False,False,0.013397121525493105,1.0134872650628957,2.065710037936366,12,0.5555555555555556,1,12.0
EF10_DENSE,EF10_DENSE_c0_t11,11,10,7,0.7,dense,3.0,slip_2_3,9,482,452,452,452,452,False,True,False,True,True,False,False,True,True,True,0.03009600460129569,1.030553467079144,2.068768821853448,4,0.2222222222222222,1,4.0
EF10_DENSE,EF10_DENSE_c0_t12,12,10,7,0.7,dense,-3.0,slip_2_3,9,510,169,237,237,169,False,True,False,True,True,True,True,True,True,True,0.49606625798464243,1.6422483662809828,0.23874360643956116,526,1.0,10,52.6
EF10_DENSE,EF10_DENSE_c0_t13,13,10,7,0.7,dense,-3.0,no_slip,9,369,288,288,288,288,False,True,False,True,True,False,False,True,True,True,0.437682487762066,1.5491129670001251,0.23592414666177852,607,1.0,6,101.16666666666667
EF10_DENSE,EF10_DENSE_c0_t14,14,10,7,0.7,dense,5.0,no_slip,9,203,203,203,203,203,False,True,False,True,True,False,False,False,False,False,0.001974209596614429,1.001976159631428,0.5203196256365903,105,1.0,6,17.5
EF10_DENSE,EF10_DENSE_c0_t15,15,10,7,0.7,dense,1.0,no_slip,9,879,879,879,879,879,False,True,False,True,True,False,False,False,False,False,0.6148906574739783,1.8494543644901067,0.709021597459154,46,1.0,11,4.181818181818182
EF10_DENSE,EF10_DENSE_c0_t16,16,10,7,0.7,dense,3.0,slip_2_3,9,28,51,51,51,51,False,True,False,True,True,False,False,True,True,True,0.3468293061786394,1.414575245507197,0.8290694263176892,75,1.0,14,5.357142857142857
EF10_DENSE,EF10_DENSE_c0_t17,17,10,7,0.7,dense,3.0,no_slip,9,792,792,792,792,792,False,True,False,True,True,False,False,False,False,False,0.0022234519432728916,1.0022259256455912,1.0747420013396631,36,1.0,4,9.0
EF10_DENSE,EF10_DENSE_c0_t18,18,10,7,0.7,dense,7.0,slip_1_1,9,879,823,823,879,823,False,True,False,True,True,False,True,True,True,False,0.004995479994002849,1.005007978207046,0.004994914328358746,22,1.0,2,11.0
EF10_DENSE,EF10_DENSE_c0_t19,19,10,7,0.7,dense,7.0,slip_4_1,9,644,644,644,644,644,False,True,False,True,True,False,False,False,False,False,0.031587541556980625,1.032091722557371,3.482624130257836,9,1.0,8,1.125
EF10_DENSE,EF10_DENSE_c0_t20,20,10,7,0.7,dense,1.0,slip_2_1,9,792,830,830,830,830,False,True,False,True,True,False,False,True,True,True,0.14021127447148807,1.150516848020285,0.9323804639927236,81,1.0,7,11.571428571428571
EF10_DENSE,EF10_DENSE_c0_t21,21,10,7,0.7,dense,7.0,no_slip,9,309,309,309,309,309,False,True,False,True,True,False,False,False,False,False,6.204078060179086e-07,1.0000006204079985,7.050662110951635,2,0.2222222222222222,1,2.0
EF10_DENSE,EF10_DENSE_c0_t22,22,10,7,0.7,dense,1.0,slip_4_1,9,412,412,412,412,412,False,True,False,True,True,False,False,False,False,False,0.5444434755756884,1.7236488627121,0.5569701533874944,69,1.0,21,3.2857142857142856
EF10_DENSE,EF10_DENSE_c0_t23,23,10,7,0.7,dense,5.0,no_slip,9,241,241,241,241,241,False,True,False,True,True,False,False,False,False,False,0.011499951562251809,1.0115663302116022,2.05135462034297,2,0.2222222222222222,1,2.0
EF10_DENSE,EF10_DENSE_c0_t24,24,10,7,0.7,dense,3.0,no_slip,9,1001,1001,1001,1001,1001,False,True,False,True,True,False,False,False,False,False,0.0034220364182218077,1.0034278982694278,2.0735563006567865,6,0.4444444444444444,1,6.0
EF10_DENSE,EF10_DENSE_c0_t25,25,10,7,0.7,dense,3.0,slip_3_1,9,695,695,695,695,695,False,True,False,True,True,False,False,False,False,False,0.7411575904522065,2.098363154269607,0.7609554386042126,44,1.0,11,4.0
EF10_DENSE,EF10_DENSE_c0_t26,26,10,7,0.7,dense,-1.0,no_slip,9,68,38,68,68,38,False,True,False,True,True,True,True,True,False,False,0.5455572029572551,1.7255696070409456,0.05726026442457055,256,1.0,5,51.2
EF10_DENSE,EF10_DENSE_c0_t27,27,10,7,0.7,dense,5.0,slip_4_3,9,1013,1013,1013,1013,1013,False,True,False,True,True,False,False,False,False,False,0.026827765050641883,1.0271908693595035,3.0006238303965156,9,1.0,9,1.0
EF10_DENSE,EF10_DENSE_c0_t28,28,10,7,0.7,dense,7.0,slip_1_1,9,979,841,841,841,841,False,True,False,True,True,False,False,True,True,True,7.880885197764087e-07,1.0000007880888304,2.079292003344771,3,0.3333333333333333,1,3.0
EF10_DENSE,EF10_DENSE_c0_t29,29,10,7,0.7,dense,1.0,slip_2_1,9,147,713,713,713,713,False,True,False,True,True,False,False,True,True,True,0.06964340914534795,1.0721258028256189,1.219225309203372,37,1.0,3,12.333333333333334
EF10_DENSE,EF10_DENSE_c0_t30,30,10,7,0.7,dense,1.0,slip_1_3,9,617,979,979,979,979,False,True,False,True,True,False,False,True,True,True,0.004669284576335642,1.004680202672181,0.008389003898548353,446,1.0,4,111.5
EF10_DENSE,EF10_DENSE_c0_t31,31,10,7,0.7,dense,3.0,slip_2_3,9,898,898,898,898,898,False,True,False,True,True,False,False,False,False,False,0.14367532638963354,1.1545092089951292,0.7207478893354864,65,1.0,8,8.125
EF10_DENSE,EF10_DENSE_c0_t32,32,10,7,0.7,dense,-1.0,slip_2_3,9,966,860,860,860,860,False,True,False,True,True,False,False,True,True,True,0.004525481759625194,1.0045357372166621,0.30859483378577757,67,1.0,2,33.5
EF10_DENSE,EF10_DENSE_c0_t33,33,10,7,0.7,dense,1.0,slip_3_1,9,322,907,907,907,907,False,True,False,True,True,False,False,True,True,True,0.011230203275141903,1.011293498726297,0.6793604085296749,94,1.0,2,47.0
EF10_DENSE,EF10_DENSE_c0_t34,34,10,7,0.7,dense,-3.0,slip_2_3,9,617,713,713,713,713,False,True,False,True,True,False,False,True,True,True,0.2493226925565626,1.283156031169333,1.276703653406118,73,1.0,3,24.333333333333332
EF10_DENSE,EF10_DENSE_c0_t35,35,10,7,0.7,dense,1.0,slip_2_1,9,802,802,802,802,802,False,True,False,True,True,False,False,False,False,False,0.5785493592004407,1.78344940885726,1.1119993543362323,183,1.0,21,8.714285714285714
EF10_DENSE,EF10_DENSE_c0_t36,36,10,7,0.7,dense,5.0,slip_2_3,9,126,126,126,126,126,False,True,False,True,True,False,False,False,False,False,0.00494949371454112,1.004961762691947,4.900447706974743,9,1.0,5,1.8
EF10_DENSE,EF10_DENSE_c0_t37,37,10,7,0.7,dense,1.0,no_slip,9,966,966,966,966,966,False,True,False,True,True,False,False,False,False,False,0.1391362118431827,1.1492806349760287,0.27521803868580985,91,1.0,2,45.5
EF10_DENSE,EF10_DENSE_c0_t38,38,10,7,0.7,dense,-3.0,slip_2_1,9,491,228,228,228,228,False,True,False,True,True,False,False,True,True,True,0.0718001769394192,1.0744406245975582,0.08693174234679901,1614,1.0,8,201.75
EF10_DENSE,EF10_DENSE_c0_t39,39,10,7,0.7,dense,3.0,no_slip,9,322,322,322,322,322,False,True,False,True,True,False,False,False,False,False,0.0322928382119656,1.0328199101608828,2.063102062063143,16,1.0,2,8.0
EF10_DENSE,EF10_DENSE_c0_t40,40,10,7,0.7,dense,-3.0,no_slip,9,879,879,879,879,879,False,True,False,True,True,False,False,False,False,False,0.13025051925300168,1.1391137174998693,0.12452377069511122,297,1.0,4,74.25
EF10_DENSE,EF10_DENSE_c0_t41,41,10,7,0.7,dense,-1.0,no_slip,9,792,792,792,792,792,False,True,False,True,True,False,False,False,False,False,0.13420470418329344,1.1436269008958642,1.2922443877707597,67,1.0,3,22.333333333333332
EF10_DENSE,EF10_DENSE_c0_t42,42,10,7,0.7,dense,-1.0,slip_1_1,9,241,9,9,9,9,False,True,False,True,True,False,False,True,True,True,0.1952539922610601,1.2156197052795126,0.6578857379875096,169,1.0,7,24.142857142857142
EF10_DENSE,EF10_DENSE_c0_t43,43,10,7,0.7,dense,-3.0,slip_2_1,9,405,188,188,188,188,False,True,False,True,True,False,False,True,True,True,0.05657329488041185,1.0582041729061897,0.6164943684148199,223,1.0,3,74.33333333333333
EF10_DENSE,EF10_DENSE_c0_t44,44,10,7,0.7,dense,-3.0,slip_4_3,9,412,452,452,452,452,False,True,False,True,True,False,False,True,True,True,0.1826865309942196,1.2004380489737423,0.4046072554854625,119,1.0,1,119.0
EF10_DENSE,EF10_DENSE_c0_t45,45,10,7,0.7,dense,3.0,no_slip,9,792,792,792,792,792,False,True,False,True,True,False,False,False,False,False,0.0016502821249160249,1.0016516445898427,2.0450340667330495,3,0.3333333333333333,1,3.0
EF10_DENSE,EF10_DENSE_c0_t46,46,10,7,0.7,dense,7.0,slip_3_1,9,282,282,282,282,282,False,True,False,True,True,False,False,False,False,False,2.1296402016091065e-05,1.000021296628786,2.0182808227071263,20,1.0,7,2.857142857142857
EF10_DENSE,EF10_DENSE_c0_t47,47,10,7,0.7,dense,-1.0,no_slip,9,926,926,926,926,926,False,True,False,True,True,False,False,False,False,False,0.16035370013593742,1.1739260153603859,1.7229978663047643,20,1.0,2,10.0
EF10_DENSE,EF10_DENSE_c0_t48,48,10,7,0.7,dense,5.0,slip_4_1,9,0,0,0,47,0,False,True,False,True,True,False,True,False,False,True,0.5413174796262155,1.718269156200138,0.539830166710848,25,1.0,6,4.166666666666667
EF10_DENSE,EF10_DENSE_c0_t49,49,10,7,0.7,dense,-3.0,no_slip,9,792,992,992,992,992,False,True,False,True,True,False,False,True,True,True,0.016385475103220415,1.0165204532195051,0.3294267368145256,446,1.0,6,74.33333333333333
EF10_DENSE,EF10_DENSE_c0_t50,50,10,7,0.7,dense,-3.0,no_slip,9,542,282,282,282,282,False,True,False,True,True,False,False,True,True,True,0.14951321853081012,1.161268820978233,0.10708621537773944,596,1.0,8,74.5
EF10_DENSE,EF10_DENSE_c0_t51,51,10,7,0.7,dense,5.0,slip_3_3,9,975,975,879,879,975,False,True,False,True,True,True,True,False,True,True,0.026368379746267934,1.0267191013392771,0.02636670950941955,70,1.0,3,23.333333333333332
EF10_DENSE,EF10_DENSE_c0_t52,52,10,7,0.7,dense,1.0,no_slip,9,188,188,188,188,188,False,True,False,True,True,False,False,False,False,False,0.1962371796207254,1.2168154749443882,0.16902053098841918,73,1.0,4,18.25
EF10_DENSE,EF10_DENSE_c0_t53,53,10,7,0.7,dense,3.0,no_slip,9,674,674,674,674,674,False,True,False,True,True,False,False,False,False,False,0.0010958322182741398,1.0010964328617808,0.9077881555634804,14,1.0,2,7.0
EF10_DENSE,EF10_DENSE_c0_t54,54,10,7,0.7,dense,-3.0,no_slip,9,617,322,322,322,322,False,True,False,True,True,False,False,True,True,True,0.3101139569410254,1.3635804947406827,0.1428790901536825,559,1.0,4,139.75
EF10_DENSE,EF10_DENSE_c0_t55,55,10,7,0.7,dense,3.0,no_slip,9,169,248,248,248,248,False,True,False,True,True,False,False,True,True,True,0.18058696276537134,1.197920291412204,0.8067068597616665,47,1.0,8,5.875
EF10_DENSE,EF10_DENSE_c0_t56,56,10,7,0.7,dense,3.0,slip_4_3,9,222,222,472,472,222,False,True,False,True,True,True,True,False,True,True,0.4102514007516067,1.5071966478577592,0.2952468010666589,75,1.0,5,15.0
EF10_DENSE,EF10_DENSE_c0_t57,57,10,7,0.7,dense,1.0,slip_4_1,9,38,38,38,38,38,False,True,False,True,True,False,False,False,False,False,0.4419645325122943,1.5557605605370133,1.458669885306664,48,1.0,5,9.6
EF10_DENSE,EF10_DENSE_c0_t58,58,10,7,0.7,dense,5.0,slip_3_1,9,331,331,331,356,331,False,True,False,True,True,False,True,False,False,True,0.04979731267783549,1.0510580386454105,0.04752830711092759,54,1.0,6,9.0
EF10_DENSE,EF10_DENSE_c0_t59,59,10,7,0.7,dense,7.0,slip_2_3,9,51,38,38,38,38,False,True,False,True,True,False,False,True,True,True,3.762113893301944e-06,1.00000376212097,2.0794435840786285,2,0.2222222222222222,1,2.0
EF10_DENSE,EF10_DENSE_c0_t60,60,10,7,0.7,dense,5.0,no_slip,9,919,919,919,919,919,False,True,False,True,True,False,False,False,False,False,1.0935860537131248e-06,1.0000010935866517,1.922646260508781,6,0.4444444444444444,1,6.0
EF10_DENSE,EF10_DENSE_c0_t61,61,10,7,0.7,dense,7.0,slip_2_1,9,262,262,262,262,262,False,True,False,True,True,False,False,False,False,False,0.011520122047016912,1.011586734200633,0.009091701260627971,52,1.0,4,13.0
EF10_DENSE,EF10_DENSE_c0_t62,62,10,7,0.7,dense,5.0,no_slip,9,412,412,412,412,412,False,True,False,True,True,False,False,False,False,False,0.037360658102892685,1.0380673407311314,2.988786868043932,5,0.3333333333333333,1,5.0
EF10_DENSE,EF10_DENSE_c0_t63,63,10,7,0.7,dense,1.0,slip_4_3,9,222,222,222,222,222,False,True,False,True,True,False,False,False,False,False,0.4483297464842959,1.5656948929281493,1.5280967001746397,59,1.0,8,7.375
EF10_DENSE,EF10_DENSE_c0_t64,64,10,7,0.7,dense,7.0,slip_4_3,9,412,452,412,452,452,False,True,False,True,True,True,False,True,False,True,0.008587310234422496,1.008624286950679,0.0046774785046146405,36,1.0,3,12.0
EF10_DENSE,EF10_DENSE_c0_t65,65,10,7,0.7,dense,5.0,no_slip,9,275,275,275,275,275,False,True,False,True,True,False,False,False,False,False,7.877518146148788e-05,1.0000787782843075,1.6278954196375164,12,1.0,2,6.0
EF10_DENSE,EF10_DENSE_c0_t66,66,10,7,0.7,dense,-3.0,no_slip,9,1020,1020,1020,1020,1020,False,True,False,True,True,False,False,False,False,False,0.2688105681279893,1.308407263531974,0.32789065419417973,104,1.0,3,34.666666666666664
EF10_DENSE,EF10_DENSE_c0_t67,67,10,7,0.7,dense,-3.0,slip_4_3,9,535,772,772,772,772,False,True,False,True,True,False,False,True,True,True,0.36329196914760153,1.4380556658398989,0.4232419177844484,300,1.0,8,37.5
EF10_DENSE,EF10_DENSE_c0_t68,68,10,7,0.7,dense,-1.0,no_slip,9,350,412,412,412,412,False,True,False,True,True,False,False,True,True,True,0.07944619700797517,1.0826873061458517,1.5911213786177392,34,1.0,2,17.0
EF10_DENSE,EF10_DENSE_c0_t69,69,10,7,0.7,dense,7.0,no_slip,9,331,331,331,331,331,False,True,False,True,True,False,False,False,False,False,0.5923967701606205,1.8083173466563236,2.45025071712325,11,1.0,2,5.5
EF10_DENSE,EF10_DENSE_c0_t70,70,10,7,0.7,dense,-1.0,slip_4_3,9,350,77,77,77,77,False,True,False,True,True,False,False,True,True,True,0.2837719044721627,1.3281299556971995,1.1674890190308176,50,1.0,5,10.0
EF10_DENSE,EF10_DENSE_c0_t71,71,10,7,0.7,dense,5.0,no_slip,9,1020,1020,1020,1020,1020,False,True,False,True,True,False,False,False,False,False,0.0035665763552703567,1.0035729441568857,1.26054160656299,21,1.0,2,10.5
EF10_DENSE,EF10_DENSE_c0_t72,72,10,7,0.7,dense,7.0,no_slip,9,143,143,143,143,143,False,True,False,True,True,False,False,False,False,False,0.0003940540078044563,1.000394131657284,2.079810744970491,2,0.2222222222222222,1,2.0
EF10_DENSE,EF10_DENSE_c0_t73,73,10,7,0.7,dense,1.0,slip_3_3,9,47,47,0,0,47,False,True,False,True,True,True,True,False,True,True,0.8805574084109384,2.4122439367993516,0.7378797294072612,100,1.0,12,8.333333333333334
EF10_DENSE,EF10_DENSE_c0_t74,74,10,7,0.7,dense,-1.0,no_slip,9,617,841,841,841,841,False,True,False,True,True,False,False,True,True,True,0.3240696974161139,1.3827436774225241,0.5322050649274086,123,1.0,4,30.75
EF10_DENSE,EF10_DENSE_c0_t75,75,10,7,0.7,dense,7.0,no_slip,9,47,47,47,47,47,False,True,False,True,True,False,False,False,False,False,2.169703873566853e-06,1.0000021697062274,2.0789979611248848,2,0.2222222222222222,1,2.0
EF10_DENSE,EF10_DENSE_c0_t76,76,10,7,0.7,dense,-1.0,slip_2_3,9,393,465,465,465,465,False,True,False,True,True,False,False,True,True,True,0.10470087642137038,1.1103784203085285,0.23075753988555014,268,1.0,5,53.6
EF10_DENSE,EF10_DENSE_c0_t77,77,10,7,0.7,dense,3.0,slip_3_3,9,461,461,365,365,461,False,True,False,True,True,True,True,False,True,True,0.024341631248262274,1.0246403072507524,0.02182597543857767,106,1.0,4,26.5
EF10_DENSE,EF10_DENSE_c0_t78,78,10,7,0.7,dense,5.0,slip_4_1,9,890,890,890,890,890,False,True,False,True,True,False,False,False,False,False,0.02954188268092839,1.0299825729999945,3.1141876726231397,9,1.0,8,1.125
EF10_DENSE,EF10_DENSE_c0_t79,79,10,7,0.7,dense,-1.0,no_slip,9,9,535,535,535,535,False,True,False,True,True,False,False,True,True,True,0.60931582333526,1.8391726492181768,0.6502309727685347,182,1.0,14,13.0
EF10_DENSE,EF10_DENSE_c0_t80,80,10,7,0.7,dense,-1.0,slip_2_3,9,9,657,147,147,657,False,True,False,True,True,True,True,True,True,True,0.6520077896197147,1.9193906955742839,0.15330912129166308,294,1.0,12,24.5
EF10_DENSE,EF10_DENSE_c0_t81,81,10,7,0.7,dense,1.0,slip_4_3,9,510,1020,510,510,1020,False,True,False,True,True,True,True,True,False,False,0.3448936659687334,1.411839785069743,0.045887604088520106,630,1.0,3,210.0
EF10_DENSE,EF10_DENSE_c0_t82,82,10,7,0.7,dense,-1.0,no_slip,9,356,309,309,309,309,False,True,False,True,True,False,False,True,True,True,0.23732750124146662,1.2678562742932677,0.5604613450036382,204,1.0,4,51.0
EF10_DENSE,EF10_DENSE_c0_t83,83,10,7,0.7,dense,1.0,slip_3_1,9,203,77,77,77,77,False,True,False,True,True,False,False,True,True,True,0.005026528898991245,1.0050391830887102,0.3425289623990384,118,1.0,3,39.333333333333336
EF10_DENSE,EF10_DENSE_c0_t84,84,10,7,0.7,dense,3.0,no_slip,9,919,405,405,405,405,False,True,False,True,True,False,False,True,True,True,0.027542865223115776,1.0279256764263631,1.8349537269780134,4,0.2222222222222222,1,4.0
EF10_DENSE,EF10_DENSE_c0_t85,85,10,7,0.7,dense,-1.0,slip_2_1,9,702,644,535,535,644,False,True,False,True,True,True,True,True,True,True,0.6551798847050812,1.9254888522195768,0.03200189629330019,691,1.0,8,86.375
EF10_DENSE,EF10_DENSE_c0_t86,86,10,7,0.7,dense,-3.0,slip_4_1,9,369,369,369,369,369,False,True,False,True,True,False,False,False,False,False,0.5026861525851771,1.6531559410377528,0.41331488609191425,195,1.0,9,21.666666666666668
EF10_DENSE,EF10_DENSE_c0_t87,87,10,7,0.7,dense,-1.0,no_slip,9,992,491,491,491,491,False,True,False,True,True,False,False,True,True,True,0.20748828818085308,1.2305833043865884,0.039492395885767806,696,1.0,2,348.0
EF10_DENSE,EF10_DENSE_c0_t88,88,10,7,0.7,dense,7.0,slip_2_3,9,548,548,523,548,548,False,True,False,True,True,True,False,False,True,False,0.0006625926254093528,1.0006628121883938,4.320639870947218e-05,40,1.0,5,8.0
EF10_DENSE,EF10_DENSE_c0_t89,89,10,7,0.7,dense,3.0,no_slip,9,350,472,472,472,472,False,True,False,True,True,False,False,True,True,True,0.1397860901476573,1.1500277702736672,1.0716018895325536,54,1.0,5,10.8
EF10_DENSE,EF10_DENSE_c0_t90,90,10,7,0.7,dense,-1.0,slip_4_1,9,435,945,945,945,945,False,True,False,True,True,False,False,True,True,True,0.143905023232751,1.1547744265744397,1.0576227123295503,39,1.0,1,39.0
EF10_DENSE,EF10_DENSE_c0_t91,91,10,7,0.7,dense,-3.0,slip_4_1,9,271,271,781,781,271,False,True,False,True,True,True,True,False,True,True,0.48294981685479144,1.620848563692277,0.15630292428844328,282,1.0,8,35.25
EF10_DENSE,EF10_DENSE_c0_t92,92,10,7,0.7,dense,-1.0,no_slip,9,288,356,356,356,356,False,True,False,True,True,False,False,True,True,True,0.44488075973292496,1.5603041336582197,0.717785242497591,74,1.0,4,18.5
EF10_DENSE,EF10_DENSE_c0_t93,93,10,7,0.7,dense,-3.0,slip_3_3,9,452,879,879,879,879,False,True,False,True,True,False,False,True,True,True,0.17421986267798317,1.1903172433895242,0.5651267779858049,58,1.0,2,29.0
EF10_DENSE,EF10_DENSE_c0_t94,94,10,7,0.7,dense,7.0,no_slip,9,0,0,0,0,0,False,True,False,True,True,False,False,False,False,False,0.0010193062012175957,1.0010198258703358,2.0803034076649785,2,0.2222222222222222,1,2.0
EF10_DENSE,EF10_DENSE_c0_t95,95,10,7,0.7,dense,-3.0,no_slip,9,823,932,932,932,932,False,True,False,True,True,False,False,True,True,True,0.38829353535566646,1.4744625276547674,0.5021854072123606,169,1.0,2,84.5
EF10_DENSE,EF10_DENSE_c0_t96,96,10,7,0.7,dense,-3.0,slip_1_3,9,68,28,28,28,28,False,True,False,True,True,False,False,True,True,True,0.11220132263918714,1.1187380652747496,0.9306980421784257,96,1.0,4,24.0
EF10_DENSE,EF10_DENSE_c0_t97,97,10,7,0.7,dense,5.0,no_slip,9,343,343,343,343,343,False,True,False,True,True,False,False,False,False,False,0.0034736809773772137,1.003479721199053,0.6052161171141117,19,1.0,2,9.5
EF10_DENSE,EF10_DENSE_c0_t98,98,10,7,0.7,dense,5.0,slip_1_3,9,228,653,653,653,653,False,True,False,True,True,False,False,True,True,True,0.0002720632550499147,1.0002721002676138,0.5026782050302234,42,1.0,12,3.5
EF10_DENSE,EF10_DENSE_c0_t99,99,10,7,0.7,dense,1.0,no_slip,9,702,702,702,702,702,False,True,False,True,True,False,False,False,False,False,0.0192725170799104,1.019459430872673,1.9397083368952348,12,0.6666666666666666,1,12.0
EF10_DENSE,EF10_DENSE_c0_t100,100,10,7,0.7,dense,1.0,no_slip,9,393,393,393,393,393,False,True,False,True,True,False,False,False,False,False,0.026185347612299736,1.02653119594806,1.9311628664846623,8,0.4444444444444444,1,8.0
EF10_DENSE,EF10_DENSE_c0_t101,101,10,7,0.7,dense,3.0,slip_3_1,9,1020,595,883,883,595,False,True,False,True,True,True,True,True,True,True,0.6134426860892024,1.8467783453599889,0.14394366525249858,38,1.0,10,3.8
EF10_DENSE,EF10_DENSE_c0_t102,102,10,7,0.7,dense,-1.0,no_slip,9,160,160,160,160,160,False,True,False,True,True,False,False,False,False,False,0.14790373648657784,1.1594012829499476,0.9194972763910076,39,1.0,1,39.0
EF10_DENSE,EF10_DENSE_c0_t103,103,10,7,0.7,dense,-3.0,no_slip,9,595,595,595,595,595,False,True,False,True,True,False,False,False,False,False,0.030440119376127228,1.0309081567769025,1.041862657760067,45,1.0,1,45.0
EF10_DENSE,EF10_DENSE_c0_t104,104,10,7,0.7,dense,3.0,slip_3_3,9,919,926,926,926,926,False,True,False,True,True,False,False,True,True,True,0.0030258259525819398,1.0030304083846446,0.9886631821912069,20,1.0,2,10.0
EF10_DENSE,EF10_DENSE_c0_t105,105,10,7,0.7,dense,5.0,no_slip,9,945,945,945,945,945,False,True,False,True,True,False,False,False,False,False,0.08129336232131479,1.0846890567959733,0.9882189782618624,31,1.0,10,3.1
EF10_DENSE,EF10_DENSE_c0_t106,106,10,7,0.7,dense,-3.0,no_slip,9,288,561,561,561,561,False,True,False,True,True,False,False,True,True,True,0.02770145800317181,1.0280887109447856,0.8041254993136189,49,1.0,3,16.333333333333332
EF10_DENSE,EF10_DENSE_c0_t107,107,10,7,0.7,dense,-1.0,slip_2_3,9,704,725,725,725,725,False,True,False,True,True,False,False,True,True,True,0.0938739212040911,1.0984212495580852,0.1587116040775456,363,1.0,2,181.5
EF10_DENSE,EF10_DENSE_c0_t108,108,10,7,0.7,dense,5.0,no_slip,9,482,482,482,482,482,False,True,False,True,True,False,False,False,False,False,0.23206129216163607,1.2611970279514821,3.2984881586758084,9,1.0,8,1.125
EF10_DENSE,EF10_DENSE_c0_t109,109,10,7,0.7,dense,1.0,no_slip,9,860,841,841,841,841,False,True,False,True,True,False,False,True,True,True,0.12340025423902468,1.1313371528287037,0.5399236514059229,94,1.0,2,47.0
EF10_DENSE,EF10_DENSE_c0_t110,110,10,7,0.7,dense,-1.0,slip_4_1,9,595,595,713,713,595,False,True,False,True,True,True,True,False,True,True,0.8257994708406642,2.283705791893612,0.47853097513663023,87,1.0,8,10.875
EF10_DENSE,EF10_DENSE_c0_t111,111,10,7,0.7,dense,7.0,no_slip,9,542,542,542,542,542,False,True,False,True,True,False,False,False,False,False,0.00032201272224829935,1.0003220645739104,2.0741974279806588,2,0.2222222222222222,1,2.0
EF10_DENSE,EF10_DENSE_c0_t112,112,10,7,0.7,dense,3.0,slip_4_1,9,369,369,282,282,369,False,True,False,True,True,True,True,False,True,True,0.5000698266529007,1.6488363994075066,0.4214883838141841,13,1.0,3,4.333333333333333
EF10_DENSE,EF10_DENSE_c0_t113,113,10,7,0.7,dense,5.0,no_slip,9,262,262,262,262,262,False,True,False,True,True,False,False,False,False,False,0.0005544634353267242,1.000554617178591,5.380358929625393,3,0.2222222222222222,1,3.0
EF10_DENSE,EF10_DENSE_c0_t114,114,10,7,0.7,dense,-1.0,slip_4_3,9,442,376,376,376,376,False,True,False,True,True,False,False,True,True,True,0.14434405869329225,1.1552815248055395,0.05285713927864499,935,1.0,4,233.75
EF10_DENSE,EF10_DENSE_c0_t115,115,10,7,0.7,dense,7.0,slip_2_3,9,134,412,412,412,412,False,True,False,True,True,False,False,True,True,True,0.0013550337616115016,1.0013559522346662,0.8523258251266963,13,1.0,2,6.5
EF10_DENSE,EF10_DENSE_c0_t116,116,10,7,0.7,dense,1.0,slip_4_3,9,992,704,704,704,704,False,True,False,True,True,False,False,True,True,True,0.1360674001315143,1.1457591153075113,0.18152615863880328,216,1.0,4,54.0
EF10_DENSE,EF10_DENSE_c0_t117,117,10,7,0.7,dense,3.0,no_slip,9,762,248,215,215,248,False,True,False,True,True,True,True,True,True,True,0.05858916668754688,1.0603395284429291,0.014613906112382224,269,1.0,14,19.214285714285715
EF10_DENSE,EF10_DENSE_c0_t118,118,10,7,0.7,dense,1.0,no_slip,9,169,169,169,169,169,False,True,False,True,True,False,False,False,False,False,0.025456029669737035,1.025782801270261,0.1610807411109434,70,1.0,2,35.0
EF10_DENSE,EF10_DENSE_c0_t119,119,10,7,0.7,dense,7.0,no_slip,9,683,683,683,683,683,False,True,False,True,True,False,False,False,False,False,0.030209264572878425,1.0306701941456673,2.0933276675478716,4,0.3333333333333333,1,4.0
EF10_DENSE,EF10_DENSE_c0_t120,120,10,7,0.7,dense,1.0,slip_2_1,9,907,941,941,941,941,False,True,False,True,True,False,False,True,True,True,0.015557643102052765,1.0156792932760859,1.9094464163934823,4,0.2222222222222222,1,4.0
EF10_DENSE,EF10_DENSE_c0_t121,121,10,7,0.7,dense,-1.0,no_slip,9,309,21,275,275,21,False,True,False,True,True,True,True,True,True,True,0.915355169308544,2.497662187341496,0.17543895388001474,419,1.0,19,22.05263157894737
EF10_DENSE,EF10_DENSE_c0_t122,122,10,7,0.7,dense,3.0,slip_2_3,9,860,883,860,860,883,False,True,False,True,True,True,True,True,False,False,0.02202821516558373,1.0222726276549896,0.0024315947020889794,310,1.0,7,44.285714285714285
EF10_DENSE,EF10_DENSE_c0_t123,123,10,7,0.7,dense,-1.0,no_slip,9,879,879,879,879,879,False,True,False,True,True,False,False,False,False,False,0.03091651451417121,1.0313993934126429,1.9780131251167212,7,0.3333333333333333,1,7.0
EF10_DENSE,EF10_DENSE_c0_t124,124,10,7,0.7,dense,1.0,slip_2_3,9,1020,568,568,568,568,False,True,False,True,True,False,False,True,True,True,0.4664197715082903,1.594276090585117,0.44158890786715865,306,1.0,33,9.272727272727273
EF10_DENSE,EF10_DENSE_c0_t125,125,10,7,0.7,dense,-3.0,slip_3_3,9,98,548,548,548,548,False,True,False,True,True,False,False,True,True,True,0.3725443747077062,1.4514228841804089,0.19949473756340375,462,1.0,5,92.4
EF10_DENSE,EF10_DENSE_c0_t126,126,10,7,0.7,dense,-1.0,no_slip,9,841,653,653,653,653,False,True,False,True,True,False,False,True,True,True,0.05479875909951559,1.0563280168832017,0.3602173258561745,156,1.0,2,78.0
EF10_DENSE,EF10_DENSE_c0_t127,127,10,7,0.7,dense,5.0,no_slip,9,629,629,629,629,629,False,True,False,True,True,False,False,False,False,False,2.183207710082513e-05,1.0000218323154224,2.025744606442326,3,0.3333333333333333,1,3.0
EF10_DENSE,EF10_DENSE_c0_t128,128,10,7,0.7,dense,-3.0,slip_4_3,9,591,591,591,591,591,False,True,False,True,True,False,False,False,False,False,0.1337728997195864,1.1431331842974286,0.6002825945030246,103,1.0,4,25.75
EF10_DENSE,EF10_DENSE_c0_t129,129,10,7,0.7,dense,3.0,slip_3_3,9,262,288,288,288,288,False,True,False,True,True,False,False,True,True,True,0.009831680842106394,1.0098801705978482,0.34314360749973893,108,1.0,15,7.2
EF10_DENSE,EF10_DENSE_c0_t130,130,10,7,0.7,dense,1.0,slip_3_3,9,356,365,365,365,365,False,True,False,True,True,False,False,True,True,True,0.008945816795577599,1.0089859502007417,1.9894927320251021,2,0.2222222222222222,1,2.0
EF10_DENSE,EF10_DENSE_c0_t131,131,10,7,0.7,dense,-3.0,no_slip,9,629,119,629,629,119,False,True,False,True,True,True,True,True,False,False,0.5537376037170265,1.739743352383072,0.08198962793080256,471,1.0,4,117.75
EF10_DENSE,EF10_DENSE_c0_t132,132,10,7,0.7,dense,7.0,slip_3_1,9,435,435,412,412,435,False,True,False,True,True,True,True,False,True,True,0.005004102020035095,1.0050166434493526,0.004346401913033482,40,1.0,5,8.0
EF10_DENSE,EF10_DENSE_c0_t133,133,10,7,0.7,dense,1.0,no_slip,9,535,535,535,535,535,False,True,False,True,True,False,False,False,False,False,0.005355568622205098,1.005369935315659,2.0634783229384706,6,0.2222222222222222,1,6.0
EF10_DENSE,EF10_DENSE_c0_t134,134,10,7,0.7,dense,-1.0,no_slip,9,582,582,582,582,582,False,True,False,True,True,False,False,False,False,False,0.03403917166036585,1.0346251339187058,0.7937719462052577,98,1.0,5,19.6
EF10_DENSE,EF10_DENSE_c0_t135,135,10,7,0.7,dense,5.0,no_slip,9,979,979,979,979,979,False,True,False,True,True,False,False,False,False,False,6.91546780409169e-05,1.0000691570692808,2.077357660459029,3,0.2222222222222222,1,3.0
EF10_DENSE,EF10_DENSE_c0_t136,136,10,7,0.7,dense,3.0,slip_3_1,9,781,898,898,898,898,False,True,False,True,True,False,False,True,True,True,0.4822891356745984,1.6197780532223025,1.2122195522696995,46,1.0,6,7.666666666666667
EF10_DENSE,EF10_DENSE_c0_t137,137,10,7,0.7,dense,-1.0,slip_1_3,9,975,282,282,282,282,False,True,False,True,True,False,False,True,True,True,0.1829983613198376,1.2008124403316938,0.08874582931813535,783,1.0,13,60.23076923076923
EF10_DENSE,EF10_DENSE_c0_t138,138,10,7,0.7,dense,3.0,no_slip,9,405,405,405,405,405,False,True,False,True,True,False,False,False,False,False,0.006998399283270729,1.0070229453070831,2.0769042407060407,2,0.2222222222222222,1,2.0
EF10_DENSE,EF10_DENSE_c0_t139,139,10,7,0.7,dense,-3.0,slip_1_1,9,898,932,941,941,932,False,True,False,True,True,True,True,True,True,True,0.4933681872128055,1.6378234360356092,0.07889597938408954,557,1.0,8,69.625
EF10_DENSE,EF10_DENSE_c0_t140,140,10,7,0.7,dense,5.0,no_slip,9,275,262,262,297,262,False,True,False,True,True,False,True,True,True,True,0.11961744264405993,1.1270656018591405,0.018572316063330874,53,1.0,5,10.6
EF10_DENSE,EF10_DENSE_c0_t141,141,10,7,0.7,dense,7.0,no_slip,9,241,241,241,241,241,False,True,False,True,True,False,False,False,False,False,0.09334673153221162,1.0978423258346572,2.168420986630947,5,0.4444444444444444,1,5.0
EF10_DENSE,EF10_DENSE_c0_t142,142,10,7,0.7,dense,5.0,no_slip,9,203,203,203,203,203,False,True,False,True,True,False,False,False,False,False,0.03581037830487954,1.0364592926880771,2.069034338018408,4,0.3333333333333333,1,4.0
EF10_DENSE,EF10_DENSE_c0_t143,143,10,7,0.7,dense,1.0,slip_4_1,9,77,77,38,38,77,False,True,False,True,True,True,True,False,True,True,0.4365770905766606,1.547401527970739,0.4363653237336198,59,1.0,6,9.833333333333334
EF10_DENSE,EF10_DENSE_c0_t144,144,10,7,0.7,dense,-1.0,slip_2_3,9,841,802,802,802,802,False,True,False,True,True,False,False,True,True,True,0.023498003504174747,1.0237762567795663,0.32862433601701646,89,1.0,3,29.666666666666668
EF10_DENSE,EF10_DENSE_c0_t145,145,10,7,0.7,dense,3.0,no_slip,9,376,376,376,376,376,False,True,False,True,True,False,False,False,False,False,0.005024346610126074,1.0050369898052849,1.841696529236641,4,0.3333333333333333,1,4.0
EF10_DENSE,EF10_DENSE_c0_t146,146,10,7,0.7,dense,7.0,no_slip,9,853,853,853,853,853,False,True,False,True,True,False,False,False,False,False,1.0547242969005666e-05,1.0000105472985914,2.0752884252327135,2,0.2222222222222222,1,2.0
EF10_DENSE,EF10_DENSE_c0_t147,147,10,7,0.7,dense,7.0,slip_2_3,9,832,853,853,853,853,False,True,False,True,True,False,False,True,True,True,0.0016346894207659446,1.0016360262538535,2.081068927223483,2,0.2222222222222222,1,2.0
EF10_DENSE,EF10_DENSE_c0_t148,148,10,7,0.7,dense,-3.0,slip_1_3,9,535,860,860,860,860,False,True,False,True,True,False,False,True,True,True,0.2714938045594142,1.3119227438918946,0.07387431983262971,621,1.0,4,155.25
EF10_DENSE,EF10_DENSE_c0_t149,149,10,7,0.7,dense,7.0,slip_4_3,9,514,514,514,514,514,False,True,False,True,True,False,False,False,False,False,0.06059045799058893,1.062463701555089,2.857875803100261,9,1.0,9,1.0
EF10_DENSE,EF10_DENSE_c1_t0,150,10,7,0.7,dense,1.0,no_slip,9,428,428,428,428,428,False,True,False,True,True,False,False,False,False,False,0.03727176592796688,1.0379750687686828,0.8247204370678602,44,1.0,2,22.0
EF10_DENSE,EF10_DENSE_c1_t1,151,10,7,0.7,dense,-1.0,slip_1_1,9,10,206,206,206,206,False,True,False,True,True,False,False,True,True,True,0.28862001950026084,1.3345845160778276,0.32747810085361273,246,1.0,9,27.333333333333332
EF10_DENSE,EF10_DENSE_c1_t2,152,10,7,0.7,dense,-1.0,slip_1_3,9,784,381,381,381,381,False,True,False,True,True,False,False,True,True,True,0.24604268124185324,1.2789541597286374,0.052712953993816924,637,1.0,13,49.0
EF10_DENSE,EF10_DENSE_c1_t3,153,10,7,0.7,dense,1.0,slip_2_3,9,995,839,839,839,839,False,True,False,True,True,False,False,True,True,True,0.20248985180091772,1.2244476591202536,1.6281313951370704,18,1.0,2,9.0
EF10_DENSE,EF10_DENSE_c1_t4,154,10,7,0.7,dense,3.0,no_slip,9,525,525,525,525,525,False,True,False,True,True,False,False,False,False,False,0.011702896259333073,1.0117716430669377,0.5321283376875874,17,1.0,2,8.5
EF10_DENSE,EF10_DENSE_c1_t5,155,10,7,0.7,dense,3.0,no_slip,9,747,747,747,747,747,False,True,False,True,True,False,False,False,False,False,0.34620182520490594,1.4136879048785223,0.49209888906467114,43,1.0,3,14.333333333333334
EF10_DENSE,EF10_DENSE_c1_t6,156,10,7,0.7,dense,7.0,slip_1_1,9,784,784,784,784,784,False,True,False,True,True,False,False,False,False,False,2.6035707995308854e-05,1.0000260360469273,6.2416166317458925,9,1.0,2,4.5
EF10_DENSE,EF10_DENSE_c1_t7,157,10,7,0.7,dense,-3.0,slip_3_1,9,66,621,621,621,621,False,True,False,True,True,False,False,True,True,True,0.19593263927861315,1.2164449619642996,0.05703510860343641,3812,1.0,15,254.13333333333333
EF10_DENSE,EF10_DENSE_c1_t8,158,10,7,0.7,dense,7.0,no_slip,9,320,320,320,320,320,False,True,False,True,True,False,False,False,False,False,2.3668183448677382e-06,1.0000023668211457,1.9829283071051655,4,0.2222222222222222,1,4.0
EF10_DENSE,EF10_DENSE_c1_t9,159,10,7,0.7,dense,5.0,no_slip,9,330,330,330,330,330,False,True,False,True,True,False,False,False,False,False,0.008292625555145872,1.0083271046158595,2.0869729595290507,2,0.2222222222222222,1,2.0
EF10_DENSE,EF10_DENSE_c1_t10,160,10,7,0.7,dense,-3.0,slip_3_3,9,319,177,177,177,177,False,True,False,True,True,False,False,True,True,True,0.7938937553941106,2.2119926378879087,0.050398576046919885,1252,1.0,27,46.370370370370374
EF10_DENSE,EF10_DENSE_c1_t11,161,10,7,0.7,dense,-3.0,no_slip,9,879,879,879,879,879,False,True,False,True,True,False,False,False,False,False,0.4100927990957679,1.5069576229291102,0.20407198495706247,228,1.0,6,38.0
EF10_DENSE,EF10_DENSE_c1_t12,162,10,7,0.7,dense,-1.0,no_slip,9,773,773,773,773,773,False,True,False,True,True,False,False,False,False,False,0.03335291278408192,1.033915356810204,1.7621714888246824,23,0.7777777777777778,1,23.0
EF10_DENSE,EF10_DENSE_c1_t13,163,10,7,0.7,dense,5.0,slip_2_3,9,530,549,525,525,549,False,True,False,True,True,True,True,True,True,True,0.6497294567679592,1.9150226625032905,0.6495181026229577,24,1.0,5,4.8
EF10_DENSE,EF10_DENSE_c1_t14,164,10,7,0.7,dense,-1.0,slip_2_1,9,929,958,958,958,958,False,True,False,True,True,False,False,True,True,True,0.5874519040624548,1.7993975313356887,0.8309350207123387,66,1.0,6,11.0
EF10_DENSE,EF10_DENSE_c1_t15,165,10,7,0.7,dense,1.0,slip_4_3,9,1014,850,850,850,850,False,True,False,True,True,False,False,True,True,True,0.16159261863582763,1.1753813153311994,0.5031838440298078,69,1.0,7,9.857142857142858
EF10_DENSE,EF10_DENSE_c1_t16,166,10,7,0.7,dense,5.0,no_slip,9,134,134,134,134,134,False,True,False,True,True,False,False,False,False,False,0.00037756585676973486,1.0003776371437294,2.078330918813399,2,0.2222222222222222,1,2.0
EF10_DENSE,EF10_DENSE_c1_t17,167,10,7,0.7,dense,3.0,no_slip,9,264,264,264,264,264,False,True,False,True,True,False,False,False,False,False,0.004345335465820277,1.0043547901255712,4.2660147377346656,4,0.3333333333333333,1,4.0
EF10_DENSE,EF10_DENSE_c1_t18,168,10,7,0.7,dense,7.0,no_slip,9,773,773,773,773,773,False,True,False,True,True,False,False,False,False,False,0.12781599459874027,1.1363438900452647,2.2064702356116666,9,0.8888888888888888,2,4.5
EF10_DENSE,EF10_DENSE_c1_t19,169,10,7,0.7,dense,5.0,slip_3_3,9,536,592,592,592,592,False,True,False,True,True,False,False,True,True,True,0.008156930299605847,1.0081902886945762,3.817372897634284,10,1.0,9,1.1111111111111112
EF10_DENSE,EF10_DENSE_c1_t20,170,10,7,0.7,dense,1.0,slip_2_3,9,196,209,209,209,209,False,True,False,True,True,False,False,True,True,True,0.11819605869987626,1.1254647468929109,0.7803292063655682,32,1.0,1,32.0
EF10_DENSE,EF10_DENSE_c1_t21,171,10,7,0.7,dense,5.0,no_slip,9,134,134,134,134,134,False,True,False,True,True,False,False,False,False,False,0.008248980607970857,1.0082830971930012,2.061553688215767,3,0.2222222222222222,1,3.0
EF10_DENSE,EF10_DENSE_c1_t22,172,10,7,0.7,dense,5.0,no_slip,9,560,560,560,560,560,False,True,False,True,True,False,False,False,False,False,0.001740524174638658,1.0017420397660202,2.071524317586573,11,1.0,2,5.5
EF10_DENSE,EF10_DENSE_c1_t23,173,10,7,0.7,dense,-3.0,slip_4_3,9,660,549,549,549,549,False,True,False,True,True,False,False,True,True,True,0.12207102600228126,1.1298343465474279,0.41051773207129116,322,1.0,7,46.0
EF10_DENSE,EF10_DENSE_c1_t24,174,10,7,0.7,dense,3.0,no_slip,9,626,626,626,626,626,False,True,False,True,True,False,False,False,False,False,0.06884985491390783,1.0712753503428631,2.264992767142119,17,1.0,2,8.5
EF10_DENSE,EF10_DENSE_c1_t25,175,10,7,0.7,dense,5.0,no_slip,9,298,298,298,298,298,False,True,False,True,True,False,False,False,False,False,8.786509473157622e-05,1.0000878689549821,2.0791408650713934,3,0.3333333333333333,1,3.0
EF10_DENSE,EF10_DENSE_c1_t26,176,10,7,0.7,dense,7.0,no_slip,9,660,660,660,660,660,False,True,False,True,True,False,False,False,False,False,1.7408593411261108e-07,1.0000001740859492,10.269839704681148,2,0.2222222222222222,1,2.0
EF10_DENSE,EF10_DENSE_c1_t27,177,10,7,0.7,dense,1.0,slip_3_1,9,707,713,713,713,713,False,True,False,True,True,False,False,True,True,True,0.056420670828669195,1.0580426778220804,0.8223640647826027,17,1.0,2,8.5
EF10_DENSE,EF10_DENSE_c1_t28,178,10,7,0.7,dense,5.0,slip_3_3,9,784,784,784,784,784,False,True,False,True,True,False,False,False,False,False,0.0011355378205228916,1.001136182787699,1.4570493999571381,25,1.0,8,3.125
EF10_DENSE,EF10_DENSE_c1_t29,179,10,7,0.7,dense,-3.0,slip_1_1,9,467,264,264,428,264,False,True,False,True,True,False,True,True,True,True,0.8015353876264406,2.228960621101268,0.29529026055558205,309,1.0,31,9.96774193548387
EF10_DENSE,EF10_DENSE_c1_t30,180,10,7,0.7,dense,5.0,no_slip,9,401,401,401,401,401,False,True,False,True,True,False,False,False,False,False,0.09708462643242477,1.1019536240791314,0.8726275027318513,35,1.0,3,11.666666666666666
EF10_DENSE,EF10_DENSE_c1_t31,181,10,7,0.7,dense,3.0,slip_2_1,9,995,939,929,929,939,False,True,False,True,True,True,True,True,True,True,0.5106452590888582,1.66636608597933,0.09438282824454891,242,1.0,6,40.333333333333336
EF10_DENSE,EF10_DENSE_c1_t32,182,10,7,0.7,dense,-1.0,no_slip,9,285,285,285,285,285,False,True,False,True,True,False,False,False,False,False,0.4342874226036084,1.543862545344397,0.1483694255546446,124,1.0,5,24.8
EF10_DENSE,EF10_DENSE_c1_t33,183,10,7,0.7,dense,7.0,no_slip,9,948,948,948,948,948,False,True,False,True,True,False,False,False,False,False,0.0016084133121525568,1.0016097075026154,2.08104966538915,4,0.3333333333333333,1,4.0
EF10_DENSE,EF10_DENSE_c1_t34,184,10,7,0.7,dense,5.0,slip_4_1,9,411,285,285,285,285,False,True,False,True,True,False,False,True,True,True,0.015043877091740043,1.0151576058019434,0.5731622615235503,47,1.0,4,11.75
EF10_DENSE,EF10_DENSE_c1_t35,185,10,7,0.7,dense,-1.0,slip_1_3,9,621,732,732,732,732,False,True,False,True,True,False,False,True,True,True,0.19889346331859592,1.2200519786868425,0.21429221865308357,170,1.0,3,56.666666666666664
EF10_DENSE,EF10_DENSE_c1_t36,186,10,7,0.7,dense,5.0,slip_4_3,9,592,72,72,72,72,False,True,False,True,True,False,False,True,True,True,0.049613273762183496,1.0508646208624364,0.04905843998333026,90,1.0,7,12.857142857142858
EF10_DENSE,EF10_DENSE_c1_t37,187,10,7,0.7,dense,-1.0,slip_4_3,9,96,72,72,72,72,False,True,False,True,True,False,False,True,True,True,0.22866743209403317,1.2569239569250366,0.8384630363416434,125,1.0,6,20.833333333333332
EF10_DENSE,EF10_DENSE_c1_t38,188,10,7,0.7,dense,1.0,slip_2_3,9,939,899,899,899,899,False,True,False,True,True,False,False,True,True,True,0.37102623127950807,1.4492210878114822,0.7809795044806052,23,1.0,3,7.666666666666667
EF10_DENSE,EF10_DENSE_c1_t39,189,10,7,0.7,dense,-3.0,no_slip,9,285,21,55,55,21,False,True,False,True,True,True,True,True,True,True,0.3621768232324172,1.436452917753412,0.024575944619343204,1256,1.0,2,628.0
EF10_DENSE,EF10_DENSE_c1_t40,190,10,7,0.7,dense,5.0,no_slip,9,660,660,660,660,660,False,True,False,True,True,False,False,False,False,False,0.3420775681139512,1.4078694990605003,1.9267092154413907,18,1.0,10,1.8
EF10_DENSE,EF10_DENSE_c1_t41,191,10,7,0.7,dense,-3.0,slip_4_3,9,961,707,707,707,707,False,True,False,True,True,False,False,True,True,True,0.05524087640379172,1.0567951410326832,1.484821337576653,29,1.0,2,14.5
EF10_DENSE,EF10_DENSE_c1_t42,192,10,7,0.7,dense,5.0,no_slip,9,990,990,990,990,990,False,True,False,True,True,False,False,False,False,False,7.119582316228446e-05,1.0000711983576451,2.058220063507072,2,0.2222222222222222,1,2.0
EF10_DENSE,EF10_DENSE_c1_t43,193,10,7,0.7,dense,1.0,slip_3_1,9,924,726,726,726,726,False,True,False,True,True,False,False,True,True,True,0.009428068885195984,1.0094726531309415,0.4903342188335582,51,1.0,3,17.0
EF10_DENSE,EF10_DENSE_c1_t44,194,10,7,0.7,dense,3.0,no_slip,9,670,670,670,670,670,False,True,False,True,True,False,False,False,False,False,0.0013946725851772257,1.001395645593277,2.2886701036721746,6,0.5555555555555556,1,6.0
EF10_DENSE,EF10_DENSE_c1_t45,195,10,7,0.7,dense,-3.0,slip_2_3,9,507,675,675,675,675,False,True,False,True,True,False,False,True,True,True,0.18377089354337706,1.2017404650546242,0.5424103886036225,188,1.0,4,47.0
EF10_DENSE,EF10_DENSE_c1_t46,196,10,7,0.7,dense,7.0,slip_1_3,9,264,375,264,264,375,False,True,False,True,True,True,True,True,False,False,3.320109172566532e-05,1.0000332016428881,4.479916889010838e-06,54,1.0,3,18.0
EF10_DENSE,EF10_DENSE_c1_t47,197,10,7,0.7,dense,7.0,no_slip,9,309,309,309,309,309,False,True,False,True,True,False,False,False,False,False,2.6278864632356402e-05,1.0000262792099248,2.0794389376966196,2,0.2222222222222222,1,2.0
EF10_DENSE,EF10_DENSE_c1_t48,198,10,7,0.7,dense,1.0,slip_3_1,9,320,330,330,330,330,False,True,False,True,True,False,False,True,True,True,0.06609784119424233,1.0683312388569026,0.6489023834780241,39,1.0,2,19.5
EF10_DENSE,EF10_DENSE_c1_t49,199,10,7,0.7,dense,3.0,no_slip,9,995,995,995,995,995,False,True,False,True,True,False,False,False,False,False,0.11626149110219419,1.1232895639588445,1.7075404765498403,11,1.0,1,11.0
EF10_DENSE,EF10_DENSE_c1_t50,200,10,7,0.7,dense,-1.0,slip_1_1,9,381,0,0,0,0,False,True,False,True,True,False,False,True,True,True,0.04600998129146561,1.0470848621639772,0.15932973351086943,323,1.0,6,53.833333333333336
EF10_DENSE,EF10_DENSE_c1_t51,201,10,7,0.7,dense,-1.0,no_slip,9,899,784,784,784,784,False,True,False,True,True,False,False,True,True,True,0.24178201584627246,1.2735165561283492,1.4355446150133666,31,1.0,3,10.333333333333334
EF10_DENSE,EF10_DENSE_c1_t52,202,10,7,0.7,dense,3.0,no_slip,9,971,971,971,971,971,False,True,False,True,True,False,False,False,False,False,0.00015732765224285572,1.000157340028887,3.87858363914589,3,0.2222222222222222,1,3.0
EF10_DENSE,EF10_DENSE_c1_t53,203,10,7,0.7,dense,-3.0,slip_2_1,9,707,72,219,219,72,False,True,False,True,True,True,True,True,True,True,0.7743898610881761,2.169268168405406,0.09694272613495158,1242,1.0,30,41.4
EF10_DENSE,EF10_DENSE_c1_t54,204,10,7,0.7,dense,-3.0,slip_4_3,9,948,924,924,924,924,False,True,False,True,True,False,False,True,True,True,0.10905533722866956,1.115224062042894,0.45818196723877946,182,1.0,1,182.0
EF10_DENSE,EF10_DENSE_c1_t55,205,10,7,0.7,dense,-1.0,no_slip,9,428,428,428,428,428,False,True,False,True,True,False,False,False,False,False,0.05097719790882671,1.0522988983942154,1.186528594854332,27,1.0,2,13.5
EF10_DENSE,EF10_DENSE_c1_t56,206,10,7,0.7,dense,-3.0,no_slip,9,824,824,824,824,824,False,True,False,True,True,False,False,False,False,False,0.0948196359241944,1.0994605340585324,0.9035402017706904,78,1.0,3,26.0
EF10_DENSE,EF10_DENSE_c1_t57,207,10,7,0.7,dense,3.0,no_slip,9,726,726,726,726,726,False,True,False,True,True,False,False,False,False,False,0.01368804076951946,1.0137821509037812,0.48673212952117595,67,1.0,5,13.4
EF10_DENSE,EF10_DENSE_c1_t58,208,10,7,0.7,dense,-3.0,slip_4_3,9,61,319,319,319,319,False,True,False,True,True,False,False,True,True,True,0.1655643945811569,1.1800589496746643,1.0854053765607716,84,1.0,2,42.0
EF10_DENSE,EF10_DENSE_c1_t59,209,10,7,0.7,dense,-1.0,slip_2_3,9,559,839,783,783,839,False,True,False,True,True,True,True,True,True,True,0.548468535050942,1.7306006331581942,0.01253796002427876,1867,1.0,15,124.46666666666667
EF10_DENSE,EF10_DENSE_c1_t60,210,10,7,0.7,dense,1.0,no_slip,9,398,398,398,422,398,False,True,False,True,True,False,True,False,False,True,0.7442967185317215,2.10496053456144,0.7039374497058439,18,1.0,6,3.0
EF10_DENSE,EF10_DENSE_c1_t61,211,10,7,0.7,dense,5.0,no_slip,9,388,388,388,388,388,False,True,False,True,True,False,False,False,False,False,0.002722523205618721,1.0027262326374955,0.3110366460106171,20,1.0,2,10.0
EF10_DENSE,EF10_DENSE_c1_t62,212,10,7,0.7,dense,3.0,slip_4_1,9,591,591,591,591,591,False,True,False,True,True,False,False,False,False,False,0.6056369475579508,1.8324189920586142,2.312496352795101,21,1.0,4,5.25
EF10_DENSE,EF10_DENSE_c1_t63,213,10,7,0.7,dense,-3.0,slip_1_1,9,279,401,401,401,401,False,True,False,True,True,False,False,True,True,True,0.07191346915283248,1.0745623572496505,1.00545342491764,30,1.0,2,15.0
EF10_DENSE,EF10_DENSE_c1_t64,214,10,7,0.7,dense,1.0,no_slip,9,626,626,626,626,626,False,True,False,True,True,False,False,False,False,False,0.017762223414845124,1.0179209098541542,2.789504348783323,17,1.0,2,8.5
EF10_DENSE,EF10_DENSE_c1_t65,215,10,7,0.7,dense,5.0,no_slip,9,626,756,756,756,756,False,True,False,True,True,False,False,True,True,True,0.005221782799212704,1.0052354400684305,2.5400672732231886,9,1.0,6,1.5
EF10_DENSE,EF10_DENSE_c1_t66,216,10,7,0.7,dense,3.0,slip_2_3,9,467,428,1014,1014,428,False,True,False,True,True,True,True,True,True,True,0.5861303128729656,1.7970210341366666,0.01461495044467398,202,1.0,4,50.5
EF10_DENSE,EF10_DENSE_c1_t67,217,10,7,0.7,dense,7.0,slip_1_3,9,153,153,153,153,153,False,True,False,True,True,False,False,False,False,False,0.001295596927528564,1.001296436575804,4.240595961341137,9,1.0,3,3.0
EF10_DENSE,EF10_DENSE_c1_t68,218,10,7,0.7,dense,1.0,no_slip,9,1001,1001,1001,1001,1001,False,True,False,True,True,False,False,False,False,False,0.0009693660094818313,1.0009698359965629,1.4097816581280735,11,0.5555555555555556,1,11.0
EF10_DENSE,EF10_DENSE_c1_t69,219,10,7,0.7,dense,7.0,slip_3_1,9,230,249,134,134,249,False,True,False,True,True,True,True,True,True,True,0.0002432411934668588,1.0002432707790048,2.543357834738913e-05,95,1.0,2,47.5
EF10_DENSE,EF10_DENSE_c1_t70,220,10,7,0.7,dense,7.0,slip_3_3,9,264,839,839,839,839,False,True,False,True,True,False,False,True,True,True,0.017493701959772068,1.017647612944975,0.37283187137532714,36,1.0,16,2.25
EF10_DENSE,EF10_DENSE_c1_t71,221,10,7,0.7,dense,5.0,slip_1_3,9,958,958,958,958,958,False,True,False,True,True,False,False,False,False,False,0.004881939295576565,1.0048938753770564,2.6502007715241627,10,1.0,3,3.3333333333333335
EF10_DENSE,EF10_DENSE_c1_t72,222,10,7,0.7,dense,-1.0,slip_1_1,9,40,766,756,756,766,False,True,False,True,True,True,True,True,True,True,0.1497394789185318,1.161531599839019,0.0038926647398227487,1505,1.0,8,188.125
EF10_DENSE,EF10_DENSE_c1_t73,223,10,7,0.7,dense,5.0,slip_4_3,9,560,560,536,615,560,False,True,False,True,True,True,True,False,True,True,0.016960351737510315,1.0171049950799689,0.016278642973936108,108,1.0,5,21.6
EF10_DENSE,EF10_DENSE_c1_t74,224,10,7,0.7,dense,5.0,slip_1_1,9,55,55,55,55,55,False,True,False,True,True,False,False,False,False,False,0.01858818033462928,1.0187620159843382,0.00820160326189523,77,1.0,2,38.5
EF10_DENSE,EF10_DENSE_c1_t75,225,10,7,0.7,dense,-3.0,no_slip,9,591,591,591,591,591,False,True,False,True,True,False,False,False,False,False,0.10649251919398317,1.112369604993325,0.03884313740077161,653,1.0,2,326.5
EF10_DENSE,EF10_DENSE_c1_t76,226,10,7,0.7,dense,5.0,no_slip,9,675,675,675,675,675,False,True,False,True,True,False,False,False,False,False,0.0013535467135081802,1.0013544631713038,1.4875866981908672,13,1.0,2,6.5
EF10_DENSE,EF10_DENSE_c1_t77,227,10,7,0.7,dense,1.0,no_slip,9,196,980,980,980,980,False,True,False,True,True,False,False,True,True,True,0.015053300718479434,1.0151671723133777,1.2297019530727127,98,1.0,5,19.6
EF10_DENSE,EF10_DENSE_c1_t78,228,10,7,0.7,dense,-1.0,no_slip,9,0,0,0,0,0,False,True,False,True,True,False,False,False,False,False,0.02092008444015825,1.0211404433664781,0.14160864556640362,315,1.0,7,45.0
EF10_DENSE,EF10_DENSE_c1_t79,229,10,7,0.7,dense,-1.0,no_slip,9,309,341,341,341,341,False,True,False,True,True,False,False,True,True,True,0.005506297804874549,1.0055214853255074,0.07510243974622277,239,1.0,4,59.75
EF10_DENSE,EF10_DENSE_c1_t80,230,10,7,0.7,dense,1.0,no_slip,9,845,845,845,845,845,False,True,False,True,True,False,False,False,False,False,0.16184554740360824,1.17567864067844,0.2794643527688647,93,1.0,2,46.5
EF10_DENSE,EF10_DENSE_c1_t81,231,10,7,0.7,dense,-3.0,no_slip,9,467,460,460,460,460,False,True,False,True,True,False,False,True,True,True,0.45169549243373375,1.570973502418218,0.14644999472740494,736,1.0,6,122.66666666666667
EF10_DENSE,EF10_DENSE_c1_t82,232,10,7,0.7,dense,5.0,no_slip,9,845,845,845,845,845,False,True,False,True,True,False,False,False,False,False,0.008104915998072393,1.0081378497446964,3.0109509834518207,8,0.3333333333333333,1,8.0
EF10_DENSE,EF10_DENSE_c1_t83,233,10,7,0.7,dense,-1.0,slip_3_1,9,990,375,375,375,375,False,True,False,True,True,False,False,True,True,True,0.03656763902649551,1.037244459850589,0.5064591908846552,143,1.0,6,23.833333333333332
EF10_DENSE,EF10_DENSE_c1_t84,234,10,7,0.7,dense,-1.0,no_slip,9,106,106,106,106,106,False,True,False,True,True,False,False,False,False,False,0.1149000556980404,1.1217613183172668,1.541628636739235,14,0.8888888888888888,1,14.0
EF10_DENSE,EF10_DENSE_c1_t85,235,10,7,0.7,dense,1.0,slip_2_3,9,756,621,621,621,621,False,True,False,True,True,False,False,True,True,True,0.01672767708805445,1.0168683680614008,1.5819491788078341,9,0.7777777777777778,1,9.0
EF10_DENSE,EF10_DENSE_c1_t86,236,10,7,0.7,dense,3.0,slip_2_3,9,924,818,818,818,818,False,True,False,True,True,False,False,True,True,True,0.07206144660629299,1.0747213800164628,0.04918802543510381,245,1.0,20,12.25
EF10_DENSE,EF10_DENSE_c1_t87,237,10,7,0.7,dense,3.0,slip_1_1,9,494,375,375,375,375,False,True,False,True,True,False,False,True,True,True,0.017213602339634093,1.0173626101516051,2.096442765113446,3,0.3333333333333333,1,3.0
EF10_DENSE,EF10_DENSE_c1_t88,238,10,7,0.7,dense,-3.0,slip_1_3,9,1014,807,298,298,807,False,True,False,True,True,True,True,True,True,True,0.586604528107058,1.7978734109761063,0.13283445733978105,659,1.0,15,43.93333333333333
EF10_DENSE,EF10_DENSE_c1_t89,239,10,7,0.7,dense,7.0,slip_4_1,9,990,990,990,990,990,False,True,False,True,True,False,False,False,False,False,0.0001238239726895074,1.000123831639194,2.4707336364203023,10,1.0,8,1.25
EF10_DENSE,EF10_DENSE_c1_t90,240,10,7,0.7,dense,1.0,no_slip,9,454,454,454,454,454,False,True,False,True,True,False,False,False,False,False,0.3753448355599218,1.4554932339149391,0.9127405804273074,111,1.0,9,12.333333333333334
EF10_DENSE,EF10_DENSE_c1_t91,241,10,7,0.7,dense,-1.0,slip_4_3,9,783,794,794,794,794,False,True,False,True,True,False,False,True,True,True,0.12163313876117066,1.1293397148068738,0.0224680518535596,1392,1.0,6,232.0
EF10_DENSE,EF10_DENSE_c1_t92,242,10,7,0.7,dense,3.0,slip_3_3,9,0,31,0,31,31,False,True,False,True,True,True,False,True,False,True,0.13844451489363596,1.1484859559368605,0.07642095264498838,181,1.0,7,25.857142857142858
EF10_DENSE,EF10_DENSE_c1_t93,243,10,7,0.7,dense,1.0,slip_3_1,9,460,460,460,460,460,False,True,False,True,True,False,False,False,False,False,0.3695749391385821,1.4471193701083647,0.8012769549856511,72,1.0,5,14.4
EF10_DENSE,EF10_DENSE_c1_t94,244,10,7,0.7,dense,5.0,no_slip,9,766,766,766,766,766,False,True,False,True,True,False,False,False,False,False,0.02118593972473981,1.0214119550394543,3.830694321546268,4,0.2222222222222222,1,4.0
EF10_DENSE,EF10_DENSE_c1_t95,245,10,7,0.7,dense,3.0,slip_4_1,9,670,670,670,670,670,False,True,False,True,True,False,False,False,False,False,0.32284715919688445,1.3810542533326542,0.6962652350510083,113,1.0,12,9.416666666666666
EF10_DENSE,EF10_DENSE_c1_t96,246,10,7,0.7,dense,7.0,slip_2_1,9,153,140,140,140,140,False,True,False,True,True,False,False,True,True,True,4.549520580177102e-05,1.0000454962407244,2.0794452730194677,3,0.2222222222222222,1,3.0
EF10_DENSE,EF10_DENSE_c1_t97,247,10,7,0.7,dense,5.0,no_slip,9,813,813,813,813,813,False,True,False,True,True,False,False,False,False,False,1.2062955303093759e-05,1.000012063028061,2.0787222055462617,11,1.0,2,5.5
EF10_DENSE,EF10_DENSE_c1_t98,248,10,7,0.7,dense,-3.0,no_slip,9,726,525,525,525,525,False,True,False,True,True,False,False,True,True,True,0.7946048290212229,2.2135660868688163,0.6078144289545033,260,1.0,28,9.285714285714286
EF10_DENSE,EF10_DENSE_c1_t99,249,10,7,0.7,dense,-3.0,no_slip,9,1014,948,948,948,948,False,True,False,True,True,False,False,True,True,True,0.1628248042447531,1.1768304959193276,0.45497296297332923,251,1.0,5,50.2
EF10_DENSE,EF10_DENSE_c1_t100,250,10,7,0.7,dense,-1.0,no_slip,9,581,879,879,879,879,False,True,False,True,True,False,False,True,True,True,0.24884944637746997,1.2825489261467993,0.040487301985841384,582,1.0,2,291.0
EF10_DENSE,EF10_DENSE_c1_t101,251,10,7,0.7,dense,3.0,slip_4_1,9,726,219,219,219,219,False,True,False,True,True,False,False,True,True,True,0.022559114209894204,1.0228154953072446,2.430071114427582,21,1.0,2,10.5
EF10_DENSE,EF10_DENSE_c1_t102,252,10,7,0.7,dense,-1.0,no_slip,9,196,641,641,641,641,False,True,False,True,True,False,False,True,True,True,0.08291267289446758,1.0864469281399336,0.35539056375698763,175,1.0,7,25.0
EF10_DENSE,EF10_DENSE_c1_t103,253,10,7,0.7,dense,7.0,no_slip,9,1014,1014,1014,1014,1014,False,True,False,True,True,False,False,False,False,False,8.999885801053154e-07,1.0000008999889851,2.0755727938600628,2,0.2222222222222222,1,2.0
EF10_DENSE,EF10_DENSE_c1_t104,254,10,7,0.7,dense,3.0,no_slip,9,621,621,621,621,621,False,True,False,True,True,False,False,False,False,False,0.150632772554518,1.1625696521989073,1.4684439224636403,15,0.7777777777777778,1,15.0
EF10_DENSE,EF10_DENSE_c1_t105,255,10,7,0.7,dense,1.0,slip_1_1,9,961,360,360,360,360,False,True,False,True,True,False,False,True,True,True,0.018508109595440914,1.0186804462223806,0.9867393790902561,58,1.0,4,14.5
EF10_DENSE,EF10_DENSE_c1_t106,256,10,7,0.7,dense,-3.0,slip_1_3,9,507,939,939,939,939,False,True,False,True,True,False,False,True,True,True,0.06531931986385153,1.067499843870887,0.9894963401849175,107,1.0,3,35.666666666666664
EF10_DENSE,EF10_DENSE_c1_t107,257,10,7,0.7,dense,3.0,no_slip,9,10,10,10,10,10,False,True,False,True,True,False,False,False,False,False,0.0551892414971924,1.0567405749230516,0.08067357423843902,200,1.0,5,40.0
EF10_DENSE,EF10_DENSE_c1_t108,258,10,7,0.7,dense,5.0,no_slip,9,507,507,507,507,507,False,True,False,True,True,False,False,False,False,False,0.0017981639469226707,1.0017997816131772,5.0221964259559195,11,1.0,2,5.5
EF10_DENSE,EF10_DENSE_c1_t109,259,10,7,0.7,dense,1.0,slip_3_3,9,670,784,784,784,784,False,True,False,True,True,False,False,True,True,True,0.005285732907267082,1.0052997270390003,0.2282358130115849,132,1.0,1,132.0
EF10_DENSE,EF10_DENSE_c1_t110,260,10,7,0.7,dense,7.0,slip_4_1,9,839,839,839,839,839,False,True,False,True,True,False,False,False,False,False,0.0003557552079200832,1.0003558184963088,4.489466794282627,9,1.0,8,1.125
EF10_DENSE,EF10_DENSE_c1_t111,261,10,7,0.7,dense,7.0,slip_4_1,9,783,783,783,783,783,False,True,False,True,True,False,False,False,False,False,0.03194260792949244,1.0324582486881,3.0650005784614702,9,1.0,8,1.125
EF10_DENSE,EF10_DENSE_c1_t112,262,10,7,0.7,dense,5.0,no_slip,9,670,670,670,670,670,False,True,False,True,True,False,False,False,False,False,0.00014819757836193048,1.0001482085601656,1.72678200261949,13,1.0,2,6.5
EF10_DENSE,EF10_DENSE_c1_t113,263,10,7,0.7,dense,5.0,no_slip,9,651,651,651,651,651,False,True,False,True,True,False,False,False,False,False,0.0012419404186618799,1.0012427119460277,2.0805675708012585,3,0.3333333333333333,1,3.0
EF10_DENSE,EF10_DENSE_c1_t114,264,10,7,0.7,dense,3.0,slip_1_1,9,592,519,519,536,519,False,True,False,True,True,False,True,True,True,True,0.4122399358900122,1.5101967432614765,0.03777300403882755,156,1.0,10,15.6
EF10_DENSE,EF10_DENSE_c1_t115,265,10,7,0.7,dense,7.0,no_slip,9,360,360,360,360,360,False,True,False,True,True,False,False,False,False,False,0.0003037381874579914,1.000303784320572,3.0282290360660498,3,0.2222222222222222,1,3.0
EF10_DENSE,EF10_DENSE_c1_t116,266,10,7,0.7,dense,7.0,slip_2_3,9,285,285,285,354,285,False,True,False,True,True,False,True,False,False,True,0.002373869953828489,1.002376689813993,5.101028932585905e-09,411,1.0,2,205.5
EF10_DENSE,EF10_DENSE_c1_t117,267,10,7,0.7,dense,3.0,no_slip,9,230,230,230,230,230,False,True,False,True,True,False,False,False,False,False,0.003874911631550404,1.0038824288079553,0.6229230183314804,22,1.0,2,11.0
EF10_DENSE,EF10_DENSE_c1_t118,268,10,7,0.7,dense,1.0,slip_4_3,9,905,651,651,651,651,False,True,False,True,True,False,False,True,True,True,0.014863984133997477,1.0149750025226751,0.12535472873831566,57,1.0,2,28.5
EF10_DENSE,EF10_DENSE_c1_t119,269,10,7,0.7,dense,7.0,slip_1_1,9,694,726,694,694,726,False,True,False,True,True,True,True,True,False,False,0.015019096750122252,1.0151324501613597,4.215441984722901e-05,100,1.0,2,50.0
EF10_DENSE,EF10_DENSE_c1_t120,270,10,7,0.7,dense,-1.0,no_slip,9,398,134,134,134,134,False,True,False,True,True,False,False,True,True,True,0.11949841638066161,1.1269314594353406,0.016970993722779326,463,1.0,3,154.33333333333334
EF10_DENSE,EF10_DENSE_c1_t121,271,10,7,0.7,dense,3.0,no_slip,9,694,694,694,694,694,False,True,False,True,True,False,False,False,False,False,0.1555525095300876,1.1683032815129397,0.6332437164125864,24,1.0,1,24.0
EF10_DENSE,EF10_DENSE_c1_t122,272,10,7,0.7,dense,-1.0,slip_1_1,9,784,713,713,713,713,False,True,False,True,True,False,False,True,True,True,0.5103108495766406,1.6658089304735844,0.49862540048022375,367,1.0,19,19.31578947368421
EF10_DENSE,EF10_DENSE_c1_t123,273,10,7,0.7,dense,1.0,no_slip,9,939,681,681,681,681,False,True,False,True,True,False,False,True,True,True,0.1776974907043236,1.1944639301332576,0.3819528600983375,58,1.0,1,58.0
EF10_DENSE,EF10_DENSE_c1_t124,274,10,7,0.7,dense,5.0,no_slip,9,525,525,525,525,525,False,True,False,True,True,False,False,False,False,False,8.810215436305668e-06,1.0000088102542464,4.129488680839851,3,0.3333333333333333,1,3.0
EF10_DENSE,EF10_DENSE_c1_t125,275,10,7,0.7,dense,-1.0,slip_2_1,9,995,381,381,381,381,False,True,False,True,True,False,False,True,True,True,0.42903111382593373,1.535768817297647,0.3337443814557268,109,1.0,4,27.25
EF10_DENSE,EF10_DENSE_c1_t126,276,10,7,0.7,dense,7.0,no_slip,9,140,140,140,140,140,False,True,False,True,True,False,False,False,False,False,2.6629238620623497e-05,1.000026629593182,2.069765742161738,2,0.2222222222222222,1,2.0
EF10_DENSE,EF10_DENSE_c1_t127,277,10,7,0.7,dense,-3.0,no_slip,9,497,435,435,435,435,False,True,False,True,True,False,False,True,True,True,0.2727640166427605,1.3135902228153438,0.33622348069598473,215,1.0,2,107.5
EF10_DENSE,EF10_DENSE_c1_t128,278,10,7,0.7,dense,5.0,slip_1_1,9,106,55,55,55,55,False,True,False,True,True,False,False,True,True,True,0.01954545618424053,1.019737719192791,1.0868189101049852,14,1.0,2,7.0
EF10_DENSE,EF10_DENSE_c1_t129,279,10,7,0.7,dense,3.0,slip_3_1,9,958,1014,1014,1014,1014,False,True,False,True,True,False,False,True,True,True,0.4129294134202315,1.5112383490227863,0.23676697279093162,107,1.0,16,6.6875
EF10_DENSE,EF10_DENSE_c1_t130,280,10,7,0.7,dense,5.0,slip_1_3,9,980,948,939,980,948,False,True,False,True,True,True,True,True,True,False,0.010845427268728614,1.0109044521052477,0.003040552462677759,103,1.0,4,25.75
EF10_DENSE,EF10_DENSE_c1_t131,281,10,7,0.7,dense,5.0,slip_3_1,9,381,375,375,375,375,False,True,False,True,True,False,False,True,True,True,0.19774484335538656,1.218651407144171,2.258578051340127,11,0.8888888888888888,2,5.5
EF10_DENSE,EF10_DENSE_c1_t132,282,10,7,0.7,dense,-1.0,slip_3_3,9,320,484,484,484,484,False,True,False,True,True,False,False,True,True,True,0.23543459593692972,1.2654586124156308,1.4891060817917392,46,1.0,4,11.5
EF10_DENSE,EF10_DENSE_c1_t133,283,10,7,0.7,dense,5.0,no_slip,9,756,756,756,756,756,False,True,False,True,True,False,False,False,False,False,0.015807499717730433,1.0159330991731383,4.238194430846967,3,0.3333333333333333,1,3.0
EF10_DENSE,EF10_DENSE_c1_t134,284,10,7,0.7,dense,7.0,no_slip,9,285,285,285,285,285,False,True,False,True,True,False,False,False,False,False,7.964548438543773e-07,1.000000796455161,2.074095698482566,2,0.2222222222222222,1,2.0
EF10_DENSE,EF10_DENSE_c1_t135,285,10,7,0.7,dense,-3.0,no_slip,9,360,34,34,34,34,False,True,False,True,True,False,False,True,True,True,0.09563914013649466,1.1003619158901088,0.9294816290051031,35,1.0,1,35.0
EF10_DENSE,EF10_DENSE_c1_t136,286,10,7,0.7,dense,-1.0,no_slip,9,660,21,21,21,21,False,True,False,True,True,False,False,True,True,True,0.263589618795276,1.3015939369954777,0.49184650584043155,248,1.0,9,27.555555555555557
EF10_DENSE,EF10_DENSE_c1_t137,287,10,7,0.7,dense,1.0,no_slip,9,140,140,140,140,140,False,True,False,True,True,False,False,False,False,False,0.01781836289126204,1.017978057005158,0.8683644135090471,22,1.0,2,11.0
EF10_DENSE,EF10_DENSE_c1_t138,288,10,7,0.7,dense,1.0,slip_3_1,9,40,140,140,140,140,False,True,False,True,True,False,False,True,True,True,0.013006414099395514,1.013091365407684,0.9584281498552425,68,1.0,5,13.6
EF10_DENSE,EF10_DENSE_c1_t139,289,10,7,0.7,dense,3.0,no_slip,9,726,726,726,726,726,False,True,False,True,True,False,False,False,False,False,0.004075469909117224,1.0040837859300005,2.000918742915162,7,0.4444444444444444,1,7.0
EF10_DENSE,EF10_DENSE_c1_t140,290,10,7,0.7,dense,7.0,slip_4_3,9,147,147,147,147,147,False,True,False,True,True,False,False,False,False,False,9.265047970696827e-05,1.0000926547718951,7.380652738386391,9,1.0,9,1.0
EF10_DENSE,EF10_DENSE_c1_t141,291,10,7,0.7,dense,1.0,no_slip,9,899,899,899,899,899,False,True,False,True,True,False,False,False,False,False,0.051868603060077234,1.0532373412571596,1.2243185873884883,14,0.6666666666666666,1,14.0
EF10_DENSE,EF10_DENSE_c1_t142,292,10,7,0.7,dense,3.0,no_slip,9,939,675,675,675,675,False,True,False,True,True,False,False,True,True,True,0.05649872710290005,1.058125267914784,0.10264689117384229,59,1.0,2,29.5
EF10_DENSE,EF10_DENSE_c1_t143,293,10,7,0.7,dense,1.0,no_slip,9,428,428,428,428,428,False,True,False,True,True,False,False,False,False,False,0.19138296648303132,1.2109231062568528,0.38004067713634093,169,1.0,5,33.8
EF10_DENSE,EF10_DENSE_c1_t144,294,10,7,0.7,dense,1.0,no_slip,9,660,530,536,536,530,False,True,False,True,True,True,True,True,True,True,0.7117827906716929,2.037620673571213,0.06484810084581305,280,1.0,3,93.33333333333333
EF10_DENSE,EF10_DENSE_c1_t145,295,10,7,0.7,dense,-3.0,slip_2_3,9,484,381,381,381,381,False,True,False,True,True,False,False,True,True,True,0.1261127577625647,1.134410074613518,0.11553037901487961,1088,1.0,9,120.88888888888889
EF10_DENSE,EF10_DENSE_c1_t146,296,10,7,0.7,dense,5.0,slip_1_1,9,398,398,398,398,398,False,True,False,True,True,False,False,False,False,False,0.0003570268836252666,1.0003570906253088,0.0001483831981410333,162,1.0,3,54.0
EF10_DENSE,EF10_DENSE_c1_t147,297,10,7,0.7,dense,1.0,slip_4_3,9,995,484,388,388,484,False,True,False,True,True,True,True,True,True,True,0.558703923154825,1.7484049639730648,0.03423718709496271,353,1.0,8,44.125
EF10_DENSE,EF10_DENSE_c1_t148,298,10,7,0.7,dense,-3.0,slip_3_3,9,766,177,732,732,177,False,True,False,True,True,True,True,True,True,True,0.9179094731624353,2.504050130392958,0.14749780959543912,461,1.0,17,27.11764705882353
EF10_DENSE,EF10_DENSE_c1_t149,299,10,7,0.7,dense,7.0,slip_4_3,9,249,249,93,93,249,False,True,False,True,True,True,True,False,True,True,0.002725164864902041,1.0027288815020552,0.0027134691143739786,59,1.0,3,19.666666666666668
EF10_SPARSE,EF10_SPARSE_c0_t0,300,10,7,0.7,sparse,-3.0,no_slip,9,804,804,804,804,804,False,True,False,True,True,False,False,False,False,False,0.10111072925428743,1.1063991457332631,1.973197611632056,14,0.4444444444444444,1,14.0
EF10_SPARSE,EF10_SPARSE_c0_t1,301,10,7,0.7,sparse,7.0,slip_2_1,9,877,885,877,877,885,False,True,False,True,True,True,True,True,False,False,0.00010513955381119544,1.0001051450811678,4.260408592582365e-06,83,1.0,4,20.75
EF10_SPARSE,EF10_SPARSE_c0_t2,302,10,7,0.7,sparse,7.0,no_slip,9,51,51,51,51,51,False,True,False,True,True,False,False,False,False,False,6.855727876509121e-07,1.0000006855730226,2.0714556253946954,2,0.2222222222222222,1,2.0
EF10_SPARSE,EF10_SPARSE_c0_t3,303,10,7,0.7,sparse,3.0,slip_3_1,9,534,275,275,275,275,False,True,False,True,True,False,False,True,True,True,0.016140161302130807,1.016271117307261,0.14074839020526042,215,1.0,16,13.4375
EF10_SPARSE,EF10_SPARSE_c0_t4,304,10,7,0.7,sparse,3.0,slip_4_1,9,98,51,51,51,51,False,True,False,True,True,False,False,True,True,True,0.004274241086193342,1.0042833886829927,0.8703202194864641,24,1.0,3,8.0
EF10_SPARSE,EF10_SPARSE_c0_t5,305,10,7,0.7,sparse,7.0,no_slip,9,953,953,953,953,953,False,True,False,True,True,False,False,False,False,False,0.0021656492504207314,1.0021679959625047,1.999761148274339,2,0.2222222222222222,1,2.0
EF10_SPARSE,EF10_SPARSE_c0_t6,306,10,7,0.7,sparse,1.0,no_slip,9,534,641,929,929,641,False,True,False,True,True,True,True,True,True,True,0.6090801323842623,1.8387392239466471,0.2214362546993609,179,1.0,22,8.136363636363637
EF10_SPARSE,EF10_SPARSE_c0_t7,307,10,7,0.7,sparse,7.0,slip_1_1,9,597,597,597,597,597,False,True,False,True,True,False,False,False,False,False,0.0010495152522720375,1.0010500661861255,0.0010485265895656681,85,1.0,4,21.25
EF10_SPARSE,EF10_SPARSE_c0_t8,308,10,7,0.7,sparse,3.0,slip_2_3,9,641,157,157,157,157,False,True,False,True,True,False,False,True,True,True,0.283529625763169,1.3278082170629415,1.3847242943397564,72,1.0,32,2.25
EF10_SPARSE,EF10_SPARSE_c0_t9,309,10,7,0.7,sparse,-1.0,slip_1_3,9,281,281,379,379,281,False,True,False,True,True,True,True,False,True,True,0.7356898557355951,2.086921170574585,0.07032980379968734,396,1.0,7,56.57142857142857
EF10_SPARSE,EF10_SPARSE_c0_t10,310,10,7,0.7,sparse,1.0,no_slip,9,720,720,720,720,720,False,True,False,True,True,False,False,False,False,False,0.11398659394471089,1.1207371001199131,1.1283266318949536,18,1.0,1,18.0
EF10_SPARSE,EF10_SPARSE_c0_t11,311,10,7,0.7,sparse,-3.0,no_slip,9,421,804,804,804,804,False,True,False,True,True,False,False,True,True,True,0.12472371403546667,1.1328354232983684,0.9688281352643884,39,1.0,1,39.0
EF10_SPARSE,EF10_SPARSE_c0_t12,312,10,7,0.7,sparse,-3.0,slip_1_3,9,237,461,267,267,461,False,True,False,True,True,True,True,True,True,True,1.0251573181584455,2.787533955781844,0.03685449963499288,2315,1.0,45,51.44444444444444
EF10_SPARSE,EF10_SPARSE_c0_t13,313,10,7,0.7,sparse,7.0,slip_3_3,9,549,559,559,559,559,False,True,False,True,True,False,False,True,True,True,0.00010229228368174859,1.0001022975157159,2.0572142626641305,2,0.2222222222222222,1,2.0
EF10_SPARSE,EF10_SPARSE_c0_t14,314,10,7,0.7,sparse,7.0,slip_4_3,9,492,492,492,500,492,False,True,False,True,True,False,True,False,False,True,0.05802042347944303,1.0597366389987328,0.05777206655124445,18,1.0,5,3.6
EF10_SPARSE,EF10_SPARSE_c0_t15,315,10,7,0.7,sparse,5.0,slip_1_3,9,10,81,81,81,81,False,True,False,True,True,False,False,True,True,True,0.8764289762067632,2.402305680071501,1.0315729852941304,20,1.0,7,2.857142857142857
EF10_SPARSE,EF10_SPARSE_c0_t16,316,10,7,0.7,sparse,5.0,slip_3_1,9,112,122,122,122,122,False,True,False,True,True,False,False,True,True,True,0.003971015942516587,1.0039789108731638,1.9649893259934927,4,0.3333333333333333,1,4.0
EF10_SPARSE,EF10_SPARSE_c0_t17,317,10,7,0.7,sparse,-1.0,no_slip,9,151,567,567,567,567,False,True,False,True,True,False,False,True,True,True,0.12508509827148906,1.1332448861446087,1.4405890503614884,24,1.0,2,12.0
EF10_SPARSE,EF10_SPARSE_c0_t18,318,10,7,0.7,sparse,7.0,slip_3_1,9,336,346,346,346,346,False,True,False,True,True,False,False,True,True,True,0.001005995467482812,1.0010065016506482,2.080400150085146,2,0.2222222222222222,1,2.0
EF10_SPARSE,EF10_SPARSE_c0_t19,319,10,7,0.7,sparse,-1.0,no_slip,9,267,281,281,281,281,False,True,False,True,True,False,False,True,True,True,0.11267360777864965,1.1192665534266568,0.13462855675288665,446,1.0,9,49.55555555555556
EF10_SPARSE,EF10_SPARSE_c0_t20,320,10,7,0.7,sparse,-3.0,slip_3_3,9,939,822,791,791,822,False,True,False,True,True,True,True,True,True,True,1.1490484038827145,3.1551890150531823,0.22564182187365311,321,1.0,6,53.5
EF10_SPARSE,EF10_SPARSE_c0_t21,321,10,7,0.7,sparse,-1.0,no_slip,9,696,665,920,920,665,False,True,False,True,True,True,True,True,True,True,0.5309123127373923,1.700482973441752,0.46930275208362104,109,1.0,6,18.166666666666668
EF10_SPARSE,EF10_SPARSE_c0_t22,322,10,7,0.7,sparse,5.0,no_slip,9,1018,1018,1018,1018,1018,False,True,False,True,True,False,False,False,False,False,4.94504557657649e-06,1.0000049450578032,1.9300483403767323,3,0.2222222222222222,1,3.0
EF10_SPARSE,EF10_SPARSE_c0_t23,323,10,7,0.7,sparse,7.0,slip_3_1,9,739,745,745,745,745,False,True,False,True,True,False,False,True,True,True,0.00011930006266003268,1.0001193071791956,2.079438920106826,2,0.2222222222222222,1,2.0
EF10_SPARSE,EF10_SPARSE_c0_t24,324,10,7,0.7,sparse,3.0,no_slip,9,43,43,43,43,43,False,True,False,True,True,False,False,False,False,False,0.005317148252887094,1.0053313093734593,1.293351258384721,37,1.0,4,9.25
EF10_SPARSE,EF10_SPARSE_c0_t25,325,10,7,0.7,sparse,3.0,slip_3_3,9,549,33,559,559,33,False,True,False,True,True,True,True,True,True,True,0.1921355647987273,1.2118347879690878,0.030129168624627667,362,1.0,8,45.25
EF10_SPARSE,EF10_SPARSE_c0_t26,326,10,7,0.7,sparse,-1.0,slip_4_1,9,720,730,730,730,730,False,True,False,True,True,False,False,True,True,True,0.14622127553514375,1.157452275588482,1.077805935049895,40,1.0,2,20.0
EF10_SPARSE,EF10_SPARSE_c0_t27,327,10,7,0.7,sparse,-3.0,slip_2_1,9,1008,763,763,763,763,False,True,False,True,True,False,False,True,True,True,0.226873124224241,1.2546706705267001,0.022884530075048204,1528,1.0,3,509.3333333333333
EF10_SPARSE,EF10_SPARSE_c0_t28,328,10,7,0.7,sparse,-1.0,no_slip,9,783,862,791,791,862,False,True,False,True,True,True,True,True,True,True,0.7353521533224221,2.086216531245078,0.012221316647416103,1492,1.0,6,248.66666666666666
EF10_SPARSE,EF10_SPARSE_c0_t29,329,10,7,0.7,sparse,7.0,slip_4_3,9,573,573,573,573,573,False,True,False,True,True,False,False,False,False,False,0.007177803402715011,1.007203625578754,4.0805839174106975,9,1.0,9,1.0
EF10_SPARSE,EF10_SPARSE_c0_t30,330,10,7,0.7,sparse,-1.0,slip_2_1,9,164,690,690,690,690,False,True,False,True,True,False,False,True,True,True,0.18927443799137755,1.2083725303120987,0.529385237365954,196,1.0,7,28.0
EF10_SPARSE,EF10_SPARSE_c0_t31,331,10,7,0.7,sparse,7.0,slip_2_3,9,492,492,492,492,492,False,True,False,True,True,False,False,False,False,False,0.035768341816853955,1.0364157244951644,6.674225027275926,10,1.0,5,2.0
EF10_SPARSE,EF10_SPARSE_c0_t32,332,10,7,0.7,sparse,5.0,slip_2_1,9,157,133,133,157,133,False,True,False,True,True,False,True,True,True,False,0.031249184037905664,1.0317425656359345,0.031033362505517914,51,1.0,4,12.75
EF10_SPARSE,EF10_SPARSE_c0_t33,333,10,7,0.7,sparse,7.0,no_slip,9,151,151,151,151,151,False,True,False,True,True,False,False,False,False,False,0.03901880817061887,1.039790040014728,2.5197267089780055,4,0.2222222222222222,1,4.0
EF10_SPARSE,EF10_SPARSE_c0_t34,334,10,7,0.7,sparse,5.0,no_slip,9,67,67,67,67,67,False,True,False,True,True,False,False,False,False,False,0.0008684233993836443,1.0008688005881625,0.7462169837747012,55,1.0,5,11.0
EF10_SPARSE,EF10_SPARSE_c0_t35,335,10,7,0.7,sparse,-3.0,no_slip,9,804,804,804,804,804,False,True,False,True,True,False,False,False,False,False,0.19748282511921111,1.2183321400806815,0.80014732108401,55,1.0,4,13.75
EF10_SPARSE,EF10_SPARSE_c0_t36,336,10,7,0.7,sparse,1.0,no_slip,9,706,706,706,706,706,False,True,False,True,True,False,False,False,False,False,0.008848964490034916,1.008888232317382,1.4941150414876816,34,1.0,4,8.5
EF10_SPARSE,EF10_SPARSE_c0_t37,337,10,7,0.7,sparse,-1.0,slip_3_3,9,828,696,696,696,696,False,True,False,True,True,False,False,True,True,True,0.13306206917551222,1.1423208990468712,0.32032742493151645,284,1.0,8,35.5
EF10_SPARSE,EF10_SPARSE_c0_t38,338,10,7,0.7,sparse,5.0,slip_1_1,9,791,641,641,641,641,False,True,False,True,True,False,False,True,True,True,0.012767927490449082,1.0128497854913276,2.246269202046938,4,0.3333333333333333,1,4.0
EF10_SPARSE,EF10_SPARSE_c0_t39,339,10,7,0.7,sparse,3.0,no_slip,9,638,638,638,638,638,False,True,False,True,True,False,False,False,False,False,0.061282325307532304,1.0631990398145554,2.6817027492460124,7,0.3333333333333333,1,7.0
EF10_SPARSE,EF10_SPARSE_c0_t40,340,10,7,0.7,sparse,5.0,no_slip,9,188,188,188,188,188,False,True,False,True,True,False,False,False,False,False,0.0005079593217374168,1.0005080883549207,2.0788150649104455,11,1.0,2,5.5
EF10_SPARSE,EF10_SPARSE_c0_t41,341,10,7,0.7,sparse,-3.0,no_slip,9,406,398,398,398,398,False,True,False,True,True,False,False,True,True,True,0.06028283180491023,1.062136910166529,0.18590430859390672,266,1.0,3,88.66666666666667
EF10_SPARSE,EF10_SPARSE_c0_t42,342,10,7,0.7,sparse,7.0,slip_3_1,9,198,198,198,198,198,False,True,False,True,True,False,False,False,False,False,0.03041677983854285,1.0308840961380146,3.5135990488024698,9,1.0,6,1.5
EF10_SPARSE,EF10_SPARSE_c0_t43,343,10,7,0.7,sparse,-1.0,slip_1_1,9,659,204,461,461,204,False,True,False,True,True,True,True,True,True,True,0.6651945900288538,1.9448689366202103,0.19611310891040823,355,1.0,5,71.0
EF10_SPARSE,EF10_SPARSE_c0_t44,344,10,7,0.7,sparse,1.0,slip_3_1,9,346,379,379,379,379,False,True,False,True,True,False,False,True,True,True,0.19737636086964372,1.2182024381680947,0.17234665365990054,186,1.0,12,15.5
EF10_SPARSE,EF10_SPARSE_c0_t45,345,10,7,0.7,sparse,3.0,no_slip,9,112,112,112,112,112,False,True,False,True,True,False,False,False,False,False,0.0068658436636930276,1.0068894676034443,0.39848299605991144,56,1.0,3,18.666666666666668
EF10_SPARSE,EF10_SPARSE_c0_t46,346,10,7,0.7,sparse,7.0,slip_2_1,9,306,275,275,275,275,False,True,False,True,True,False,False,True,True,True,0.007562265457504935,1.0075909316017,0.04841607728123698,36,1.0,2,18.0
EF10_SPARSE,EF10_SPARSE_c0_t47,347,10,7,0.7,sparse,1.0,no_slip,9,267,267,267,267,267,False,True,False,True,True,False,False,False,False,False,0.08189310007087869,1.0853397808822676,0.22045037783664423,222,1.0,3,74.0
EF10_SPARSE,EF10_SPARSE_c0_t48,348,10,7,0.7,sparse,-1.0,no_slip,9,98,682,682,682,682,False,True,False,True,True,False,False,True,True,True,0.10378426059184243,1.1093610961906308,1.18031287142699,54,1.0,1,54.0
EF10_SPARSE,EF10_SPARSE_c0_t49,349,10,7,0.7,sparse,3.0,slip_4_3,9,720,977,977,977,977,False,True,False,True,True,False,False,True,True,True,0.10845076923986596,1.1145500370421386,1.0428339214299758,28,1.0,1,28.0
EF10_SPARSE,EF10_SPARSE_c0_t50,350,10,7,0.7,sparse,7.0,slip_1_1,9,398,369,369,398,369,False,True,False,True,True,False,True,True,True,False,0.00036315955264676347,1.0003632255030603,0.00035863649443079737,85,1.0,2,42.5
EF10_SPARSE,EF10_SPARSE_c0_t51,351,10,7,0.7,sparse,7.0,slip_2_1,9,222,222,198,222,222,False,True,False,True,True,True,False,False,True,False,0.23651875882697926,1.266831319666778,0.2362126246134384,19,1.0,5,3.8
EF10_SPARSE,EF10_SPARSE_c0_t52,352,10,7,0.7,sparse,5.0,no_slip,9,336,336,336,336,336,False,True,False,True,True,False,False,False,False,False,0.0017017532429832727,1.0017032020467522,1.9945999106583008,4,0.3333333333333333,1,4.0
EF10_SPARSE,EF10_SPARSE_c0_t53,353,10,7,0.7,sparse,3.0,no_slip,9,104,104,104,104,104,False,True,False,True,True,False,False,False,False,False,0.0014341496343863724,1.0014351785187725,1.5038377314297868,46,1.0,2,23.0
EF10_SPARSE,EF10_SPARSE_c0_t54,354,10,7,0.7,sparse,3.0,slip_4_1,9,322,288,288,479,288,False,True,False,True,True,False,True,True,True,True,0.027557308676170678,1.0279405233298347,0.02740188136623445,235,1.0,5,47.0
EF10_SPARSE,EF10_SPARSE_c0_t55,355,10,7,0.7,sparse,-3.0,slip_3_1,9,559,549,549,549,549,False,True,False,True,True,False,False,True,True,True,0.05181032637052141,1.0531759638600475,0.6185778018461541,215,1.0,5,43.0
EF10_SPARSE,EF10_SPARSE_c0_t56,356,10,7,0.7,sparse,-3.0,slip_2_3,9,896,1008,977,977,1008,False,True,False,True,True,True,True,True,True,True,0.7545746364200294,2.126706707352467,0.02331505274716683,940,1.0,6,156.66666666666666
EF10_SPARSE,EF10_SPARSE_c0_t57,357,10,7,0.7,sparse,3.0,slip_3_3,9,379,267,267,500,267,False,True,False,True,True,False,True,True,True,True,0.0773863163371491,1.0804593948948067,0.06752768662849462,179,1.0,13,13.76923076923077
EF10_SPARSE,EF10_SPARSE_c0_t58,358,10,7,0.7,sparse,3.0,no_slip,9,641,651,651,651,651,False,True,False,True,True,False,False,True,True,True,0.005421864903690121,1.0054365898133357,2.930046739622539,6,0.2222222222222222,1,6.0
EF10_SPARSE,EF10_SPARSE_c0_t59,359,10,7,0.7,sparse,-1.0,slip_4_1,9,573,828,828,828,828,False,True,False,True,True,False,False,True,True,True,0.02571044312500881,1.0260438074174205,0.048663620464829194,313,1.0,5,62.6
EF10_SPARSE,EF10_SPARSE_c0_t60,360,10,7,0.7,sparse,7.0,slip_1_1,9,412,455,355,412,455,False,True,False,True,True,True,True,True,True,False,0.005375897245348149,1.005390373309931,0.005216993212677323,31,1.0,2,15.5
EF10_SPARSE,EF10_SPARSE_c0_t61,361,10,7,0.7,sparse,-3.0,slip_4_1,9,712,198,73,182,198,False,True,False,True,True,True,True,True,True,True,0.3505692479858151,1.4198755799003069,0.09931957897602572,811,1.0,17,47.705882352941174
EF10_SPARSE,EF10_SPARSE_c0_t62,362,10,7,0.7,sparse,-3.0,no_slip,9,773,773,773,773,773,False,True,False,True,True,False,False,False,False,False,0.045018812942938524,1.0460475389562673,0.4615554733890104,164,1.0,2,82.0
EF10_SPARSE,EF10_SPARSE_c0_t63,363,10,7,0.7,sparse,5.0,slip_3_1,9,638,638,638,638,638,False,True,False,True,True,False,False,False,False,False,0.0018702247184227971,1.0018719746794416,0.7826244488831353,20,1.0,6,3.3333333333333335
EF10_SPARSE,EF10_SPARSE_c0_t64,364,10,7,0.7,sparse,1.0,slip_1_1,9,151,641,641,641,641,False,True,False,True,True,False,False,True,True,True,0.17014896385710987,1.1854814320546163,0.0032131839027877973,1215,1.0,3,405.0
EF10_SPARSE,EF10_SPARSE_c0_t65,365,10,7,0.7,sparse,-3.0,no_slip,9,212,212,212,212,212,False,True,False,True,True,False,False,False,False,False,0.06607302096789525,1.068304722962807,0.39621264928071476,294,1.0,6,49.0
EF10_SPARSE,EF10_SPARSE_c0_t66,366,10,7,0.7,sparse,-1.0,no_slip,9,445,445,445,445,445,False,True,False,True,True,False,False,False,False,False,0.1301048716565898,1.1389478204064254,1.0161957060280518,47,1.0,1,47.0
EF10_SPARSE,EF10_SPARSE_c0_t67,367,10,7,0.7,sparse,-1.0,slip_2_1,9,24,526,526,526,526,False,True,False,True,True,False,False,True,True,True,0.15119357942876555,1.1632218121024382,0.6132978253963461,56,1.0,4,14.0
EF10_SPARSE,EF10_SPARSE_c0_t68,368,10,7,0.7,sparse,5.0,no_slip,9,730,712,730,730,712,False,True,False,True,True,True,True,True,False,False,0.5568142783186012,1.7451042191611397,0.12358190038776673,141,1.0,4,35.25
EF10_SPARSE,EF10_SPARSE_c0_t69,369,10,7,0.7,sparse,3.0,slip_3_1,9,620,994,994,994,994,False,True,False,True,True,False,False,True,True,True,0.0013682030224693165,1.0013691394392454,0.1936786720587289,282,1.0,5,56.4
EF10_SPARSE,EF10_SPARSE_c0_t70,370,10,7,0.7,sparse,-1.0,no_slip,9,104,10,10,10,10,False,True,False,True,True,False,False,True,True,True,0.009465135622180654,1.0095100716817558,0.5189559728190059,92,1.0,5,18.4
EF10_SPARSE,EF10_SPARSE_c0_t71,371,10,7,0.7,sparse,1.0,slip_1_3,9,379,355,355,355,355,False,True,False,True,True,False,False,True,True,True,0.30726113261424715,1.359695982683556,0.31853880322469763,310,1.0,10,31.0
EF10_SPARSE,EF10_SPARSE_c0_t72,372,10,7,0.7,sparse,7.0,no_slip,9,182,182,182,182,182,False,True,False,True,True,False,False,False,False,False,0.02270556218778008,1.0229652955369852,2.096772656187249,3,0.2222222222222222,1,3.0
EF10_SPARSE,EF10_SPARSE_c0_t73,373,10,7,0.7,sparse,5.0,no_slip,9,706,706,706,706,706,False,True,False,True,True,False,False,False,False,False,0.008017655217233965,1.0080498826868278,6.342553593158575,2,0.2222222222222222,1,2.0
EF10_SPARSE,EF10_SPARSE_c0_t74,374,10,7,0.7,sparse,3.0,slip_2_1,9,665,651,651,651,651,False,True,False,True,True,False,False,True,True,True,0.04697350988248061,1.0480942445722046,0.12218717001569779,135,1.0,9,15.0
EF10_SPARSE,EF10_SPARSE_c0_t75,375,10,7,0.7,sparse,5.0,no_slip,9,914,914,914,914,914,False,True,False,True,True,False,False,False,False,False,0.0002016780121572026,1.0002016983505349,3.6878457850425352,4,0.2222222222222222,1,4.0
EF10_SPARSE,EF10_SPARSE_c0_t76,376,10,7,0.7,sparse,5.0,slip_1_3,9,614,665,614,665,665,False,True,False,True,True,True,False,True,False,True,0.03506159279093257,1.035683497472274,0.035053412669169504,52,1.0,2,26.0
EF10_SPARSE,EF10_SPARSE_c0_t77,377,10,7,0.7,sparse,7.0,no_slip,9,804,804,804,804,804,False,True,False,True,True,False,False,False,False,False,0.0002962251522973247,1.0002962690313004,5.45470037660529,2,0.2222222222222222,1,2.0
EF10_SPARSE,EF10_SPARSE_c0_t78,378,10,7,0.7,sparse,3.0,no_slip,9,534,534,534,534,534,False,True,False,True,True,False,False,False,False,False,0.13426286126976095,1.1436934128384777,1.955857045095458,10,0.4444444444444444,1,10.0
EF10_SPARSE,EF10_SPARSE_c0_t79,379,10,7,0.7,sparse,3.0,no_slip,9,753,245,245,245,245,False,True,False,True,True,False,False,True,True,True,0.028783878795506368,1.0292021380314806,0.029416699705191007,179,1.0,2,89.5
EF10_SPARSE,EF10_SPARSE_c0_t80,380,10,7,0.7,sparse,3.0,no_slip,9,896,896,896,896,896,False,True,False,True,True,False,False,False,False,False,0.05420919739806429,1.0557054298850357,0.43646718661188544,53,1.0,4,13.25
EF10_SPARSE,EF10_SPARSE_c0_t81,381,10,7,0.7,sparse,7.0,no_slip,9,638,638,638,638,638,False,True,False,True,True,False,False,False,False,False,0.0011227965652484961,1.0011234271372913,2.4578573799774253,3,0.2222222222222222,1,3.0
EF10_SPARSE,EF10_SPARSE_c0_t82,382,10,7,0.7,sparse,7.0,no_slip,9,896,896,896,896,896,False,True,False,True,True,False,False,False,False,False,0.004249209495887474,1.0042582501872857,2.0835292364308255,2,0.2222222222222222,1,2.0
EF10_SPARSE,EF10_SPARSE_c0_t83,383,10,7,0.7,sparse,5.0,no_slip,9,298,298,298,298,298,False,True,False,True,True,False,False,False,False,False,0.0007378862376983264,1.0007381585427209,1.5444834655625623,3,0.2222222222222222,1,3.0
EF10_SPARSE,EF10_SPARSE_c0_t84,384,10,7,0.7,sparse,-1.0,slip_2_3,9,1000,969,969,969,969,False,True,False,True,True,False,False,True,True,True,0.08209588919277166,1.085559898301343,0.7235229303589144,93,1.0,1,93.0
EF10_SPARSE,EF10_SPARSE_c0_t85,385,10,7,0.7,sparse,-3.0,slip_2_3,9,583,763,953,953,763,False,True,False,True,True,True,True,True,True,True,0.4469099024772625,1.563473427857714,0.23794346252872778,626,1.0,10,62.6
EF10_SPARSE,EF10_SPARSE_c0_t86,386,10,7,0.7,sparse,-3.0,no_slip,9,43,43,43,43,43,False,True,False,True,True,False,False,False,False,False,0.11435521399264381,1.1211503024361293,1.3353477971807628,20,0.6666666666666666,1,20.0
EF10_SPARSE,EF10_SPARSE_c0_t87,387,10,7,0.7,sparse,7.0,no_slip,9,1018,1018,1018,1018,1018,False,True,False,True,True,False,False,False,False,False,0.141674356280741,1.1522013802956335,0.7370123476825929,31,1.0,4,7.75
EF10_SPARSE,EF10_SPARSE_c0_t88,388,10,7,0.7,sparse,-3.0,no_slip,9,406,445,439,439,445,False,True,False,True,True,True,True,True,True,True,0.6937860385210808,2.0012781241486937,0.13742710385789003,342,1.0,11,31.09090909090909
EF10_SPARSE,EF10_SPARSE_c0_t89,389,10,7,0.7,sparse,1.0,no_slip,9,67,67,67,67,67,False,True,False,True,True,False,False,False,False,False,0.04140542320732976,1.042274582202807,1.0662525990906566,28,1.0,2,14.0
EF10_SPARSE,EF10_SPARSE_c0_t90,390,10,7,0.7,sparse,1.0,no_slip,9,914,914,914,914,914,False,True,False,True,True,False,False,False,False,False,0.15014104504575698,1.1619981252493479,0.31135150976446724,138,1.0,6,23.0
EF10_SPARSE,EF10_SPARSE_c0_t91,391,10,7,0.7,sparse,-1.0,slip_1_3,9,421,267,267,267,267,False,True,False,True,True,False,False,True,True,True,0.15233650212436523,1.1645520447432407,1.0922397697829993,66,1.0,5,13.2
EF10_SPARSE,EF10_SPARSE_c0_t92,392,10,7,0.7,sparse,3.0,slip_3_3,9,526,526,526,526,526,False,True,False,True,True,False,False,False,False,False,0.027831791688118557,1.028222714267319,2.020489157301654,37,1.0,18,2.0555555555555554
EF10_SPARSE,EF10_SPARSE_c0_t93,393,10,7,0.7,sparse,5.0,no_slip,9,379,379,379,379,379,False,True,False,True,True,False,False,False,False,False,7.075939677747556e-06,1.0000070759647122,2.938287869708404,10,0.7777777777777778,1,10.0
EF10_SPARSE,EF10_SPARSE_c0_t94,394,10,7,0.7,sparse,1.0,slip_1_3,9,164,143,143,143,143,False,True,False,True,True,False,False,True,True,True,0.5662388716779798,1.7616288635093602,0.7566791449681496,33,1.0,3,11.0
EF10_SPARSE,EF10_SPARSE_c0_t95,395,10,7,0.7,sparse,5.0,no_slip,9,0,0,0,0,0,False,True,False,True,True,False,False,False,False,False,0.035309869322776244,1.0359406653021617,2.1138437364644327,3,0.2222222222222222,1,3.0
EF10_SPARSE,EF10_SPARSE_c0_t96,396,10,7,0.7,sparse,7.0,slip_2_1,9,763,763,763,763,763,False,True,False,True,True,False,False,False,False,False,0.0008990541712763367,1.0008994584416224,2.2947175519706917,10,1.0,4,2.5
EF10_SPARSE,EF10_SPARSE_c0_t97,397,10,7,0.7,sparse,3.0,no_slip,9,369,871,871,871,871,False,True,False,True,True,False,False,True,True,True,0.4719205947780445,1.6030700865365786,0.32887591483564016,93,1.0,8,11.625
EF10_SPARSE,EF10_SPARSE_c0_t98,398,10,7,0.7,sparse,3.0,slip_3_3,9,963,963,963,963,963,False,True,False,True,True,False,False,False,False,False,0.05936153545419387,1.0611588179328169,1.0723474904549075,18,1.0,8,2.25
EF10_SPARSE,EF10_SPARSE_c0_t99,399,10,7,0.7,sparse,-3.0,no_slip,9,745,745,745,745,745,False,True,False,True,True,False,False,False,False,False,0.3090037979301137,1.362067543530939,0.08334671156073803,657,1.0,10,65.7
EF10_SPARSE,EF10_SPARSE_c0_t100,400,10,7,0.7,sparse,3.0,slip_1_1,9,665,628,628,651,628,False,True,False,True,True,False,True,True,True,True,0.0001782717652538679,1.0001782876566094,0.00015488223923831868,589,1.0,5,117.8
EF10_SPARSE,EF10_SPARSE_c0_t101,401,10,7,0.7,sparse,7.0,no_slip,9,212,212,212,212,212,False,True,False,True,True,False,False,False,False,False,3.9293383657934555e-08,1.0000000392933843,8.784552721613498,2,0.2222222222222222,1,2.0
EF10_SPARSE,EF10_SPARSE_c0_t102,402,10,7,0.7,sparse,7.0,no_slip,9,281,281,281,281,281,False,True,False,True,True,False,False,False,False,False,0.00020364745601875178,1.0002036681935695,2.079486445584771,2,0.2222222222222222,1,2.0
EF10_SPARSE,EF10_SPARSE_c0_t103,403,10,7,0.7,sparse,5.0,no_slip,9,355,355,355,355,355,False,True,False,True,True,False,False,False,False,False,0.004774796796181313,1.0047862143032629,2.04811924497617,3,0.2222222222222222,1,3.0
EF10_SPARSE,EF10_SPARSE_c0_t104,404,10,7,0.7,sparse,1.0,no_slip,9,696,696,696,696,696,False,True,False,True,True,False,False,False,False,False,0.05582780376730234,1.0574155850785634,1.9422869307301394,8,0.3333333333333333,1,8.0
EF10_SPARSE,EF10_SPARSE_c0_t105,405,10,7,0.7,sparse,5.0,no_slip,9,151,151,151,151,151,False,True,False,True,True,False,False,False,False,False,0.031767626325137854,1.0322776032925869,3.466328015199567,3,0.2222222222222222,1,3.0
EF10_SPARSE,EF10_SPARSE_c0_t106,406,10,7,0.7,sparse,1.0,no_slip,9,164,164,164,164,164,False,True,False,True,True,False,False,False,False,False,0.10959209285725535,1.1158228255157863,0.06536289427887887,251,1.0,4,62.75
EF10_SPARSE,EF10_SPARSE_c0_t107,407,10,7,0.7,sparse,-3.0,no_slip,9,583,275,275,275,275,False,True,False,True,True,False,False,True,True,True,0.05218265190283766,1.0535681611694196,0.5068857303292695,259,1.0,7,37.0
EF10_SPARSE,EF10_SPARSE_c0_t108,408,10,7,0.7,sparse,5.0,no_slip,9,607,607,607,607,607,False,True,False,True,True,False,False,False,False,False,0.030026855280934406,1.0304822074711046,1.1981274953092393,15,1.0,2,7.5
EF10_SPARSE,EF10_SPARSE_c0_t109,409,10,7,0.7,sparse,3.0,no_slip,9,862,862,862,862,862,False,True,False,True,True,False,False,False,False,False,0.012683371525528564,1.0127641466210855,3.962175049045059,3,0.2222222222222222,1,3.0
EF10_SPARSE,EF10_SPARSE_c0_t110,410,10,7,0.7,sparse,-3.0,slip_2_1,9,18,257,328,328,257,False,True,False,True,True,True,True,True,True,True,0.3925972468406673,1.4808218635270578,0.013219668032087739,2551,1.0,11,231.9090909090909
EF10_SPARSE,EF10_SPARSE_c0_t111,411,10,7,0.7,sparse,7.0,no_slip,9,895,895,895,895,895,False,True,False,True,True,False,False,False,False,False,1.361035821823009e-06,1.000001361036748,2.0794361843874123,2,0.2222222222222222,1,2.0
EF10_SPARSE,EF10_SPARSE_c0_t112,412,10,7,0.7,sparse,3.0,slip_3_3,9,51,51,51,51,51,False,True,False,True,True,False,False,False,False,False,0.451176020501328,1.5701576377049151,2.3133139831368625,31,1.0,12,2.5833333333333335
EF10_SPARSE,EF10_SPARSE_c0_t113,413,10,7,0.7,sparse,1.0,no_slip,9,791,791,791,791,791,False,True,False,True,True,False,False,False,False,False,0.031134650721904578,1.0316244035055122,2.6698886055991853,5,0.3333333333333333,1,5.0
EF10_SPARSE,EF10_SPARSE_c0_t114,414,10,7,0.7,sparse,3.0,no_slip,9,275,275,275,275,275,False,True,False,True,True,False,False,False,False,False,0.007243836626499522,1.0072701366771053,1.7395383226401684,9,0.4444444444444444,1,9.0
EF10_SPARSE,EF10_SPARSE_c0_t115,415,10,7,0.7,sparse,1.0,slip_1_3,9,67,212,212,212,212,False,True,False,True,True,False,False,True,True,True,0.1799206560044304,1.197122374881078,1.131986059232208,41,1.0,1,41.0
EF10_SPARSE,EF10_SPARSE_c0_t116,416,10,7,0.7,sparse,3.0,no_slip,9,51,51,51,51,51,False,True,False,True,True,False,False,False,False,False,0.010264642072423058,1.0103175042264039,1.9703029270204722,6,0.3333333333333333,1,6.0
EF10_SPARSE,EF10_SPARSE_c0_t117,417,10,7,0.7,sparse,1.0,slip_2_1,9,164,306,306,306,306,False,True,False,True,True,False,False,True,True,True,0.02907176565168257,1.029498474453002,0.49761256109524155,213,1.0,2,106.5
EF10_SPARSE,EF10_SPARSE_c0_t118,418,10,7,0.7,sparse,7.0,no_slip,9,730,730,589,690,730,False,True,False,True,True,True,True,False,True,True,0.6352125694527562,1.887423307358984,0.6332845689800184,10,1.0,2,5.0
EF10_SPARSE,EF10_SPARSE_c0_t119,419,10,7,0.7,sparse,3.0,no_slip,9,212,212,212,212,212,False,True,False,True,True,False,False,False,False,False,0.0010072896498192208,1.0010077971364195,0.8629199296128203,25,1.0,3,8.333333333333334
EF10_SPARSE,EF10_SPARSE_c0_t120,420,10,7,0.7,sparse,3.0,no_slip,9,355,98,57,198,98,False,True,False,True,True,True,True,True,True,True,0.08668195847349658,1.0905497844394787,0.058983900710675385,96,1.0,3,32.0
EF10_SPARSE,EF10_SPARSE_c0_t121,421,10,7,0.7,sparse,7.0,no_slip,9,712,712,712,712,712,False,True,False,True,True,False,False,False,False,False,4.8822300386497375e-05,1.0000488234922145,1.884322548720585,11,1.0,2,5.5
EF10_SPARSE,EF10_SPARSE_c0_t122,422,10,7,0.7,sparse,1.0,no_slip,9,791,791,791,791,791,False,True,False,True,True,False,False,False,False,False,0.08665887969307029,1.0905246161708873,2.7204101956270694,7,0.3333333333333333,1,7.0
EF10_SPARSE,EF10_SPARSE_c0_t123,423,10,7,0.7,sparse,3.0,no_slip,9,492,492,492,492,492,False,True,False,True,True,False,False,False,False,False,0.011312368029854802,1.011376594822301,2.0896063880169775,2,0.2222222222222222,1,2.0
EF10_SPARSE,EF10_SPARSE_c0_t124,424,10,7,0.7,sparse,1.0,slip_2_3,9,929,994,994,994,994,False,True,False,True,True,False,False,True,True,True,0.1187903250587965,1.1261337714998596,0.21967890908053356,443,1.0,13,34.07692307692308
EF10_SPARSE,EF10_SPARSE_c0_t125,425,10,7,0.7,sparse,-1.0,no_slip,9,763,696,583,696,696,False,True,False,True,True,True,False,True,True,True,0.6152345998758744,1.8500905796708436,0.6048437693610929,254,1.0,28,9.071428571428571
EF10_SPARSE,EF10_SPARSE_c0_t126,426,10,7,0.7,sparse,7.0,no_slip,9,492,492,492,492,492,False,True,False,True,True,False,False,False,False,False,0.0036551527265230588,1.0036618409435858,2.0830620081453066,2,0.2222222222222222,1,2.0
EF10_SPARSE,EF10_SPARSE_c0_t127,427,10,7,0.7,sparse,1.0,no_slip,9,328,328,328,328,328,False,True,False,True,True,False,False,False,False,False,0.014430372551288428,1.0145349930089262,1.1982132354638555,13,0.7777777777777778,1,13.0
EF10_SPARSE,EF10_SPARSE_c0_t128,428,10,7,0.7,sparse,3.0,slip_4_3,9,690,914,914,914,914,False,True,False,True,True,False,False,True,True,True,0.04198883923340713,1.0428828393138576,0.5919723328479094,36,1.0,1,36.0
EF10_SPARSE,EF10_SPARSE_c0_t129,429,10,7,0.7,sparse,7.0,no_slip,9,720,720,720,720,720,False,True,False,True,True,False,False,False,False,False,5.050717991172959e-06,1.000005050730746,2.0790682601321215,2,0.2222222222222222,1,2.0
EF10_SPARSE,EF10_SPARSE_c0_t130,430,10,7,0.7,sparse,7.0,slip_2_3,9,638,638,638,638,638,False,True,False,True,True,False,False,False,False,False,0.004702367720425649,1.0047134412019048,5.961722647956756,17,1.0,6,2.8333333333333335
EF10_SPARSE,EF10_SPARSE_c0_t131,431,10,7,0.7,sparse,5.0,slip_3_3,9,929,947,947,947,947,False,True,False,True,True,False,False,True,True,True,0.006887777160041075,1.0069115524521028,0.05117860008943431,51,1.0,2,25.5
EF10_SPARSE,EF10_SPARSE_c0_t132,432,10,7,0.7,sparse,1.0,no_slip,9,914,914,914,914,914,False,True,False,True,True,False,False,False,False,False,0.0062327939840329805,1.0062522582623896,0.8179072687617914,23,1.0,1,23.0
EF10_SPARSE,EF10_SPARSE_c0_t133,433,10,7,0.7,sparse,1.0,slip_1_3,9,143,24,24,24,24,False,True,False,True,True,False,False,True,True,True,0.192976556213857,1.212854359287596,1.3414029644087062,30,1.0,2,15.0
EF10_SPARSE,EF10_SPARSE_c0_t134,434,10,7,0.7,sparse,-1.0,slip_4_3,9,947,994,994,994,994,False,True,False,True,True,False,False,True,True,True,0.14276583702464762,1.1534596724912596,0.8417934126849644,85,1.0,4,21.25
EF10_SPARSE,EF10_SPARSE_c0_t135,435,10,7,0.7,sparse,1.0,slip_4_1,9,526,143,143,143,143,False,True,False,True,True,False,False,True,True,True,0.06881234165948591,1.0712351640718534,0.9981944156910512,61,1.0,1,61.0
EF10_SPARSE,EF10_SPARSE_c0_t136,436,10,7,0.7,sparse,-1.0,no_slip,9,486,486,486,486,486,False,True,False,True,True,False,False,False,False,False,0.027760502260624875,1.0281494154714286,1.1371824043258698,85,1.0,8,10.625
EF10_SPARSE,EF10_SPARSE_c0_t137,437,10,7,0.7,sparse,1.0,slip_2_1,9,212,143,143,143,143,False,True,False,True,True,False,False,True,True,True,0.15020588357534415,1.1620734699417652,1.5102834490072894,48,1.0,10,4.8
EF10_SPARSE,EF10_SPARSE_c0_t138,438,10,7,0.7,sparse,-3.0,no_slip,9,469,500,500,500,500,False,True,False,True,True,False,False,True,True,True,0.14660485827327818,1.157896339463786,0.15752286153874095,438,1.0,6,73.0
EF10_SPARSE,EF10_SPARSE_c0_t139,439,10,7,0.7,sparse,1.0,no_slip,9,0,0,0,0,0,False,True,False,True,True,False,False,False,False,False,0.011568864968888093,1.0116360430955043,2.0258507044989607,4,0.2222222222222222,1,4.0
EF10_SPARSE,EF10_SPARSE_c0_t140,440,10,7,0.7,sparse,-3.0,no_slip,9,455,188,188,188,188,False,True,False,True,True,False,False,True,True,True,0.0696730883684431,1.072157623158706,0.464476315371936,374,1.0,3,124.66666666666667
EF10_SPARSE,EF10_SPARSE_c0_t141,441,10,7,0.7,sparse,-1.0,no_slip,9,814,947,814,814,947,False,True,False,True,True,True,True,True,False,False,0.4591471312583568,1.5827235537603805,0.09732525706577633,778,1.0,33,23.575757575757574
EF10_SPARSE,EF10_SPARSE_c0_t142,442,10,7,0.7,sparse,5.0,slip_3_1,9,939,445,445,445,445,False,True,False,True,True,False,False,True,True,True,0.001446284867730796,1.001447331242081,0.9237130568437601,24,1.0,2,12.0
EF10_SPARSE,EF10_SPARSE_c0_t143,443,10,7,0.7,sparse,1.0,no_slip,9,157,133,133,133,133,False,True,False,True,True,False,False,True,True,True,0.03558236131467396,1.036222989301305,1.8797826934687691,16,1.0,1,16.0
EF10_SPARSE,EF10_SPARSE_c0_t144,444,10,7,0.7,sparse,5.0,no_slip,9,987,987,987,987,987,False,True,False,True,True,False,False,False,False,False,0.0009903186293902522,1.000990809156797,4.411663878989177,2,0.2222222222222222,1,2.0
EF10_SPARSE,EF10_SPARSE_c0_t145,445,10,7,0.7,sparse,-1.0,slip_4_1,9,895,597,597,597,597,False,True,False,True,True,False,False,True,True,True,0.161003552244944,1.1746891415900242,1.157482988221318,88,1.0,3,29.333333333333332
EF10_SPARSE,EF10_SPARSE_c0_t146,446,10,7,0.7,sparse,5.0,slip_3_1,9,379,379,379,379,379,False,True,False,True,True,False,False,False,False,False,0.041449522357626556,1.042320546639747,1.9925229977004308,31,1.0,16,1.9375
EF10_SPARSE,EF10_SPARSE_c0_t147,447,10,7,0.7,sparse,3.0,slip_1_3,9,439,814,814,814,814,False,True,False,True,True,False,False,True,True,True,0.011381580496937715,1.0114465971140663,0.45677306786631533,69,1.0,4,17.25
EF10_SPARSE,EF10_SPARSE_c0_t148,448,10,7,0.7,sparse,-3.0,slip_3_3,9,182,188,188,188,188,False,True,False,True,True,False,False,True,True,True,0.18071171871064706,1.1980697484131548,0.8189162967343115,84,1.0,1,84.0
EF10_SPARSE,EF10_SPARSE_c0_t149,449,10,7,0.7,sparse,7.0,slip_2_3,9,549,526,526,549,526,False,True,False,True,True,False,True,True,True,False,0.005469923515284858,1.0054849108610007,0.005429794315109593,19,1.0,5,3.8
EF10_SPARSE,EF10_SPARSE_c1_t0,450,10,7,0.7,sparse,-3.0,slip_3_1,9,816,826,826,826,826,False,True,False,True,True,False,False,True,True,True,0.03375865096954378,1.034334940865878,0.37690980099286087,176,1.0,3,58.666666666666664
EF10_SPARSE,EF10_SPARSE_c1_t1,451,10,7,0.7,sparse,-3.0,no_slip,9,287,377,377,377,377,False,True,False,True,True,False,False,True,True,True,0.38743495825435836,1.4731971311897334,0.15476360825126179,1070,1.0,18,59.44444444444444
EF10_SPARSE,EF10_SPARSE_c1_t2,452,10,7,0.7,sparse,3.0,slip_3_1,9,678,678,678,678,678,False,True,False,True,True,False,False,False,False,False,0.808613622989311,2.2447936980095213,1.281704885796625,62,1.0,13,4.769230769230769
EF10_SPARSE,EF10_SPARSE_c1_t3,453,10,7,0.7,sparse,5.0,slip_3_1,9,936,936,919,936,936,False,True,False,True,True,True,False,False,True,False,0.42313693021298526,1.5267433389445557,0.33311400964471893,26,1.0,5,5.2
EF10_SPARSE,EF10_SPARSE_c1_t4,454,10,7,0.7,sparse,7.0,no_slip,9,66,66,66,66,66,False,True,False,True,True,False,False,False,False,False,8.821562961225382e-07,1.0000008821566853,9.179227360759835,2,0.2222222222222222,1,2.0
EF10_SPARSE,EF10_SPARSE_c1_t5,455,10,7,0.7,sparse,1.0,no_slip,9,757,757,757,757,757,False,True,False,True,True,False,False,False,False,False,0.04647770090654735,1.0475747188415248,2.0695848096185534,6,0.3333333333333333,1,6.0
EF10_SPARSE,EF10_SPARSE_c1_t6,456,10,7,0.7,sparse,3.0,no_slip,9,288,288,288,288,288,False,True,False,True,True,False,False,False,False,False,0.0014486069150461134,1.001449656652868,2.07945780745327,6,0.3333333333333333,1,6.0
EF10_SPARSE,EF10_SPARSE_c1_t7,457,10,7,0.7,sparse,-1.0,no_slip,9,89,1019,873,873,1019,False,True,False,True,True,True,True,True,True,True,0.7692829391418545,2.158218125059173,0.11578203691561662,820,1.0,19,43.1578947368421
EF10_SPARSE,EF10_SPARSE_c1_t8,458,10,7,0.7,sparse,-1.0,no_slip,9,801,801,801,801,801,False,True,False,True,True,False,False,False,False,False,0.022595547241602176,1.02285276025545,0.778892039358503,56,1.0,2,28.0
EF10_SPARSE,EF10_SPARSE_c1_t9,459,10,7,0.7,sparse,5.0,slip_4_3,9,1019,1019,1019,1019,1019,False,True,False,True,True,False,False,False,False,False,0.49085218659556595,1.6337078508381226,0.9257266275764877,10,1.0,2,5.0
EF10_SPARSE,EF10_SPARSE_c1_t10,460,10,7,0.7,sparse,5.0,no_slip,9,1019,1019,1019,1019,1019,False,True,False,True,True,False,False,False,False,False,0.0017571104833122853,1.0017586551064963,2.070808248213508,3,0.3333333333333333,1,3.0
EF10_SPARSE,EF10_SPARSE_c1_t11,461,10,7,0.7,sparse,-3.0,no_slip,9,767,991,991,991,991,False,True,False,True,True,False,False,True,True,True,0.1347982522768607,1.1443058999520066,0.2781437998257221,428,1.0,3,142.66666666666666
EF10_SPARSE,EF10_SPARSE_c1_t12,462,10,7,0.7,sparse,1.0,no_slip,9,53,152,152,167,152,False,True,False,True,True,False,True,True,True,True,0.7788805688810427,2.179031623879019,0.41102557995114175,70,1.0,9,7.777777777777778
EF10_SPARSE,EF10_SPARSE_c1_t13,463,10,7,0.7,sparse,-1.0,no_slip,9,453,463,463,463,463,False,True,False,True,True,False,False,True,True,True,0.0854161349520659,1.0891702142014805,0.32090923520296677,66,1.0,3,22.0
EF10_SPARSE,EF10_SPARSE_c1_t14,464,10,7,0.7,sparse,5.0,slip_4_3,9,270,270,270,270,270,False,True,False,True,True,False,False,False,False,False,0.0011279423527819077,1.0011285787189965,1.0670276040748243,9,1.0,9,1.0
EF10_SPARSE,EF10_SPARSE_c1_t15,465,10,7,0.7,sparse,1.0,no_slip,9,839,974,974,974,974,False,True,False,True,True,False,False,True,True,True,0.4991759887220564,1.6473632653615828,0.2613234481622033,88,1.0,8,11.0
EF10_SPARSE,EF10_SPARSE_c1_t16,466,10,7,0.7,sparse,-3.0,no_slip,9,10,10,10,10,10,False,True,False,True,True,False,False,False,False,False,0.059735536843390946,1.0615557670300124,1.6389850413542515,15,0.4444444444444444,1,15.0
EF10_SPARSE,EF10_SPARSE_c1_t17,467,10,7,0.7,sparse,1.0,no_slip,9,137,229,229,229,229,False,True,False,True,True,False,False,True,True,True,0.06450748474006929,1.0666335616897302,0.5448276885126582,197,1.0,7,28.142857142857142
EF10_SPARSE,EF10_SPARSE_c1_t18,468,10,7,0.7,sparse,-1.0,no_slip,9,298,298,298,298,298,False,True,False,True,True,False,False,False,False,False,0.1570879275867405,1.1700984933146439,0.8053243126813374,70,1.0,2,35.0
EF10_SPARSE,EF10_SPARSE_c1_t19,469,10,7,0.7,sparse,1.0,no_slip,9,46,270,270,270,270,False,True,False,True,True,False,False,True,True,True,0.00040180745729401224,1.0004018881927235,0.4671550138786298,58,1.0,3,19.333333333333332
EF10_SPARSE,EF10_SPARSE_c1_t20,470,10,7,0.7,sparse,1.0,slip_3_3,9,767,767,767,767,767,False,True,False,True,True,False,False,False,False,False,0.0430895350143885,1.0440313680295474,0.16927116345739002,174,1.0,20,8.7
EF10_SPARSE,EF10_SPARSE_c1_t21,471,10,7,0.7,sparse,-3.0,slip_4_1,9,600,600,600,600,600,False,True,False,True,True,False,False,False,False,False,0.13384381224539688,1.1432142496331048,2.0540554111048728,23,0.8888888888888888,1,23.0
EF10_SPARSE,EF10_SPARSE_c1_t22,472,10,7,0.7,sparse,5.0,no_slip,9,992,992,992,992,992,False,True,False,True,True,False,False,False,False,False,0.35998329052105227,1.433305464572759,1.0960075983013091,12,1.0,2,6.0
EF10_SPARSE,EF10_SPARSE_c1_t23,473,10,7,0.7,sparse,7.0,no_slip,9,798,798,798,798,798,False,True,False,True,True,False,False,False,False,False,0.002282079657143221,1.0022846855828569,2.0817112397131754,4,0.3333333333333333,1,4.0
EF10_SPARSE,EF10_SPARSE_c1_t24,474,10,7,0.7,sparse,1.0,slip_3_3,9,239,239,491,491,239,False,True,False,True,True,True,True,False,True,True,0.8087576118479429,2.245116946563498,0.18293424149910997,178,1.0,16,11.125
EF10_SPARSE,EF10_SPARSE_c1_t25,475,10,7,0.7,sparse,3.0,slip_2_3,9,538,816,816,816,816,False,True,False,True,True,False,False,True,True,True,0.0009189782855951734,1.000919400675519,1.6442198387439007,23,1.0,2,11.5
EF10_SPARSE,EF10_SPARSE_c1_t26,476,10,7,0.7,sparse,3.0,slip_4_1,9,798,287,287,287,287,False,True,False,True,True,False,False,True,True,True,0.017717990700536923,1.0178758854451435,0.5942431820844964,29,1.0,2,14.5
EF10_SPARSE,EF10_SPARSE_c1_t27,477,10,7,0.7,sparse,3.0,no_slip,9,947,947,947,947,947,False,True,False,True,True,False,False,False,False,False,0.00418701459130677,1.0041957923835396,1.7504889492427553,5,0.2222222222222222,1,5.0
EF10_SPARSE,EF10_SPARSE_c1_t28,478,10,7,0.7,sparse,7.0,slip_3_3,9,930,930,930,930,930,False,True,False,True,True,False,False,False,False,False,0.006398971244254703,1.006419488400298,5.540762519343254,9,1.0,7,1.2857142857142858
EF10_SPARSE,EF10_SPARSE_c1_t29,479,10,7,0.7,sparse,-1.0,slip_2_3,9,695,684,684,684,684,False,True,False,True,True,False,False,True,True,True,0.18041038292544798,1.1977087815136471,0.5002799595018335,87,1.0,1,87.0
EF10_SPARSE,EF10_SPARSE_c1_t30,480,10,7,0.7,sparse,7.0,no_slip,9,208,208,208,208,208,False,True,False,True,True,False,False,False,False,False,5.840426003655974e-06,1.000005840443059,2.070526772919897,2,0.2222222222222222,1,2.0
EF10_SPARSE,EF10_SPARSE_c1_t31,481,10,7,0.7,sparse,1.0,no_slip,9,564,564,564,564,564,False,True,False,True,True,False,False,False,False,False,0.11452352257848109,1.121339017538784,2.0716750347274697,12,0.4444444444444444,1,12.0
EF10_SPARSE,EF10_SPARSE_c1_t32,482,10,7,0.7,sparse,-3.0,no_slip,9,287,1009,1009,1009,1009,False,True,False,True,True,False,False,True,True,True,0.17992058801223543,1.1971222934861028,0.3664957003675511,511,1.0,2,255.5
EF10_SPARSE,EF10_SPARSE_c1_t33,483,10,7,0.7,sparse,5.0,no_slip,9,538,783,783,816,783,False,True,False,True,True,False,True,True,True,True,0.04904713801736804,1.0502698572119709,0.0485357256450305,36,1.0,4,9.0
EF10_SPARSE,EF10_SPARSE_c1_t34,484,10,7,0.7,sparse,7.0,slip_1_3,9,412,315,315,412,315,False,True,False,True,True,False,True,True,True,False,0.006350251271563856,1.0063704568647247,0.006274753309729597,27,1.0,3,9.0
EF10_SPARSE,EF10_SPARSE_c1_t35,485,10,7,0.7,sparse,-3.0,no_slip,9,991,991,991,991,991,False,True,False,True,True,False,False,False,False,False,0.12307582212702428,1.1309701702605108,0.574199754165857,54,1.0,2,27.0
EF10_SPARSE,EF10_SPARSE_c1_t36,486,10,7,0.7,sparse,5.0,no_slip,9,695,695,695,695,695,False,True,False,True,True,False,False,False,False,False,0.022891621966540043,1.02315564594128,2.0914724777302167,9,0.5555555555555556,1,9.0
EF10_SPARSE,EF10_SPARSE_c1_t37,487,10,7,0.7,sparse,1.0,slip_3_3,9,254,254,254,254,254,False,True,False,True,True,False,False,False,False,False,1.0364073157816556,2.819070768076713,2.187842542592236,20,1.0,10,2.0
EF10_SPARSE,EF10_SPARSE_c1_t38,488,10,7,0.7,sparse,5.0,slip_4_3,9,182,146,36,36,146,False,True,False,True,True,True,True,True,True,True,0.42906989843816046,1.535828382650798,0.1812471645323983,48,1.0,4,12.0
EF10_SPARSE,EF10_SPARSE_c1_t39,489,10,7,0.7,sparse,5.0,no_slip,9,636,636,636,636,636,False,True,False,True,True,False,False,False,False,False,0.041224107213206906,1.042085618282394,2.118836757955699,4,0.2222222222222222,1,4.0
EF10_SPARSE,EF10_SPARSE_c1_t40,490,10,7,0.7,sparse,-1.0,no_slip,9,919,695,695,695,695,False,True,False,True,True,False,False,True,True,True,0.519938271007609,1.6819238230314875,0.3460186101333438,342,1.0,5,68.4
EF10_SPARSE,EF10_SPARSE_c1_t41,491,10,7,0.7,sparse,3.0,slip_3_3,9,83,636,579,636,636,False,True,False,True,True,True,False,True,True,True,0.09565588953553927,1.1003803464452815,0.08882939920126098,62,1.0,5,12.4
EF10_SPARSE,EF10_SPARSE_c1_t42,492,10,7,0.7,sparse,7.0,no_slip,9,908,908,908,908,908,False,True,False,True,True,False,False,False,False,False,0.004803858416891238,1.0048154154434317,1.8458218823595542,3,0.2222222222222222,1,3.0
EF10_SPARSE,EF10_SPARSE_c1_t43,493,10,7,0.7,sparse,3.0,no_slip,9,277,277,277,277,277,False,True,False,True,True,False,False,False,False,False,0.03942826066429639,1.0402158718125094,1.0058727370498435,74,1.0,6,12.333333333333334
EF10_SPARSE,EF10_SPARSE_c1_t44,494,10,7,0.7,sparse,-3.0,slip_1_1,9,305,440,440,440,440,False,True,False,True,True,False,False,True,True,True,0.18820099058790873,1.207076101905354,0.03379451694487834,1863,1.0,10,186.3
EF10_SPARSE,EF10_SPARSE_c1_t45,495,10,7,0.7,sparse,-3.0,slip_2_3,9,701,936,936,936,936,False,True,False,True,True,False,False,True,True,True,0.32415888966540685,1.3828670129415135,0.6255124367684068,154,1.0,7,22.0
EF10_SPARSE,EF10_SPARSE_c1_t46,496,10,7,0.7,sparse,5.0,no_slip,9,1009,1009,1009,1009,1009,False,True,False,True,True,False,False,False,False,False,0.08212685936597808,1.085593518800033,2.6175784661793022,8,0.4444444444444444,1,8.0
EF10_SPARSE,EF10_SPARSE_c1_t47,497,10,7,0.7,sparse,3.0,no_slip,9,991,991,991,991,991,False,True,False,True,True,False,False,False,False,False,0.02934674974994067,1.0297816090896348,0.6329716943835422,41,1.0,2,20.5
EF10_SPARSE,EF10_SPARSE_c1_t48,498,10,7,0.7,sparse,-1.0,slip_1_3,9,491,419,419,419,419,False,True,False,True,True,False,False,True,True,True,0.25084277225170304,1.2851080138067357,1.2401777289633227,24,1.0,2,12.0
EF10_SPARSE,EF10_SPARSE_c1_t49,499,10,7,0.7,sparse,3.0,slip_4_1,9,254,254,254,254,254,False,True,False,True,True,False,False,False,False,False,0.2299054973284358,1.258481074486056,0.3657357438877833,97,1.0,11,8.818181818181818
EF10_SPARSE,EF10_SPARSE_c1_t50,500,10,7,0.7,sparse,7.0,slip_3_3,9,239,239,239,239,239,False,True,False,True,True,False,False,False,False,False,3.2154627449543227e-06,1.0000032154679146,5.68054757441041,9,1.0,7,1.2857142857142858
EF10_SPARSE,EF10_SPARSE_c1_t51,501,10,7,0.7,sparse,7.0,no_slip,9,491,491,491,491,491,False,True,False,True,True,False,False,False,False,False,2.375683602284795e-06,1.0000023756864242,5.615104967492107,2,0.2222222222222222,1,2.0
EF10_SPARSE,EF10_SPARSE_c1_t52,502,10,7,0.7,sparse,7.0,no_slip,9,930,930,930,930,930,False,True,False,True,True,False,False,False,False,False,1.5328921286472674e-05,1.000015329038775,2.07944591525165,2,0.2222222222222222,1,2.0
EF10_SPARSE,EF10_SPARSE_c1_t53,503,10,7,0.7,sparse,1.0,slip_3_3,9,594,594,594,594,594,False,True,False,True,True,False,False,False,False,False,0.8185621270884678,2.267237493300648,0.3189945996202379,219,1.0,20,10.95
EF10_SPARSE,EF10_SPARSE_c1_t54,504,10,7,0.7,sparse,-3.0,no_slip,9,839,845,845,845,845,False,True,False,True,True,False,False,True,True,True,0.334798907312404,1.3976592978965539,0.735065591065645,197,1.0,7,28.142857142857142
EF10_SPARSE,EF10_SPARSE_c1_t55,505,10,7,0.7,sparse,-1.0,no_slip,9,981,981,981,981,981,False,True,False,True,True,False,False,False,False,False,0.052399080903310136,1.0537962085506145,1.1284793927114762,13,0.5555555555555556,1,13.0
EF10_SPARSE,EF10_SPARSE_c1_t56,506,10,7,0.7,sparse,7.0,no_slip,9,704,704,704,704,704,False,True,False,True,True,False,False,False,False,False,5.548256464571466e-05,1.0000554841038316,2.0793786906439427,3,0.2222222222222222,1,3.0
EF10_SPARSE,EF10_SPARSE_c1_t57,507,10,7,0.7,sparse,1.0,slip_4_1,9,371,305,305,305,305,False,True,False,True,True,False,False,True,True,True,0.3917406661745808,1.4795539632557964,0.3714679628488149,149,1.0,7,21.285714285714285
EF10_SPARSE,EF10_SPARSE_c1_t58,508,10,7,0.7,sparse,5.0,no_slip,9,801,801,801,801,801,False,True,False,True,True,False,False,False,False,False,0.0026262657987512483,1.002629717455769,2.079080018791977,4,0.3333333333333333,1,4.0
EF10_SPARSE,EF10_SPARSE_c1_t59,509,10,7,0.7,sparse,3.0,slip_4_3,9,1019,992,991,992,992,False,True,False,True,True,True,False,True,True,True,0.17895881818379689,1.1959714908755992,0.03798800777194167,148,1.0,7,21.142857142857142
EF10_SPARSE,EF10_SPARSE_c1_t60,510,10,7,0.7,sparse,-3.0,no_slip,9,816,798,908,908,798,False,True,False,True,True,True,True,True,True,True,0.7890222394540576,2.201243085060857,0.30041585435005125,248,1.0,9,27.555555555555557
EF10_SPARSE,EF10_SPARSE_c1_t61,511,10,7,0.7,sparse,-3.0,slip_3_3,9,721,659,659,659,659,False,True,False,True,True,False,False,True,True,True,0.24958786628221574,1.283496335552609,0.12769871915695674,904,1.0,9,100.44444444444444
EF10_SPARSE,EF10_SPARSE_c1_t62,512,10,7,0.7,sparse,1.0,no_slip,9,523,523,523,523,523,False,True,False,True,True,False,False,False,False,False,0.04376654226129073,1.0447384241457482,0.8309018774688814,73,1.0,4,18.25
EF10_SPARSE,EF10_SPARSE_c1_t63,513,10,7,0.7,sparse,-1.0,slip_3_3,9,648,193,193,193,193,False,True,False,True,True,False,False,True,True,True,0.10210908310591726,1.1075042751451571,0.1513678364256883,485,1.0,7,69.28571428571429
EF10_SPARSE,EF10_SPARSE_c1_t64,514,10,7,0.7,sparse,-3.0,slip_3_3,9,801,406,406,406,406,False,True,False,True,True,False,False,True,True,True,0.08649497061640155,1.090345883936284,0.5926472487553252,81,1.0,1,81.0
EF10_SPARSE,EF10_SPARSE_c1_t65,515,10,7,0.7,sparse,-1.0,slip_2_1,9,298,63,63,63,63,False,True,False,True,True,False,False,True,True,True,0.0648036763479638,1.0669495363916188,0.9813881440669263,29,1.0,2,14.5
EF10_SPARSE,EF10_SPARSE_c1_t66,516,10,7,0.7,sparse,1.0,no_slip,9,740,757,701,701,757,False,True,False,True,True,True,True,True,True,True,0.5770754769426745,1.7808227505839318,0.16138467932205813,176,1.0,6,29.333333333333332
EF10_SPARSE,EF10_SPARSE_c1_t67,517,10,7,0.7,sparse,7.0,no_slip,9,678,678,678,678,678,False,True,False,True,True,False,False,False,False,False,1.9092646708074312e-06,1.0000019092664933,1.6458300831887835,3,0.2222222222222222,1,3.0
EF10_SPARSE,EF10_SPARSE_c1_t68,518,10,7,0.7,sparse,7.0,slip_2_1,9,549,538,538,549,538,False,True,False,True,True,False,True,True,True,False,0.0012818363379927256,1.0012826582413357,0.0008554563453069264,46,1.0,4,11.5
EF10_SPARSE,EF10_SPARSE_c1_t69,519,10,7,0.7,sparse,-1.0,no_slip,9,594,66,66,66,66,False,True,False,True,True,False,False,True,True,True,0.015148822626109393,1.0152641476498012,1.0747704183968008,58,1.0,2,29.0
EF10_SPARSE,EF10_SPARSE_c1_t70,520,10,7,0.7,sparse,5.0,no_slip,9,218,218,218,218,218,False,True,False,True,True,False,False,False,False,False,0.0002197163099184607,1.0002197404493147,1.9648811322930557,13,1.0,2,6.5
EF10_SPARSE,EF10_SPARSE_c1_t71,521,10,7,0.7,sparse,-3.0,slip_2_3,9,773,826,826,826,826,False,True,False,True,True,False,False,True,True,True,0.379934031474626,1.4621881278579314,0.44548243609549765,197,1.0,4,49.25
EF10_SPARSE,EF10_SPARSE_c1_t72,522,10,7,0.7,sparse,-3.0,slip_2_3,9,1019,992,992,992,992,False,True,False,True,True,False,False,True,True,True,0.39032017897867277,1.4774537677988593,0.778816396244757,81,1.0,6,13.5
EF10_SPARSE,EF10_SPARSE_c1_t73,523,10,7,0.7,sparse,3.0,slip_4_3,9,953,953,953,953,953,False,True,False,True,True,False,False,False,False,False,0.11495998529709528,1.121828547037784,0.6693223344333106,38,1.0,2,19.0
EF10_SPARSE,EF10_SPARSE_c1_t74,524,10,7,0.7,sparse,7.0,no_slip,9,513,513,513,513,513,False,True,False,True,True,False,False,False,False,False,0.00013737273884739665,1.0001373821749142,9.672701404523167,2,0.2222222222222222,1,2.0
EF10_SPARSE,EF10_SPARSE_c1_t75,525,10,7,0.7,sparse,5.0,slip_3_1,9,53,53,53,53,53,False,True,False,True,True,False,False,False,False,False,0.0015290268034204857,1.0015301963609222,1.184587311559926,28,1.0,8,3.5
EF10_SPARSE,EF10_SPARSE_c1_t76,526,10,7,0.7,sparse,5.0,no_slip,9,549,549,549,549,549,False,True,False,True,True,False,False,False,False,False,0.004764674656814183,1.0047760437686413,2.0837043597663274,2,0.2222222222222222,1,2.0
EF10_SPARSE,EF10_SPARSE_c1_t77,527,10,7,0.7,sparse,3.0,slip_1_1,9,902,902,902,902,902,False,True,False,True,True,False,False,False,False,False,0.0031860247694091015,1.003191105540713,0.5816114381912909,19,1.0,3,6.333333333333333
EF10_SPARSE,EF10_SPARSE_c1_t78,528,10,7,0.7,sparse,3.0,no_slip,9,559,695,648,648,695,False,True,False,True,True,True,True,True,True,True,0.2436803010012092,1.275936349703884,0.07360224137531723,156,1.0,8,19.5
EF10_SPARSE,EF10_SPARSE_c1_t79,529,10,7,0.7,sparse,5.0,no_slip,9,419,419,419,419,419,False,True,False,True,True,False,False,False,False,False,0.004799768486026146,1.0048113058262544,0.3702639027873271,40,1.0,4,10.0
EF10_SPARSE,EF10_SPARSE_c1_t80,530,10,7,0.7,sparse,3.0,slip_4_1,9,229,740,740,740,740,False,True,False,True,True,False,False,True,True,True,0.013298158797780069,1.013386972561334,0.85015502065463,47,1.0,3,15.666666666666666
EF10_SPARSE,EF10_SPARSE_c1_t81,531,10,7,0.7,sparse,7.0,slip_2_1,9,564,564,523,564,564,False,True,False,True,True,True,False,False,True,False,0.07888476282232748,1.0820796190839224,0.07840196118039788,18,1.0,4,4.5
EF10_SPARSE,EF10_SPARSE_c1_t82,532,10,7,0.7,sparse,-3.0,no_slip,9,17,288,801,801,288,False,True,False,True,True,True,True,True,True,True,0.8100278058097086,2.247970492447199,0.030225964720353105,1638,1.0,10,163.8
EF10_SPARSE,EF10_SPARSE_c1_t83,533,10,7,0.7,sparse,-3.0,no_slip,9,315,315,315,315,315,False,True,False,True,True,False,False,False,False,False,0.06345460860003627,1.0655111196623734,1.8147227764721556,13,0.4444444444444444,1,13.0
EF10_SPARSE,EF10_SPARSE_c1_t84,534,10,7,0.7,sparse,7.0,no_slip,9,440,440,440,440,440,False,True,False,True,True,False,False,False,False,False,3.899350520342182e-05,1.00003899426546,2.0794788497331407,2,0.2222222222222222,1,2.0
EF10_SPARSE,EF10_SPARSE_c1_t85,535,10,7,0.7,sparse,-1.0,no_slip,9,1019,882,882,882,882,False,True,False,True,True,False,False,True,True,True,0.16904395912342451,1.1841721929514222,0.0073549215768355936,871,1.0,2,435.5
EF10_SPARSE,EF10_SPARSE_c1_t86,536,10,7,0.7,sparse,7.0,no_slip,9,491,491,491,491,491,False,True,False,True,True,False,False,False,False,False,0.0001916932479830713,1.0001917116223078,7.237572338821897,2,0.2222222222222222,1,2.0
EF10_SPARSE,EF10_SPARSE_c1_t87,537,10,7,0.7,sparse,3.0,no_slip,9,908,930,902,925,930,False,True,False,True,True,True,True,True,True,True,0.5919921898069092,1.8075858849620838,0.40903033728042715,41,1.0,7,5.857142857142857
EF10_SPARSE,EF10_SPARSE_c1_t88,538,10,7,0.7,sparse,7.0,no_slip,9,119,254,254,254,254,False,True,False,True,True,False,False,True,True,True,0.00017591179495912712,1.0001759272683461,2.8556177845580537,9,1.0,6,1.5
EF10_SPARSE,EF10_SPARSE_c1_t89,539,10,7,0.7,sparse,-3.0,slip_1_3,9,992,925,925,925,925,False,True,False,True,True,False,False,True,True,True,0.4121944651479037,1.5101280750560395,0.20630170975495155,792,1.0,19,41.68421052631579
EF10_SPARSE,EF10_SPARSE_c1_t90,540,10,7,0.7,sparse,1.0,slip_4_1,9,974,839,839,839,839,False,True,False,True,True,False,False,True,True,True,0.20479410778314389,1.2272723531228993,0.30022397009863333,148,1.0,16,9.25
EF10_SPARSE,EF10_SPARSE_c1_t91,541,10,7,0.7,sparse,7.0,no_slip,9,506,506,506,506,506,False,True,False,True,True,False,False,False,False,False,3.1363963330921507e-06,1.0000031364012516,2.0793818251917977,2,0.2222222222222222,1,2.0
EF10_SPARSE,EF10_SPARSE_c1_t92,542,10,7,0.7,sparse,3.0,no_slip,9,925,412,412,412,412,False,True,False,True,True,False,False,True,True,True,0.3573126351098228,1.4294827064847595,0.4727604587500096,124,1.0,16,7.75
EF10_SPARSE,EF10_SPARSE_c1_t93,543,10,7,0.7,sparse,7.0,no_slip,9,513,513,513,513,513,False,True,False,True,True,False,False,False,False,False,1.4752532795370144e-07,1.0000001475253388,3.832192048257709,4,0.2222222222222222,1,4.0
EF10_SPARSE,EF10_SPARSE_c1_t94,544,10,7,0.7,sparse,-3.0,no_slip,9,89,816,816,816,816,False,True,False,True,True,False,False,True,True,True,0.08593249963023197,1.089732768457679,0.4616053272101901,92,1.0,2,46.0
EF10_SPARSE,EF10_SPARSE_c1_t95,545,10,7,0.7,sparse,1.0,slip_4_1,9,636,636,636,636,636,False,True,False,True,True,False,False,False,False,False,0.1855889335812524,1.203927264577442,0.43885832019230264,60,1.0,11,5.454545454545454
EF10_SPARSE,EF10_SPARSE_c1_t96,546,10,7,0.7,sparse,3.0,no_slip,9,564,564,564,564,564,False,True,False,True,True,False,False,False,False,False,0.05997321145515677,1.0618081018704137,1.7861102920833574,8,0.4444444444444444,1,8.0
EF10_SPARSE,EF10_SPARSE_c1_t97,547,10,7,0.7,sparse,7.0,no_slip,9,478,478,478,478,478,False,True,False,True,True,False,False,False,False,False,5.05319635746293e-05,1.0000505332403358,2.0661625913288946,3,0.3333333333333333,1,3.0
EF10_SPARSE,EF10_SPARSE_c1_t98,548,10,7,0.7,sparse,-1.0,no_slip,9,788,260,260,260,260,False,True,False,True,True,False,False,True,True,True,0.12835515219120452,1.1369567236733393,0.6116695082193946,55,1.0,2,27.5
EF10_SPARSE,EF10_SPARSE_c1_t99,549,10,7,0.7,sparse,-1.0,slip_3_3,9,642,513,513,513,513,False,True,False,True,True,False,False,True,True,True,0.16858830082049536,1.1836327379725098,1.7222540061946159,20,1.0,2,10.0
EF10_SPARSE,EF10_SPARSE_c1_t100,550,10,7,0.7,sparse,-1.0,no_slip,9,704,468,453,453,468,False,True,False,True,True,True,True,True,True,True,1.0477066450691765,2.8511050189144487,0.03801994944620368,896,1.0,21,42.666666666666664
EF10_SPARSE,EF10_SPARSE_c1_t101,551,10,7,0.7,sparse,3.0,slip_3_3,9,277,287,287,287,287,False,True,False,True,True,False,False,True,True,True,0.024747979989520275,1.0250567531552504,1.1544444425480869,10,0.4444444444444444,1,10.0
EF10_SPARSE,EF10_SPARSE_c1_t102,552,10,7,0.7,sparse,5.0,slip_4_3,9,360,360,360,360,360,False,True,False,True,True,False,False,False,False,False,0.015661055882184804,1.0157843329266536,1.645969394501483,19,1.0,10,1.9
EF10_SPARSE,EF10_SPARSE_c1_t103,553,10,7,0.7,sparse,3.0,no_slip,9,218,218,218,218,218,False,True,False,True,True,False,False,False,False,False,0.0015963971338921468,1.0015976720541329,1.2593521484335497,13,1.0,2,6.5
EF10_SPARSE,EF10_SPARSE_c1_t104,554,10,7,0.7,sparse,3.0,slip_4_3,9,66,66,66,66,66,False,True,False,True,True,False,False,False,False,False,0.045185499883169555,1.0462219159526525,0.2084183133229569,76,1.0,19,4.0
EF10_SPARSE,EF10_SPARSE_c1_t105,555,10,7,0.7,sparse,3.0,slip_1_3,9,919,574,574,574,574,False,True,False,True,True,False,False,True,True,True,0.008355418757412636,1.0083904226916423,2.7027409415312977,4,0.3333333333333333,1,4.0
EF10_SPARSE,EF10_SPARSE_c1_t106,556,10,7,0.7,sparse,3.0,no_slip,9,406,406,406,406,406,False,True,False,True,True,False,False,False,False,False,0.003318153460812212,1.0033236646259516,2.0771154034129626,2,0.2222222222222222,1,2.0
EF10_SPARSE,EF10_SPARSE_c1_t107,557,10,7,0.7,sparse,-1.0,no_slip,9,523,523,523,523,523,False,True,False,True,True,False,False,False,False,False,0.1875358342693989,1.2062734745751618,0.6610989926223318,29,1.0,2,14.5
EF10_SPARSE,EF10_SPARSE_c1_t108,558,10,7,0.7,sparse,-3.0,slip_4_3,9,27,0,0,0,0,False,True,False,True,True,False,False,True,True,True,0.11963173205219313,1.127081707074585,0.7499769955157305,168,1.0,6,28.0
EF10_SPARSE,EF10_SPARSE_c1_t109,559,10,7,0.7,sparse,-1.0,slip_4_3,9,440,440,440,440,440,False,True,False,True,True,False,False,False,False,False,0.03960991282824011,1.0404048464398983,1.778503132885696,9,0.4444444444444444,1,9.0
EF10_SPARSE,EF10_SPARSE_c1_t110,560,10,7,0.7,sparse,1.0,slip_3_3,9,83,326,326,326,326,False,True,False,True,True,False,False,True,True,True,0.04902800741649305,1.0502497651107092,0.736115739605653,25,1.0,2,12.5
EF10_SPARSE,EF10_SPARSE_c1_t111,561,10,7,0.7,sparse,1.0,no_slip,9,360,481,481,481,481,False,True,False,True,True,False,False,True,True,True,0.4526687772101887,1.572503251332242,0.9754727035771431,47,1.0,5,9.4
EF10_SPARSE,EF10_SPARSE_c1_t112,562,10,7,0.7,sparse,5.0,slip_3_1,9,695,695,695,695,695,False,True,False,True,True,False,False,False,False,False,0.35853130957841994,1.4312258425043975,1.5586111889853207,19,1.0,7,2.7142857142857144
EF10_SPARSE,EF10_SPARSE_c1_t113,563,10,7,0.7,sparse,7.0,no_slip,9,559,559,559,559,559,False,True,False,True,True,False,False,False,False,False,0.00019484771748956575,1.000194866701539,2.079496391503722,2,0.2222222222222222,1,2.0
EF10_SPARSE,EF10_SPARSE_c1_t114,564,10,7,0.7,sparse,-3.0,no_slip,9,704,919,919,919,919,False,True,False,True,True,False,False,True,True,True,0.40505815810573154,1.4993896991857323,0.31294753722105106,333,1.0,3,111.0
EF10_SPARSE,EF10_SPARSE_c1_t115,565,10,7,0.7,sparse,7.0,slip_4_1,9,360,360,360,360,360,False,True,False,True,True,False,False,False,False,False,0.00011231085152729747,1.000112317158627,3.263460328514368,9,1.0,8,1.125
EF10_SPARSE,EF10_SPARSE_c1_t116,566,10,7,0.7,sparse,-1.0,no_slip,9,182,182,182,182,182,False,True,False,True,True,False,False,False,False,False,0.06883541579962227,1.0712598821873218,0.7926180247749492,86,1.0,8,10.75
EF10_SPARSE,EF10_SPARSE_c1_t117,567,10,7,0.7,sparse,-3.0,no_slip,9,182,182,182,182,182,False,True,False,True,True,False,False,False,False,False,0.037314329328577145,1.0380192494575917,0.04430258523988506,722,1.0,6,120.33333333333333
EF10_SPARSE,EF10_SPARSE_c1_t118,568,10,7,0.7,sparse,7.0,slip_3_1,9,845,845,845,845,845,False,True,False,True,True,False,False,False,False,False,1.6645955961180903e-05,1.000016646094506,5.666934297368804,9,1.0,6,1.5
EF10_SPARSE,EF10_SPARSE_c1_t119,569,10,7,0.7,sparse,7.0,slip_2_3,9,559,528,523,528,528,False,True,False,True,True,True,False,True,True,True,0.06534953020199108,1.0675320938892738,0.027504745138382525,28,1.0,4,7.0
EF10_SPARSE,EF10_SPARSE_c1_t120,570,10,7,0.7,sparse,-3.0,no_slip,9,425,419,419,419,419,False,True,False,True,True,False,False,True,True,True,0.07660383204527044,1.0796142830767705,1.3938554142102966,10,0.3333333333333333,1,10.0
EF10_SPARSE,EF10_SPARSE_c1_t121,571,10,7,0.7,sparse,-1.0,slip_3_1,9,767,757,757,757,757,False,True,False,True,True,False,False,True,True,True,0.016410702275313938,1.0165460974793796,1.4142675496575503,14,0.6666666666666666,1,14.0
EF10_SPARSE,EF10_SPARSE_c1_t122,572,10,7,0.7,sparse,7.0,no_slip,9,1002,1002,1002,1002,1002,False,True,False,True,True,False,False,False,False,False,5.067917628664986e-06,1.0000050679304706,2.0794351526609907,2,0.2222222222222222,1,2.0
EF10_SPARSE,EF10_SPARSE_c1_t123,573,10,7,0.7,sparse,-1.0,slip_1_3,9,478,377,440,440,377,False,True,False,True,True,True,True,True,True,True,0.7458424438899343,2.1082167413901534,0.22442001655177535,685,1.0,17,40.294117647058826
EF10_SPARSE,EF10_SPARSE_c1_t124,574,10,7,0.7,sparse,7.0,slip_1_3,9,0,0,0,0,0,False,True,False,True,True,False,False,False,False,False,0.000256304931468776,1.0002563377803841,0.1863225164451272,31,1.0,4,7.75
EF10_SPARSE,EF10_SPARSE_c1_t125,575,10,7,0.7,sparse,5.0,no_slip,9,167,167,167,167,167,False,True,False,True,True,False,False,False,False,False,0.012306443003077483,1.012382478862959,6.223603214269347,2,0.2222222222222222,1,2.0
EF10_SPARSE,EF10_SPARSE_c1_t126,576,10,7,0.7,sparse,-3.0,no_slip,9,506,208,208,208,208,False,True,False,True,True,False,False,True,True,True,0.2832289686825966,1.3274090621282248,0.18468504927814067,441,1.0,6,73.5
EF10_SPARSE,EF10_SPARSE_c1_t127,577,10,7,0.7,sparse,7.0,no_slip,9,173,173,173,173,173,False,True,False,True,True,False,False,False,False,False,1.4156216346206119e-05,1.0000141563165459,2.0794549289179343,2,0.2222222222222222,1,2.0
EF10_SPARSE,EF10_SPARSE_c1_t128,578,10,7,0.7,sparse,3.0,no_slip,9,63,63,63,63,63,False,True,False,True,True,False,False,False,False,False,0.006208791766963984,1.0062281062671126,2.0465981644588176,4,0.2222222222222222,1,4.0
EF10_SPARSE,EF10_SPARSE_c1_t129,579,10,7,0.7,sparse,-3.0,slip_4_3,9,496,419,419,419,419,False,True,False,True,True,False,False,True,True,True,0.09177906519364498,1.0961226236871688,0.019528125057863832,1468,1.0,19,77.26315789473684
EF10_SPARSE,EF10_SPARSE_c1_t130,580,10,7,0.7,sparse,-3.0,no_slip,9,208,992,992,992,992,False,True,False,True,True,False,False,True,True,True,0.06711224857549958,1.0694155118054895,0.7968842241207117,94,1.0,1,94.0
EF10_SPARSE,EF10_SPARSE_c1_t131,581,10,7,0.7,sparse,5.0,slip_1_3,9,621,714,714,714,714,False,True,False,True,True,False,False,True,True,True,0.0156186625615371,1.0157412713684866,1.979842829211603,4,0.3333333333333333,1,4.0
EF10_SPARSE,EF10_SPARSE_c1_t132,582,10,7,0.7,sparse,5.0,no_slip,9,721,721,721,721,721,False,True,False,True,True,False,False,False,False,False,0.001319591446878654,1.0013204624907706,2.0806104452540706,3,0.3333333333333333,1,3.0
EF10_SPARSE,EF10_SPARSE_c1_t133,583,10,7,0.7,sparse,1.0,no_slip,9,315,371,371,371,371,False,True,False,True,True,False,False,True,True,True,0.01459954783248918,1.014706641770611,0.728866333819223,21,1.0,2,10.5
EF10_SPARSE,EF10_SPARSE_c1_t134,584,10,7,0.7,sparse,3.0,no_slip,9,391,391,391,391,391,False,True,False,True,True,False,False,False,False,False,0.001764725972464909,1.0017662840177166,2.055794215666171,2,0.2222222222222222,1,2.0
EF10_SPARSE,EF10_SPARSE_c1_t135,585,10,7,0.7,sparse,7.0,no_slip,9,888,888,888,888,888,False,True,False,True,True,False,False,False,False,False,7.009832831528229e-06,1.0000070098574005,2.0794485472588153,2,0.2222222222222222,1,2.0
EF10_SPARSE,EF10_SPARSE_c1_t136,586,10,7,0.7,sparse,-3.0,slip_3_3,9,125,1019,1019,1019,1019,False,True,False,True,True,False,False,True,True,True,0.03541112321344997,1.0360455636356232,0.44474118794640205,150,1.0,5,30.0
EF10_SPARSE,EF10_SPARSE_c1_t137,587,10,7,0.7,sparse,-3.0,no_slip,9,208,182,182,182,182,False,True,False,True,True,False,False,True,True,True,0.4155615557760939,1.5152213831478698,0.3168431845426234,302,1.0,7,43.142857142857146
EF10_SPARSE,EF10_SPARSE_c1_t138,588,10,7,0.7,sparse,-3.0,no_slip,9,89,89,89,89,89,False,True,False,True,True,False,False,False,False,False,0.045560546417767966,1.0466143714465876,1.0633925376747015,133,1.0,6,22.166666666666668
EF10_SPARSE,EF10_SPARSE_c1_t139,589,10,7,0.7,sparse,5.0,slip_3_1,9,630,630,630,630,630,False,True,False,True,True,False,False,False,False,False,0.00047046328084388023,1.0004705739660502,0.71798712315353,18,1.0,7,2.5714285714285716
EF10_SPARSE,EF10_SPARSE_c1_t140,590,10,7,0.7,sparse,-3.0,no_slip,9,816,816,816,816,816,False,True,False,True,True,False,False,False,False,False,0.3246039647163279,1.3834826295353466,0.1424211387084302,567,1.0,7,81.0
EF10_SPARSE,EF10_SPARSE_c1_t141,591,10,7,0.7,sparse,3.0,slip_2_1,9,17,10,10,10,10,False,True,False,True,True,False,False,True,True,True,0.5159848407563317,1.675287581112437,0.8647903642668435,28,1.0,3,9.333333333333334
EF10_SPARSE,EF10_SPARSE_c1_t142,592,10,7,0.7,sparse,-3.0,no_slip,9,888,888,888,888,888,False,True,False,True,True,False,False,False,False,False,0.08625702050329487,1.0900864668752597,1.459668271780929,27,1.0,2,13.5
EF10_SPARSE,EF10_SPARSE_c1_t143,593,10,7,0.7,sparse,7.0,no_slip,9,630,630,630,630,630,False,True,False,True,True,False,False,False,False,False,3.0883107415835553e-06,1.0000030883155104,2.079237585647907,2,0.2222222222222222,1,2.0
EF10_SPARSE,EF10_SPARSE_c1_t144,594,10,7,0.7,sparse,-1.0,slip_3_1,9,974,695,695,695,695,False,True,False,True,True,False,False,True,True,True,0.06814646145905279,1.0705220872243153,0.41113490858056956,251,1.0,4,62.75
EF10_SPARSE,EF10_SPARSE_c1_t145,595,10,7,0.7,sparse,-1.0,slip_3_3,9,919,919,798,798,919,False,True,False,True,True,True,True,False,True,True,0.6985419653279035,2.010818725645341,0.0013728673582278361,2865,1.0,15,191.0
EF10_SPARSE,EF10_SPARSE_c1_t146,596,10,7,0.7,sparse,-1.0,slip_4_3,9,798,665,152,152,665,False,True,False,True,True,True,True,True,True,True,0.8002268425199954,2.226045833069788,0.33469720308682227,236,1.0,12,19.666666666666668
EF10_SPARSE,EF10_SPARSE_c1_t147,597,10,7,0.7,sparse,3.0,no_slip,9,89,89,89,89,89,False,True,False,True,True,False,False,False,False,False,0.010587273611320391,1.010643517105758,2.0232672743715705,2,0.2222222222222222,1,2.0
EF10_SPARSE,EF10_SPARSE_c1_t148,598,10,7,0.7,sparse,-3.0,slip_4_3,9,564,17,17,17,17,False,True,False,True,True,False,False,True,True,True,0.10368141391270669,1.109247007952824,0.7540335553898636,175,1.0,1,175.0
EF10_SPARSE,EF10_SPARSE_c1_t149,599,10,7,0.7,sparse,-1.0,slip_2_1,9,788,425,902,902,425,False,True,False,True,True,True,True,True,True,True,0.4477253400119938,1.5647488627234019,0.026094212848947862,1270,1.0,36,35.27777777777778
EF12_DENSE,EF12_DENSE_c0_t0,600,12,8,0.6666666666666666,dense,5.0,slip_3_3,11,3861,3944,3944,3944,3944,False,True,False,True,True,False,False,True,True,True,0.010399088773869636,1.010453347213877,1.304385213476941,22,1.0,5,4.4
EF12_DENSE,EF12_DENSE_c0_t1,601,12,8,0.6666666666666666,dense,3.0,no_slip,11,2512,2512,2512,2512,2512,False,True,False,True,True,False,False,False,False,False,0.0006246806873582145,1.0006248758409728,2.6337789015454325,7,0.5454545454545454,1,7.0
EF12_DENSE,EF12_DENSE_c0_t2,602,12,8,0.6666666666666666,dense,3.0,no_slip,11,1456,1456,1456,1456,1456,False,True,False,True,True,False,False,False,False,False,4.441359354956376e-06,1.0000044413692177,1.9457605909190434,6,0.45454545454545453,1,6.0
EF12_DENSE,EF12_DENSE_c0_t3,603,12,8,0.6666666666666666,dense,1.0,no_slip,11,2071,2071,2071,2071,2071,False,True,False,True,True,False,False,False,False,False,0.014679554791209526,1.014787828610725,4.489232979567744,7,0.45454545454545453,1,7.0
EF12_DENSE,EF12_DENSE_c0_t4,604,12,8,0.6666666666666666,dense,5.0,no_slip,11,2858,2858,2858,2858,2858,False,True,False,True,True,False,False,False,False,False,0.0008716910133492739,1.0008720710463763,2.1016986608232386,13,1.0,1,13.0
EF12_DENSE,EF12_DENSE_c0_t5,605,12,8,0.6666666666666666,dense,-1.0,slip_4_3,11,286,18,369,369,18,False,True,False,True,True,True,True,True,True,True,0.5388044811926882,1.713956569533554,0.24665944856184652,520,1.0,13,40.0
EF12_DENSE,EF12_DENSE_c0_t6,606,12,8,0.6666666666666666,dense,-3.0,slip_5_1,11,125,236,236,236,236,False,True,False,True,True,False,False,True,True,True,0.17572248113914668,1.1921071805135801,0.17986316264030222,1483,1.0,18,82.38888888888889
EF12_DENSE,EF12_DENSE_c0_t7,607,12,8,0.6666666666666666,dense,3.0,no_slip,11,2815,3829,3829,3829,3829,False,True,False,True,True,False,False,True,True,True,0.023873864338472828,1.0241611265017705,0.13151892887420047,89,1.0,9,9.88888888888889
EF12_DENSE,EF12_DENSE_c0_t8,608,12,8,0.6666666666666666,dense,7.0,no_slip,11,1720,1720,1720,1720,1720,False,True,False,True,True,False,False,False,False,False,2.173534075422534e-05,1.0000217355769685,7.184754147704962,3,0.2727272727272727,1,3.0
EF12_DENSE,EF12_DENSE_c0_t9,609,12,8,0.6666666666666666,dense,-1.0,slip_2_3,11,2011,1794,1794,1794,1794,False,True,False,True,True,False,False,True,True,True,0.19996511847897303,1.221360154517223,1.3567137042513622,111,1.0,2,55.5
EF12_DENSE,EF12_DENSE_c0_t10,610,12,8,0.6666666666666666,dense,-1.0,no_slip,11,3684,1069,1069,1069,1069,False,True,False,True,True,False,False,True,True,True,0.3604277862271541,1.433942704311966,0.1501046641719732,3764,1.0,63,59.74603174603175
EF12_DENSE,EF12_DENSE_c0_t11,611,12,8,0.6666666666666666,dense,-1.0,no_slip,11,2125,2125,2125,2125,2125,False,True,False,True,True,False,False,False,False,False,0.42984794113666247,1.5370237876878485,0.5846769355001626,596,1.0,19,31.36842105263158
EF12_DENSE,EF12_DENSE_c0_t12,612,12,8,0.6666666666666666,dense,3.0,no_slip,11,2651,2651,2651,2651,2651,False,True,False,True,True,False,False,False,False,False,0.01691646591333651,1.0170603595684289,2.1010995172704385,19,1.0,1,19.0
EF12_DENSE,EF12_DENSE_c0_t13,613,12,8,0.6666666666666666,dense,-3.0,no_slip,11,2512,2512,2512,2512,2512,False,True,False,True,True,False,False,False,False,False,0.4194611811439355,1.5211417149269082,0.3600602525126817,692,1.0,8,86.5
EF12_DENSE,EF12_DENSE_c0_t14,614,12,8,0.6666666666666666,dense,-3.0,slip_4_1,11,829,829,2364,2364,829,False,True,False,True,True,True,True,False,True,True,0.26438167021656866,1.3026252747055533,0.013282049869022927,10413,1.0,30,347.1
EF12_DENSE,EF12_DENSE_c0_t15,615,12,8,0.6666666666666666,dense,1.0,no_slip,11,2985,2985,2985,2985,2985,False,True,False,True,True,False,False,False,False,False,0.10841621362891374,1.1145115237501007,0.4307347973794684,308,1.0,13,23.692307692307693
EF12_DENSE,EF12_DENSE_c0_t16,616,12,8,0.6666666666666666,dense,-1.0,no_slip,11,588,588,588,588,588,False,True,False,True,True,False,False,False,False,False,0.3799771039394564,1.4622511092610164,1.010902339936301,131,1.0,5,26.2
EF12_DENSE,EF12_DENSE_c0_t17,617,12,8,0.6666666666666666,dense,5.0,no_slip,11,2776,2776,2776,2776,2776,False,True,False,True,True,False,False,False,False,False,0.13426175033908638,1.1436921422750888,2.120398342349586,31,1.0,2,15.5
EF12_DENSE,EF12_DENSE_c0_t18,618,12,8,0.6666666666666666,dense,-1.0,slip_5_3,11,958,921,921,921,921,False,True,False,True,True,False,False,True,True,True,0.8378449294246337,2.3113804175911072,0.5970003364443457,134,1.0,17,7.882352941176471
EF12_DENSE,EF12_DENSE_c0_t19,619,12,8,0.6666666666666666,dense,3.0,slip_5_1,11,1695,1595,1595,1595,1595,False,True,False,True,True,False,False,True,True,True,0.06129505229376875,1.0632125712202085,0.02907337956606426,325,1.0,7,46.42857142857143
EF12_DENSE,EF12_DENSE_c0_t20,620,12,8,0.6666666666666666,dense,1.0,slip_4_3,11,1733,963,963,963,963,False,True,False,True,True,False,False,True,True,True,0.10576329202904589,1.1115587305516819,3.5757535776134155,18,0.8181818181818182,1,18.0
EF12_DENSE,EF12_DENSE_c0_t21,621,12,8,0.6666666666666666,dense,-3.0,slip_2_1,11,1706,1993,1993,1993,1993,False,True,False,True,True,False,False,True,True,True,0.4793115298209081,1.6149621660744222,0.12115202382677204,4066,1.0,21,193.61904761904762
EF12_DENSE,EF12_DENSE_c0_t22,622,12,8,0.6666666666666666,dense,7.0,slip_4_3,11,2551,2551,2551,2551,2551,False,True,False,True,True,False,False,False,False,False,0.0018670675550147564,1.0018688116108967,4.329542453165187,11,1.0,9,1.2222222222222223
EF12_DENSE,EF12_DENSE_c0_t23,623,12,8,0.6666666666666666,dense,-1.0,slip_3_3,11,606,1595,1595,1595,1595,False,True,False,True,True,False,False,True,True,True,0.24394139858861585,1.2762695371017962,0.6823759258931315,218,1.0,2,109.0
EF12_DENSE,EF12_DENSE_c0_t24,624,12,8,0.6666666666666666,dense,-3.0,slip_3_3,11,1829,2903,2903,2903,2903,False,True,False,True,True,False,False,True,True,True,0.29676367617430977,1.3454972888060854,0.5410761783798748,993,1.0,8,124.125
EF12_DENSE,EF12_DENSE_c0_t25,625,12,8,0.6666666666666666,dense,-3.0,no_slip,11,1235,1090,1217,1217,1090,False,True,False,True,True,True,True,True,True,True,0.7724281223469944,2.1650168023975525,0.10042742819406669,1628,1.0,16,101.75
EF12_DENSE,EF12_DENSE_c0_t26,626,12,8,0.6666666666666666,dense,-3.0,slip_4_1,11,3933,4062,4062,4062,4062,False,True,False,True,True,False,False,True,True,True,0.3594362604664063,1.432521617819562,1.555707828985419,82,1.0,4,20.5
EF12_DENSE,EF12_DENSE_c0_t27,627,12,8,0.6666666666666666,dense,5.0,slip_5_1,11,1939,921,921,921,921,False,True,False,True,True,False,False,True,True,True,0.07762422805114433,1.080716479421846,2.3961971568890643,23,1.0,2,11.5
EF12_DENSE,EF12_DENSE_c0_t28,628,12,8,0.6666666666666666,dense,3.0,slip_3_1,11,633,606,606,633,606,False,True,False,True,True,False,True,True,True,False,0.31805490014959226,1.3744517167611396,0.29876261503220114,229,1.0,35,6.542857142857143
EF12_DENSE,EF12_DENSE_c0_t29,629,12,8,0.6666666666666666,dense,7.0,slip_1_1,11,3861,3456,3456,3456,3456,False,True,False,True,True,False,False,True,True,True,2.240491751681617e-06,1.0000022404942617,2.101797007946736,4,0.36363636363636365,1,4.0
EF12_DENSE,EF12_DENSE_c0_t30,630,12,8,0.6666666666666666,dense,-3.0,slip_3_3,11,3933,3944,3417,3417,3944,False,True,False,True,True,True,True,True,True,True,0.730929242528731,2.077009757010305,0.15478510234646947,1536,1.0,14,109.71428571428571
EF12_DENSE,EF12_DENSE_c0_t31,631,12,8,0.6666666666666666,dense,3.0,slip_4_3,11,3646,3646,3646,3646,3646,False,True,False,True,True,False,False,False,False,False,0.5886211994498645,1.8015027891634614,1.5770883955779578,54,1.0,13,4.153846153846154
EF12_DENSE,EF12_DENSE_c0_t32,632,12,8,0.6666666666666666,dense,-1.0,slip_5_3,11,3872,1829,1972,1972,1829,False,True,False,True,True,True,True,True,True,True,0.7830547428398233,2.1881462908071554,0.26459223813058586,1201,1.0,40,30.025
EF12_DENSE,EF12_DENSE_c0_t33,633,12,8,0.6666666666666666,dense,5.0,no_slip,11,1939,1939,1939,1939,1939,False,True,False,True,True,False,False,False,False,False,0.041124850453419626,1.0419821893735965,2.1420194738594915,7,0.5454545454545454,1,7.0
EF12_DENSE,EF12_DENSE_c0_t34,634,12,8,0.6666666666666666,dense,-1.0,slip_5_1,11,1372,3454,3454,3454,3454,False,True,False,True,True,False,False,True,True,True,0.12985227721784653,1.138660164852598,1.471776862264992,110,1.0,4,27.5
EF12_DENSE,EF12_DENSE_c0_t35,635,12,8,0.6666666666666666,dense,3.0,slip_4_3,11,2533,2299,2299,2299,2299,False,True,False,True,True,False,False,True,True,True,0.02161963136065914,1.021855028932959,1.2427872480764375,73,1.0,6,12.166666666666666
EF12_DENSE,EF12_DENSE_c0_t36,636,12,8,0.6666666666666666,dense,1.0,slip_4_3,11,3345,3345,3861,3861,3345,False,True,False,True,True,True,True,False,True,True,0.3905264623495981,1.4777585733795477,0.02026698040791608,1042,1.0,8,130.25
EF12_DENSE,EF12_DENSE_c0_t37,637,12,8,0.6666666666666666,dense,-3.0,no_slip,11,829,829,829,829,829,False,True,False,True,True,False,False,False,False,False,0.07836818093963416,1.0815207807123886,1.6542678001392677,73,1.0,2,36.5
EF12_DENSE,EF12_DENSE_c0_t38,638,12,8,0.6666666666666666,dense,-1.0,slip_2_3,11,1528,1442,1313,1313,1442,False,True,False,True,True,True,True,True,True,True,0.6791780344486646,1.9722559393522554,0.22051418382964272,348,1.0,9,38.666666666666664
EF12_DENSE,EF12_DENSE_c0_t39,639,12,8,0.6666666666666666,dense,1.0,no_slip,11,469,1431,1431,1431,1431,False,True,False,True,True,False,False,True,True,True,0.14046211127672414,1.1508054761885833,0.3508422499662789,956,1.0,16,59.75
EF12_DENSE,EF12_DENSE_c0_t40,640,12,8,0.6666666666666666,dense,5.0,slip_5_3,11,2209,2182,2182,2182,2182,False,True,False,True,True,False,False,True,True,True,0.2619721815273337,1.299490392088608,0.23577988412892914,32,1.0,7,4.571428571428571
EF12_DENSE,EF12_DENSE_c0_t41,641,12,8,0.6666666666666666,dense,-3.0,no_slip,11,3720,4089,4089,4089,4089,False,True,False,True,True,False,False,True,True,True,0.07784013216066299,1.0809498357413654,0.23664119637076375,933,1.0,6,155.5
EF12_DENSE,EF12_DENSE_c0_t42,642,12,8,0.6666666666666666,dense,7.0,no_slip,11,1161,1161,1161,1161,1161,False,True,False,True,True,False,False,False,False,False,0.0003341635368303564,1.0003342193756846,7.8653287183491525,3,0.2727272727272727,1,3.0
EF12_DENSE,EF12_DENSE_c0_t43,643,12,8,0.6666666666666666,dense,-3.0,slip_3_3,11,3990,2495,2495,2495,2495,False,True,False,True,True,False,False,True,True,True,0.3395109353003569,1.4042606482855022,0.3788759650738349,334,1.0,4,83.5
EF12_DENSE,EF12_DENSE_c0_t44,644,12,8,0.6666666666666666,dense,-3.0,slip_4_3,11,1564,1564,1564,1564,1564,False,True,False,True,True,False,False,False,False,False,0.48241750438159237,1.6199859953829596,0.6225693378776445,369,1.0,11,33.54545454545455
EF12_DENSE,EF12_DENSE_c0_t45,645,12,8,0.6666666666666666,dense,-1.0,slip_1_1,11,3168,3130,3130,3130,3130,False,True,False,True,True,False,False,True,True,True,0.053810939715088324,1.0552850707977988,0.0980780938285406,1819,1.0,25,72.76
EF12_DENSE,EF12_DENSE_c0_t46,646,12,8,0.6666666666666666,dense,1.0,slip_1_3,11,2268,2227,2227,2227,2227,False,True,False,True,True,False,False,True,True,True,0.3463928750340486,1.413958015512684,1.6275473014280628,51,1.0,3,17.0
EF12_DENSE,EF12_DENSE_c0_t47,647,12,8,0.6666666666666666,dense,-3.0,slip_1_3,11,1358,1403,1403,1403,1403,False,True,False,True,True,False,False,True,True,True,0.5645461100665479,1.7586493682946458,0.8592954892863638,213,1.0,10,21.3
EF12_DENSE,EF12_DENSE_c0_t48,648,12,8,0.6666666666666666,dense,1.0,slip_1_3,11,588,217,217,217,217,False,True,False,True,True,False,False,True,True,True,0.862016809023844,2.3679315468503632,1.9831503073731582,50,1.0,8,6.25
EF12_DENSE,EF12_DENSE_c0_t49,649,12,8,0.6666666666666666,dense,3.0,slip_2_3,11,3101,3101,3101,3101,3101,False,True,False,True,True,False,False,False,False,False,0.1508549299736659,1.162827954363228,0.13739386513985163,252,1.0,9,28.0
EF12_DENSE,EF12_DENSE_c0_t50,650,12,8,0.6666666666666666,dense,1.0,slip_2_1,11,1161,1069,1069,1069,1069,False,True,False,True,True,False,False,True,True,True,0.048605656021095456,1.0498062843158573,0.6044274011492607,144,1.0,4,36.0
EF12_DENSE,EF12_DENSE_c0_t51,651,12,8,0.6666666666666666,dense,-3.0,slip_3_1,11,3776,3944,3944,3944,3944,False,True,False,True,True,False,False,True,True,True,0.23203653041809957,1.2611657989007716,0.46812557556554424,268,1.0,7,38.285714285714285
EF12_DENSE,EF12_DENSE_c0_t52,652,12,8,0.6666666666666666,dense,7.0,no_slip,11,455,455,455,455,455,False,True,False,True,True,False,False,False,False,False,1.337974584447732e-05,1.0000133798353537,8.146560782832333,3,0.2727272727272727,1,3.0
EF12_DENSE,EF12_DENSE_c0_t53,653,12,8,0.6666666666666666,dense,-1.0,no_slip,11,3962,3944,3944,3944,3944,False,True,False,True,True,False,False,True,True,True,0.2454664956640471,1.2782174570462383,0.8116909126151306,179,1.0,5,35.8
EF12_DENSE,EF12_DENSE_c0_t54,654,12,8,0.6666666666666666,dense,-3.0,no_slip,11,516,661,661,661,661,False,True,False,True,True,False,False,True,True,True,0.6757350054986286,1.9654770816544695,0.528011697782814,636,1.0,21,30.285714285714285
EF12_DENSE,EF12_DENSE_c0_t55,655,12,8,0.6666666666666666,dense,1.0,no_slip,11,131,342,342,342,342,False,True,False,True,True,False,False,True,True,True,0.004590446275509308,1.00460099851433,0.7726357471774357,281,1.0,25,11.24
EF12_DENSE,EF12_DENSE_c0_t56,656,12,8,0.6666666666666666,dense,1.0,slip_3_1,11,3919,3944,3944,3944,3944,False,True,False,True,True,False,False,True,True,True,0.22196854484498907,1.248532104475729,0.08590912583877852,1950,1.0,38,51.31578947368421
EF12_DENSE,EF12_DENSE_c0_t57,657,12,8,0.6666666666666666,dense,1.0,slip_2_1,11,3773,3773,1620,1620,3773,False,True,False,True,True,True,True,False,True,True,0.48939360616480165,1.6313266935141926,0.18400383338122772,427,1.0,26,16.423076923076923
EF12_DENSE,EF12_DENSE_c0_t58,658,12,8,0.6666666666666666,dense,3.0,no_slip,11,90,111,125,125,111,False,True,False,True,True,True,True,True,True,True,0.7140976285841791,2.0423428986418135,0.27748804582999753,198,1.0,14,14.142857142857142
EF12_DENSE,EF12_DENSE_c0_t59,659,12,8,0.6666666666666666,dense,-1.0,no_slip,11,3364,2082,2082,2082,2082,False,True,False,True,True,False,False,True,True,True,0.07477570908482889,1.0776424183721978,2.4756414637529165,32,1.0,2,16.0
EF12_DENSE,EF12_DENSE_c0_t60,660,12,8,0.6666666666666666,dense,-3.0,no_slip,11,1776,1720,1720,1720,1720,False,True,False,True,True,False,False,True,True,True,0.12098259578599979,1.1286052697087763,0.36680142216120615,511,1.0,5,102.2
EF12_DENSE,EF12_DENSE_c0_t61,661,12,8,0.6666666666666666,dense,5.0,slip_1_3,11,3990,3609,3609,3609,3609,False,True,False,True,True,False,False,True,True,True,0.14985809230772063,1.161669381209922,0.111518399409551,180,1.0,39,4.615384615384615
EF12_DENSE,EF12_DENSE_c0_t62,662,12,8,0.6666666666666666,dense,-1.0,no_slip,11,1677,1161,1161,1161,1161,False,True,False,True,True,False,False,True,True,True,0.04193978261985443,1.0428316802682835,1.9272174660024426,33,1.0,1,33.0
EF12_DENSE,EF12_DENSE_c0_t63,663,12,8,0.6666666666666666,dense,-3.0,no_slip,11,1014,3059,3059,3059,3059,False,True,False,True,True,False,False,True,True,True,0.23253619454803598,1.2617961156726116,0.5528860624950767,544,1.0,6,90.66666666666667
EF12_DENSE,EF12_DENSE_c0_t64,664,12,8,0.6666666666666666,dense,7.0,slip_1_3,11,2182,2182,2182,2182,2182,False,True,False,True,True,False,False,False,False,False,1.6720686093485426e-06,1.0000016720700073,6.947901130983313,11,1.0,3,3.6666666666666665
EF12_DENSE,EF12_DENSE_c0_t65,665,12,8,0.6666666666666666,dense,-3.0,slip_4_1,11,2495,2847,3028,3028,2847,False,True,False,True,True,True,True,True,True,True,0.9174315559524775,2.5028536876641043,0.07631252668286592,3406,1.0,56,60.82142857142857
EF12_DENSE,EF12_DENSE_c0_t66,666,12,8,0.6666666666666666,dense,3.0,slip_5_1,11,1633,1733,1633,1733,1733,False,True,False,True,True,True,False,True,False,True,0.44509371570884326,1.5606364451303334,0.4129858663319155,71,1.0,7,10.142857142857142
EF12_DENSE,EF12_DENSE_c0_t67,667,12,8,0.6666666666666666,dense,-1.0,slip_5_3,11,4062,3972,3972,3972,3972,False,True,False,True,True,False,False,True,True,True,0.04530956672769548,1.0463517254567998,0.827413451518991,284,1.0,4,71.0
EF12_DENSE,EF12_DENSE_c0_t68,668,12,8,0.6666666666666666,dense,-1.0,slip_1_3,11,1217,455,455,455,455,False,True,False,True,True,False,False,True,True,True,0.09217004200663936,1.0965512660063728,0.6120143284209281,304,1.0,9,33.77777777777778
EF12_DENSE,EF12_DENSE_c0_t69,669,12,8,0.6666666666666666,dense,1.0,no_slip,11,2690,2690,2690,2690,2690,False,True,False,True,True,False,False,False,False,False,0.08185307883761439,1.0852963451149082,2.515487213965871,33,1.0,1,33.0
EF12_DENSE,EF12_DENSE_c0_t70,670,12,8,0.6666666666666666,dense,7.0,slip_1_3,11,1901,1901,1901,1901,1901,False,True,False,True,True,False,False,False,False,False,2.1513514799842426e-05,1.0000215137462172,5.33142316544309,11,1.0,3,3.6666666666666665
EF12_DENSE,EF12_DENSE_c0_t71,671,12,8,0.6666666666666666,dense,1.0,no_slip,11,1087,1087,1087,1087,1087,False,True,False,True,True,False,False,False,False,False,0.02847189539775563,1.0288810941342723,2.1834971693252765,21,0.9090909090909091,1,21.0
EF12_DENSE,EF12_DENSE_c0_t72,672,12,8,0.6666666666666666,dense,5.0,no_slip,11,236,236,236,236,236,False,True,False,True,True,False,False,False,False,False,0.00040167122098111463,1.000401751901668,1.7416057121347803,21,1.0,2,10.5
EF12_DENSE,EF12_DENSE_c0_t73,673,12,8,0.6666666666666666,dense,3.0,slip_5_3,11,1939,1921,1921,2030,1921,False,True,False,True,True,False,True,True,True,True,0.166617076104437,1.1813018299911668,0.14854442082237362,236,1.0,10,23.6
EF12_DENSE,EF12_DENSE_c0_t74,674,12,8,0.6666666666666666,dense,-1.0,slip_4_1,11,1413,1413,1413,1413,1413,False,True,False,True,True,False,False,False,False,False,0.03676462224603583,1.0374487997288435,0.215621222052512,375,1.0,3,125.0
EF12_DENSE,EF12_DENSE_c0_t75,675,12,8,0.6666666666666666,dense,5.0,slip_2_3,11,1847,1847,1847,1847,1847,False,True,False,True,True,False,False,False,False,False,0.003115574051525627,1.0031204324966658,3.053355860578497,33,1.0,17,1.9411764705882353
EF12_DENSE,EF12_DENSE_c0_t76,676,12,8,0.6666666666666666,dense,-1.0,slip_4_1,11,1456,1442,1442,1442,1442,False,True,False,True,True,False,False,True,True,True,0.3272921368917725,1.3872066722366816,0.61338019088012,226,1.0,4,56.5
EF12_DENSE,EF12_DENSE_c0_t77,677,12,8,0.6666666666666666,dense,3.0,slip_4_1,11,145,217,217,217,217,False,True,False,True,True,False,False,True,True,True,0.27455743077584316,1.3159481478220463,2.3763899418847547,48,1.0,4,12.0
EF12_DENSE,EF12_DENSE_c0_t78,678,12,8,0.6666666666666666,dense,-3.0,slip_4_1,11,1794,1993,2011,2011,1993,False,True,False,True,True,True,True,True,True,True,0.9313000143452221,2.537806218542761,0.24387994115854994,1047,1.0,25,41.88
EF12_DENSE,EF12_DENSE_c0_t79,679,12,8,0.6666666666666666,dense,-1.0,slip_3_1,11,1901,1403,3454,3454,1403,False,True,False,True,True,True,True,True,True,True,0.8245991336753882,2.280966219491265,0.11458298918876153,1763,1.0,33,53.42424242424242
EF12_DENSE,EF12_DENSE_c0_t80,680,12,8,0.6666666666666666,dense,3.0,no_slip,11,2281,2281,2281,2281,2281,False,True,False,True,True,False,False,False,False,False,0.006998547369656549,1.0070230944334826,2.1025938070513686,11,0.8181818181818182,1,11.0
EF12_DENSE,EF12_DENSE_c0_t81,681,12,8,0.6666666666666666,dense,7.0,no_slip,11,744,744,744,744,744,False,True,False,True,True,False,False,False,False,False,9.908832148797231e-05,1.000099093230898,6.3844417955390975,3,0.2727272727272727,1,3.0
EF12_DENSE,EF12_DENSE_c0_t82,682,12,8,0.6666666666666666,dense,7.0,no_slip,11,2168,2168,2168,2168,2168,False,True,False,True,True,False,False,False,False,False,0.00010150288205501568,1.0001015080336468,10.149489235996855,3,0.2727272727272727,1,3.0
EF12_DENSE,EF12_DENSE_c0_t83,683,12,8,0.6666666666666666,dense,-1.0,slip_5_1,11,3268,4044,4044,4044,4044,False,True,False,True,True,False,False,True,True,True,0.9100987626342416,2.4845679037390314,0.5515581838046462,308,1.0,25,12.32
EF12_DENSE,EF12_DENSE_c0_t84,684,12,8,0.6666666666666666,dense,7.0,no_slip,11,3794,3794,3794,3794,3794,False,True,False,True,True,False,False,False,False,False,8.905916823120918e-06,1.000008905956481,4.672856815965703,4,0.36363636363636365,1,4.0
EF12_DENSE,EF12_DENSE_c0_t85,685,12,8,0.6666666666666666,dense,3.0,no_slip,11,2044,2044,2044,2044,2044,False,True,False,True,True,False,False,False,False,False,0.04488676930159219,1.045909424148994,4.27674982666187,9,0.5454545454545454,1,9.0
EF12_DENSE,EF12_DENSE_c0_t86,686,12,8,0.6666666666666666,dense,7.0,slip_2_1,11,2928,794,794,794,794,False,True,False,True,True,False,False,True,True,True,1.3715702795735751e-07,1.0000001371570373,1.0679378154482988,36,1.0,3,12.0
EF12_DENSE,EF12_DENSE_c0_t87,687,12,8,0.6666666666666666,dense,3.0,slip_5_3,11,3815,3212,3212,3212,3212,False,True,False,True,True,False,False,True,True,True,0.38874172752028,1.4751235183210325,0.2819004318227947,174,1.0,19,9.157894736842104
EF12_DENSE,EF12_DENSE_c0_t88,688,12,8,0.6666666666666666,dense,-1.0,slip_3_3,11,1808,1901,1901,1901,1901,False,True,False,True,True,False,False,True,True,True,0.06537399195189231,1.067558207911762,0.7059960552879776,115,1.0,1,115.0
EF12_DENSE,EF12_DENSE_c0_t89,689,12,8,0.6666666666666666,dense,-1.0,no_slip,11,1620,324,324,324,324,False,True,False,True,True,False,False,True,True,True,0.008841317034409713,1.0088805169188961,1.3521997828686914,82,1.0,3,27.333333333333332
EF12_DENSE,EF12_DENSE_c0_t90,690,12,8,0.6666666666666666,dense,5.0,no_slip,11,2477,2477,2477,2477,2477,False,True,False,True,True,False,False,False,False,False,0.0019054377067604378,1.0019072542067469,2.749659182516342,9,0.6363636363636364,1,9.0
EF12_DENSE,EF12_DENSE_c0_t91,691,12,8,0.6666666666666666,dense,3.0,no_slip,11,90,90,90,90,90,False,True,False,True,True,False,False,False,False,False,0.0021047814261354603,1.0021069980334465,3.685037192179937,7,0.45454545454545453,1,7.0
EF12_DENSE,EF12_DENSE_c0_t92,692,12,8,0.6666666666666666,dense,3.0,no_slip,11,2512,2456,2456,2456,2456,False,True,False,True,True,False,False,True,True,True,0.05296249920966911,1.0543901039157335,0.5835965238375991,79,1.0,3,26.333333333333332
EF12_DENSE,EF12_DENSE_c0_t93,693,12,8,0.6666666666666666,dense,7.0,slip_1_3,11,3364,3919,3364,3364,3919,False,True,False,True,True,True,True,True,False,False,9.304059589743119e-05,1.000093044924308,4.669446932803467e-05,93,1.0,3,31.0
EF12_DENSE,EF12_DENSE_c0_t94,694,12,8,0.6666666666666666,dense,-1.0,no_slip,11,3230,2196,2196,2196,2196,False,True,False,True,True,False,False,True,True,True,0.3797496424270719,1.4619185412368647,1.022909578595577,200,1.0,9,22.22222222222222
EF12_DENSE,EF12_DENSE_c0_t95,695,12,8,0.6666666666666666,dense,7.0,slip_4_3,11,3456,3456,3456,3456,3456,False,True,False,True,True,False,False,False,False,False,0.0001588256944415889,1.0001588383079099,6.781489451814419,11,1.0,9,1.2222222222222223
EF12_DENSE,EF12_DENSE_c0_t96,696,12,8,0.6666666666666666,dense,3.0,no_slip,11,2143,2143,2143,2143,2143,False,True,False,True,True,False,False,False,False,False,0.01633653596060114,1.016470706797353,1.1545683078322693,33,1.0,2,16.5
EF12_DENSE,EF12_DENSE_c0_t97,697,12,8,0.6666666666666666,dense,1.0,no_slip,11,4044,4044,4044,4044,4044,False,True,False,True,True,False,False,False,False,False,0.022204724513187557,1.0224530842552402,2.3517917816325546,17,0.8181818181818182,1,17.0
EF12_DENSE,EF12_DENSE_c0_t98,698,12,8,0.6666666666666666,dense,1.0,no_slip,11,3815,4075,4075,4075,4075,False,True,False,True,True,False,False,True,True,True,0.09662875907281077,1.1014513938739818,0.3251084530425299,336,1.0,9,37.333333333333336
EF12_DENSE,EF12_DENSE_c0_t99,699,12,8,0.6666666666666666,dense,1.0,no_slip,11,2498,3286,3286,3286,3286,False,True,False,True,True,False,False,True,True,True,0.3119067202209749,1.3660272643649511,0.742244074111067,127,1.0,8,15.875
EF12_DENSE,EF12_DENSE_c0_t100,700,12,8,0.6666666666666666,dense,5.0,slip_4_3,11,3919,3403,3403,3403,3403,False,True,False,True,True,False,False,True,True,True,0.047653121830924405,1.0488067840416544,1.0167441621471358,21,1.0,12,1.75
EF12_DENSE,EF12_DENSE_c0_t101,701,12,8,0.6666666666666666,dense,1.0,slip_3_3,11,2598,2598,2598,2598,2598,False,True,False,True,True,False,False,False,False,False,0.033989654701898075,1.0345739036973127,1.4182701415161745,62,1.0,10,6.2
EF12_DENSE,EF12_DENSE_c0_t102,702,12,8,0.6666666666666666,dense,3.0,slip_4_3,11,672,661,661,661,661,False,True,False,True,True,False,False,True,True,True,0.006003557511112589,1.0060216149807737,1.4818251552985977,37,1.0,3,12.333333333333334
EF12_DENSE,EF12_DENSE_c0_t103,703,12,8,0.6666666666666666,dense,-3.0,no_slip,11,442,3257,3257,3257,3257,False,True,False,True,True,False,False,True,True,True,0.19556051383539952,1.2159923760582718,0.3864558347134235,904,1.0,15,60.266666666666666
EF12_DENSE,EF12_DENSE_c0_t104,704,12,8,0.6666666666666666,dense,-1.0,slip_3_1,11,4017,3720,3720,3720,3720,False,True,False,True,True,False,False,True,True,True,0.20989088481688611,1.2335434542932218,1.2300663498001683,98,1.0,1,98.0
EF12_DENSE,EF12_DENSE_c0_t105,705,12,8,0.6666666666666666,dense,3.0,slip_1_1,11,2743,3059,3059,3059,3059,False,True,False,True,True,False,False,True,True,True,0.690449512405193,1.994611934564364,1.603785011232576,26,1.0,12,2.1666666666666665
EF12_DENSE,EF12_DENSE_c0_t106,706,12,8,0.6666666666666666,dense,7.0,slip_5_3,11,3299,3299,3268,3268,3299,False,True,False,True,True,True,True,False,True,True,2.0578419686501093e-05,1.0000205786314236,1.681174607615077e-05,141,1.0,6,23.5
EF12_DENSE,EF12_DENSE_c0_t107,707,12,8,0.6666666666666666,dense,-1.0,slip_4_3,11,829,2872,3003,3003,2872,False,True,False,True,True,True,True,True,True,True,0.292686708268306,1.3400229065651366,0.013406606683222577,5113,1.0,11,464.8181818181818
EF12_DENSE,EF12_DENSE_c0_t108,708,12,8,0.6666666666666666,dense,5.0,slip_3_1,11,963,963,963,963,963,False,True,False,True,True,False,False,False,False,False,0.0005406213605585464,1.0005407675226246,0.8714706633047626,43,1.0,8,5.375
EF12_DENSE,EF12_DENSE_c0_t109,709,12,8,0.6666666666666666,dense,5.0,slip_5_3,11,424,424,424,424,424,False,True,False,True,True,False,False,False,False,False,0.20353791261269638,1.2257316274487666,0.6116373331822285,47,1.0,4,11.75
EF12_DENSE,EF12_DENSE_c0_t110,710,12,8,0.6666666666666666,dense,5.0,slip_3_3,11,3651,3286,3286,3286,3286,False,True,False,True,True,False,False,True,True,True,0.002886217225355203,1.002890386360336,0.38043071742622914,43,1.0,3,14.333333333333334
EF12_DENSE,EF12_DENSE_c0_t111,711,12,8,0.6666666666666666,dense,7.0,slip_5_1,11,815,815,815,815,815,False,True,False,True,True,False,False,False,False,False,0.00032385470002260774,1.0003239071466175,9.28817244287682,11,1.0,10,1.1
EF12_DENSE,EF12_DENSE_c0_t112,712,12,8,0.6666666666666666,dense,3.0,slip_5_3,11,2299,2299,2143,2143,2299,False,True,False,True,True,True,True,False,True,True,0.06322660371479571,1.0652682056156593,0.06302594190854194,126,1.0,18,7.0
EF12_DENSE,EF12_DENSE_c0_t113,713,12,8,0.6666666666666666,dense,7.0,no_slip,11,3474,3474,3474,3474,3474,False,True,False,True,True,False,False,False,False,False,2.0312842883729587e-05,1.000020313049191,9.108474507381715,3,0.2727272727272727,1,3.0
EF12_DENSE,EF12_DENSE_c0_t114,714,12,8,0.6666666666666666,dense,5.0,no_slip,11,647,647,647,647,647,False,True,False,True,True,False,False,False,False,False,0.38146419590874814,1.4644272287865914,1.0544795146960535,27,1.0,2,13.5
EF12_DENSE,EF12_DENSE_c0_t115,715,12,8,0.6666666666666666,dense,3.0,no_slip,11,2533,2533,2533,2533,2533,False,True,False,True,True,False,False,False,False,False,0.0011571902864027095,1.0011578600894204,4.779668842821689,16,1.0,2,8.0
EF12_DENSE,EF12_DENSE_c0_t116,716,12,8,0.6666666666666666,dense,-3.0,slip_1_3,11,3474,3933,3972,3972,3933,False,True,False,True,True,True,True,True,True,True,1.079910172856529,2.944415050792844,0.3735934669560308,780,1.0,22,35.45454545454545
EF12_DENSE,EF12_DENSE_c0_t117,717,12,8,0.6666666666666666,dense,-1.0,slip_5_1,11,1503,413,413,413,413,False,True,False,True,True,False,False,True,True,True,0.5464822984878008,1.7271666623725426,0.5865495456550516,400,1.0,18,22.22222222222222
EF12_DENSE,EF12_DENSE_c0_t118,718,12,8,0.6666666666666666,dense,7.0,no_slip,11,442,442,442,442,442,False,True,False,True,True,False,False,False,False,False,0.0019393163084084897,1.0019411979984814,8.407365852164881,3,0.2727272727272727,1,3.0
EF12_DENSE,EF12_DENSE_c0_t119,719,12,8,0.6666666666666666,dense,-3.0,slip_1_1,11,236,1776,369,369,1776,False,True,False,True,True,True,True,True,True,True,0.24439613413066752,1.276850034197882,0.0007236530360756888,10313,1.0,14,736.6428571428571
EF12_DENSE,EF12_DENSE_c0_t120,720,12,8,0.6666666666666666,dense,1.0,slip_2_1,11,1090,1442,1212,1212,1442,False,True,False,True,True,True,True,True,True,True,0.4224769051751984,1.5257359825913555,0.0781517371691649,621,1.0,24,25.875
EF12_DENSE,EF12_DENSE_c0_t121,721,12,8,0.6666666666666666,dense,-3.0,slip_4_3,11,3720,4003,4003,4003,4003,False,True,False,True,True,False,False,True,True,True,0.13546433553245762,1.145068356852943,1.0732374516884633,247,1.0,5,49.4
EF12_DENSE,EF12_DENSE_c0_t122,722,12,8,0.6666666666666666,dense,1.0,slip_3_3,11,1413,1485,1485,1485,1485,False,True,False,True,True,False,False,True,True,True,0.12671772287466432,1.135096560760621,0.6632916149827572,167,1.0,4,41.75
EF12_DENSE,EF12_DENSE_c0_t123,723,12,8,0.6666666666666666,dense,3.0,slip_1_1,11,1919,1919,1300,1919,1919,False,True,False,True,True,True,False,False,True,False,0.2462667433219039,1.279240756964543,0.11743857734295382,88,1.0,3,29.333333333333332
EF12_DENSE,EF12_DENSE_c0_t124,724,12,8,0.6666666666666666,dense,7.0,slip_5_1,11,1847,1808,1808,1808,1808,False,True,False,True,True,False,False,True,True,True,0.04239757542474898,1.0433091904002383,0.041689826469192504,25,1.0,7,3.5714285714285716
EF12_DENSE,EF12_DENSE_c0_t125,725,12,8,0.6666666666666666,dense,7.0,no_slip,11,2456,2456,2456,2456,2456,False,True,False,True,True,False,False,False,False,False,1.2921655194730874e-06,1.0000012921663544,2.098889365773122,29,1.0,13,2.230769230769231
EF12_DENSE,EF12_DENSE_c0_t126,726,12,8,0.6666666666666666,dense,-3.0,slip_3_1,11,1921,3331,3331,3331,3331,False,True,False,True,True,False,False,True,True,True,0.6187332175587841,1.85657467535983,0.44041357040516615,394,1.0,9,43.77777777777778
EF12_DENSE,EF12_DENSE_c0_t127,727,12,8,0.6666666666666666,dense,5.0,slip_1_1,11,633,633,633,633,633,False,True,False,True,True,False,False,False,False,False,0.003857080967552662,1.0038645290772565,1.0193403666016607,117,1.0,49,2.3877551020408165
EF12_DENSE,EF12_DENSE_c0_t128,728,12,8,0.6666666666666666,dense,-3.0,no_slip,11,1179,1179,1179,1179,1179,False,True,False,True,True,False,False,False,False,False,0.15036437142136627,1.1622576590584184,0.5228345818448137,895,1.0,7,127.85714285714286
EF12_DENSE,EF12_DENSE_c0_t129,729,12,8,0.6666666666666666,dense,3.0,no_slip,11,1358,1358,1358,1358,1358,False,True,False,True,True,False,False,False,False,False,9.98814378352364e-05,1.000099886426152,6.560715558233852,5,0.36363636363636365,1,5.0
EF12_DENSE,EF12_DENSE_c0_t130,730,12,8,0.6666666666666666,dense,3.0,no_slip,11,561,561,561,561,561,False,True,False,True,True,False,False,False,False,False,0.2568921820925265,1.292905720854879,0.5154901623129451,168,1.0,6,28.0
EF12_DENSE,EF12_DENSE_c0_t131,731,12,8,0.6666666666666666,dense,1.0,slip_3_3,11,871,2598,2598,2598,2598,False,True,False,True,True,False,False,True,True,True,0.16158386897079247,1.1753710311833931,1.4433895428899604,84,1.0,11,7.636363636363637
EF12_DENSE,EF12_DENSE_c0_t132,732,12,8,0.6666666666666666,dense,5.0,slip_5_1,11,1776,1776,1776,1776,1776,False,True,False,True,True,False,False,False,False,False,0.0023330531230101315,1.0023357768092038,2.278477618489065,30,1.0,11,2.727272727272727
EF12_DENSE,EF12_DENSE_c0_t133,733,12,8,0.6666666666666666,dense,3.0,no_slip,11,733,733,733,733,733,False,True,False,True,True,False,False,False,False,False,0.012699808937657764,1.0127807939795725,0.8717632190716929,36,1.0,2,18.0
EF12_DENSE,EF12_DENSE_c0_t134,734,12,8,0.6666666666666666,dense,3.0,slip_1_1,11,1901,1087,1087,1087,1087,False,True,False,True,True,False,False,True,True,True,0.14442399814586082,1.1553738810696004,0.30416021942991733,299,1.0,25,11.96
EF12_DENSE,EF12_DENSE_c0_t135,735,12,8,0.6666666666666666,dense,5.0,slip_5_3,11,3436,3436,3403,3403,3436,False,True,False,True,True,True,True,False,True,True,0.11527425758007226,1.1221811620620323,0.0653264270749716,87,1.0,7,12.428571428571429
EF12_DENSE,EF12_DENSE_c0_t136,736,12,8,0.6666666666666666,dense,7.0,slip_4_1,11,1125,1595,1595,1595,1595,False,True,False,True,True,False,False,True,True,True,2.8701522936103174e-07,1.0000002870152704,0.7137725427843744,25,1.0,4,6.25
EF12_DENSE,EF12_DENSE_c0_t137,737,12,8,0.6666666666666666,dense,1.0,slip_5_3,11,2227,39,39,39,39,False,True,False,True,True,False,False,True,True,True,0.2824493744460863,1.3263746249469217,0.6460533293421147,176,1.0,18,9.777777777777779
EF12_DENSE,EF12_DENSE_c0_t138,738,12,8,0.6666666666666666,dense,1.0,no_slip,11,1633,1762,1762,1762,1762,False,True,False,True,True,False,False,True,True,True,0.39902152859896134,1.490365703747569,2.629790305558414,32,1.0,3,10.666666666666666
EF12_DENSE,EF12_DENSE_c0_t139,739,12,8,0.6666666666666666,dense,7.0,slip_1_1,11,1794,1442,1442,1442,1442,False,True,False,True,True,False,False,True,True,True,0.04355738669517262,1.0445199341391975,3.155373416049751,11,1.0,6,1.8333333333333333
EF12_DENSE,EF12_DENSE_c0_t140,740,12,8,0.6666666666666666,dense,5.0,no_slip,11,1528,1528,1528,1528,1528,False,True,False,True,True,False,False,False,False,False,0.0012589417288371152,1.0012597345286367,0.23942833665241547,84,1.0,13,6.461538461538462
EF12_DENSE,EF12_DENSE_c0_t141,741,12,8,0.6666666666666666,dense,5.0,no_slip,11,1972,1972,1972,1972,1972,False,True,False,True,True,False,False,False,False,False,0.17621014121183265,1.1926886653598263,3.2883980646471134,16,1.0,2,8.0
EF12_DENSE,EF12_DENSE_c0_t142,742,12,8,0.6666666666666666,dense,3.0,slip_5_1,11,2885,2885,2829,2829,2885,False,True,False,True,True,True,True,False,True,True,0.2559553786691229,1.2916950894997807,0.1269815776977996,164,1.0,9,18.22222222222222
EF12_DENSE,EF12_DENSE_c0_t143,743,12,8,0.6666666666666666,dense,-1.0,slip_4_1,11,1442,4003,4003,4003,4003,False,True,False,True,True,False,False,True,True,True,0.3499919343395703,1.419056102922442,0.40552482107781174,613,1.0,17,36.05882352941177
EF12_DENSE,EF12_DENSE_c0_t144,744,12,8,0.6666666666666666,dense,5.0,slip_3_1,11,3546,3567,3567,3567,3567,False,True,False,True,True,False,False,True,True,True,0.0003030565028847576,1.000303102429146,1.1989678997608229,69,1.0,6,11.5
EF12_DENSE,EF12_DENSE_c0_t145,745,12,8,0.6666666666666666,dense,1.0,no_slip,11,0,0,0,0,0,False,True,False,True,True,False,False,False,False,False,0.6322853389293321,1.8819064627204085,0.9538657307377534,195,1.0,18,10.833333333333334
EF12_DENSE,EF12_DENSE_c0_t146,746,12,8,0.6666666666666666,dense,7.0,slip_5_3,11,3168,3143,3143,3143,3143,False,True,False,True,True,False,False,True,True,True,0.10753150196539973,1.1135259384496097,0.10752806938226911,42,1.0,7,6.0
EF12_DENSE,EF12_DENSE_c0_t147,747,12,8,0.6666666666666666,dense,7.0,slip_3_1,11,1633,1633,1633,1633,1633,False,True,False,True,True,False,False,False,False,False,0.0011981047620022167,1.001198822776236,7.779225888238603,11,1.0,6,1.8333333333333333
EF12_DENSE,EF12_DENSE_c0_t148,748,12,8,0.6666666666666666,dense,3.0,slip_4_3,11,53,53,53,661,53,False,True,False,True,True,False,True,False,False,True,0.05349683747537881,1.0549536554454062,0.0029147296551013113,607,1.0,4,151.75
EF12_DENSE,EF12_DENSE_c0_t149,749,12,8,0.6666666666666666,dense,-1.0,no_slip,11,1048,3345,3345,3345,3345,False,True,False,True,True,False,False,True,True,True,0.2282600725315529,1.2564120412058335,1.0000590513358834,168,1.0,2,84.0
EF12_DENSE,EF12_DENSE_c1_t0,750,12,8,0.6666666666666666,dense,1.0,no_slip,11,3599,3738,4030,4030,3738,False,True,False,True,True,True,True,True,True,True,1.051859688790877,2.862970404391206,0.06317472641216604,1340,1.0,26,51.53846153846154
EF12_DENSE,EF12_DENSE_c1_t1,751,12,8,0.6666666666666666,dense,7.0,slip_4_3,11,2906,2906,2906,2906,2906,False,True,False,True,True,False,False,False,False,False,0.3929205528038997,1.4813006994671074,4.298264880627092,20,1.0,10,2.0
EF12_DENSE,EF12_DENSE_c1_t2,752,12,8,0.6666666666666666,dense,-1.0,slip_1_3,11,115,230,230,230,230,False,True,False,True,True,False,False,True,True,True,0.09954283842871092,1.1046657918731388,0.8421952230413314,233,1.0,8,29.125
EF12_DENSE,EF12_DENSE_c1_t3,753,12,8,0.6666666666666666,dense,5.0,no_slip,11,3662,3662,3662,3662,3662,False,True,False,True,True,False,False,False,False,False,0.0020561559623839543,1.002058271300628,2.0359511929219436,4,0.36363636363636365,1,4.0
EF12_DENSE,EF12_DENSE_c1_t4,754,12,8,0.6666666666666666,dense,-1.0,no_slip,11,2686,2154,2154,2154,2154,False,True,False,True,True,False,False,True,True,True,0.18796834431554288,1.206795312813318,0.8232618742447446,113,1.0,4,28.25
EF12_DENSE,EF12_DENSE_c1_t5,755,12,8,0.6666666666666666,dense,5.0,no_slip,11,691,691,691,691,691,False,True,False,True,True,False,False,False,False,False,0.00018584850770864136,1.0001858657786125,0.5772918325590002,106,1.0,16,6.625
EF12_DENSE,EF12_DENSE_c1_t6,756,12,8,0.6666666666666666,dense,7.0,slip_3_1,11,3221,3221,3221,3221,3221,False,True,False,True,True,False,False,False,False,False,6.697577522452036e-05,1.000066978018152,4.085610465135902,11,1.0,6,1.8333333333333333
EF12_DENSE,EF12_DENSE_c1_t7,757,12,8,0.6666666666666666,dense,3.0,slip_3_1,11,292,2324,3122,3122,2324,False,True,False,True,True,True,True,True,True,True,0.24555533971379973,1.278331024106391,0.08494146512720846,1064,1.0,14,76.0
EF12_DENSE,EF12_DENSE_c1_t8,758,12,8,0.6666666666666666,dense,1.0,no_slip,11,1522,3364,3364,3364,3364,False,True,False,True,True,False,False,True,True,True,0.34424229813303775,1.4109204574873062,0.004607109856484826,720,1.0,7,102.85714285714286
EF12_DENSE,EF12_DENSE_c1_t9,759,12,8,0.6666666666666666,dense,-3.0,slip_1_3,11,881,2496,3046,3046,2496,False,True,False,True,True,True,True,True,True,True,0.6057266099590084,1.832583298511131,0.043401808756302174,6173,1.0,46,134.19565217391303
EF12_DENSE,EF12_DENSE_c1_t10,760,12,8,0.6666666666666666,dense,7.0,slip_5_1,11,3505,3505,3505,3505,3505,False,True,False,True,True,False,False,False,False,False,0.0008379924637766933,1.0008383436775594,2.125914927096086,14,1.0,10,1.4
EF12_DENSE,EF12_DENSE_c1_t11,761,12,8,0.6666666666666666,dense,-3.0,no_slip,11,2407,2382,2382,2382,2382,False,True,False,True,True,False,False,True,True,True,0.4015193097798697,1.4940929641576783,0.0285107576173651,4360,1.0,12,363.3333333333333
EF12_DENSE,EF12_DENSE_c1_t12,762,12,8,0.6666666666666666,dense,-3.0,slip_3_3,11,408,3505,3505,3505,3505,False,True,False,True,True,False,False,True,True,True,0.08498752651171237,1.088703486683514,1.0662468444589965,114,1.0,2,57.0
EF12_DENSE,EF12_DENSE_c1_t13,763,12,8,0.6666666666666666,dense,-1.0,slip_1_1,11,2573,2866,816,816,2866,False,True,False,True,True,True,True,True,True,True,0.622530386647135,1.8636378047890512,0.11754319085068943,469,1.0,6,78.16666666666667
EF12_DENSE,EF12_DENSE_c1_t14,764,12,8,0.6666666666666666,dense,1.0,slip_5_1,11,745,680,680,680,680,False,True,False,True,True,False,False,True,True,True,0.03601711114177952,1.0366735850078523,1.6455067337865774,42,1.0,1,42.0
EF12_DENSE,EF12_DENSE_c1_t15,765,12,8,0.6666666666666666,dense,3.0,slip_4_3,11,3404,3404,3404,3404,3404,False,True,False,True,True,False,False,False,False,False,0.03070740697512342,1.031183742571605,4.058083666875914,19,1.0,10,1.9
EF12_DENSE,EF12_DENSE_c1_t16,766,12,8,0.6666666666666666,dense,3.0,slip_1_3,11,3645,3522,3522,3522,3522,False,True,False,True,True,False,False,True,True,True,0.056981744475804064,1.0586364842551432,0.0568108680955568,339,1.0,9,37.666666666666664
EF12_DENSE,EF12_DENSE_c1_t17,767,12,8,0.6666666666666666,dense,3.0,slip_5_3,11,2213,167,167,167,167,False,True,False,True,True,False,False,True,True,True,0.395777366749007,1.4855385504559155,1.331092376012526,70,1.0,16,4.375
EF12_DENSE,EF12_DENSE_c1_t18,768,12,8,0.6666666666666666,dense,3.0,slip_5_1,11,2091,2091,2091,2115,2091,False,True,False,True,True,False,True,False,False,True,0.46610451866041736,1.593773569721993,0.3816924755545852,152,1.0,11,13.818181818181818
EF12_DENSE,EF12_DENSE_c1_t19,769,12,8,0.6666666666666666,dense,7.0,slip_2_1,11,2661,2661,2661,2661,2661,False,True,False,True,True,False,False,False,False,False,0.4155358296308318,1.5151824028438714,0.004683726848165648,89,1.0,6,14.833333333333334
EF12_DENSE,EF12_DENSE_c1_t20,770,12,8,0.6666666666666666,dense,7.0,no_slip,11,704,704,704,704,704,False,True,False,True,True,False,False,False,False,False,0.0024902318901904863,1.0024933350929874,2.104359102584997,5,0.45454545454545453,1,5.0
EF12_DENSE,EF12_DENSE_c1_t21,771,12,8,0.6666666666666666,dense,7.0,slip_5_1,11,2686,2686,2686,2686,2686,False,True,False,True,True,False,False,False,False,False,0.001553554855671102,1.0015547622471845,4.2337279298140045,11,1.0,10,1.1
EF12_DENSE,EF12_DENSE_c1_t22,772,12,8,0.6666666666666666,dense,-3.0,slip_5_3,11,1896,1999,1999,1999,1999,False,True,False,True,True,False,False,True,True,True,0.06444528551685202,1.0665672199739586,1.0982515001795132,383,1.0,7,54.714285714285715
EF12_DENSE,EF12_DENSE_c1_t23,773,12,8,0.6666666666666666,dense,-1.0,slip_3_1,11,3302,3568,3454,3454,3568,False,True,False,True,True,True,True,True,True,True,1.0911791338468841,2.9777832082556897,0.3212684815747373,623,1.0,30,20.766666666666666
EF12_DENSE,EF12_DENSE_c1_t24,774,12,8,0.6666666666666666,dense,5.0,slip_1_3,11,3364,3803,3364,3803,3803,False,True,False,True,True,True,False,True,False,True,0.012958759809452935,1.0130430884083308,0.0113625477754411,79,1.0,2,39.5
EF12_DENSE,EF12_DENSE_c1_t25,775,12,8,0.6666666666666666,dense,-1.0,slip_3_1,11,2931,2636,2636,2636,2636,False,True,False,True,True,False,False,True,True,True,0.9364456503873964,2.5508985008611953,1.28396615437949,184,1.0,21,8.761904761904763
EF12_DENSE,EF12_DENSE_c1_t26,776,12,8,0.6666666666666666,dense,3.0,slip_2_3,11,3122,3302,3302,3302,3302,False,True,False,True,True,False,False,True,True,True,0.08665022900497021,1.0905151824233716,0.2556087133783702,167,1.0,5,33.4
EF12_DENSE,EF12_DENSE_c1_t27,777,12,8,0.6666666666666666,dense,1.0,no_slip,11,1358,1358,1358,1358,1358,False,True,False,True,True,False,False,False,False,False,0.004614303580854795,1.004624965872999,1.651013203146153,35,1.0,2,17.5
EF12_DENSE,EF12_DENSE_c1_t28,778,12,8,0.6666666666666666,dense,7.0,slip_3_3,11,881,881,881,881,881,False,True,False,True,True,False,False,False,False,False,0.0005650865956727813,1.0005652462871815,1.7671154082319713,18,1.0,8,2.25
EF12_DENSE,EF12_DENSE_c1_t29,779,12,8,0.6666666666666666,dense,5.0,no_slip,11,2800,2800,2800,2800,2800,False,True,False,True,True,False,False,False,False,False,6.0001071826576435e-05,1.0000600028719269,2.0828240379033813,10,0.8181818181818182,1,10.0
EF12_DENSE,EF12_DENSE_c1_t30,780,12,8,0.6666666666666666,dense,1.0,slip_3_3,11,3454,3454,3454,3454,3454,False,True,False,True,True,False,False,False,False,False,0.11456828653565942,1.1213892142340405,1.7841793541337587,118,1.0,23,5.130434782608695
EF12_DENSE,EF12_DENSE_c1_t31,781,12,8,0.6666666666666666,dense,1.0,no_slip,11,4054,4054,4054,4054,4054,False,True,False,True,True,False,False,False,False,False,0.05380865626509035,1.0552826611098571,1.321015317800562,67,1.0,4,16.75
EF12_DENSE,EF12_DENSE_c1_t32,782,12,8,0.6666666666666666,dense,-1.0,slip_2_3,11,2777,2737,2737,2737,2737,False,True,False,True,True,False,False,True,True,True,0.17668922939553688,1.193260205304323,0.4033439142419777,396,1.0,8,49.5
EF12_DENSE,EF12_DENSE_c1_t33,783,12,8,0.6666666666666666,dense,-1.0,slip_5_1,11,2407,2661,2661,2661,2661,False,True,False,True,True,False,False,True,True,True,0.21962075342222498,1.2456042498506747,0.3065014472819101,355,1.0,4,88.75
EF12_DENSE,EF12_DENSE_c1_t34,784,12,8,0.6666666666666666,dense,5.0,slip_2_1,11,332,292,292,332,292,False,True,False,True,True,False,True,True,True,False,0.6588870100699298,1.9326401279312995,0.6093296815370994,19,1.0,4,4.75
EF12_DENSE,EF12_DENSE_c1_t35,785,12,8,0.6666666666666666,dense,7.0,slip_4_1,11,2800,2800,2800,2800,2800,False,True,False,True,True,False,False,False,False,False,0.0001917744028618884,1.0001917927927482,8.086597849122938,11,1.0,8,1.375
EF12_DENSE,EF12_DENSE_c1_t36,786,12,8,0.6666666666666666,dense,-1.0,no_slip,11,1472,1472,1472,1472,1472,False,True,False,True,True,False,False,False,False,False,0.3562576163093141,1.4279753706280633,1.5211640226444665,35,1.0,3,11.666666666666666
EF12_DENSE,EF12_DENSE_c1_t37,787,12,8,0.6666666666666666,dense,-3.0,no_slip,11,319,319,319,319,319,False,True,False,True,True,False,False,False,False,False,0.08113942637969984,1.0845220970155411,0.8827415613351945,88,1.0,2,44.0
EF12_DENSE,EF12_DENSE_c1_t38,788,12,8,0.6666666666666666,dense,1.0,no_slip,11,2636,2636,2636,2636,2636,False,True,False,True,True,False,False,False,False,False,0.15159527089734226,1.1636891622394194,1.8682718606037962,38,1.0,1,38.0
EF12_DENSE,EF12_DENSE_c1_t39,789,12,8,0.6666666666666666,dense,-1.0,slip_3_1,11,2686,2686,2686,2686,2686,False,True,False,True,True,False,False,False,False,False,0.19969823223071081,1.2210342337816227,0.9359087645372348,93,1.0,3,31.0
EF12_DENSE,EF12_DENSE_c1_t40,790,12,8,0.6666666666666666,dense,7.0,no_slip,11,3284,3284,3284,3284,3284,False,True,False,True,True,False,False,False,False,False,0.0009643630240443457,1.000964828171577,2.0515965562008196,4,0.36363636363636365,1,4.0
EF12_DENSE,EF12_DENSE_c1_t41,791,12,8,0.6666666666666666,dense,-3.0,slip_5_3,11,2920,332,269,269,332,False,True,False,True,True,True,True,True,True,True,0.4288913050595511,1.535554118362598,0.06744376216274262,3442,1.0,16,215.125
EF12_DENSE,EF12_DENSE_c1_t42,792,12,8,0.6666666666666666,dense,1.0,no_slip,11,982,982,982,982,982,False,True,False,True,True,False,False,False,False,False,0.1394407439733918,1.149630681153455,0.271189670430779,213,1.0,1,213.0
EF12_DENSE,EF12_DENSE_c1_t43,793,12,8,0.6666666666666666,dense,-1.0,slip_5_1,11,3028,2965,2965,2965,2965,False,True,False,True,True,False,False,True,True,True,0.6585962896212685,1.932078351590098,0.26912179893389343,460,1.0,17,27.058823529411764
EF12_DENSE,EF12_DENSE_c1_t44,794,12,8,0.6666666666666666,dense,5.0,no_slip,11,3907,3907,3907,3907,3907,False,True,False,True,True,False,False,False,False,False,0.00381589894890233,1.0038231887607423,2.029843442881341,5,0.45454545454545453,1,5.0
EF12_DENSE,EF12_DENSE_c1_t45,795,12,8,0.6666666666666666,dense,-1.0,no_slip,11,731,3099,3099,3099,3099,False,True,False,True,True,False,False,True,True,True,0.00535951820726055,1.0053739061175724,1.026311672196691,140,1.0,7,20.0
EF12_DENSE,EF12_DENSE_c1_t46,796,12,8,0.6666666666666666,dense,3.0,no_slip,11,1499,973,973,973,973,False,True,False,True,True,False,False,True,True,True,0.13507000861263485,1.1446169145885672,1.1609372098177566,88,1.0,36,2.4444444444444446
EF12_DENSE,EF12_DENSE_c1_t47,797,12,8,0.6666666666666666,dense,-1.0,slip_3_3,11,1857,1623,1623,1623,1623,False,True,False,True,True,False,False,True,True,True,0.033919973112773505,1.0345018154552772,0.8540039283024239,402,1.0,7,57.42857142857143
EF12_DENSE,EF12_DENSE_c1_t48,798,12,8,0.6666666666666666,dense,1.0,slip_4_1,11,2623,2623,2623,2623,2623,False,True,False,True,True,False,False,False,False,False,0.281918417621025,1.3256705642166835,0.8733784086209457,123,1.0,8,15.375
EF12_DENSE,EF12_DENSE_c1_t49,799,12,8,0.6666666666666666,dense,-1.0,slip_4_1,11,856,3023,2958,2958,3023,False,True,False,True,True,True,True,True,True,True,0.7984015998882352,2.2219864651077335,0.1534648495976505,1660,1.0,22,75.45454545454545
EF12_DENSE,EF12_DENSE_c1_t50,800,12,8,0.6666666666666666,dense,5.0,slip_3_1,11,41,41,188,188,41,False,True,False,True,True,True,True,False,True,True,0.8118301489976574,2.252025760145252,0.5706025892571098,196,1.0,11,17.818181818181817
EF12_DENSE,EF12_DENSE_c1_t51,801,12,8,0.6666666666666666,dense,7.0,slip_2_1,11,3604,3604,3604,3604,3604,False,True,False,True,True,False,False,False,False,False,0.000716075969529939,1.0007163324131343,0.8497748817681021,42,1.0,17,2.4705882352941178
EF12_DENSE,EF12_DENSE_c1_t52,802,12,8,0.6666666666666666,dense,5.0,slip_4_3,11,874,874,874,874,874,False,True,False,True,True,False,False,False,False,False,0.22336440712883032,1.250276100256327,1.3614134964283835,102,1.0,24,4.25
EF12_DENSE,EF12_DENSE_c1_t53,803,12,8,0.6666666666666666,dense,3.0,slip_1_1,11,816,408,207,816,408,False,True,False,True,True,True,True,True,True,False,0.018039883378722976,1.0182035849791813,0.016341758065982148,230,1.0,5,46.0
EF12_DENSE,EF12_DENSE_c1_t54,804,12,8,0.6666666666666666,dense,7.0,slip_5_1,11,1980,1980,1980,1980,1980,False,True,False,True,True,False,False,False,False,False,0.0010225930784528714,1.001023116105021,4.133074379410422,11,1.0,10,1.1
EF12_DENSE,EF12_DENSE_c1_t55,805,12,8,0.6666666666666666,dense,-3.0,slip_2_3,11,2433,278,278,278,278,False,True,False,True,True,False,False,True,True,True,0.4560644415309234,1.5778520206901505,0.4511191814533184,313,1.0,10,31.3
EF12_DENSE,EF12_DENSE_c1_t56,806,12,8,0.6666666666666666,dense,7.0,no_slip,11,3505,3505,3505,3505,3505,False,True,False,True,True,False,False,False,False,False,0.003092327453362742,1.003097113630106,2.1038212803829763,4,0.36363636363636365,1,4.0
EF12_DENSE,EF12_DENSE_c1_t57,807,12,8,0.6666666666666666,dense,-3.0,slip_3_1,11,2795,3069,3069,3069,3069,False,True,False,True,True,False,False,True,True,True,0.07278823285582448,1.075502756650038,0.35112170371649754,722,1.0,7,103.14285714285714
EF12_DENSE,EF12_DENSE_c1_t58,808,12,8,0.6666666666666666,dense,-1.0,no_slip,11,1137,1137,1137,1137,1137,False,True,False,True,True,False,False,False,False,False,0.01923717914064582,1.0194234059137497,1.0966380387294823,37,1.0,2,18.5
EF12_DENSE,EF12_DENSE_c1_t59,809,12,8,0.6666666666666666,dense,3.0,slip_2_3,11,641,641,641,641,641,False,True,False,True,True,False,False,False,False,False,0.9402102210385976,2.56051963685227,1.8667500910048123,60,1.0,16,3.75
EF12_DENSE,EF12_DENSE_c1_t60,810,12,8,0.6666666666666666,dense,5.0,no_slip,11,835,835,835,835,835,False,True,False,True,True,False,False,False,False,False,0.0005880388354349009,1.0005882117641656,2.102328745770345,6,0.45454545454545453,1,6.0
EF12_DENSE,EF12_DENSE_c1_t61,811,12,8,0.6666666666666666,dense,-1.0,no_slip,11,4030,4030,4030,4030,4030,False,True,False,True,True,False,False,False,False,False,0.03423293286246931,1.0348256235513094,0.35850202705760204,713,1.0,9,79.22222222222223
EF12_DENSE,EF12_DENSE_c1_t62,812,12,8,0.6666666666666666,dense,5.0,no_slip,11,149,149,149,149,149,False,True,False,True,True,False,False,False,False,False,0.0001585159346850773,1.0001585284989998,2.0613892557619433,6,0.45454545454545453,1,6.0
EF12_DENSE,EF12_DENSE_c1_t63,813,12,8,0.6666666666666666,dense,5.0,slip_3_3,11,2712,2737,2737,2737,2737,False,True,False,True,True,False,False,True,True,True,0.02340460470189143,1.0236806417686102,0.5430276028463705,251,1.0,9,27.88888888888889
EF12_DENSE,EF12_DENSE_c1_t64,814,12,8,0.6666666666666666,dense,1.0,slip_1_1,11,973,357,357,357,357,False,True,False,True,True,False,False,True,True,True,0.08398381286656686,1.0876112883572877,1.925314464469869,20,0.7272727272727273,1,20.0
EF12_DENSE,EF12_DENSE_c1_t65,815,12,8,0.6666666666666666,dense,5.0,slip_3_1,11,2582,2582,2582,2582,2582,False,True,False,True,True,False,False,False,False,False,0.007321066802418841,1.007347931330968,4.372960388739735,11,1.0,6,1.8333333333333333
EF12_DENSE,EF12_DENSE_c1_t66,816,12,8,0.6666666666666666,dense,-1.0,slip_2_1,11,4095,3669,3604,3604,3669,False,True,False,True,True,True,True,True,True,True,0.32326035764752525,1.381625020722362,0.10658574894335793,590,1.0,6,98.33333333333333
EF12_DENSE,EF12_DENSE_c1_t67,817,12,8,0.6666666666666666,dense,-1.0,no_slip,11,2546,2546,2546,2546,2546,False,True,False,True,True,False,False,False,False,False,0.018038135777416642,1.018201805566821,1.9489084516657567,26,1.0,1,26.0
EF12_DENSE,EF12_DENSE_c1_t68,818,12,8,0.6666666666666666,dense,1.0,no_slip,11,2253,230,2188,2188,230,False,True,False,True,True,True,True,True,True,True,0.3438247607125948,1.410331468370092,0.09786327317847032,440,1.0,5,88.0
EF12_DENSE,EF12_DENSE_c1_t69,819,12,8,0.6666666666666666,dense,7.0,slip_1_3,11,597,597,253,426,597,False,True,False,True,True,True,True,False,True,True,0.02054690161427075,1.0207594423861275,0.020531945083024805,22,1.0,2,11.0
EF12_DENSE,EF12_DENSE_c1_t70,820,12,8,0.6666666666666666,dense,1.0,no_slip,11,2866,2931,2931,2931,2931,False,True,False,True,True,False,False,True,True,True,0.1825730965234822,1.2003018856419576,0.4909261639992337,301,1.0,5,60.2
EF12_DENSE,EF12_DENSE_c1_t71,821,12,8,0.6666666666666666,dense,7.0,no_slip,11,1383,1383,1383,1383,1383,False,True,False,True,True,False,False,False,False,False,0.00017243878452211786,1.000172453652944,2.1020590708619418,3,0.2727272727272727,1,3.0
EF12_DENSE,EF12_DENSE_c1_t72,822,12,8,0.6666666666666666,dense,5.0,no_slip,11,1091,1091,1091,1091,1091,False,True,False,True,True,False,False,False,False,False,1.789300029830798e-05,1.000017893160379,2.100484408503325,19,1.0,2,9.5
EF12_DENSE,EF12_DENSE_c1_t73,823,12,8,0.6666666666666666,dense,3.0,slip_5_3,11,1341,3391,3391,3391,3391,False,True,False,True,True,False,False,True,True,True,0.0004093034387571137,1.0004093872148392,2.069223302920191,21,1.0,2,10.5
EF12_DENSE,EF12_DENSE_c1_t74,824,12,8,0.6666666666666666,dense,3.0,no_slip,11,2691,2754,2754,2754,2754,False,True,False,True,True,False,False,True,True,True,0.28019600651035415,1.3233891798127253,1.0536263023229475,96,1.0,23,4.173913043478261
EF12_DENSE,EF12_DENSE_c1_t75,825,12,8,0.6666666666666666,dense,-1.0,no_slip,11,597,573,573,573,573,False,True,False,True,True,False,False,True,True,True,0.03244174376036035,1.0329737142268534,0.3047299815487623,768,1.0,12,64.0
EF12_DENSE,EF12_DENSE_c1_t76,826,12,8,0.6666666666666666,dense,7.0,slip_5_1,11,496,496,496,496,496,False,True,False,True,True,False,False,False,False,False,0.000736574595450179,1.0007368459331336,1.9447442679188987,11,1.0,10,1.1
EF12_DENSE,EF12_DENSE_c1_t77,827,12,8,0.6666666666666666,dense,7.0,slip_3_1,11,2253,2276,2276,2276,2276,False,True,False,True,True,False,False,True,True,True,0.00011566252970740543,1.0001156692188757,2.101478681369917,3,0.2727272727272727,1,3.0
EF12_DENSE,EF12_DENSE_c1_t78,828,12,8,0.6666666666666666,dense,7.0,slip_4_1,11,2472,2472,2472,2472,2472,False,True,False,True,True,False,False,False,False,False,0.0005906964048021379,1.0005908709002798,9.608848510553543,11,1.0,8,1.375
EF12_DENSE,EF12_DENSE_c1_t79,829,12,8,0.6666666666666666,dense,5.0,no_slip,11,2582,2582,2582,2582,2582,False,True,False,True,True,False,False,False,False,False,0.0015153388067572493,1.0015164875127598,1.9290911685842147,6,0.5454545454545454,1,6.0
EF12_DENSE,EF12_DENSE_c1_t80,830,12,8,0.6666666666666666,dense,3.0,slip_2_1,11,1448,1279,1279,1279,1279,False,True,False,True,True,False,False,True,True,True,0.12421324297671354,1.1322572911728574,1.6222896952504797,24,1.0,2,12.0
EF12_DENSE,EF12_DENSE_c1_t81,831,12,8,0.6666666666666666,dense,-3.0,slip_2_1,11,691,691,691,691,691,False,True,False,True,True,False,False,False,False,False,0.05995272062069823,1.061786344759283,0.9741677124754844,344,1.0,3,114.66666666666667
EF12_DENSE,EF12_DENSE_c1_t82,832,12,8,0.6666666666666666,dense,5.0,no_slip,11,3713,3713,3713,3713,3713,False,True,False,True,True,False,False,False,False,False,0.01120438359707876,1.0112673877908218,1.9803643595724774,6,0.36363636363636365,1,6.0
EF12_DENSE,EF12_DENSE_c1_t83,833,12,8,0.6666666666666666,dense,3.0,no_slip,11,1623,1882,1882,1882,1882,False,True,False,True,True,False,False,True,True,True,0.8931094347076858,2.442713312284393,1.3638908377805237,86,1.0,12,7.166666666666667
EF12_DENSE,EF12_DENSE_c1_t84,834,12,8,0.6666666666666666,dense,7.0,slip_5_1,11,2154,2154,2154,2154,2154,False,True,False,True,True,False,False,False,False,False,0.0003354685058800655,1.000335524781732,3.6930192930711234,11,1.0,10,1.1
EF12_DENSE,EF12_DENSE_c1_t85,835,12,8,0.6666666666666666,dense,7.0,no_slip,11,27,27,27,27,27,False,True,False,True,True,False,False,False,False,False,9.458382947080679e-06,1.0000094584276777,2.085651311950061,4,0.36363636363636365,1,4.0
EF12_DENSE,EF12_DENSE_c1_t86,836,12,8,0.6666666666666666,dense,5.0,no_slip,11,1459,1459,1459,1459,1459,False,True,False,True,True,False,False,False,False,False,9.450576412595169e-05,1.0000945102299363,2.0860902911499357,5,0.45454545454545453,1,5.0
EF12_DENSE,EF12_DENSE_c1_t87,837,12,8,0.6666666666666666,dense,1.0,slip_1_1,11,3302,3865,3302,3302,3865,False,True,False,True,True,True,True,True,False,False,0.003017844658810276,1.0030224029362402,0.0009291215747246895,2199,1.0,31,70.93548387096774
EF12_DENSE,EF12_DENSE_c1_t88,838,12,8,0.6666666666666666,dense,1.0,slip_4_3,11,2022,3817,3817,3817,3817,False,True,False,True,True,False,False,True,True,True,0.14735314657682075,1.1587631040057615,0.9685651140208034,154,1.0,24,6.416666666666667
EF12_DENSE,EF12_DENSE_c1_t89,839,12,8,0.6666666666666666,dense,1.0,slip_4_3,11,269,269,269,269,269,False,True,False,True,True,False,False,False,False,False,0.25625248231103015,1.2920789138300846,0.9169959577395037,64,1.0,13,4.923076923076923
EF12_DENSE,EF12_DENSE_c1_t90,840,12,8,0.6666666666666666,dense,1.0,no_slip,11,50,90,90,90,90,False,True,False,True,True,False,False,True,True,True,0.09729637211899878,1.1021869827113049,0.1441312995738553,430,1.0,7,61.42857142857143
EF12_DENSE,EF12_DENSE_c1_t91,841,12,8,0.6666666666666666,dense,-3.0,slip_2_3,11,3046,2319,2319,2319,2319,False,True,False,True,True,False,False,True,True,True,0.3561413719010105,1.4278093861236048,0.28594993560934157,867,1.0,29,29.896551724137932
EF12_DENSE,EF12_DENSE_c1_t92,842,12,8,0.6666666666666666,dense,7.0,slip_3_1,11,1549,1572,1572,1572,1572,False,True,False,True,True,False,False,True,True,True,0.0003233519278063035,1.0003234042116762,2.1020467129153353,5,0.36363636363636365,1,5.0
EF12_DENSE,EF12_DENSE_c1_t93,843,12,8,0.6666666666666666,dense,-3.0,slip_1_1,11,3865,269,269,269,269,False,True,False,True,True,False,False,True,True,True,0.5166936900845744,1.6764755285770612,0.10353971696629216,2818,1.0,29,97.17241379310344
EF12_DENSE,EF12_DENSE_c1_t94,844,12,8,0.6666666666666666,dense,3.0,slip_4_3,11,2843,2843,2843,2843,2843,False,True,False,True,True,False,False,False,False,False,0.013477928978565146,1.0135691656965524,3.1839999405738144,12,1.0,9,1.3333333333333333
EF12_DENSE,EF12_DENSE_c1_t95,845,12,8,0.6666666666666666,dense,-3.0,no_slip,11,1706,3803,3803,3803,3803,False,True,False,True,True,False,False,True,True,True,0.11943120647499228,1.1268557210234704,0.4455688745792621,895,1.0,5,179.0
EF12_DENSE,EF12_DENSE_c1_t96,846,12,8,0.6666666666666666,dense,1.0,slip_2_1,11,2319,2319,2983,2983,2319,False,True,False,True,True,True,True,False,True,True,0.8335655036701546,2.3015101712600576,0.0009754714698821942,4634,1.0,15,308.93333333333334
EF12_DENSE,EF12_DENSE_c1_t97,847,12,8,0.6666666666666666,dense,7.0,slip_4_3,11,3498,3498,3498,3498,3498,False,True,False,True,True,False,False,False,False,False,0.002410377323307955,1.0024132846181515,6.691137993292379,11,1.0,9,1.2222222222222223
EF12_DENSE,EF12_DENSE_c1_t98,848,12,8,0.6666666666666666,dense,1.0,no_slip,11,3415,3415,3415,3415,3415,False,True,False,True,True,False,False,False,False,False,0.016615000402525837,1.0167537971589247,1.429146600312551,48,1.0,4,12.0
EF12_DENSE,EF12_DENSE_c1_t99,849,12,8,0.6666666666666666,dense,1.0,slip_5_1,11,2958,973,2965,2965,973,False,True,False,True,True,True,True,True,True,True,0.5024629935515303,1.6527870655159669,0.21846235165428496,657,1.0,28,23.464285714285715
EF12_DENSE,EF12_DENSE_c1_t100,850,12,8,0.6666666666666666,dense,3.0,slip_1_3,11,1499,1842,1842,1842,1842,False,True,False,True,True,False,False,True,True,True,0.047624026883999804,1.0487762695078502,1.0138843422480548,54,1.0,2,27.0
EF12_DENSE,EF12_DENSE_c1_t101,851,12,8,0.6666666666666666,dense,3.0,no_slip,11,2931,2931,2931,2931,2931,False,True,False,True,True,False,False,False,False,False,0.0030746207671468184,1.0030793522615187,2.033956420678013,17,1.0,2,8.5
EF12_DENSE,EF12_DENSE_c1_t102,852,12,8,0.6666666666666666,dense,-3.0,slip_5_3,11,3991,230,230,230,230,False,True,False,True,True,False,False,True,True,True,0.1377496858165177,1.147688231673115,0.14534341317434318,2932,1.0,14,209.42857142857142
EF12_DENSE,EF12_DENSE_c1_t103,853,12,8,0.6666666666666666,dense,3.0,no_slip,11,1365,1365,1365,1365,1365,False,True,False,True,True,False,False,False,False,False,0.007540017268658161,1.0075685147777411,0.06311472375984017,113,1.0,2,56.5
EF12_DENSE,EF12_DENSE_c1_t104,854,12,8,0.6666666666666666,dense,1.0,slip_3_1,11,550,550,550,550,550,False,True,False,True,True,False,False,False,False,False,0.43158995395316424,1.5397036363129035,1.0202203967351178,117,1.0,8,14.625
EF12_DENSE,EF12_DENSE_c1_t105,855,12,8,0.6666666666666666,dense,-3.0,slip_3_1,11,3738,3980,3980,3980,3980,False,True,False,True,True,False,False,True,True,True,0.16585880811125442,1.1804064261441383,0.2544185676644517,1452,1.0,15,96.8
EF12_DENSE,EF12_DENSE_c1_t106,856,12,8,0.6666666666666666,dense,3.0,no_slip,11,2213,167,2213,2213,167,False,True,False,True,True,True,True,True,False,False,0.017594891995653228,1.0177505939536813,0.0001576403754697253,3248,1.0,7,464.0
EF12_DENSE,EF12_DENSE_c1_t107,857,12,8,0.6666666666666666,dense,-3.0,no_slip,11,3284,1472,1472,1472,1472,False,True,False,True,True,False,False,True,True,True,0.09777054217499348,1.102709730700541,0.2962568947201323,585,1.0,4,146.25
EF12_DENSE,EF12_DENSE_c1_t108,858,12,8,0.6666666666666666,dense,5.0,slip_3_3,11,450,450,450,450,450,False,True,False,True,True,False,False,False,False,False,0.06328377112813932,1.0653291059842331,5.091997495663183,23,1.0,8,2.875
EF12_DENSE,EF12_DENSE_c1_t109,859,12,8,0.6666666666666666,dense,3.0,no_slip,11,3023,3023,3023,3023,3023,False,True,False,True,True,False,False,False,False,False,0.00019020174233475018,1.000190219831833,2.5588636776648848,11,0.7272727272727273,1,11.0
EF12_DENSE,EF12_DENSE_c1_t110,860,12,8,0.6666666666666666,dense,-1.0,slip_4_1,11,2136,3415,3415,3415,3415,False,True,False,True,True,False,False,True,True,True,0.1552349923199312,1.167932384000665,0.6418658648725337,412,1.0,8,51.5
EF12_DENSE,EF12_DENSE_c1_t111,861,12,8,0.6666666666666666,dense,1.0,slip_2_1,11,1882,1295,1295,1295,1295,False,True,False,True,True,False,False,True,True,True,0.026379531845849513,1.026730551476784,0.0003750628929921618,2835,1.0,4,708.75
EF12_DENSE,EF12_DENSE_c1_t112,862,12,8,0.6666666666666666,dense,-3.0,no_slip,11,3953,3953,3953,3953,3953,False,True,False,True,True,False,False,False,False,False,0.2947105015497904,1.3427375819648457,0.2975745042140776,371,1.0,5,74.2
EF12_DENSE,EF12_DENSE_c1_t113,863,12,8,0.6666666666666666,dense,7.0,slip_2_1,11,41,188,188,188,188,False,True,False,True,True,False,False,True,True,True,0.0022759962669347544,1.0022785883125607,0.8658239555067393,22,1.0,2,11.0
EF12_DENSE,EF12_DENSE_c1_t114,864,12,8,0.6666666666666666,dense,7.0,slip_1_1,11,3888,3279,3279,3888,3279,False,True,False,True,True,False,True,True,True,False,3.267797995576416e-05,1.0000326785138867,3.2222832707873295e-05,243,1.0,5,48.6
EF12_DENSE,EF12_DENSE_c1_t115,865,12,8,0.6666666666666666,dense,5.0,slip_5_3,11,50,50,50,357,50,False,True,False,True,True,False,True,False,False,True,0.01826680110409651,1.0184346596371283,0.01804667731565157,46,1.0,2,23.0
EF12_DENSE,EF12_DENSE_c1_t116,866,12,8,0.6666666666666666,dense,1.0,no_slip,11,996,996,996,996,996,False,True,False,True,True,False,False,False,False,False,0.01124278651441557,1.0113062241544306,0.05929847577662173,214,1.0,3,71.33333333333333
EF12_DENSE,EF12_DENSE_c1_t117,867,12,8,0.6666666666666666,dense,5.0,slip_5_1,11,50,2777,2342,2342,2777,False,True,False,True,True,True,True,True,True,True,0.0002851350785153528,1.0002851757333857,0.0001841062511216407,367,1.0,3,122.33333333333333
EF12_DENSE,EF12_DENSE_c1_t118,868,12,8,0.6666666666666666,dense,-3.0,slip_1_3,11,382,104,104,104,104,False,True,False,True,True,False,False,True,True,True,0.06397142491960395,1.066061935520748,1.12019199554857,198,1.0,2,99.0
EF12_DENSE,EF12_DENSE_c1_t119,869,12,8,0.6666666666666666,dense,-1.0,slip_5_1,11,1023,3221,3221,3221,3221,False,True,False,True,True,False,False,True,True,True,0.38546124147316263,1.4702923248653756,0.08093688879815808,3799,1.0,47,80.82978723404256
EF12_DENSE,EF12_DENSE_c1_t120,870,12,8,0.6666666666666666,dense,5.0,no_slip,11,3738,3738,3738,3738,3738,False,True,False,True,True,False,False,False,False,False,0.009937252789165463,1.00998679124173,4.035043011715845,4,0.36363636363636365,1,4.0
EF12_DENSE,EF12_DENSE_c1_t121,871,12,8,0.6666666666666666,dense,7.0,slip_5_3,11,3341,3341,3341,3341,3341,False,True,False,True,True,False,False,False,False,False,0.0005480636294903363,1.0005482138438024,7.245087699096749,11,1.0,11,1.0
EF12_DENSE,EF12_DENSE_c1_t122,872,12,8,0.6666666666666666,dense,1.0,no_slip,11,2433,2433,2433,2433,2433,False,True,False,True,True,False,False,False,False,False,0.035774058434052236,1.0364216493040546,1.097632703323498,27,1.0,2,13.5
EF12_DENSE,EF12_DENSE_c1_t123,873,12,8,0.6666666666666666,dense,7.0,slip_1_3,11,2800,2213,2213,2213,2213,False,True,False,True,True,False,False,True,True,True,0.46580117431006496,1.5932901808342275,2.121068022651669,12,1.0,11,1.0909090909090908
EF12_DENSE,EF12_DENSE_c1_t124,874,12,8,0.6666666666666666,dense,-3.0,slip_1_3,11,167,319,319,319,319,False,True,False,True,True,False,False,True,True,True,0.5966722071281403,1.8160652445114653,0.37264529815182534,764,1.0,20,38.2
EF12_DENSE,EF12_DENSE_c1_t125,875,12,8,0.6666666666666666,dense,3.0,slip_4_1,11,2920,3046,3046,3046,3046,False,True,False,True,True,False,False,True,True,True,0.005136998875229892,1.0051502158761667,0.1371618395998997,127,1.0,4,31.75
EF12_DENSE,EF12_DENSE_c1_t126,876,12,8,0.6666666666666666,dense,1.0,slip_5_3,11,881,90,90,90,90,False,True,False,True,True,False,False,True,True,True,0.04288638003732537,1.0438192894040659,0.6309634096078085,107,1.0,3,35.666666666666664
EF12_DENSE,EF12_DENSE_c1_t127,877,12,8,0.6666666666666666,dense,-1.0,no_slip,11,3505,3505,3505,3505,3505,False,True,False,True,True,False,False,False,False,False,0.016453644618625418,1.0165897512881814,1.2167069098696253,32,1.0,1,32.0
EF12_DENSE,EF12_DENSE_c1_t128,878,12,8,0.6666666666666666,dense,-1.0,slip_2_3,11,1907,2022,2022,2022,2022,False,True,False,True,True,False,False,True,True,True,0.023977293824714252,1.0242670604391648,0.9844747121180646,52,1.0,3,17.333333333333332
EF12_DENSE,EF12_DENSE_c1_t129,879,12,8,0.6666666666666666,dense,-1.0,slip_2_3,11,615,982,982,982,982,False,True,False,True,True,False,False,True,True,True,0.16332190746753383,1.177415647579854,1.288764134184973,110,1.0,3,36.666666666666664
EF12_DENSE,EF12_DENSE_c1_t130,880,12,8,0.6666666666666666,dense,-3.0,slip_1_3,11,450,532,532,532,532,False,True,False,True,True,False,False,True,True,True,0.04196598482956304,1.042859005120645,0.68709955652659,146,1.0,3,48.666666666666664
EF12_DENSE,EF12_DENSE_c1_t131,881,12,8,0.6666666666666666,dense,1.0,no_slip,11,4068,3046,3046,3046,3046,False,True,False,True,True,False,False,True,True,True,0.12691362538581252,1.135318950809943,0.13035804045920152,1073,1.0,26,41.26923076923077
EF12_DENSE,EF12_DENSE_c1_t132,882,12,8,0.6666666666666666,dense,-1.0,slip_2_1,11,745,636,636,636,636,False,True,False,True,True,False,False,True,True,True,0.049797347915426116,1.051058075682164,0.971740648601692,70,1.0,2,35.0
EF12_DENSE,EF12_DENSE_c1_t133,883,12,8,0.6666666666666666,dense,7.0,slip_3_3,11,3687,3662,3662,3662,3662,False,True,False,True,True,False,False,True,True,True,8.01952148421492e-06,1.0000080195536407,2.0805423911486844,5,0.36363636363636365,1,5.0
EF12_DENSE,EF12_DENSE_c1_t134,884,12,8,0.6666666666666666,dense,-1.0,no_slip,11,1175,1730,1730,1730,1730,False,True,False,True,True,False,False,True,True,True,0.06603351971876137,1.0682625244252473,0.14871641937064695,506,1.0,6,84.33333333333333
EF12_DENSE,EF12_DENSE_c1_t135,885,12,8,0.6666666666666666,dense,5.0,no_slip,11,426,491,491,491,491,False,True,False,True,True,False,False,True,True,True,0.21346591723860087,1.237961304409289,1.1693972016725365,47,1.0,4,11.75
EF12_DENSE,EF12_DENSE_c1_t136,886,12,8,0.6666666666666666,dense,1.0,no_slip,11,2647,2647,2647,2647,2647,False,True,False,True,True,False,False,False,False,False,0.0022395254916531826,1.0022420351019627,0.24193134766485613,359,1.0,55,6.527272727272727
EF12_DENSE,EF12_DENSE_c1_t137,887,12,8,0.6666666666666666,dense,3.0,no_slip,11,816,816,408,615,816,False,True,False,True,True,True,True,False,True,True,0.5015639440125561,1.6513017958322482,0.4771314935920099,156,1.0,19,8.210526315789474
EF12_DENSE,EF12_DENSE_c1_t138,888,12,8,0.6666666666666666,dense,3.0,no_slip,11,2777,2777,2777,2777,2777,False,True,False,True,True,False,False,False,False,False,0.01015259889410558,1.010204311383482,0.9223988890837216,47,1.0,3,15.666666666666666
EF12_DENSE,EF12_DENSE_c1_t139,889,12,8,0.6666666666666666,dense,3.0,slip_5_3,11,3187,3122,3122,3122,3122,False,True,False,True,True,False,False,True,True,True,0.026019171573491207,1.0263606252329793,0.7326613427095534,24,1.0,2,12.0
EF12_DENSE,EF12_DENSE_c1_t140,890,12,8,0.6666666666666666,dense,-1.0,no_slip,11,2866,2931,2931,2931,2931,False,True,False,True,True,False,False,True,True,True,0.03356740339053843,1.0341371457270803,0.5648984765325906,73,1.0,2,36.5
EF12_DENSE,EF12_DENSE_c1_t141,891,12,8,0.6666666666666666,dense,5.0,no_slip,11,2965,2965,2965,2965,2965,False,True,False,True,True,False,False,False,False,False,2.3372381674491294e-05,1.0000233726548107,2.093526770616712,4,0.36363636363636365,1,4.0
EF12_DENSE,EF12_DENSE_c1_t142,892,12,8,0.6666666666666666,dense,3.0,no_slip,11,2161,2161,2161,2161,2161,False,True,False,True,True,False,False,False,False,False,0.01369145578198605,1.0137856129883764,1.9019426380459112,8,0.45454545454545453,1,8.0
EF12_DENSE,EF12_DENSE_c1_t143,893,12,8,0.6666666666666666,dense,3.0,no_slip,11,532,1572,1572,1572,1572,False,True,False,True,True,False,False,True,True,True,0.006694058135026992,1.0067165134198819,0.2681772270776701,140,1.0,15,9.333333333333334
EF12_DENSE,EF12_DENSE_c1_t144,894,12,8,0.6666666666666666,dense,-3.0,no_slip,11,2004,1792,811,811,1792,False,True,False,True,True,True,True,True,True,True,1.029994085961679,2.8010492691373776,0.05011280039507682,5302,1.0,26,203.92307692307693
EF12_DENSE,EF12_DENSE_c1_t145,895,12,8,0.6666666666666666,dense,7.0,no_slip,11,3522,3522,3522,3522,3522,False,True,False,True,True,False,False,False,False,False,1.3255280584267837e-06,1.0000013255289368,2.0977049040616826,5,0.36363636363636365,1,5.0
EF12_DENSE,EF12_DENSE_c1_t146,896,12,8,0.6666666666666666,dense,-1.0,slip_2_3,11,919,319,319,319,319,False,True,False,True,True,False,False,True,True,True,0.3861415787098519,1.471292959828817,0.7987273846365373,258,1.0,9,28.666666666666668
EF12_DENSE,EF12_DENSE_c1_t147,897,12,8,0.6666666666666666,dense,7.0,slip_1_1,11,0,680,0,0,680,False,True,False,True,True,True,True,True,False,False,0.04944769431423257,1.0506906336833908,0.04887391436258426,37,1.0,2,18.5
EF12_DENSE,EF12_DENSE_c1_t148,898,12,8,0.6666666666666666,dense,1.0,slip_3_1,11,387,408,408,408,408,False,True,False,True,True,False,False,True,True,True,0.9908872305310972,2.69362327729311,1.0404535568175355,64,1.0,10,6.4
EF12_DENSE,EF12_DENSE_c1_t149,899,12,8,0.6666666666666666,dense,5.0,slip_2_1,11,1112,1112,1112,1112,1112,False,True,False,True,True,False,False,False,False,False,0.006255550008869903,1.00627515682431,3.3363322188047757,11,1.0,4,2.75
EF12_SPARSE,EF12_SPARSE_c0_t0,900,12,8,0.6666666666666666,sparse,-3.0,no_slip,11,2520,2554,2554,2554,2554,False,True,False,True,True,False,False,True,True,True,0.2311711394236191,1.2600748694841857,0.25297831453503505,804,1.0,13,61.84615384615385
EF12_SPARSE,EF12_SPARSE_c0_t1,901,12,8,0.6666666666666666,sparse,5.0,slip_2_3,11,3321,3245,3245,3245,3245,False,True,False,True,True,False,False,True,True,True,0.24092693958725597,1.2724280677923279,1.233353627690212,147,1.0,52,2.826923076923077
EF12_SPARSE,EF12_SPARSE_c0_t2,902,12,8,0.6666666666666666,sparse,5.0,slip_2_3,11,3818,3818,3722,3818,3818,False,True,False,True,True,True,False,False,True,False,0.5041440471855019,1.6555678258674251,0.5016830397903833,61,1.0,8,7.625
EF12_SPARSE,EF12_SPARSE_c0_t3,903,12,8,0.6666666666666666,sparse,3.0,slip_3_1,11,2296,2200,2200,2200,2200,False,True,False,True,True,False,False,True,True,True,0.1501499189374922,1.1620084367406593,0.04007365384159378,688,1.0,24,28.666666666666668
EF12_SPARSE,EF12_SPARSE_c0_t4,904,12,8,0.6666666666666666,sparse,-1.0,no_slip,11,202,202,202,202,202,False,True,False,True,True,False,False,False,False,False,0.04889307416000932,1.0501080610502918,1.041628665735935,57,1.0,2,28.5
EF12_SPARSE,EF12_SPARSE_c0_t5,905,12,8,0.6666666666666666,sparse,5.0,no_slip,11,232,232,232,232,232,False,True,False,True,True,False,False,False,False,False,0.006575699255686018,1.0065973666327188,2.103990542114051,4,0.36363636363636365,1,4.0
EF12_SPARSE,EF12_SPARSE_c0_t6,906,12,8,0.6666666666666666,sparse,-1.0,slip_3_3,11,66,220,220,220,220,False,True,False,True,True,False,False,True,True,True,0.2970621866531733,1.3458989937996686,1.4655203540277437,60,1.0,2,30.0
EF12_SPARSE,EF12_SPARSE_c0_t7,907,12,8,0.6666666666666666,sparse,1.0,slip_5_3,11,3513,3579,3579,3579,3579,False,True,False,True,True,False,False,True,True,True,0.022713816613016746,1.0229737395623872,1.290084335976342,106,1.0,2,53.0
EF12_SPARSE,EF12_SPARSE_c0_t8,908,12,8,0.6666666666666666,sparse,3.0,no_slip,11,3545,3545,3545,3545,3545,False,True,False,True,True,False,False,False,False,False,0.0020998764836388517,1.0021020827683003,2.9370917373062184,8,0.5454545454545454,1,8.0
EF12_SPARSE,EF12_SPARSE_c0_t9,909,12,8,0.6666666666666666,sparse,7.0,slip_4_1,11,3109,3141,3109,3141,3141,False,True,False,True,True,True,False,True,False,True,0.006468726196079189,1.0064896935917778,0.006370669841071042,59,1.0,4,14.75
EF12_SPARSE,EF12_SPARSE_c0_t10,910,12,8,0.6666666666666666,sparse,7.0,no_slip,11,3123,3123,3123,3123,3123,False,True,False,True,True,False,False,False,False,False,0.00010892616077606831,1.0001089320934458,2.099788278438236,4,0.36363636363636365,1,4.0
EF12_SPARSE,EF12_SPARSE_c0_t11,911,12,8,0.6666666666666666,sparse,-1.0,slip_3_1,11,4072,4028,4028,4028,4028,False,True,False,True,True,False,False,True,True,True,0.11190295188943544,1.1184043163523718,0.8502933416834111,128,1.0,1,128.0
EF12_SPARSE,EF12_SPARSE_c0_t12,912,12,8,0.6666666666666666,sparse,1.0,no_slip,11,2699,2160,2266,2266,2160,False,True,False,True,True,True,True,True,True,True,0.6075678933715825,1.8359607121745072,0.11875456549024577,2269,1.0,61,37.19672131147541
EF12_SPARSE,EF12_SPARSE_c0_t13,913,12,8,0.6666666666666666,sparse,1.0,no_slip,11,3818,3818,3818,3818,3818,False,True,False,True,True,False,False,False,False,False,0.45462930883326536,1.5755892177628004,1.2208729891272494,124,1.0,30,4.133333333333334
EF12_SPARSE,EF12_SPARSE_c0_t14,914,12,8,0.6666666666666666,sparse,5.0,slip_2_3,11,2883,2883,2883,2883,2883,False,True,False,True,True,False,False,False,False,False,0.01473668426009489,1.0148458045564568,0.3665074914710065,42,1.0,6,7.0
EF12_SPARSE,EF12_SPARSE_c0_t15,915,12,8,0.6666666666666666,sparse,-1.0,slip_5_1,11,1786,202,719,719,202,False,True,False,True,True,True,True,True,True,True,0.7480620351233913,2.1129013177866747,0.06269432732427838,1195,1.0,13,91.92307692307692
EF12_SPARSE,EF12_SPARSE_c0_t16,916,12,8,0.6666666666666666,sparse,-3.0,slip_2_1,11,1904,394,394,394,394,False,True,False,True,True,False,False,True,True,True,0.09102286986826869,1.0952940542027663,0.5675003905591964,614,1.0,2,307.0
EF12_SPARSE,EF12_SPARSE_c0_t17,917,12,8,0.6666666666666666,sparse,-3.0,no_slip,11,2478,2322,2322,2322,2322,False,True,False,True,True,False,False,True,True,True,0.5101603466562672,1.6655582402300442,0.2227860754695854,675,1.0,21,32.142857142857146
EF12_SPARSE,EF12_SPARSE_c0_t18,918,12,8,0.6666666666666666,sparse,1.0,slip_2_1,11,3998,3740,3740,3740,3740,False,True,False,True,True,False,False,True,True,True,0.3783995058854792,1.4599460834368128,1.0228170246221957,173,1.0,27,6.407407407407407
EF12_SPARSE,EF12_SPARSE_c0_t19,919,12,8,0.6666666666666666,sparse,3.0,no_slip,11,52,52,52,52,52,False,True,False,True,True,False,False,False,False,False,0.04956601762295332,1.0508149622309477,4.596031722021526,6,0.45454545454545453,1,6.0
EF12_SPARSE,EF12_SPARSE_c0_t20,920,12,8,0.6666666666666666,sparse,3.0,slip_3_3,11,2116,2116,2116,2116,2116,False,True,False,True,True,False,False,False,False,False,0.04428021755277278,1.0452752183174416,1.0876649938551868,78,1.0,11,7.090909090909091
EF12_SPARSE,EF12_SPARSE_c0_t21,921,12,8,0.6666666666666666,sparse,-1.0,slip_2_3,11,1710,3752,3752,3752,3752,False,True,False,True,True,False,False,True,True,True,0.016396578392265937,1.016531740002578,0.5097120850351082,275,1.0,8,34.375
EF12_SPARSE,EF12_SPARSE_c0_t22,922,12,8,0.6666666666666666,sparse,-3.0,slip_1_1,11,3089,3225,3225,3225,3225,False,True,False,True,True,False,False,True,True,True,0.2062629557459772,1.2290763541959295,0.10358078033730678,2863,1.0,1,2863.0
EF12_SPARSE,EF12_SPARSE_c0_t23,923,12,8,0.6666666666666666,sparse,-1.0,no_slip,11,531,531,531,531,531,False,True,False,True,True,False,False,False,False,False,0.007225009085473744,1.0072511724358086,1.2046310146292232,180,1.0,8,22.5
EF12_SPARSE,EF12_SPARSE_c0_t24,924,12,8,0.6666666666666666,sparse,3.0,no_slip,11,188,188,188,188,188,False,True,False,True,True,False,False,False,False,False,8.985601537148113e-05,1.000089860052544,4.594958553388814,5,0.36363636363636365,1,5.0
EF12_SPARSE,EF12_SPARSE_c0_t25,925,12,8,0.6666666666666666,sparse,5.0,no_slip,11,3586,3586,3586,3586,3586,False,True,False,True,True,False,False,False,False,False,0.03853081525099977,1.0392827536234608,1.2496134389063442,24,1.0,2,12.0
EF12_SPARSE,EF12_SPARSE_c0_t26,926,12,8,0.6666666666666666,sparse,-1.0,no_slip,11,667,667,667,667,667,False,True,False,True,True,False,False,False,False,False,0.006966808574327743,1.0069911332408046,1.7478041435324787,14,0.7272727272727273,1,14.0
EF12_SPARSE,EF12_SPARSE_c0_t27,927,12,8,0.6666666666666666,sparse,-3.0,slip_4_3,11,2296,3225,2200,2200,3225,False,True,False,True,True,True,True,True,True,True,0.7985072464469276,2.2222212227316827,0.0196582017914686,5840,1.0,23,253.91304347826087
EF12_SPARSE,EF12_SPARSE_c0_t28,928,12,8,0.6666666666666666,sparse,3.0,slip_3_1,11,3740,3740,3740,3740,3740,False,True,False,True,True,False,False,False,False,False,0.06139705959456876,1.0633210321965871,1.4300564033397567,122,1.0,14,8.714285714285714
EF12_SPARSE,EF12_SPARSE_c0_t29,929,12,8,0.6666666666666666,sparse,7.0,slip_2_3,11,3367,3367,3367,3367,3367,False,True,False,True,True,False,False,False,False,False,0.0003367298482030989,1.0003367865480624,0.00025644486729436977,114,1.0,6,19.0
EF12_SPARSE,EF12_SPARSE_c0_t30,930,12,8,0.6666666666666666,sparse,-1.0,slip_5_1,11,2234,3259,3259,3259,3259,False,True,False,True,True,False,False,True,True,True,0.023487154163111867,1.0237651495420375,0.19475335874463084,642,1.0,7,91.71428571428571
EF12_SPARSE,EF12_SPARSE_c0_t31,931,12,8,0.6666666666666666,sparse,7.0,no_slip,11,3784,3784,3784,3784,3784,False,True,False,True,True,False,False,False,False,False,1.6684372372566258e-07,1.0000001668437377,4.643178270317512,4,0.36363636363636365,1,4.0
EF12_SPARSE,EF12_SPARSE_c0_t32,932,12,8,0.6666666666666666,sparse,-3.0,no_slip,11,1335,446,446,446,446,False,True,False,True,True,False,False,True,True,True,0.27026493882117464,1.3103115571495574,0.3127260231641511,1265,1.0,9,140.55555555555554
EF12_SPARSE,EF12_SPARSE_c0_t33,933,12,8,0.6666666666666666,sparse,7.0,slip_2_3,11,3123,3175,3123,3123,3175,False,True,False,True,True,True,True,True,False,False,0.49665885105677443,1.6432218396938736,0.49664320391280636,22,1.0,6,3.6666666666666665
EF12_SPARSE,EF12_SPARSE_c0_t34,934,12,8,0.6666666666666666,sparse,1.0,slip_5_3,11,583,583,583,583,583,False,True,False,True,True,False,False,False,False,False,0.020426779159080866,1.0206368336199303,0.36430915635530425,117,1.0,4,29.25
EF12_SPARSE,EF12_SPARSE_c0_t35,935,12,8,0.6666666666666666,sparse,-3.0,slip_5_3,11,921,763,763,763,763,False,True,False,True,True,False,False,True,True,True,0.32293634207887045,1.3811774252234759,0.06322028073592101,2147,1.0,15,143.13333333333333
EF12_SPARSE,EF12_SPARSE_c0_t36,936,12,8,0.6666666666666666,sparse,-3.0,slip_3_3,11,551,66,66,66,66,False,True,False,True,True,False,False,True,True,True,0.08346949546815807,1.0870520547730882,0.35296465858412773,394,1.0,4,98.5
EF12_SPARSE,EF12_SPARSE_c0_t37,937,12,8,0.6666666666666666,sparse,1.0,slip_5_3,11,1017,987,987,987,987,False,True,False,True,True,False,False,True,True,True,0.014021705698265663,1.0141204708925453,0.977378398322017,22,1.0,2,11.0
EF12_SPARSE,EF12_SPARSE_c0_t38,938,12,8,0.6666666666666666,sparse,-1.0,slip_5_3,11,4094,4060,4060,4060,4060,False,True,False,True,True,False,False,True,True,True,0.030213529017327545,1.0306745893908271,1.3144413808809006,93,1.0,2,46.5
EF12_SPARSE,EF12_SPARSE_c0_t39,939,12,8,0.6666666666666666,sparse,-3.0,slip_3_1,11,1742,1650,1650,1650,1650,False,True,False,True,True,False,False,True,True,True,0.07686206144769159,1.0798931072266822,1.1410385920707284,132,1.0,2,66.0
EF12_SPARSE,EF12_SPARSE_c0_t40,940,12,8,0.6666666666666666,sparse,-3.0,no_slip,11,170,170,170,170,170,False,True,False,True,True,False,False,False,False,False,0.04150260944227924,1.0423758818676216,1.0155398267956883,106,1.0,1,106.0
EF12_SPARSE,EF12_SPARSE_c0_t41,941,12,8,0.6666666666666666,sparse,5.0,slip_1_3,11,2677,2266,2266,2458,2266,False,True,False,True,True,False,True,True,True,True,0.003445396804110601,1.0034513390061344,0.0033544739857944705,201,1.0,3,67.0
EF12_SPARSE,EF12_SPARSE_c0_t42,942,12,8,0.6666666666666666,sparse,-1.0,slip_1_3,11,851,851,627,627,851,False,True,False,True,True,True,True,False,True,True,0.5920754432215851,1.8077363789238083,0.3302711408148262,368,1.0,18,20.444444444444443
EF12_SPARSE,EF12_SPARSE_c0_t43,943,12,8,0.6666666666666666,sparse,-3.0,no_slip,11,1554,1554,1554,1554,1554,False,True,False,True,True,False,False,False,False,False,0.1938124346377066,1.2138685819021442,0.1913997767910196,1165,1.0,4,291.25
EF12_SPARSE,EF12_SPARSE_c0_t44,944,12,8,0.6666666666666666,sparse,-1.0,slip_5_3,11,941,687,687,687,687,False,True,False,True,True,False,False,True,True,True,0.21650453285504234,1.2417287139173343,1.2225046744590298,109,1.0,2,54.5
EF12_SPARSE,EF12_SPARSE_c0_t45,945,12,8,0.6666666666666666,sparse,1.0,slip_2_1,11,2987,2813,2813,2813,2813,False,True,False,True,True,False,False,True,True,True,0.0820724325913087,1.085534435054086,0.09708194935568493,950,1.0,9,105.55555555555556
EF12_SPARSE,EF12_SPARSE_c0_t46,946,12,8,0.6666666666666666,sparse,5.0,no_slip,11,2352,2352,2352,2352,2352,False,True,False,True,True,False,False,False,False,False,0.01593446443926183,1.0160620950249575,2.0342222130837424,5,0.36363636363636365,1,5.0
EF12_SPARSE,EF12_SPARSE_c0_t47,947,12,8,0.6666666666666666,sparse,-3.0,slip_3_3,11,1860,1860,1860,1860,1860,False,True,False,True,True,False,False,False,False,False,0.7320879422677287,2.079417782493483,0.28286724955891884,2743,1.0,99,27.707070707070706
EF12_SPARSE,EF12_SPARSE_c0_t48,948,12,8,0.6666666666666666,sparse,-1.0,no_slip,11,1449,1449,1449,1449,1449,False,True,False,True,True,False,False,False,False,False,0.1425769572317499,1.1532418278410774,1.9586939276245623,35,1.0,1,35.0
EF12_SPARSE,EF12_SPARSE_c0_t49,949,12,8,0.6666666666666666,sparse,-3.0,slip_5_3,11,1616,3700,3700,3700,3700,False,True,False,True,True,False,False,True,True,True,0.32320585081012965,1.3815497147643792,0.4641141069906283,363,1.0,5,72.6
EF12_SPARSE,EF12_SPARSE_c0_t50,950,12,8,0.6666666666666666,sparse,5.0,no_slip,11,2581,2581,2581,2581,2581,False,True,False,True,True,False,False,False,False,False,0.0031997571144941617,1.0032048818017505,5.054791512255152,4,0.36363636363636365,1,4.0
EF12_SPARSE,EF12_SPARSE_c0_t51,951,12,8,0.6666666666666666,sparse,1.0,slip_4_3,11,837,1616,1616,1616,1616,False,True,False,True,True,False,False,True,True,True,0.11311251878423612,1.1197579196602763,0.8671061768047927,418,1.0,46,9.08695652173913
EF12_SPARSE,EF12_SPARSE_c0_t52,952,12,8,0.6666666666666666,sparse,5.0,no_slip,11,763,763,763,763,763,False,True,False,True,True,False,False,False,False,False,0.0026682668689907985,1.0026718298613329,3.0506504818678444,6,0.45454545454545453,1,6.0
EF12_SPARSE,EF12_SPARSE_c0_t53,953,12,8,0.6666666666666666,sparse,-3.0,no_slip,11,653,687,687,687,687,False,True,False,True,True,False,False,True,True,True,0.16280475133050132,1.1768068972749157,0.10871580649246937,2266,1.0,11,206.0
EF12_SPARSE,EF12_SPARSE_c0_t54,954,12,8,0.6666666666666666,sparse,7.0,slip_4_1,11,2200,2200,2200,2200,2200,False,True,False,True,True,False,False,False,False,False,5.295553999973279e-05,1.000052956942169,9.47525285475467,11,1.0,8,1.375
EF12_SPARSE,EF12_SPARSE_c0_t55,955,12,8,0.6666666666666666,sparse,5.0,slip_5_1,11,1842,1842,1842,1894,1842,False,True,False,True,True,False,True,False,False,True,0.0825478130010282,1.0860505995361076,0.08247162307057287,68,1.0,5,13.6
EF12_SPARSE,EF12_SPARSE_c0_t56,956,12,8,0.6666666666666666,sparse,5.0,no_slip,11,1161,1161,1161,1161,1161,False,True,False,True,True,False,False,False,False,False,0.008395832472304576,1.0084311763181817,2.106291051957765,18,1.0,2,9.0
EF12_SPARSE,EF12_SPARSE_c0_t57,957,12,8,0.6666666666666666,sparse,1.0,slip_5_1,11,2234,2150,2150,2150,2150,False,True,False,True,True,False,False,True,True,True,0.548468587838979,1.730600724513207,0.4060463090296089,420,1.0,28,15.0
EF12_SPARSE,EF12_SPARSE_c0_t58,958,12,8,0.6666666666666666,sparse,-1.0,no_slip,11,785,785,785,785,785,False,True,False,True,True,False,False,False,False,False,0.03697420908887672,1.0376662581348022,0.7675864819399614,104,1.0,1,104.0
EF12_SPARSE,EF12_SPARSE_c0_t59,959,12,8,0.6666666666666666,sparse,7.0,no_slip,11,3005,3005,3005,3005,3005,False,True,False,True,True,False,False,False,False,False,0.0011749532584159894,1.0011756437864152,2.0924185694431072,3,0.2727272727272727,1,3.0
EF12_SPARSE,EF12_SPARSE_c0_t60,960,12,8,0.6666666666666666,sparse,-1.0,no_slip,11,394,2444,2444,2444,2444,False,True,False,True,True,False,False,True,True,True,0.22153204060990994,1.247987233852312,0.6506830111331396,259,1.0,6,43.166666666666664
EF12_SPARSE,EF12_SPARSE_c0_t61,961,12,8,0.6666666666666666,sparse,5.0,slip_5_1,11,424,394,394,394,394,False,True,False,True,True,False,False,True,True,True,0.0005714243501202532,1.0005715876441161,3.9852327603041102,6,0.45454545454545453,1,6.0
EF12_SPARSE,EF12_SPARSE_c0_t62,962,12,8,0.6666666666666666,sparse,-1.0,slip_4_3,11,478,1301,1503,1503,1301,False,True,False,True,True,True,True,True,True,True,0.5370500566355769,1.7109521982801175,0.26776786054322343,703,1.0,29,24.24137931034483
EF12_SPARSE,EF12_SPARSE_c0_t63,963,12,8,0.6666666666666666,sparse,5.0,no_slip,11,1091,1091,1091,1091,1091,False,True,False,True,True,False,False,False,False,False,0.0004200488198136121,1.0004201370526726,4.509339253728211,16,1.0,2,8.0
EF12_SPARSE,EF12_SPARSE_c0_t64,964,12,8,0.6666666666666666,sparse,1.0,slip_4_1,11,921,2717,2717,2717,2717,False,True,False,True,True,False,False,True,True,True,0.2395907466415519,1.2707289937823767,0.37850457509552093,160,1.0,5,32.0
EF12_SPARSE,EF12_SPARSE_c0_t65,965,12,8,0.6666666666666666,sparse,3.0,no_slip,11,1183,1183,1183,1183,1183,False,True,False,True,True,False,False,False,False,False,0.005039918891587725,1.005052640646029,3.1623025902688866,6,0.45454545454545453,1,6.0
EF12_SPARSE,EF12_SPARSE_c0_t66,966,12,8,0.6666666666666666,sparse,-3.0,no_slip,11,1860,1996,1944,1944,1996,False,True,False,True,True,True,True,True,True,True,1.0960681442229756,2.9923772674425635,0.05962407903868261,4395,1.0,46,95.54347826086956
EF12_SPARSE,EF12_SPARSE_c0_t67,967,12,8,0.6666666666666666,sparse,5.0,slip_1_3,11,3670,3321,3321,3670,3321,False,True,False,True,True,False,True,True,True,False,0.0927302179281071,1.097165699701658,0.0927177398874619,184,1.0,41,4.487804878048781
EF12_SPARSE,EF12_SPARSE_c0_t68,968,12,8,0.6666666666666666,sparse,5.0,slip_1_3,11,1257,1449,1257,1257,1449,False,True,False,True,True,True,True,True,False,False,0.006795921941953331,1.0068190666195755,0.0062853943352818575,61,1.0,3,20.333333333333332
EF12_SPARSE,EF12_SPARSE_c0_t69,969,12,8,0.6666666666666666,sparse,-1.0,slip_5_3,11,1636,1121,1121,1121,1121,False,True,False,True,True,False,False,True,True,True,0.0033914847063982734,1.0033972422977429,0.5602813357898135,279,1.0,10,27.9
EF12_SPARSE,EF12_SPARSE_c0_t70,970,12,8,0.6666666666666666,sparse,-1.0,slip_5_1,11,1345,2352,2352,2352,2352,False,True,False,True,True,False,False,True,True,True,0.05946272279407516,1.061266199203516,0.49299364568363835,480,1.0,6,80.0
EF12_SPARSE,EF12_SPARSE_c0_t71,971,12,8,0.6666666666666666,sparse,1.0,no_slip,11,1690,3722,3722,3722,3722,False,True,False,True,True,False,False,True,True,True,0.01630668364122201,1.0164403632420893,0.6460383295823764,55,1.0,3,18.333333333333332
EF12_SPARSE,EF12_SPARSE_c0_t72,972,12,8,0.6666666666666666,sparse,-1.0,slip_4_1,11,2342,2098,2342,2342,2098,False,True,False,True,True,True,True,True,False,False,0.8552365165040641,2.351930585196335,0.3939226033103935,374,1.0,25,14.96
EF12_SPARSE,EF12_SPARSE_c0_t73,973,12,8,0.6666666666666666,sparse,-1.0,slip_4_1,11,1978,508,508,508,508,False,True,False,True,True,False,False,True,True,True,0.1343781333179237,1.143825256319434,0.05417922499049865,2480,1.0,17,145.88235294117646
EF12_SPARSE,EF12_SPARSE_c0_t74,974,12,8,0.6666666666666666,sparse,7.0,slip_5_3,11,1894,1842,1842,1842,1842,False,True,False,True,True,False,False,True,True,True,0.0007802910258769558,1.0007805955321154,0.0006044505269966471,48,1.0,5,9.6
EF12_SPARSE,EF12_SPARSE_c0_t75,975,12,8,0.6666666666666666,sparse,3.0,slip_4_3,11,3277,1227,1227,1227,1227,False,True,False,True,True,False,False,True,True,True,0.0017294565834262698,1.0017309529559761,2.6147398450957233,20,1.0,1,20.0
EF12_SPARSE,EF12_SPARSE_c0_t76,976,12,8,0.6666666666666666,sparse,-3.0,slip_3_3,11,3399,3443,3443,3443,3443,False,True,False,True,True,False,False,True,True,True,0.5455199189140298,1.7255052720284707,0.5469331910495807,407,1.0,11,37.0
EF12_SPARSE,EF12_SPARSE_c0_t77,977,12,8,0.6666666666666666,sparse,5.0,no_slip,11,1283,1283,1283,1283,1283,False,True,False,True,True,False,False,False,False,False,0.0029313900979452967,1.0029356908232396,2.096623558121074,5,0.36363636363636365,1,5.0
EF12_SPARSE,EF12_SPARSE_c0_t78,978,12,8,0.6666666666666666,sparse,7.0,no_slip,11,4094,4094,4094,4094,4094,False,True,False,True,True,False,False,False,False,False,2.7729245379859435e-05,1.000027729629839,2.0915036547649546,4,0.36363636363636365,1,4.0
EF12_SPARSE,EF12_SPARSE_c0_t79,979,12,8,0.6666666666666666,sparse,7.0,slip_1_3,11,3648,3648,3648,3648,3648,False,True,False,True,True,False,False,False,False,False,0.3361518745981513,1.3995515650023207,8.432564026668187,29,1.0,5,5.8
EF12_SPARSE,EF12_SPARSE_c0_t80,980,12,8,0.6666666666666666,sparse,-1.0,no_slip,11,1007,1007,1007,1007,1007,False,True,False,True,True,False,False,False,False,False,0.005039447296828925,1.005052166668583,0.004299255702413518,2310,1.0,4,577.5
EF12_SPARSE,EF12_SPARSE_c0_t81,981,12,8,0.6666666666666666,sparse,3.0,no_slip,11,1195,1195,1195,1195,1195,False,True,False,True,True,False,False,False,False,False,0.0009148052079250846,1.0009152237698338,0.021757675935443643,305,1.0,4,76.25
EF12_SPARSE,EF12_SPARSE_c0_t82,982,12,8,0.6666666666666666,sparse,-1.0,no_slip,11,551,561,561,561,561,False,True,False,True,True,False,False,True,True,True,0.24225755874995158,1.27412231190935,0.23942866332025936,128,1.0,4,32.0
EF12_SPARSE,EF12_SPARSE_c0_t83,983,12,8,0.6666666666666666,sparse,7.0,slip_2_1,11,1257,1257,1257,1257,1257,False,True,False,True,True,False,False,False,False,False,0.00012913790802526748,1.000129146246684,5.612851802734786,11,1.0,4,2.75
EF12_SPARSE,EF12_SPARSE_c0_t84,984,12,8,0.6666666666666666,sparse,5.0,no_slip,11,220,220,220,220,220,False,True,False,True,True,False,False,False,False,False,0.004853163931228366,1.0048649596056942,5.358373866051261,4,0.36363636363636365,1,4.0
EF12_SPARSE,EF12_SPARSE_c0_t85,985,12,8,0.6666666666666666,sparse,-3.0,slip_4_3,11,2190,1161,1161,1161,1161,False,True,False,True,True,False,False,True,True,True,0.10171524943935673,1.1070681885541724,0.38925747791038745,1131,1.0,10,113.1
EF12_SPARSE,EF12_SPARSE_c0_t86,986,12,8,0.6666666666666666,sparse,7.0,no_slip,11,687,687,687,687,687,False,True,False,True,True,False,False,False,False,False,3.362159194386649e-07,1.000000336215976,8.696095912921717,3,0.2727272727272727,1,3.0
EF12_SPARSE,EF12_SPARSE_c0_t87,987,12,8,0.6666666666666666,sparse,3.0,no_slip,11,342,342,342,342,342,False,True,False,True,True,False,False,False,False,False,0.4647899617590454,1.5916798401415329,0.5973313682896126,89,1.0,3,29.666666666666668
EF12_SPARSE,EF12_SPARSE_c0_t88,988,12,8,0.6666666666666666,sparse,5.0,no_slip,11,3806,3806,3806,3806,3806,False,True,False,True,True,False,False,False,False,False,0.00015263904334616996,1.0001526506932776,1.0716960621013083,38,1.0,3,12.666666666666666
EF12_SPARSE,EF12_SPARSE_c0_t89,989,12,8,0.6666666666666666,sparse,7.0,no_slip,11,1650,1650,1650,1650,1650,False,True,False,True,True,False,False,False,False,False,1.4438834792795952e-05,1.0000144389390333,2.1016822157575277,4,0.36363636363636365,1,4.0
EF12_SPARSE,EF12_SPARSE_c0_t90,990,12,8,0.6666666666666666,sparse,5.0,slip_4_3,11,2458,2458,2458,2869,2458,False,True,False,True,True,False,True,False,False,True,0.006369608836607199,1.0063899379348535,0.006353776553474688,78,1.0,2,39.0
EF12_SPARSE,EF12_SPARSE_c0_t91,991,12,8,0.6666666666666666,sparse,7.0,no_slip,11,1515,1481,1481,1481,1481,False,True,False,True,True,False,False,True,True,True,0.0005827643787803538,1.0005829342189316,0.9016351957613669,11,1.0,11,1.0
EF12_SPARSE,EF12_SPARSE_c0_t92,992,12,8,0.6666666666666666,sparse,-3.0,no_slip,11,3399,3333,3333,3333,3333,False,True,False,True,True,False,False,True,True,True,0.2573350410195516,1.2934784224988192,0.12017364751849158,3099,1.0,71,43.647887323943664
EF12_SPARSE,EF12_SPARSE_c0_t93,993,12,8,0.6666666666666666,sparse,1.0,slip_2_3,11,1335,1335,1335,1335,1335,False,True,False,True,True,False,False,False,False,False,0.04020747180681994,1.0410267354864329,1.461912142421161,218,1.0,17,12.823529411764707
EF12_SPARSE,EF12_SPARSE_c0_t94,994,12,8,0.6666666666666666,sparse,-3.0,no_slip,11,2418,2322,2322,2322,2322,False,True,False,True,True,False,False,True,True,True,0.12794837569808593,1.1364943304561774,0.8424678971220327,133,1.0,1,133.0
EF12_SPARSE,EF12_SPARSE_c0_t95,995,12,8,0.6666666666666666,sparse,7.0,slip_2_3,11,697,561,561,921,561,False,True,False,True,True,False,True,True,True,True,0.03233717926561486,1.0328657074992729,0.0323295909628607,92,1.0,4,23.0
EF12_SPARSE,EF12_SPARSE_c0_t96,996,12,8,0.6666666666666666,sparse,3.0,no_slip,11,1195,1195,1195,1195,1195,False,True,False,True,True,False,False,False,False,False,0.00237141172232036,1.0023742257430597,0.5309679273440739,87,1.0,5,17.4
EF12_SPARSE,EF12_SPARSE_c0_t97,997,12,8,0.6666666666666666,sparse,7.0,slip_3_3,11,1606,1606,1606,1798,1606,False,True,False,True,True,False,True,False,False,True,0.00015186542765244226,1.0001518769597904,0.00011521702408590073,111,1.0,3,37.0
EF12_SPARSE,EF12_SPARSE_c0_t98,998,12,8,0.6666666666666666,sparse,3.0,slip_3_3,11,1227,3291,3291,3291,3291,False,True,False,True,True,False,False,True,True,True,0.1716580376087986,1.187271761496668,1.4600251530537989,99,1.0,25,3.96
EF12_SPARSE,EF12_SPARSE_c0_t99,999,12,8,0.6666666666666666,sparse,1.0,no_slip,11,2869,2677,2677,2677,2677,False,True,False,True,True,False,False,True,True,True,0.18785441819863458,1.2066578351407236,0.23731063141701014,250,1.0,5,50.0
EF12_SPARSE,EF12_SPARSE_c0_t100,1000,12,8,0.6666666666666666,sparse,1.0,slip_2_3,11,1786,1720,1690,2010,1720,False,True,False,True,True,True,True,True,True,True,1.102240719853027,3.0109050657308085,0.11366520330554408,638,1.0,11,58.0
EF12_SPARSE,EF12_SPARSE_c0_t101,1001,12,8,0.6666666666666666,sparse,7.0,slip_3_3,11,837,837,837,837,837,False,True,False,True,True,False,False,False,False,False,2.879094572527663e-05,1.0000287913601886,3.1091114489503244,31,1.0,19,1.631578947368421
EF12_SPARSE,EF12_SPARSE_c0_t102,1002,12,8,0.6666666666666666,sparse,7.0,slip_3_3,11,96,96,96,96,96,False,True,False,True,True,False,False,False,False,False,0.031345304456925405,1.031841741930021,1.393099620049771,33,1.0,9,3.6666666666666665
EF12_SPARSE,EF12_SPARSE_c0_t103,1003,12,8,0.6666666666666666,sparse,7.0,no_slip,11,1944,1944,1944,1944,1944,False,True,False,True,True,False,False,False,False,False,1.2363040848839546e-05,1.0000123631172715,2.1019248331901657,3,0.2727272727272727,1,3.0
EF12_SPARSE,EF12_SPARSE_c0_t104,1004,12,8,0.6666666666666666,sparse,1.0,no_slip,11,3333,3141,3141,3141,3141,False,True,False,True,True,False,False,True,True,True,0.11035034643966135,1.1166692230219817,0.7544101633601326,268,1.0,5,53.6
EF12_SPARSE,EF12_SPARSE_c0_t105,1005,12,8,0.6666666666666666,sparse,-1.0,slip_2_3,11,1279,1059,1059,1059,1059,False,True,False,True,True,False,False,True,True,True,0.1011580528767606,1.1064515057876643,0.011715975987650395,4211,1.0,13,323.9230769230769
EF12_SPARSE,EF12_SPARSE_c0_t106,1006,12,8,0.6666666666666666,sparse,-3.0,slip_5_1,11,1379,1397,372,372,1397,False,True,False,True,True,True,True,True,True,True,0.42853052065927244,1.5350002143168868,0.13567383968832125,2192,1.0,14,156.57142857142858
EF12_SPARSE,EF12_SPARSE_c0_t107,1007,12,8,0.6666666666666666,sparse,-3.0,slip_5_1,11,3906,3906,3906,3906,3906,False,True,False,True,True,False,False,False,False,False,0.8481514914654316,2.335325989558171,0.6768914606762824,740,1.0,43,17.209302325581394
EF12_SPARSE,EF12_SPARSE_c0_t108,1008,12,8,0.6666666666666666,sparse,1.0,no_slip,11,3175,2286,3175,3175,2286,False,True,False,True,True,True,True,True,False,False,1.1269389017670104,3.086194880344234,0.33254780341085244,418,1.0,14,29.857142857142858
EF12_SPARSE,EF12_SPARSE_c0_t109,1009,12,8,0.6666666666666666,sparse,7.0,no_slip,11,1279,1279,1279,1279,1279,False,True,False,True,True,False,False,False,False,False,0.005660694364733487,1.005676746369283,2.10734377478558,5,0.36363636363636365,1,5.0
EF12_SPARSE,EF12_SPARSE_c0_t110,1010,12,8,0.6666666666666666,sparse,1.0,slip_4_1,11,3670,3682,3682,3682,3682,False,True,False,True,True,False,False,True,True,True,0.3445870536412645,1.4114069639447666,2.788952765936619,53,1.0,13,4.076923076923077
EF12_SPARSE,EF12_SPARSE_c0_t111,1011,12,8,0.6666666666666666,sparse,1.0,no_slip,11,3604,1109,1109,1109,1109,False,True,False,True,True,False,False,True,True,True,0.25927339481655487,1.2959880728197513,1.4880334223531495,112,1.0,3,37.333333333333336
EF12_SPARSE,EF12_SPARSE_c0_t112,1012,12,8,0.6666666666666666,sparse,5.0,no_slip,11,3443,3443,3443,3443,3443,False,True,False,True,True,False,False,False,False,False,0.029793540764761595,1.030241809058754,3.685812768179165,6,0.36363636363636365,1,6.0
EF12_SPARSE,EF12_SPARSE_c0_t113,1013,12,8,0.6666666666666666,sparse,-1.0,slip_2_1,11,583,2593,2593,2593,2593,False,True,False,True,True,False,False,True,True,True,0.010007931712797458,1.0100581785437766,1.4448183338741227,103,1.0,4,25.75
EF12_SPARSE,EF12_SPARSE_c0_t114,1014,12,8,0.6666666666666666,sparse,7.0,slip_2_1,11,1742,1742,1742,1742,1742,False,True,False,True,True,False,False,False,False,False,2.376651965851906e-05,1.0000237668020844,5.224495417804276,11,1.0,4,2.75
EF12_SPARSE,EF12_SPARSE_c0_t115,1015,12,8,0.6666666666666666,sparse,-3.0,slip_1_3,11,2418,3049,3049,3049,3049,False,True,False,True,True,False,False,True,True,True,0.22164098158438073,1.248123198203605,0.18876676192740582,1267,1.0,15,84.46666666666667
EF12_SPARSE,EF12_SPARSE_c0_t116,1016,12,8,0.6666666666666666,sparse,7.0,no_slip,11,3670,3670,3670,3670,3670,False,True,False,True,True,False,False,False,False,False,0.0001867840614213634,1.0001868015066504,2.102088383719508,5,0.45454545454545453,1,5.0
EF12_SPARSE,EF12_SPARSE_c0_t117,1017,12,8,0.6666666666666666,sparse,7.0,slip_3_1,11,2717,2717,2717,2717,2717,False,True,False,True,True,False,False,False,False,False,4.267730084350774e-05,1.0000426782115324,8.056683925269946,11,1.0,6,1.8333333333333333
EF12_SPARSE,EF12_SPARSE_c0_t118,1018,12,8,0.6666666666666666,sparse,5.0,no_slip,11,3958,3958,3958,3958,3958,False,True,False,True,True,False,False,False,False,False,3.834098595234536e-05,1.0000383417209773,2.1019193399593803,5,0.45454545454545453,1,5.0
EF12_SPARSE,EF12_SPARSE_c0_t119,1019,12,8,0.6666666666666666,sparse,7.0,no_slip,11,3616,3616,3616,3616,3616,False,True,False,True,True,False,False,False,False,False,4.672779899905777e-06,1.0000046727908174,2.004915870703445,5,0.45454545454545453,1,5.0
EF12_SPARSE,EF12_SPARSE_c0_t120,1020,12,8,0.6666666666666666,sparse,-3.0,no_slip,11,4072,2953,3976,3976,2953,False,True,False,True,True,True,True,True,True,True,0.9017170337815585,2.4638299605711813,0.014480795392422863,6413,1.0,8,801.625
EF12_SPARSE,EF12_SPARSE_c0_t121,1021,12,8,0.6666666666666666,sparse,1.0,no_slip,11,1894,1574,1574,1574,1574,False,True,False,True,True,False,False,True,True,True,0.059282393738216754,1.0610748393261908,0.351679274645047,456,1.0,5,91.2
EF12_SPARSE,EF12_SPARSE_c0_t122,1022,12,8,0.6666666666666666,sparse,7.0,slip_1_1,11,3818,3818,3818,3818,3818,False,True,False,True,True,False,False,False,False,False,2.627327587489958e-06,1.000002627331039,5.801317800688421,11,1.0,2,5.5
EF12_SPARSE,EF12_SPARSE_c0_t123,1023,12,8,0.6666666666666666,sparse,-1.0,slip_1_1,11,955,456,456,456,456,False,True,False,True,True,False,False,True,True,True,0.6240723928973555,1.8665137627348798,2.3728600090910543,57,1.0,6,9.5
EF12_SPARSE,EF12_SPARSE_c0_t124,1024,12,8,0.6666666666666666,sparse,5.0,slip_2_3,11,4094,4010,4010,4094,4010,False,True,False,True,True,False,True,True,True,False,0.005192269404800776,1.005205772596207,0.004941389465116686,97,1.0,5,19.4
EF12_SPARSE,EF12_SPARSE_c0_t125,1025,12,8,0.6666666666666666,sparse,5.0,slip_4_3,11,2150,2084,2084,2084,2084,False,True,False,True,True,False,False,True,True,True,0.05415344244040554,1.055646570714353,1.4820675907355572,80,1.0,13,6.153846153846154
EF12_SPARSE,EF12_SPARSE_c0_t126,1026,12,8,0.6666666666666666,sparse,-3.0,slip_5_3,11,1515,2030,2030,2030,2030,False,True,False,True,True,False,False,True,True,True,0.033951809368890196,1.0345347506442908,0.30488085616212857,340,1.0,4,85.0
EF12_SPARSE,EF12_SPARSE_c0_t127,1027,12,8,0.6666666666666666,sparse,5.0,no_slip,11,1964,1710,1710,1710,1710,False,True,False,True,True,False,False,True,True,True,0.3170643668526498,1.3730909506239926,0.42131849416019485,32,1.0,2,16.0
EF12_SPARSE,EF12_SPARSE_c0_t128,1028,12,8,0.6666666666666666,sparse,1.0,slip_5_3,11,2901,3399,3399,3399,3399,False,True,False,True,True,False,False,True,True,True,0.020971583941026495,1.0211930329437846,1.3635424131495455,36,1.0,2,18.0
EF12_SPARSE,EF12_SPARSE_c0_t129,1029,12,8,0.6666666666666666,sparse,3.0,slip_4_1,11,412,412,412,412,412,False,True,False,True,True,False,False,False,False,False,0.07723535665988912,1.080296301403841,0.8735639825698467,61,1.0,10,6.1
EF12_SPARSE,EF12_SPARSE_c0_t130,1030,12,8,0.6666666666666666,sparse,-3.0,slip_3_1,11,2520,2510,2510,2510,2510,False,True,False,True,True,False,False,True,True,True,0.8786314095436296,2.407602428913664,1.2282446413340473,234,1.0,28,8.357142857142858
EF12_SPARSE,EF12_SPARSE_c0_t131,1031,12,8,0.6666666666666666,sparse,-1.0,slip_3_1,11,3155,2130,2130,2130,2130,False,True,False,True,True,False,False,True,True,True,0.392845233555029,1.4811891332126679,0.4436960441051525,359,1.0,30,11.966666666666667
EF12_SPARSE,EF12_SPARSE_c0_t132,1032,12,8,0.6666666666666666,sparse,1.0,no_slip,11,3503,3503,3503,3503,3503,False,True,False,True,True,False,False,False,False,False,0.020695131361124552,1.0209107605145178,0.4291920851883759,75,1.0,2,37.5
EF12_SPARSE,EF12_SPARSE_c0_t133,1033,12,8,0.6666666666666666,sparse,1.0,no_slip,11,1143,1143,1143,1143,1143,False,True,False,True,True,False,False,False,False,False,0.02789817498176994,1.0282909733433052,1.6841278587228992,33,1.0,1,33.0
EF12_SPARSE,EF12_SPARSE_c0_t134,1034,12,8,0.6666666666666666,sparse,7.0,no_slip,11,412,412,412,412,412,False,True,False,True,True,False,False,False,False,False,2.2717548237238816e-05,1.0000227178062826,10.251104647843555,14,1.0,2,7.0
EF12_SPARSE,EF12_SPARSE_c0_t135,1035,12,8,0.6666666666666666,sparse,5.0,no_slip,11,719,719,719,719,719,False,True,False,True,True,False,False,False,False,False,0.00033594584416718476,1.0003360022802918,0.7228264150833184,19,1.0,2,9.5
EF12_SPARSE,EF12_SPARSE_c0_t136,1036,12,8,0.6666666666666666,sparse,-3.0,no_slip,11,52,1636,1636,1636,1636,False,True,False,True,True,False,False,True,True,True,0.3618990196405374,1.4360539213971704,0.5194593261651921,833,1.0,2,416.5
EF12_SPARSE,EF12_SPARSE_c0_t137,1037,12,8,0.6666666666666666,sparse,-1.0,slip_5_3,11,911,2190,2190,2190,2190,False,True,False,True,True,False,False,True,True,True,0.02776277829282847,1.0281517555752713,1.571967018233071,180,1.0,8,22.5
EF12_SPARSE,EF12_SPARSE_c0_t138,1038,12,8,0.6666666666666666,sparse,7.0,no_slip,11,1978,1978,1978,1978,1978,False,True,False,True,True,False,False,False,False,False,0.0001822894895964211,1.000182306105335,2.1020966750427985,4,0.36363636363636365,1,4.0
EF12_SPARSE,EF12_SPARSE_c0_t139,1039,12,8,0.6666666666666666,sparse,7.0,slip_2_3,11,3670,3836,3836,3836,3836,False,True,False,True,True,False,False,True,True,True,3.45581702348996e-05,1.0000345587673753,2.0966582540746392,3,0.2727272727272727,1,3.0
EF12_SPARSE,EF12_SPARSE_c0_t140,1040,12,8,0.6666666666666666,sparse,-1.0,slip_5_3,11,2116,2116,2116,2116,2116,False,True,False,True,True,False,False,False,False,False,0.41032110982752457,1.507301716805395,0.4992604293662879,349,1.0,16,21.8125
EF12_SPARSE,EF12_SPARSE_c0_t141,1041,12,8,0.6666666666666666,sparse,7.0,slip_5_1,11,2054,2054,2054,2054,2054,False,True,False,True,True,False,False,False,False,False,0.4764227132528589,1.6103035687686014,3.161484089221153,12,1.0,10,1.2
EF12_SPARSE,EF12_SPARSE_c0_t142,1042,12,8,0.6666666666666666,sparse,-3.0,no_slip,11,1828,1227,22,22,1227,False,True,False,True,True,True,True,True,True,True,0.9624696818020553,2.6181545040338907,0.07276447111256346,5851,1.0,90,65.0111111111111
EF12_SPARSE,EF12_SPARSE_c0_t143,1043,12,8,0.6666666666666666,sparse,3.0,slip_5_1,11,2130,2130,2130,2130,2130,False,True,False,True,True,False,False,False,False,False,0.7640553044734091,2.1469651879155442,1.194734247615484,55,1.0,14,3.9285714285714284
EF12_SPARSE,EF12_SPARSE_c0_t144,1044,12,8,0.6666666666666666,sparse,-3.0,slip_4_1,11,2478,2478,2510,2510,2478,False,True,False,True,True,True,True,False,True,True,0.957664033447795,2.6056027579454417,0.05143937014475952,2582,1.0,29,89.03448275862068
EF12_SPARSE,EF12_SPARSE_c0_t145,1045,12,8,0.6666666666666666,sparse,3.0,slip_4_3,11,3079,3175,3175,3175,3175,False,True,False,True,True,False,False,True,True,True,0.010741626833329576,1.0107995252287945,0.35557512715246986,65,1.0,8,8.125
EF12_SPARSE,EF12_SPARSE_c0_t146,1046,12,8,0.6666666666666666,sparse,5.0,no_slip,11,478,478,478,478,478,False,True,False,True,True,False,False,False,False,False,6.981697486185823e-05,1.0000698194121236,2.5040342475337667,9,0.7272727272727273,1,9.0
EF12_SPARSE,EF12_SPARSE_c0_t147,1047,12,8,0.6666666666666666,sparse,7.0,slip_1_1,11,1934,1934,1934,1934,1934,False,True,False,True,True,False,False,False,False,False,4.895213033284662e-05,1.000048953328508,9.387458597114072,11,1.0,2,5.5
EF12_SPARSE,EF12_SPARSE_c0_t148,1048,12,8,0.6666666666666666,sparse,-1.0,slip_1_1,11,2540,22,22,22,22,False,True,False,True,True,False,False,True,True,True,0.22293301665606613,1.2497368593784028,0.33365961869242433,2800,1.0,18,155.55555555555554
EF12_SPARSE,EF12_SPARSE_c0_t149,1049,12,8,0.6666666666666666,sparse,1.0,slip_1_3,11,3089,2384,2064,2064,2384,False,True,False,True,True,True,True,True,True,True,0.6277024585510702,1.8733016430088218,0.3834373805515501,306,1.0,18,17.0
EF12_SPARSE,EF12_SPARSE_c1_t0,1050,12,8,0.6666666666666666,sparse,-1.0,no_slip,11,1285,1285,1285,1285,1285,False,True,False,True,True,False,False,False,False,False,0.10658962541305961,1.1124776282446613,0.7202370168549024,166,1.0,3,55.333333333333336
EF12_SPARSE,EF12_SPARSE_c1_t1,1051,12,8,0.6666666666666666,sparse,-3.0,no_slip,11,1558,3632,3632,3632,3632,False,True,False,True,True,False,False,True,True,True,0.3522947430732124,1.422327683175824,0.2577467188651994,842,1.0,50,16.84
EF12_SPARSE,EF12_SPARSE_c1_t2,1052,12,8,0.6666666666666666,sparse,3.0,slip_3_1,11,2058,2058,2058,2741,2058,False,True,False,True,True,False,True,False,False,True,0.27635528403373577,1.318316157515959,0.26490486838246774,104,1.0,16,6.5
EF12_SPARSE,EF12_SPARSE_c1_t3,1053,12,8,0.6666666666666666,sparse,5.0,slip_4_3,11,1687,1735,1687,1735,1735,False,True,False,True,True,True,False,True,False,True,0.09984795169429361,1.1050028914844412,0.052247219276134516,174,1.0,29,6.0
EF12_SPARSE,EF12_SPARSE_c1_t4,1054,12,8,0.6666666666666666,sparse,-3.0,slip_3_1,11,337,1412,1412,1412,1412,False,True,False,True,True,False,False,True,True,True,0.2702864624718284,1.3103397601412756,0.1603689356989726,2249,1.0,10,224.9
EF12_SPARSE,EF12_SPARSE_c1_t5,1055,12,8,0.6666666666666666,sparse,1.0,slip_2_3,11,986,986,986,986,986,False,True,False,True,True,False,False,False,False,False,0.5892486405327162,1.8026334807083237,0.7866556747519553,284,1.0,22,12.909090909090908
EF12_SPARSE,EF12_SPARSE_c1_t6,1056,12,8,0.6666666666666666,sparse,1.0,slip_3_3,11,3399,3550,3550,3550,3550,False,True,False,True,True,False,False,True,True,True,0.02711714332466819,1.0274881590928948,1.7612681362806661,13,0.6363636363636364,1,13.0
EF12_SPARSE,EF12_SPARSE_c1_t7,1057,12,8,0.6666666666666666,sparse,-1.0,slip_2_3,11,3363,1100,3142,3142,1100,False,True,False,True,True,True,True,True,True,True,0.8268154449551623,2.286027156887,0.4877351947405444,378,1.0,34,11.117647058823529
EF12_SPARSE,EF12_SPARSE_c1_t8,1058,12,8,0.6666666666666666,sparse,7.0,slip_3_1,11,2941,2941,2813,2813,2941,False,True,False,True,True,True,True,False,True,True,0.33531089704850725,1.398375068329568,0.33531068015613563,22,1.0,3,7.333333333333333
EF12_SPARSE,EF12_SPARSE_c1_t9,1059,12,8,0.6666666666666666,sparse,1.0,no_slip,11,679,2769,2769,2897,2769,False,True,False,True,True,False,True,True,True,True,0.8198848815068658,2.2702384760565057,0.32127157762772285,281,1.0,17,16.529411764705884
EF12_SPARSE,EF12_SPARSE_c1_t10,1060,12,8,0.6666666666666666,sparse,1.0,slip_5_1,11,3869,3086,3086,3086,3086,False,True,False,True,True,False,False,True,True,True,0.3476821320683765,1.4157821464645886,0.5826826032820129,250,1.0,7,35.714285714285715
EF12_SPARSE,EF12_SPARSE_c1_t11,1061,12,8,0.6666666666666666,sparse,-1.0,slip_1_3,11,1144,1249,1249,1249,1249,False,True,False,True,True,False,False,True,True,True,0.0434329751441922,1.0443899918774882,0.5876400038886107,289,1.0,4,72.25
EF12_SPARSE,EF12_SPARSE_c1_t12,1062,12,8,0.6666666666666666,sparse,1.0,slip_1_3,11,173,301,173,173,301,False,True,False,True,True,True,True,True,False,False,0.18088608812144535,1.1982786733438102,0.17365637242035703,101,1.0,5,20.2
EF12_SPARSE,EF12_SPARSE_c1_t13,1063,12,8,0.6666666666666666,sparse,1.0,slip_3_3,11,3753,3588,3588,3588,3588,False,True,False,True,True,False,False,True,True,True,0.1430492944155599,1.1537866755040673,0.67260887004627,104,1.0,18,5.777777777777778
EF12_SPARSE,EF12_SPARSE_c1_t14,1064,12,8,0.6666666666666666,sparse,-3.0,no_slip,11,2034,630,630,630,630,False,True,False,True,True,False,False,True,True,True,0.16257044546660637,1.1765311968185903,0.5586951998920267,518,1.0,4,129.5
EF12_SPARSE,EF12_SPARSE_c1_t15,1065,12,8,0.6666666666666666,sparse,1.0,no_slip,11,3550,3550,3550,3550,3550,False,True,False,True,True,False,False,False,False,False,0.05080418707357559,1.0521168550310616,2.1005715054656537,16,1.0,1,16.0
EF12_SPARSE,EF12_SPARSE_c1_t16,1066,12,8,0.6666666666666666,sparse,5.0,slip_1_1,11,3704,3704,3704,3704,3704,False,True,False,True,True,False,False,False,False,False,0.010427710250445976,1.0104822682945658,3.931520494372574,22,1.0,13,1.6923076923076923
EF12_SPARSE,EF12_SPARSE_c1_t17,1067,12,8,0.6666666666666666,sparse,3.0,slip_3_1,11,2138,2138,2138,2138,2138,False,True,False,True,True,False,False,False,False,False,0.513574400463499,1.6712542634134617,0.9864773059781857,225,1.0,23,9.782608695652174
EF12_SPARSE,EF12_SPARSE_c1_t18,1068,12,8,0.6666666666666666,sparse,-1.0,slip_5_1,11,4008,3562,3562,3562,3562,False,True,False,True,True,False,False,True,True,True,0.023540186417299935,1.0238194435553312,0.0006528185227274719,6054,1.0,8,756.75
EF12_SPARSE,EF12_SPARSE_c1_t19,1069,12,8,0.6666666666666666,sparse,3.0,slip_3_1,11,181,602,602,602,602,False,True,False,True,True,False,False,True,True,True,0.15533846981787391,1.1680532449746153,0.5659145066141029,195,1.0,14,13.928571428571429
EF12_SPARSE,EF12_SPARSE_c1_t20,1070,12,8,0.6666666666666666,sparse,7.0,no_slip,11,578,578,578,578,578,False,True,False,True,True,False,False,False,False,False,0.0027503241523110233,1.0027541097635395,10.203891500001422,4,0.36363636363636365,1,4.0
EF12_SPARSE,EF12_SPARSE_c1_t21,1071,12,8,0.6666666666666666,sparse,1.0,slip_3_1,11,1237,1237,1237,1237,1237,False,True,False,True,True,False,False,False,False,False,0.024116653726789394,1.0244098121431071,0.5592703638177436,125,1.0,4,31.25
EF12_SPARSE,EF12_SPARSE_c1_t22,1072,12,8,0.6666666666666666,sparse,-1.0,no_slip,11,2897,2897,2897,2897,2897,False,True,False,True,True,False,False,False,False,False,0.03044046628795627,1.030908514411199,0.026838883866435737,1161,1.0,7,165.85714285714286
EF12_SPARSE,EF12_SPARSE_c1_t23,1073,12,8,0.6666666666666666,sparse,7.0,no_slip,11,3094,3094,3094,3094,3094,False,True,False,True,True,False,False,False,False,False,0.0004913242991841926,1.0004914450187377,10.324743618644776,4,0.36363636363636365,1,4.0
EF12_SPARSE,EF12_SPARSE_c1_t24,1074,12,8,0.6666666666666666,sparse,1.0,no_slip,11,958,958,958,958,958,False,True,False,True,True,False,False,False,False,False,0.17701256529311848,1.1936460915459288,3.3649399468177297,20,1.0,2,10.0
EF12_SPARSE,EF12_SPARSE_c1_t25,1075,12,8,0.6666666666666666,sparse,5.0,no_slip,11,3094,3094,3094,3094,3094,False,True,False,True,True,False,False,False,False,False,6.24586093138646e-05,1.0000624605598933,4.260419360966388,5,0.45454545454545453,1,5.0
EF12_SPARSE,EF12_SPARSE_c1_t26,1076,12,8,0.6666666666666666,sparse,7.0,slip_1_1,11,2917,2917,2917,2917,2917,False,True,False,True,True,False,False,False,False,False,0.008992598000230778,1.0090331528830607,4.71584662925746,16,1.0,3,5.333333333333333
EF12_SPARSE,EF12_SPARSE_c1_t27,1077,12,8,0.6666666666666666,sparse,-1.0,no_slip,11,3753,3833,3833,3833,3833,False,True,False,True,True,False,False,True,True,True,0.009257674236028635,1.0093006590462192,0.31135441832412525,279,1.0,4,69.75
EF12_SPARSE,EF12_SPARSE_c1_t28,1078,12,8,0.6666666666666666,sparse,1.0,slip_1_1,11,530,914,914,914,914,False,True,False,True,True,False,False,True,True,True,0.5462138752694639,1.7267031129549206,0.00555028209433317,2515,1.0,15,167.66666666666666
EF12_SPARSE,EF12_SPARSE_c1_t29,1079,12,8,0.6666666666666666,sparse,3.0,no_slip,11,2640,2640,2640,2640,2640,False,True,False,True,True,False,False,False,False,False,0.005662547551391839,1.0056786100777388,2.484670434807051,24,1.0,2,12.0
EF12_SPARSE,EF12_SPARSE_c1_t30,1080,12,8,0.6666666666666666,sparse,3.0,no_slip,11,1954,1954,1954,1954,1954,False,True,False,True,True,False,False,False,False,False,0.002206163919147741,1.0022085992893794,1.6566523643553275,109,1.0,27,4.037037037037037
EF12_SPARSE,EF12_SPARSE_c1_t31,1081,12,8,0.6666666666666666,sparse,-1.0,no_slip,11,2612,52,52,52,52,False,True,False,True,True,False,False,True,True,True,0.08061571651707311,1.0839542707981709,0.6224282719750445,901,1.0,37,24.35135135135135
EF12_SPARSE,EF12_SPARSE_c1_t32,1082,12,8,0.6666666666666666,sparse,-3.0,slip_4_1,11,201,2660,2660,2660,2660,False,True,False,True,True,False,False,True,True,True,0.1783104248999443,1.1951962823403992,0.20580667681416642,2083,1.0,29,71.82758620689656
EF12_SPARSE,EF12_SPARSE_c1_t33,1083,12,8,0.6666666666666666,sparse,-3.0,slip_1_1,11,2560,2494,2494,2494,2494,False,True,False,True,True,False,False,True,True,True,0.2675567848458691,1.3067678323392253,0.10650015309177618,1522,1.0,17,89.52941176470588
EF12_SPARSE,EF12_SPARSE_c1_t34,1084,12,8,0.6666666666666666,sparse,3.0,slip_4_1,11,3624,3624,3624,3624,3624,False,True,False,True,True,False,False,False,False,False,0.0944754180482299,1.0990821452166297,3.4043734638221057,27,1.0,8,3.375
EF12_SPARSE,EF12_SPARSE_c1_t35,1085,12,8,0.6666666666666666,sparse,5.0,slip_5_1,11,2550,2295,2295,2295,2295,False,True,False,True,True,False,False,True,True,True,0.30016847473227415,1.350086243835311,0.9631124373653677,82,1.0,8,10.25
EF12_SPARSE,EF12_SPARSE_c1_t36,1086,12,8,0.6666666666666666,sparse,1.0,slip_4_1,11,2604,550,550,550,550,False,True,False,True,True,False,False,True,True,True,0.33985661840064196,1.4047461613720096,1.588286955392741,69,1.0,5,13.8
EF12_SPARSE,EF12_SPARSE_c1_t37,1087,12,8,0.6666666666666666,sparse,7.0,slip_1_1,11,1144,1144,1144,1144,1144,False,True,False,True,True,False,False,False,False,False,0.007936692493843545,1.0079682715267877,2.1747576819101004,16,1.0,2,8.0
EF12_SPARSE,EF12_SPARSE_c1_t38,1088,12,8,0.6666666666666666,sparse,-1.0,slip_1_1,11,2494,3668,3668,3668,3668,False,True,False,True,True,False,False,True,True,True,0.5994243877217951,1.821070268239597,0.7418727305363078,264,1.0,40,6.6
EF12_SPARSE,EF12_SPARSE_c1_t39,1089,12,8,0.6666666666666666,sparse,5.0,slip_1_1,11,3797,3925,3797,3797,3925,False,True,False,True,True,True,True,True,False,False,0.20891910521779877,1.232345304192954,0.16499791190162938,105,1.0,5,21.0
EF12_SPARSE,EF12_SPARSE_c1_t40,1090,12,8,0.6666666666666666,sparse,-3.0,slip_3_3,11,1108,1273,1273,1273,1273,False,True,False,True,True,False,False,True,True,True,0.13662502646904784,1.146398198935047,1.4477391080427573,47,1.0,2,23.5
EF12_SPARSE,EF12_SPARSE_c1_t41,1091,12,8,0.6666666666666666,sparse,-1.0,no_slip,11,3833,3833,3833,3833,3833,False,True,False,True,True,False,False,False,False,False,0.025651022130901424,1.0259828406857558,0.5714500424783129,258,1.0,8,32.25
EF12_SPARSE,EF12_SPARSE_c1_t42,1092,12,8,0.6666666666666666,sparse,1.0,no_slip,11,1851,1851,1851,1851,1851,False,True,False,True,True,False,False,False,False,False,0.05988166168935827,1.0617108980369265,1.514494496553338,54,1.0,1,54.0
EF12_SPARSE,EF12_SPARSE_c1_t43,1093,12,8,0.6666666666666666,sparse,1.0,slip_2_3,11,1401,2026,2026,2026,2026,False,True,False,True,True,False,False,True,True,True,0.6533147814743057,1.921900963671813,0.6993491904410529,107,1.0,15,7.133333333333334
EF12_SPARSE,EF12_SPARSE_c1_t44,1094,12,8,0.6666666666666666,sparse,7.0,no_slip,11,464,464,464,464,464,False,True,False,True,True,False,False,False,False,False,1.1470595260298921e-06,1.000001147060184,9.130491870135845,5,0.36363636363636365,1,5.0
EF12_SPARSE,EF12_SPARSE_c1_t45,1095,12,8,0.6666666666666666,sparse,-1.0,slip_2_3,11,2817,859,859,859,859,False,True,False,True,True,False,False,True,True,True,0.2165048304148769,1.24172908340598,0.7039721801661791,210,1.0,5,42.0
EF12_SPARSE,EF12_SPARSE_c1_t46,1096,12,8,0.6666666666666666,sparse,-3.0,no_slip,11,2315,257,257,257,257,False,True,False,True,True,False,False,True,True,True,0.49237666550659753,1.6362003033664576,0.6619573884436818,540,1.0,7,77.14285714285714
EF12_SPARSE,EF12_SPARSE_c1_t47,1097,12,8,0.6666666666666666,sparse,5.0,slip_4_1,11,2612,2660,2612,2660,2660,False,True,False,True,True,True,False,True,False,True,0.06547050663672938,1.0676612479281014,0.04204756327714154,73,1.0,4,18.25
EF12_SPARSE,EF12_SPARSE_c1_t48,1098,12,8,0.6666666666666666,sparse,3.0,slip_5_3,11,2897,2897,2889,2889,2897,False,True,False,True,True,True,True,False,True,True,0.3752321055261465,1.4553291653614207,0.3684350649131751,118,1.0,12,9.833333333333334
EF12_SPARSE,EF12_SPARSE_c1_t49,1099,12,8,0.6666666666666666,sparse,-1.0,no_slip,11,1934,1934,1934,1934,1934,False,True,False,True,True,False,False,False,False,False,0.03889761968057037,1.039664037065019,0.48349134028437923,394,1.0,1,394.0
EF12_SPARSE,EF12_SPARSE_c1_t50,1100,12,8,0.6666666666666666,sparse,1.0,slip_2_3,11,3660,3833,3833,3833,3833,False,True,False,True,True,False,False,True,True,True,0.0010747335932794755,1.0010753113263788,0.05987550754391968,219,1.0,3,73.0
EF12_SPARSE,EF12_SPARSE_c1_t51,1101,12,8,0.6666666666666666,sparse,1.0,slip_2_3,11,3917,2034,1357,1357,2034,False,True,False,True,True,True,True,True,True,True,0.4073530693055929,1.5028346167774105,0.13339011322419836,175,1.0,6,29.166666666666668
EF12_SPARSE,EF12_SPARSE_c1_t52,1102,12,8,0.6666666666666666,sparse,5.0,no_slip,11,1907,1907,1907,1907,1907,False,True,False,True,True,False,False,False,False,False,0.000189726320161121,1.0001897443193377,4.4775013011814835,4,0.36363636363636365,1,4.0
EF12_SPARSE,EF12_SPARSE_c1_t53,1103,12,8,0.6666666666666666,sparse,1.0,no_slip,11,3588,3588,3588,3588,3588,False,True,False,True,True,False,False,False,False,False,0.3905614408799618,1.4778102641067046,0.4799008374835019,261,1.0,16,16.3125
EF12_SPARSE,EF12_SPARSE_c1_t54,1104,12,8,0.6666666666666666,sparse,-3.0,no_slip,11,962,914,914,914,914,False,True,False,True,True,False,False,True,True,True,0.09763196848452793,1.1025569347306408,0.29693229835949353,1227,1.0,13,94.38461538461539
EF12_SPARSE,EF12_SPARSE_c1_t55,1105,12,8,0.6666666666666666,sparse,-3.0,slip_5_3,11,2640,2560,2632,2632,2560,False,True,False,True,True,True,True,True,True,True,0.9872080851463245,2.683731253898541,0.38942947300167674,693,1.0,49,14.142857142857142
EF12_SPARSE,EF12_SPARSE_c1_t56,1106,12,8,0.6666666666666666,sparse,3.0,slip_4_3,11,1528,1528,1528,1528,1528,False,True,False,True,True,False,False,False,False,False,0.0018391990065538266,1.0018408913704189,1.78134081579136,21,1.0,10,2.1
EF12_SPARSE,EF12_SPARSE_c1_t57,1107,12,8,0.6666666666666666,sparse,7.0,no_slip,11,3351,3351,3351,3351,3351,False,True,False,True,True,False,False,False,False,False,4.136825828604529e-05,1.0000413691139642,12.704871589763867,4,0.36363636363636365,1,4.0
EF12_SPARSE,EF12_SPARSE_c1_t58,1108,12,8,0.6666666666666666,sparse,7.0,no_slip,11,3351,3351,3351,3351,3351,False,True,False,True,True,False,False,False,False,False,0.00010397402118034194,1.0001039794266662,6.43777718709106,3,0.2727272727272727,1,3.0
EF12_SPARSE,EF12_SPARSE_c1_t59,1109,12,8,0.6666666666666666,sparse,5.0,slip_5_1,11,3478,3351,3351,3351,3351,False,True,False,True,True,False,False,True,True,True,0.006088609105729503,1.0061071823621164,1.2314188580086531,50,1.0,3,16.666666666666668
EF12_SPARSE,EF12_SPARSE_c1_t60,1110,12,8,0.6666666666666666,sparse,5.0,no_slip,11,229,229,229,229,229,False,True,False,True,True,False,False,False,False,False,7.990324159301565e-05,1.000079906433942,3.658816424623815,20,1.0,2,10.0
EF12_SPARSE,EF12_SPARSE_c1_t61,1111,12,8,0.6666666666666666,sparse,7.0,slip_1_1,11,2195,2761,2761,2761,2761,False,True,False,True,True,False,False,True,True,True,1.3631835429350758e-05,1.0000136319283432,2.101872158369626,8,0.6363636363636364,1,8.0
EF12_SPARSE,EF12_SPARSE_c1_t62,1112,12,8,0.6666666666666666,sparse,3.0,slip_4_1,11,2612,2660,2612,2660,2660,False,True,False,True,True,True,False,True,False,True,0.43091661088722866,1.5386672365112644,0.3274472868643805,133,1.0,9,14.777777777777779
EF12_SPARSE,EF12_SPARSE_c1_t63,1113,12,8,0.6666666666666666,sparse,-1.0,no_slip,11,879,1899,1899,1899,1899,False,True,False,True,True,False,False,True,True,True,0.037494234171814966,1.0382060109470879,2.0768044407908928,16,0.7272727272727273,1,16.0
EF12_SPARSE,EF12_SPARSE_c1_t64,1114,12,8,0.6666666666666666,sparse,-1.0,slip_2_3,11,3632,3680,3680,3680,3680,False,True,False,True,True,False,False,True,True,True,1.098409824014242,2.999392667522151,0.9610757230878306,142,1.0,15,9.466666666666667
EF12_SPARSE,EF12_SPARSE_c1_t65,1115,12,8,0.6666666666666666,sparse,5.0,no_slip,11,1990,1990,1990,1990,1990,False,True,False,True,True,False,False,False,False,False,0.0004056063759936279,1.0004056886453823,4.286996776949938,5,0.45454545454545453,1,5.0
EF12_SPARSE,EF12_SPARSE_c1_t66,1116,12,8,0.6666666666666666,sparse,3.0,slip_5_1,11,3478,3351,3351,3351,3351,False,True,False,True,True,False,False,True,True,True,0.006735149188164868,1.006757881311549,1.3367356098473913,36,1.0,3,12.0
EF12_SPARSE,EF12_SPARSE_c1_t67,1117,12,8,0.6666666666666666,sparse,-3.0,no_slip,11,2114,578,578,578,578,False,True,False,True,True,False,False,True,True,True,0.12144439049307643,1.1291265740072252,0.15722852290775968,593,1.0,2,296.5
EF12_SPARSE,EF12_SPARSE_c1_t68,1118,12,8,0.6666666666666666,sparse,7.0,no_slip,11,906,906,906,1006,906,False,True,False,True,True,False,True,False,False,True,0.012177760299505458,1.0122522111303118,0.01203564057222195,45,1.0,5,9.0
EF12_SPARSE,EF12_SPARSE_c1_t69,1119,12,8,0.6666666666666666,sparse,7.0,slip_4_1,11,408,408,408,408,408,False,True,False,True,True,False,False,False,False,False,0.176290685532285,1.1927847335267094,5.311989195946662,17,1.0,9,1.8888888888888888
EF12_SPARSE,EF12_SPARSE_c1_t70,1120,12,8,0.6666666666666666,sparse,-1.0,slip_4_1,11,3526,707,707,707,707,False,True,False,True,True,False,False,True,True,True,0.03899115687509891,1.0397612888705579,0.5518209116279849,587,1.0,13,45.15384615384615
EF12_SPARSE,EF12_SPARSE_c1_t71,1121,12,8,0.6666666666666666,sparse,1.0,no_slip,11,1759,1759,1759,1759,1759,False,True,False,True,True,False,False,False,False,False,0.013860030016497049,1.0139565255273646,0.12339420994854322,308,1.0,3,102.66666666666667
EF12_SPARSE,EF12_SPARSE_c1_t72,1122,12,8,0.6666666666666666,sparse,3.0,slip_4_1,11,3215,3717,3717,3717,3717,False,True,False,True,True,False,False,True,True,True,0.00017956824831966145,1.0001795843716625,2.0989540706103575,10,0.6363636363636364,1,10.0
EF12_SPARSE,EF12_SPARSE_c1_t73,1123,12,8,0.6666666666666666,sparse,-1.0,slip_4_1,11,3881,3478,3478,3478,3478,False,True,False,True,True,False,False,True,True,True,0.11383363882506181,1.1205656907519734,0.010199512126963128,1937,1.0,8,242.125
EF12_SPARSE,EF12_SPARSE_c1_t74,1124,12,8,0.6666666666666666,sparse,1.0,slip_5_1,11,3130,1229,1229,1229,1229,False,True,False,True,True,False,False,True,True,True,0.39849077105392183,1.4895748907889736,0.7711540683885509,211,1.0,17,12.411764705882353
EF12_SPARSE,EF12_SPARSE_c1_t75,1125,12,8,0.6666666666666666,sparse,-3.0,slip_1_3,11,2195,2323,2323,2323,2323,False,True,False,True,True,False,False,True,True,True,0.12500805944006288,1.133157585645668,0.9161341197728845,259,1.0,4,64.75
EF12_SPARSE,EF12_SPARSE_c1_t76,1126,12,8,0.6666666666666666,sparse,-3.0,slip_4_3,11,659,1942,1942,1942,1942,False,True,False,True,True,False,False,True,True,True,0.09603472287850323,1.1007972861808077,2.2996107234817735,31,0.7272727272727273,1,31.0
EF12_SPARSE,EF12_SPARSE_c1_t77,1127,12,8,0.6666666666666666,sparse,5.0,no_slip,11,3869,3423,3423,3423,3423,False,True,False,True,True,False,False,True,True,True,0.023760712191964295,1.0240452470280654,1.0089996544917215,71,1.0,11,6.454545454545454
EF12_SPARSE,EF12_SPARSE_c1_t78,1128,12,8,0.6666666666666666,sparse,1.0,slip_3_3,11,0,0,24,24,0,False,True,False,True,True,True,True,False,True,True,0.45406219430872596,1.5746959315544327,0.06485774655120125,490,1.0,16,30.625
EF12_SPARSE,EF12_SPARSE_c1_t79,1129,12,8,0.6666666666666666,sparse,5.0,no_slip,11,2138,80,72,464,80,False,True,False,True,True,True,True,True,True,True,0.7022157749997335,2.0182196774479277,0.13662537555027487,70,1.0,3,23.333333333333332
EF12_SPARSE,EF12_SPARSE_c1_t80,1130,12,8,0.6666666666666666,sparse,5.0,slip_3_1,11,1285,1285,1285,1285,1285,False,True,False,True,True,False,False,False,False,False,0.00029618899331840254,1.0002962328616092,2.1240476447432703,29,1.0,6,4.833333333333333
EF12_SPARSE,EF12_SPARSE_c1_t81,1131,12,8,0.6666666666666666,sparse,5.0,no_slip,11,1630,1630,1273,1273,1630,False,True,False,True,True,True,True,False,True,True,0.07451649291694018,1.07736311223605,0.06988234929602655,237,1.0,38,6.2368421052631575
EF12_SPARSE,EF12_SPARSE_c1_t82,1132,12,8,0.6666666666666666,sparse,3.0,slip_3_3,11,3961,3937,3937,3961,3937,False,True,False,True,True,False,True,True,True,False,0.15541600506113973,1.1681438137782036,0.006896872757117478,247,1.0,9,27.444444444444443
EF12_SPARSE,EF12_SPARSE_c1_t83,1133,12,8,0.6666666666666666,sparse,-3.0,slip_1_1,11,3399,2897,2897,2897,2897,False,True,False,True,True,False,False,True,True,True,0.5073683934102444,1.6609145649733519,0.16218601611964623,1489,1.0,34,43.794117647058826
EF12_SPARSE,EF12_SPARSE_c1_t84,1134,12,8,0.6666666666666666,sparse,7.0,slip_1_1,11,2988,2550,2550,2550,2550,False,True,False,True,True,False,False,True,True,True,0.04773467449630742,1.0488923205181813,2.149641687477584,7,0.5454545454545454,1,7.0
EF12_SPARSE,EF12_SPARSE_c1_t85,1135,12,8,0.6666666666666666,sparse,5.0,no_slip,11,2897,2897,2897,2897,2897,False,True,False,True,True,False,False,False,False,False,0.18190988964309263,1.19950610108692,1.8016764600877622,16,1.0,2,8.0
EF12_SPARSE,EF12_SPARSE_c1_t86,1136,12,8,0.6666666666666666,sparse,7.0,no_slip,11,1606,1606,1606,1606,1606,False,True,False,True,True,False,False,False,False,False,1.4257812352980181e-07,1.0000001425781337,2.1017157059750744,8,0.5454545454545454,1,8.0
EF12_SPARSE,EF12_SPARSE_c1_t87,1137,12,8,0.6666666666666666,sparse,7.0,no_slip,11,2187,2187,2187,2187,2187,False,True,False,True,True,False,False,False,False,False,3.570489606907756e-05,1.0000357055334965,2.0958909669302694,3,0.2727272727272727,1,3.0
EF12_SPARSE,EF12_SPARSE_c1_t88,1138,12,8,0.6666666666666666,sparse,-1.0,no_slip,11,508,508,508,508,508,False,True,False,True,True,False,False,False,False,False,0.02144855176637961,1.0216802253422868,2.160143474759268,25,1.0,2,12.5
EF12_SPARSE,EF12_SPARSE_c1_t89,1139,12,8,0.6666666666666666,sparse,-1.0,slip_4_3,11,2897,2817,2817,2817,2817,False,True,False,True,True,False,False,True,True,True,0.6605023651074262,1.9357645507442878,0.6668200758760978,258,1.0,22,11.727272727272727
EF12_SPARSE,EF12_SPARSE_c1_t90,1140,12,8,0.6666666666666666,sparse,1.0,slip_5_3,11,887,779,779,779,779,False,True,False,True,True,False,False,True,True,True,0.2508577264316951,1.2851272316869768,0.12426786040519033,355,1.0,11,32.27272727272727
EF12_SPARSE,EF12_SPARSE_c1_t91,1141,12,8,0.6666666666666666,sparse,1.0,no_slip,11,3478,3351,3478,3478,3351,False,True,False,True,True,True,True,True,False,False,0.43309308786769485,1.5420197573509236,0.23090669301883793,131,1.0,2,65.5
EF12_SPARSE,EF12_SPARSE_c1_t92,1142,12,8,0.6666666666666666,sparse,-3.0,no_slip,11,2741,2612,2612,2612,2612,False,True,False,True,True,False,False,True,True,True,0.20192433102331186,1.223755404288625,0.4627905314013212,209,1.0,2,104.5
EF12_SPARSE,EF12_SPARSE_c1_t93,1143,12,8,0.6666666666666666,sparse,7.0,no_slip,11,2713,2713,2713,2713,2713,False,True,False,True,True,False,False,False,False,False,0.001259535918822774,1.0012603294673208,6.694096774709332,3,0.2727272727272727,1,3.0
EF12_SPARSE,EF12_SPARSE_c1_t94,1144,12,8,0.6666666666666666,sparse,1.0,no_slip,11,3797,3797,3797,3797,3797,False,True,False,True,True,False,False,False,False,False,0.43977220038106957,1.5523535526826484,0.7339306912856252,259,1.0,12,21.583333333333332
EF12_SPARSE,EF12_SPARSE_c1_t95,1145,12,8,0.6666666666666666,sparse,5.0,no_slip,11,914,2996,2612,2612,2996,False,True,False,True,True,True,True,True,True,True,0.1055009183137896,1.1112671250143082,0.10443745753498224,171,1.0,3,57.0
EF12_SPARSE,EF12_SPARSE_c1_t96,1146,12,8,0.6666666666666666,sparse,5.0,slip_1_3,11,1650,1229,1229,1650,1229,False,True,False,True,True,False,True,True,True,False,0.21408740782925317,1.2387309248427276,0.21340666675937392,72,1.0,5,14.4
EF12_SPARSE,EF12_SPARSE_c1_t97,1147,12,8,0.6666666666666666,sparse,1.0,slip_4_1,11,2114,2138,2138,2522,2138,False,True,False,True,True,False,True,True,True,True,0.9376387954277607,2.553943909201614,0.884106616970973,313,1.0,69,4.536231884057971
EF12_SPARSE,EF12_SPARSE_c1_t98,1148,12,8,0.6666666666666666,sparse,-1.0,slip_5_3,11,3809,2897,759,759,2897,False,True,False,True,True,True,True,True,True,True,0.787468836616604,2.1978263222981544,0.14665492970429383,813,1.0,12,67.75
EF12_SPARSE,EF12_SPARSE_c1_t99,1149,12,8,0.6666666666666666,sparse,-1.0,slip_1_3,11,1120,2114,2498,2498,2114,False,True,False,True,True,True,True,True,True,True,1.3117001117254823,3.712479980756592,0.22924074049477383,1158,1.0,81,14.296296296296296
EF12_SPARSE,EF12_SPARSE_c1_t100,1150,12,8,0.6666666666666666,sparse,5.0,slip_5_3,11,3435,3435,3435,3435,3435,False,True,False,True,True,False,False,False,False,False,0.16084792960294347,1.1745063475860924,1.773263156888551,20,1.0,12,1.6666666666666667
EF12_SPARSE,EF12_SPARSE_c1_t101,1151,12,8,0.6666666666666666,sparse,-1.0,no_slip,11,3186,3186,3186,3186,3186,False,True,False,True,True,False,False,False,False,False,0.04604539189957535,1.0471219407321726,1.6303262593986663,36,1.0,1,36.0
EF12_SPARSE,EF12_SPARSE_c1_t102,1152,12,8,0.6666666666666666,sparse,1.0,slip_4_3,11,1679,1550,1550,1550,1550,False,True,False,True,True,False,False,True,True,True,0.026946444245748324,1.02731278277925,0.42952806286286815,184,1.0,5,36.8
EF12_SPARSE,EF12_SPARSE_c1_t103,1153,12,8,0.6666666666666666,sparse,7.0,no_slip,11,2114,2114,2114,2114,2114,False,True,False,True,True,False,False,False,False,False,0.003044171677531793,1.003048809873427,12.118803179462585,4,0.36363636363636365,1,4.0
EF12_SPARSE,EF12_SPARSE_c1_t104,1154,12,8,0.6666666666666666,sparse,5.0,slip_3_1,11,3668,3668,3668,3668,3668,False,True,False,True,True,False,False,False,False,False,0.0002849950227350462,1.000285035637675,0.7523417489972548,59,1.0,9,6.555555555555555
EF12_SPARSE,EF12_SPARSE_c1_t105,1155,12,8,0.6666666666666666,sparse,3.0,no_slip,11,2058,2058,2058,2058,2058,False,True,False,True,True,False,False,False,False,False,0.00019676013404712478,1.000196779492592,2.5152504121314703,11,0.7272727272727273,1,11.0
EF12_SPARSE,EF12_SPARSE_c1_t106,1156,12,8,0.6666666666666666,sparse,3.0,no_slip,11,4052,4052,4052,4052,4052,False,True,False,True,True,False,False,False,False,False,0.004637983501584841,1.0046487555942227,1.639910978897161,39,1.0,4,9.75
EF12_SPARSE,EF12_SPARSE_c1_t107,1157,12,8,0.6666666666666666,sparse,-1.0,slip_5_3,11,1954,1321,1321,1321,1321,False,True,False,True,True,False,False,True,True,True,0.25068469603137267,1.284904884844549,0.3488990243663821,365,1.0,9,40.55555555555556
EF12_SPARSE,EF12_SPARSE_c1_t108,1158,12,8,0.6666666666666666,sparse,1.0,no_slip,11,2640,2640,2640,2640,2640,False,True,False,True,True,False,False,False,False,False,0.006337348246741925,1.0063574717255137,1.9650475513956565,40,1.0,1,40.0
EF12_SPARSE,EF12_SPARSE_c1_t109,1159,12,8,0.6666666666666666,sparse,5.0,slip_3_1,11,1815,3845,3514,3514,3845,False,True,False,True,True,True,True,True,True,True,0.44613267954675173,1.562258732564004,0.4433043102519081,106,1.0,10,10.6
EF12_SPARSE,EF12_SPARSE_c1_t110,1160,12,8,0.6666666666666666,sparse,-1.0,no_slip,11,1365,1365,1365,1365,1365,False,True,False,True,True,False,False,False,False,False,0.1363862352530063,1.1461244817969802,2.6294840781911404,39,1.0,2,19.5
EF12_SPARSE,EF12_SPARSE_c1_t111,1161,12,8,0.6666666666666666,sparse,5.0,slip_2_1,11,3526,3443,3443,3443,3443,False,True,False,True,True,False,False,True,True,True,0.007928776832319073,1.0079602928227012,0.21637358383145155,32,1.0,2,16.0
EF12_SPARSE,EF12_SPARSE_c1_t112,1162,12,8,0.6666666666666666,sparse,5.0,no_slip,11,3809,3809,3809,3809,3809,False,True,False,True,True,False,False,False,False,False,0.0022516275822184184,1.0022541643992346,2.1025512269421123,4,0.36363636363636365,1,4.0
EF12_SPARSE,EF12_SPARSE_c1_t113,1163,12,8,0.6666666666666666,sparse,1.0,slip_5_1,11,1630,1642,1642,1642,1642,False,True,False,True,True,False,False,True,True,True,0.1155965670536041,1.1225429099758422,1.3250557789219055,46,1.0,8,5.75
EF12_SPARSE,EF12_SPARSE_c1_t114,1164,12,8,0.6666666666666666,sparse,1.0,slip_5_1,11,3016,2917,2917,2917,2917,False,True,False,True,True,False,False,True,True,True,0.02954122433152584,1.0299818949118063,0.8797213045704915,187,1.0,24,7.791666666666667
EF12_SPARSE,EF12_SPARSE_c1_t115,1165,12,8,0.6666666666666666,sparse,7.0,no_slip,11,1759,1759,1759,1759,1759,False,True,False,True,True,False,False,False,False,False,8.991614044884244e-06,1.0000089916544697,8.92531545053157,3,0.2727272727272727,1,3.0
EF12_SPARSE,EF12_SPARSE_c1_t116,1166,12,8,0.6666666666666666,sparse,-1.0,no_slip,11,3889,2841,2841,2841,2841,False,True,False,True,True,False,False,True,True,True,0.02831139276361938,1.0287159692602938,1.4289042503180465,52,1.0,2,26.0
EF12_SPARSE,EF12_SPARSE_c1_t117,1167,12,8,0.6666666666666666,sparse,7.0,no_slip,11,1237,1237,1237,1237,1237,False,True,False,True,True,False,False,False,False,False,3.242340777198649e-06,1.0000032423460337,7.808385694908749,3,0.2727272727272727,1,3.0
EF12_SPARSE,EF12_SPARSE_c1_t118,1168,12,8,0.6666666666666666,sparse,7.0,no_slip,11,3443,3443,3443,3443,3443,False,True,False,True,True,False,False,False,False,False,0.00016982458858749716,1.0001698390095992,10.250173131058382,3,0.2727272727272727,1,3.0
EF12_SPARSE,EF12_SPARSE_c1_t119,1169,12,8,0.6666666666666666,sparse,-1.0,slip_4_1,11,1642,1642,622,622,1642,False,True,False,True,True,True,True,False,True,True,0.8850302872841826,2.423057778213722,0.14290427252227822,721,1.0,11,65.54545454545455
EF12_SPARSE,EF12_SPARSE_c1_t120,1170,12,8,0.6666666666666666,sparse,3.0,slip_3_3,11,934,484,484,484,484,False,True,False,True,True,False,False,True,True,True,0.01850180391031131,1.0186740227644913,0.5932270231571586,95,1.0,8,11.875
EF12_SPARSE,EF12_SPARSE_c1_t121,1171,12,8,0.6666666666666666,sparse,7.0,no_slip,11,2415,2415,2415,2415,2415,False,True,False,True,True,False,False,False,False,False,6.888935324411705e-07,1.0000006888937698,10.472075277459744,3,0.2727272727272727,1,3.0
EF12_SPARSE,EF12_SPARSE_c1_t122,1172,12,8,0.6666666666666666,sparse,-1.0,slip_1_3,11,3106,1100,1100,1100,1100,False,True,False,True,True,False,False,True,True,True,0.025722933293319983,1.0260566229573038,1.0711205092840643,163,1.0,4,40.75
EF12_SPARSE,EF12_SPARSE_c1_t123,1173,12,8,0.6666666666666666,sparse,1.0,slip_3_1,11,3315,3259,3259,3387,3259,False,True,False,True,True,False,True,True,True,True,0.6669940592385739,1.94837181910797,0.5575467660053608,78,1.0,5,15.6
EF12_SPARSE,EF12_SPARSE_c1_t124,1174,12,8,0.6666666666666666,sparse,3.0,no_slip,11,72,72,72,72,72,False,True,False,True,True,False,False,False,False,False,0.12936122291900354,1.1381011581462819,1.4328545773421375,36,1.0,3,12.0
EF12_SPARSE,EF12_SPARSE_c1_t125,1175,12,8,0.6666666666666666,sparse,7.0,slip_2_1,11,1100,1100,1100,1100,1100,False,True,False,True,True,False,False,False,False,False,0.006107601149711428,1.0061262905754258,3.6175632764994727,11,1.0,4,2.75
EF12_SPARSE,EF12_SPARSE_c1_t126,1176,12,8,0.6666666666666666,sparse,7.0,slip_3_1,11,1181,1412,1412,1412,1412,False,True,False,True,True,False,False,True,True,True,0.0008302358038334567,1.0008305805449773,2.0832157849250663,5,0.45454545454545453,1,5.0
EF12_SPARSE,EF12_SPARSE_c1_t127,1177,12,8,0.6666666666666666,sparse,-3.0,no_slip,11,464,384,384,384,384,False,True,False,True,True,False,False,True,True,True,0.1092691468876339,1.1154625332120793,0.9729151223529087,336,1.0,6,56.0
EF12_SPARSE,EF12_SPARSE_c1_t128,1178,12,8,0.6666666666666666,sparse,3.0,slip_1_3,11,3624,3178,3178,3178,3178,False,True,False,True,True,False,False,True,True,True,0.41696189173557485,1.5173446884606845,2.017349693631102,31,1.0,7,4.428571428571429
EF12_SPARSE,EF12_SPARSE_c1_t129,1179,12,8,0.6666666666666666,sparse,5.0,slip_1_1,11,3833,3833,3833,3833,3833,False,True,False,True,True,False,False,False,False,False,0.5801654301761179,1.7863339198429582,0.7917128430992681,22,1.0,5,4.4
EF12_SPARSE,EF12_SPARSE_c1_t130,1180,12,8,0.6666666666666666,sparse,-3.0,no_slip,11,3235,4016,3753,3753,4016,False,True,False,True,True,True,True,True,True,True,0.7479870113536222,2.1127428059108175,0.05580965048093489,6127,1.0,109,56.211009174311926
EF12_SPARSE,EF12_SPARSE_c1_t131,1181,12,8,0.6666666666666666,sparse,7.0,slip_5_1,11,574,574,574,574,574,False,True,False,True,True,False,False,False,False,False,0.0022900090877477908,1.0022926331612272,2.9150241899349556,11,1.0,10,1.1
EF12_SPARSE,EF12_SPARSE_c1_t132,1182,12,8,0.6666666666666666,sparse,3.0,slip_2_3,11,381,835,707,707,835,False,True,False,True,True,True,True,True,True,True,0.07617845768576892,1.0791551405032604,0.07468073607064696,448,1.0,16,28.0
EF12_SPARSE,EF12_SPARSE_c1_t133,1183,12,8,0.6666666666666666,sparse,7.0,slip_1_3,11,436,436,436,436,436,False,True,False,True,True,False,False,False,False,False,7.206849366170331e-05,1.0000720710906579,3.622275627002125e-05,271,1.0,4,67.75
EF12_SPARSE,EF12_SPARSE_c1_t134,1184,12,8,0.6666666666666666,sparse,5.0,slip_2_3,11,522,522,522,522,522,False,True,False,True,True,False,False,False,False,False,0.00968777897760198,1.009734857414043,0.008457049609856604,122,1.0,6,20.333333333333332
EF12_SPARSE,EF12_SPARSE_c1_t135,1185,12,8,0.6666666666666666,sparse,5.0,slip_2_1,11,3741,3789,3741,3741,3789,False,True,False,True,True,True,True,True,False,False,0.5365067875121632,1.710022943219801,0.5150929499987118,52,1.0,27,1.9259259259259258
EF12_SPARSE,EF12_SPARSE_c1_t136,1186,12,8,0.6666666666666666,sparse,5.0,no_slip,11,1120,1120,1120,1120,1120,False,True,False,True,True,False,False,False,False,False,0.0005890823741196982,1.000589255917217,2.051242330060674,5,0.45454545454545453,1,5.0
EF12_SPARSE,EF12_SPARSE_c1_t137,1187,12,8,0.6666666666666666,sparse,3.0,no_slip,11,879,879,879,879,879,False,True,False,True,True,False,False,False,False,False,0.03201545978935805,1.032533467931648,2.1334973042178484,9,0.5454545454545454,1,9.0
EF12_SPARSE,EF12_SPARSE_c1_t138,1188,12,8,0.6666666666666666,sparse,7.0,slip_1_1,11,1492,1492,1108,1492,1492,False,True,False,True,True,True,False,False,True,False,0.3366471254168726,1.4002448657254354,0.3365943250210144,22,1.0,3,7.333333333333333
EF12_SPARSE,EF12_SPARSE_c1_t139,1189,12,8,0.6666666666666666,sparse,-1.0,no_slip,11,1807,1899,1899,1899,1899,False,True,False,True,True,False,False,True,True,True,0.1798133615696198,1.1969939372029132,0.780370546656389,190,1.0,1,190.0
EF12_SPARSE,EF12_SPARSE_c1_t140,1190,12,8,0.6666666666666666,sparse,1.0,no_slip,11,2560,2560,2560,2560,2560,False,True,False,True,True,False,False,False,False,False,0.404652688439187,1.4987818653817957,0.3509138283755391,625,1.0,47,13.297872340425531
EF12_SPARSE,EF12_SPARSE_c1_t141,1191,12,8,0.6666666666666666,sparse,-3.0,no_slip,11,2550,2086,2086,2086,2086,False,True,False,True,True,False,False,True,True,True,0.3162473920669395,1.3719696280473503,0.7109062649690454,346,1.0,3,115.33333333333333
EF12_SPARSE,EF12_SPARSE_c1_t142,1192,12,8,0.6666666666666666,sparse,1.0,slip_4_1,11,2295,508,381,381,508,False,True,False,True,True,True,True,True,True,True,0.8158509869834436,2.261099019695891,0.35583822539342513,714,1.0,20,35.7
EF12_SPARSE,EF12_SPARSE_c1_t143,1193,12,8,0.6666666666666666,sparse,-3.0,slip_2_3,11,384,2988,2988,2988,2988,False,True,False,True,True,False,False,True,True,True,0.17387735528415504,1.189909620743532,0.08326400869536066,5891,1.0,23,256.1304347826087
EF12_SPARSE,EF12_SPARSE_c1_t144,1194,12,8,0.6666666666666666,sparse,5.0,no_slip,11,1954,1954,1954,1954,1954,False,True,False,True,True,False,False,False,False,False,0.00016375873675178454,1.0001637721459458,7.101022483328433,4,0.36363636363636365,1,4.0
EF12_SPARSE,EF12_SPARSE_c1_t145,1195,12,8,0.6666666666666666,sparse,7.0,slip_2_1,11,1642,1642,1594,1642,1642,False,True,False,True,True,True,False,False,True,False,0.05995431380396976,1.061788036380873,0.05993221964389406,40,1.0,5,8.0
EF12_SPARSE,EF12_SPARSE_c1_t146,1196,12,8,0.6666666666666666,sparse,5.0,slip_1_1,11,1108,1558,1558,1558,1558,False,True,False,True,True,False,False,True,True,True,0.09950693556577761,1.1046261319205832,0.6520316317817816,61,1.0,9,6.777777777777778
EF12_SPARSE,EF12_SPARSE_c1_t147,1197,12,8,0.6666666666666666,sparse,-1.0,no_slip,11,3660,2187,201,201,2187,False,True,False,True,True,True,True,True,True,True,0.36860761024433764,1.4457202065630035,0.001774579077880034,13834,1.0,41,337.4146341463415
EF12_SPARSE,EF12_SPARSE_c1_t148,1198,12,8,0.6666666666666666,sparse,1.0,slip_2_1,11,3094,3106,3106,3106,3106,False,True,False,True,True,False,False,True,True,True,0.08417812020153725,1.087822639741109,0.6225978357771176,142,1.0,6,23.666666666666668
EF12_SPARSE,EF12_SPARSE_c1_t149,1199,12,8,0.6666666666666666,sparse,1.0,no_slip,11,3961,3660,3660,3660,3660,False,True,False,True,True,False,False,True,True,True,0.3008910487363643,1.3510621335922102,0.4277627639548687,485,1.0,36,13.472222222222221
