case_id,trial_uid,n,k,rate,family,snr_db,true_slip_prob,model_slip_prob,forced_location_fraction,two_slip_fraction,phase_innovation_std_deg,phase_initial_std_deg,assumed_noise_offset_db,true_state_label,model_contains_true_path,state_hypothesis_count,code_replicate,trial_index,transmitted_int,decoder,decoded_correct,decoded_int,success,certified,cap_hit,stop_reason,components_generated,membership_queries,latent_hypotheses_available,latent_queues_touched,valid_codewords,unique_candidates,complete_marginal_candidates,state_word_metric_evals,bit_metric_accumulations,osd_reprocessings,preprocessing_state_metrics,wall_seconds,queue_touch_fraction
PF32_DENSE_EARLY,PF32_DENSE_EARLY_c0_t0,32,20,0.625,dense,7.0,1.0,0.5,0.2,0.0,0.0,0.0,0.0,slip_3_3,True,31,0,0,1085256131,ls_first_valid,True,1085256131,True,False,False,valid_list_complete,9,9,31,7,1,1,0,0,0,0,31,0.0014508099993690848,0.22580645161290322
PF32_DENSE_EARLY,PF32_DENSE_EARLY_c0_t0,32,20,0.625,dense,7.0,1.0,0.5,0.2,0.0,0.0,0.0,0.0,slip_3_3,True,31,0,0,1085256131,ls_list_marginal_L2,True,1085256131,True,False,False,valid_list_complete,612,558,31,31,4,2,2,62,1984,0,62,0.010735646006651223,1.0
PF32_DENSE_EARLY,PF32_DENSE_EARLY_c0_t0,32,20,0.625,dense,7.0,1.0,0.5,0.2,0.0,0.0,0.0,0.0,slip_3_3,True,31,0,0,1085256131,ls_list_marginal_L4,True,1085256131,True,False,False,valid_list_complete,12085,9931,31,31,11,4,4,124,3968,0,62,0.17814877210184932,1.0
PF32_DENSE_EARLY,PF32_DENSE_EARLY_c0_t0,32,20,0.625,dense,7.0,1.0,0.5,0.2,0.0,0.0,0.0,0.0,slip_3_3,True,31,0,0,1085256131,ls_list_marginal_L8,True,1085256131,True,False,True,query_cap_before_list,25000,19961,31,31,14,7,7,217,6944,0,62,0.3347134549403563,1.0
PF32_DENSE_EARLY,PF32_DENSE_EARLY_c0_t0,32,20,0.625,dense,7.0,1.0,0.5,0.2,0.0,0.0,0.0,0.0,slip_3_3,True,31,0,0,1085256131,latent_osd_batch_o2_s31,True,1085256131,True,False,False,best_marginal_in_osd_union,1736,0,31,31,932,932,932,28892,924544,1736,31,0.10287762898951769,1.0
PF32_DENSE_EARLY,PF32_DENSE_EARLY_c0_t0,32,20,0.625,dense,7.0,1.0,0.5,0.2,0.0,0.0,0.0,0.0,slip_3_3,True,31,0,0,1085256131,plain_osd_batch_o2,False,16951186,True,False,False,best_marginal_in_osd_union,56,0,1,1,56,56,56,56,1792,56,1,0.0035284069599583745,1.0
PF32_DENSE_EARLY,PF32_DENSE_EARLY_c0_t0,32,20,0.625,dense,7.0,1.0,0.5,0.2,0.0,0.0,0.0,0.0,slip_3_3,True,31,0,0,1085256131,lsgrand_certified_v1_bound,True,1085256131,True,True,False,strict_unseen_codeword_certificate,96,96,31,31,1,1,0,96,3072,0,31,0.002741136006079614,1.0
PF32_DENSE_EARLY,PF32_DENSE_EARLY_c0_t1,32,20,0.625,dense,7.0,1.0,0.5,0.2,0.0,0.0,0.0,0.0,slip_3_3,True,31,0,1,2528031033,ls_first_valid,True,2528031033,True,False,False,valid_list_complete,9,9,31,7,1,1,0,0,0,0,31,0.0012009830679744482,0.22580645161290322
PF32_DENSE_EARLY,PF32_DENSE_EARLY_c0_t1,32,20,0.625,dense,7.0,1.0,0.5,0.2,0.0,0.0,0.0,0.0,slip_3_3,True,31,0,1,2528031033,ls_list_marginal_L2,True,2528031033,True,False,False,valid_list_complete,368,342,31,31,2,2,2,62,1984,0,62,0.006827556993812323,1.0
PF32_DENSE_EARLY,PF32_DENSE_EARLY_c0_t1,32,20,0.625,dense,7.0,1.0,0.5,0.2,0.0,0.0,0.0,0.0,slip_3_3,True,31,0,1,2528031033,ls_list_marginal_L4,True,2528031033,True,False,False,valid_list_complete,17446,14257,31,31,9,4,4,124,3968,0,62,0.28527033096179366,1.0
PF32_DENSE_EARLY,PF32_DENSE_EARLY_c0_t1,32,20,0.625,dense,7.0,1.0,0.5,0.2,0.0,0.0,0.0,0.0,slip_3_3,True,31,0,1,2528031033,ls_list_marginal_L8,True,2528031033,True,False,False,valid_list_complete,24303,19595,31,31,13,8,8,248,7936,0,62,0.26002462103497237,1.0
PF32_DENSE_EARLY,PF32_DENSE_EARLY_c0_t1,32,20,0.625,dense,7.0,1.0,0.5,0.2,0.0,0.0,0.0,0.0,slip_3_3,True,31,0,1,2528031033,latent_osd_batch_o2_s31,True,2528031033,True,False,False,best_marginal_in_osd_union,1736,0,31,31,976,976,976,30256,968192,1736,31,0.11920598801225424,1.0
PF32_DENSE_EARLY,PF32_DENSE_EARLY_c0_t1,32,20,0.625,dense,7.0,1.0,0.5,0.2,0.0,0.0,0.0,0.0,slip_3_3,True,31,0,1,2528031033,plain_osd_batch_o2,False,2483561762,True,False,False,best_marginal_in_osd_union,56,0,1,1,56,56,56,56,1792,56,1,0.0033231290290132165,1.0
PF32_DENSE_EARLY,PF32_DENSE_EARLY_c0_t1,32,20,0.625,dense,7.0,1.0,0.5,0.2,0.0,0.0,0.0,0.0,slip_3_3,True,31,0,1,2528031033,lsgrand_certified_v1_bound,True,2528031033,True,True,False,strict_unseen_codeword_certificate,96,96,31,31,1,1,0,96,3072,0,31,0.002721519093029201,1.0
PF32_DENSE_EARLY,PF32_DENSE_EARLY_c0_t2,32,20,0.625,dense,7.0,1.0,0.5,0.2,0.0,0.0,0.0,0.0,slip_3_1,True,31,0,2,1483107759,ls_first_valid,True,1483107759,True,False,False,valid_list_complete,72,70,31,31,1,1,0,0,0,0,31,0.00315261899959296,1.0
PF32_DENSE_EARLY,PF32_DENSE_EARLY_c0_t2,32,20,0.625,dense,7.0,1.0,0.5,0.2,0.0,0.0,0.0,0.0,slip_3_1,True,31,0,2,1483107759,ls_list_marginal_L2,True,1483107759,True,False,False,valid_list_complete,304,278,31,31,3,2,2,62,1984,0,62,0.007656521978788078,1.0
PF32_DENSE_EARLY,PF32_DENSE_EARLY_c0_t2,32,20,0.625,dense,7.0,1.0,0.5,0.2,0.0,0.0,0.0,0.0,slip_3_1,True,31,0,2,1483107759,ls_list_marginal_L4,True,1483107759,True,False,False,valid_list_complete,10591,8666,31,31,7,4,4,124,3968,0,62,0.15294458891730756,1.0
PF32_DENSE_EARLY,PF32_DENSE_EARLY_c0_t2,32,20,0.625,dense,7.0,1.0,0.5,0.2,0.0,0.0,0.0,0.0,slip_3_1,True,31,0,2,1483107759,ls_list_marginal_L8,True,1483107759,True,False,True,query_cap_before_list,25000,19777,31,31,12,6,6,186,5952,0,62,0.3819441420491785,1.0
PF32_DENSE_EARLY,PF32_DENSE_EARLY_c0_t2,32,20,0.625,dense,7.0,1.0,0.5,0.2,0.0,0.0,0.0,0.0,slip_3_1,True,31,0,2,1483107759,latent_osd_batch_o2_s31,True,1483107759,True,False,False,best_marginal_in_osd_union,1736,0,31,31,875,875,875,27125,868000,1736,31,0.09269948094151914,1.0
PF32_DENSE_EARLY,PF32_DENSE_EARLY_c0_t2,32,20,0.625,dense,7.0,1.0,0.5,0.2,0.0,0.0,0.0,0.0,slip_3_1,True,31,0,2,1483107759,plain_osd_batch_o2,False,1241724661,True,False,False,best_marginal_in_osd_union,56,0,1,1,56,56,56,56,1792,56,1,0.0027260470669716597,1.0
PF32_DENSE_EARLY,PF32_DENSE_EARLY_c0_t2,32,20,0.625,dense,7.0,1.0,0.5,0.2,0.0,0.0,0.0,0.0,slip_3_1,True,31,0,2,1483107759,lsgrand_certified_v1_bound,True,1483107759,True,True,False,strict_unseen_codeword_certificate,224,224,31,31,2,1,0,224,7168,0,31,0.003365993034094572,1.0
PF32_DENSE_EARLY,PF32_DENSE_EARLY_c0_t3,32,20,0.625,dense,7.0,1.0,0.5,0.2,0.0,0.0,0.0,0.0,slip_3_1,True,31,0,3,415324130,ls_first_valid,True,415324130,True,False,False,valid_list_complete,9,9,31,6,1,1,0,0,0,0,31,0.0009463209426030517,0.1935483870967742
PF32_DENSE_EARLY,PF32_DENSE_EARLY_c0_t3,32,20,0.625,dense,7.0,1.0,0.5,0.2,0.0,0.0,0.0,0.0,slip_3_1,True,31,0,3,415324130,ls_list_marginal_L2,True,415324130,True,False,False,valid_list_complete,13881,11492,31,31,5,2,2,62,1984,0,62,0.1410957130137831,1.0
PF32_DENSE_EARLY,PF32_DENSE_EARLY_c0_t3,32,20,0.625,dense,7.0,1.0,0.5,0.2,0.0,0.0,0.0,0.0,slip_3_1,True,31,0,3,415324130,ls_list_marginal_L4,True,415324130,True,False,False,valid_list_complete,18478,15144,31,31,7,4,4,124,3968,0,62,0.2393353000516072,1.0
PF32_DENSE_EARLY,PF32_DENSE_EARLY_c0_t3,32,20,0.625,dense,7.0,1.0,0.5,0.2,0.0,0.0,0.0,0.0,slip_3_1,True,31,0,3,415324130,ls_list_marginal_L8,True,415324130,True,False,True,query_cap_before_list,25000,20209,31,31,10,5,5,155,4960,0,62,0.24722542497329414,1.0
PF32_DENSE_EARLY,PF32_DENSE_EARLY_c0_t3,32,20,0.625,dense,7.0,1.0,0.5,0.2,0.0,0.0,0.0,0.0,slip_3_1,True,31,0,3,415324130,latent_osd_batch_o2_s31,True,415324130,True,False,False,best_marginal_in_osd_union,1736,0,31,31,976,976,976,30256,968192,1736,31,0.06871921999845654,1.0
PF32_DENSE_EARLY,PF32_DENSE_EARLY_c0_t3,32,20,0.625,dense,7.0,1.0,0.5,0.2,0.0,0.0,0.0,0.0,slip_3_1,True,31,0,3,415324130,plain_osd_batch_o2,False,442499947,True,False,False,best_marginal_in_osd_union,56,0,1,1,56,56,56,56,1792,56,1,0.0024328799918293953,1.0
PF32_DENSE_EARLY,PF32_DENSE_EARLY_c0_t3,32,20,0.625,dense,7.0,1.0,0.5,0.2,0.0,0.0,0.0,0.0,slip_3_1,True,31,0,3,415324130,lsgrand_certified_v1_bound,True,415324130,True,True,False,strict_unseen_codeword_certificate,128,128,31,31,1,1,0,128,4096,0,31,0.0023454480106011033,1.0
PF32_DENSE_EARLY,PF32_DENSE_EARLY_c0_t4,32,20,0.625,dense,7.0,1.0,0.5,0.2,0.0,0.0,0.0,0.0,slip_3_3,True,31,0,4,3307731303,ls_first_valid,True,3307731303,True,False,False,valid_list_complete,8,8,31,7,1,1,0,0,0,0,31,0.0009229501010850072,0.22580645161290322
PF32_DENSE_EARLY,PF32_DENSE_EARLY_c0_t4,32,20,0.625,dense,7.0,1.0,0.5,0.2,0.0,0.0,0.0,0.0,slip_3_3,True,31,0,4,3307731303,ls_list_marginal_L2,True,3307731303,True,False,False,valid_list_complete,9600,8028,31,31,4,2,2,62,1984,0,62,0.10952783504035324,1.0
PF32_DENSE_EARLY,PF32_DENSE_EARLY_c0_t4,32,20,0.625,dense,7.0,1.0,0.5,0.2,0.0,0.0,0.0,0.0,slip_3_3,True,31,0,4,3307731303,ls_list_marginal_L4,True,3307731303,True,False,False,valid_list_complete,17062,13968,31,31,7,4,4,124,3968,0,62,0.1704513959120959,1.0
PF32_DENSE_EARLY,PF32_DENSE_EARLY_c0_t4,32,20,0.625,dense,7.0,1.0,0.5,0.2,0.0,0.0,0.0,0.0,slip_3_3,True,31,0,4,3307731303,ls_list_marginal_L8,True,3307731303,True,False,True,query_cap_before_list,25000,20164,31,31,8,5,5,155,4960,0,62,0.3198252789443359,1.0
PF32_DENSE_EARLY,PF32_DENSE_EARLY_c0_t4,32,20,0.625,dense,7.0,1.0,0.5,0.2,0.0,0.0,0.0,0.0,slip_3_3,True,31,0,4,3307731303,latent_osd_batch_o2_s31,True,3307731303,True,False,False,best_marginal_in_osd_union,1736,0,31,31,1013,1013,1013,31403,1004896,1736,31,0.10463397100102156,1.0
PF32_DENSE_EARLY,PF32_DENSE_EARLY_c0_t4,32,20,0.625,dense,7.0,1.0,0.5,0.2,0.0,0.0,0.0,0.0,slip_3_3,True,31,0,4,3307731303,plain_osd_batch_o2,False,3335398366,True,False,False,best_marginal_in_osd_union,56,0,1,1,56,56,56,56,1792,56,1,0.0027340829838067293,1.0
PF32_DENSE_EARLY,PF32_DENSE_EARLY_c0_t4,32,20,0.625,dense,7.0,1.0,0.5,0.2,0.0,0.0,0.0,0.0,slip_3_3,True,31,0,4,3307731303,lsgrand_certified_v1_bound,True,3307731303,True,True,False,strict_unseen_codeword_certificate,64,64,31,31,1,1,0,64,2048,0,31,0.0022017910378053784,1.0
PF32_DENSE_EARLY,PF32_DENSE_EARLY_c0_t5,32,20,0.625,dense,7.0,1.0,0.5,0.2,0.0,0.0,0.0,0.0,slip_3_3,True,31,0,5,3006281097,ls_first_valid,True,3006281097,True,False,False,valid_list_complete,49,49,31,31,1,1,0,0,0,0,31,0.0012866819743067026,1.0
PF32_DENSE_EARLY,PF32_DENSE_EARLY_c0_t5,32,20,0.625,dense,7.0,1.0,0.5,0.2,0.0,0.0,0.0,0.0,slip_3_3,True,31,0,5,3006281097,ls_list_marginal_L2,True,3006281097,True,False,False,valid_list_complete,11903,9822,31,31,4,2,2,62,1984,0,62,0.12617632502224296,1.0
PF32_DENSE_EARLY,PF32_DENSE_EARLY_c0_t5,32,20,0.625,dense,7.0,1.0,0.5,0.2,0.0,0.0,0.0,0.0,slip_3_3,True,31,0,5,3006281097,ls_list_marginal_L4,True,3006281097,True,False,False,valid_list_complete,13134,10792,31,31,6,4,4,124,3968,0,62,0.13196428411174566,1.0
PF32_DENSE_EARLY,PF32_DENSE_EARLY_c0_t5,32,20,0.625,dense,7.0,1.0,0.5,0.2,0.0,0.0,0.0,0.0,slip_3_3,True,31,0,5,3006281097,ls_list_marginal_L8,True,3006281097,True,False,True,query_cap_before_list,25000,20012,31,31,10,6,6,186,5952,0,62,0.34902750607579947,1.0
PF32_DENSE_EARLY,PF32_DENSE_EARLY_c0_t5,32,20,0.625,dense,7.0,1.0,0.5,0.2,0.0,0.0,0.0,0.0,slip_3_3,True,31,0,5,3006281097,latent_osd_batch_o2_s31,True,3006281097,True,False,False,best_marginal_in_osd_union,1736,0,31,31,940,940,940,29140,932480,1736,31,0.07771711703389883,1.0
PF32_DENSE_EARLY,PF32_DENSE_EARLY_c0_t5,32,20,0.625,dense,7.0,1.0,0.5,0.2,0.0,0.0,0.0,0.0,slip_3_3,True,31,0,5,3006281097,plain_osd_batch_o2,False,977633171,True,False,False,best_marginal_in_osd_union,56,0,1,1,56,56,56,56,1792,56,1,0.0023389810230582952,1.0
PF32_DENSE_EARLY,PF32_DENSE_EARLY_c0_t5,32,20,0.625,dense,7.0,1.0,0.5,0.2,0.0,0.0,0.0,0.0,slip_3_3,True,31,0,5,3006281097,lsgrand_certified_v1_bound,True,3006281097,True,True,False,strict_unseen_codeword_certificate,416,416,31,31,1,1,0,416,13312,0,31,0.00514832092449069,1.0
PF32_DENSE_EARLY,PF32_DENSE_EARLY_c0_t6,32,20,0.625,dense,7.0,1.0,0.5,0.2,0.0,0.0,0.0,0.0,slip_3_3,True,31,0,6,3606523191,ls_first_valid,True,3606523191,True,False,False,valid_list_complete,9,9,31,7,1,1,0,0,0,0,31,0.0009108519880101085,0.22580645161290322
PF32_DENSE_EARLY,PF32_DENSE_EARLY_c0_t6,32,20,0.625,dense,7.0,1.0,0.5,0.2,0.0,0.0,0.0,0.0,slip_3_3,True,31,0,6,3606523191,ls_list_marginal_L2,True,3606523191,True,False,False,valid_list_complete,16581,13266,31,31,5,2,2,62,1984,0,62,0.1762573990272358,1.0
PF32_DENSE_EARLY,PF32_DENSE_EARLY_c0_t6,32,20,0.625,dense,7.0,1.0,0.5,0.2,0.0,0.0,0.0,0.0,slip_3_3,True,31,0,6,3606523191,ls_list_marginal_L4,True,3606523191,True,False,False,valid_list_complete,22332,17704,31,31,7,4,4,124,3968,0,62,0.243866857024841,1.0
PF32_DENSE_EARLY,PF32_DENSE_EARLY_c0_t6,32,20,0.625,dense,7.0,1.0,0.5,0.2,0.0,0.0,0.0,0.0,slip_3_3,True,31,0,6,3606523191,ls_list_marginal_L8,True,3606523191,True,False,True,query_cap_before_list,25000,19727,31,31,8,5,5,155,4960,0,62,0.3241479230346158,1.0
PF32_DENSE_EARLY,PF32_DENSE_EARLY_c0_t6,32,20,0.625,dense,7.0,1.0,0.5,0.2,0.0,0.0,0.0,0.0,slip_3_3,True,31,0,6,3606523191,latent_osd_batch_o2_s31,True,3606523191,True,False,False,best_marginal_in_osd_union,1736,0,31,31,874,874,874,27094,867008,1736,31,0.0854472869541496,1.0
PF32_DENSE_EARLY,PF32_DENSE_EARLY_c0_t6,32,20,0.625,dense,7.0,1.0,0.5,0.2,0.0,0.0,0.0,0.0,slip_3_3,True,31,0,6,3606523191,plain_osd_batch_o2,False,3559820108,True,False,False,best_marginal_in_osd_union,56,0,1,1,56,56,56,56,1792,56,1,0.0021583610214293003,1.0
PF32_DENSE_EARLY,PF32_DENSE_EARLY_c0_t6,32,20,0.625,dense,7.0,1.0,0.5,0.2,0.0,0.0,0.0,0.0,slip_3_3,True,31,0,6,3606523191,lsgrand_certified_v1_bound,True,3606523191,True,True,False,strict_unseen_codeword_certificate,128,128,31,31,1,1,0,128,4096,0,31,0.0022654859349131584,1.0
PF32_DENSE_EARLY,PF32_DENSE_EARLY_c0_t7,32,20,0.625,dense,7.0,1.0,0.5,0.2,0.0,0.0,0.0,0.0,slip_3_1,True,31,0,7,1948650201,ls_first_valid,True,1948650201,True,False,False,valid_list_complete,102,97,31,31,1,1,0,0,0,0,31,0.0018249680288136005,1.0
PF32_DENSE_EARLY,PF32_DENSE_EARLY_c0_t7,32,20,0.625,dense,7.0,1.0,0.5,0.2,0.0,0.0,0.0,0.0,slip_3_1,True,31,0,7,1948650201,ls_list_marginal_L2,True,1948650201,True,False,False,valid_list_complete,613,544,31,31,2,2,2,62,1984,0,62,0.007558693992905319,1.0
PF32_DENSE_EARLY,PF32_DENSE_EARLY_c0_t7,32,20,0.625,dense,7.0,1.0,0.5,0.2,0.0,0.0,0.0,0.0,slip_3_1,True,31,0,7,1948650201,ls_list_marginal_L4,True,1948650201,True,False,False,valid_list_complete,9091,7440,31,31,7,4,4,124,3968,0,62,0.09268717106897384,1.0
PF32_DENSE_EARLY,PF32_DENSE_EARLY_c0_t7,32,20,0.625,dense,7.0,1.0,0.5,0.2,0.0,0.0,0.0,0.0,slip_3_1,True,31,0,7,1948650201,ls_list_marginal_L8,True,1948650201,True,False,True,query_cap_before_list,25000,19634,31,31,10,7,7,217,6944,0,62,0.25273724796716124,1.0
PF32_DENSE_EARLY,PF32_DENSE_EARLY_c0_t7,32,20,0.625,dense,7.0,1.0,0.5,0.2,0.0,0.0,0.0,0.0,slip_3_1,True,31,0,7,1948650201,latent_osd_batch_o2_s31,True,1948650201,True,False,False,best_marginal_in_osd_union,1736,0,31,31,915,915,915,28365,907680,1736,31,0.07702663994859904,1.0
PF32_DENSE_EARLY,PF32_DENSE_EARLY_c0_t7,32,20,0.625,dense,7.0,1.0,0.5,0.2,0.0,0.0,0.0,0.0,slip_3_1,True,31,0,7,1948650201,plain_osd_batch_o2,False,2011408204,True,False,False,best_marginal_in_osd_union,56,0,1,1,56,56,56,56,1792,56,1,0.0025495410664007068,1.0
PF32_DENSE_EARLY,PF32_DENSE_EARLY_c0_t7,32,20,0.625,dense,7.0,1.0,0.5,0.2,0.0,0.0,0.0,0.0,slip_3_1,True,31,0,7,1948650201,lsgrand_certified_v1_bound,True,1948650201,True,True,False,strict_unseen_codeword_certificate,256,256,31,31,1,1,0,256,8192,0,31,0.0034896970028057694,1.0
PF32_DENSE_EARLY,PF32_DENSE_EARLY_c0_t8,32,20,0.625,dense,7.0,1.0,0.5,0.2,0.0,0.0,0.0,0.0,slip_3_1,True,31,0,8,504865902,ls_first_valid,True,504865902,True,False,False,valid_list_complete,9,9,31,6,1,1,0,0,0,0,31,0.0015741450479254127,0.1935483870967742
PF32_DENSE_EARLY,PF32_DENSE_EARLY_c0_t8,32,20,0.625,dense,7.0,1.0,0.5,0.2,0.0,0.0,0.0,0.0,slip_3_1,True,31,0,8,504865902,ls_list_marginal_L2,True,504865902,True,False,False,valid_list_complete,6002,4898,31,31,3,2,2,62,1984,0,62,0.06310718599706888,1.0
PF32_DENSE_EARLY,PF32_DENSE_EARLY_c0_t8,32,20,0.625,dense,7.0,1.0,0.5,0.2,0.0,0.0,0.0,0.0,slip_3_1,True,31,0,8,504865902,ls_list_marginal_L4,True,504865902,True,False,False,valid_list_complete,22315,17205,31,31,7,4,4,124,3968,0,62,0.21353572700172663,1.0
PF32_DENSE_EARLY,PF32_DENSE_EARLY_c0_t8,32,20,0.625,dense,7.0,1.0,0.5,0.2,0.0,0.0,0.0,0.0,slip_3_1,True,31,0,8,504865902,ls_list_marginal_L8,True,504865902,True,False,True,query_cap_before_list,25000,19183,31,31,7,4,4,124,3968,0,62,0.261435438063927,1.0
PF32_DENSE_EARLY,PF32_DENSE_EARLY_c0_t8,32,20,0.625,dense,7.0,1.0,0.5,0.2,0.0,0.0,0.0,0.0,slip_3_1,True,31,0,8,504865902,latent_osd_batch_o2_s31,True,504865902,True,False,False,best_marginal_in_osd_union,1736,0,31,31,814,814,814,25234,807488,1736,31,0.09860734909307212,1.0
PF32_DENSE_EARLY,PF32_DENSE_EARLY_c0_t8,32,20,0.625,dense,7.0,1.0,0.5,0.2,0.0,0.0,0.0,0.0,slip_3_1,True,31,0,8,504865902,plain_osd_batch_o2,False,528610985,True,False,False,best_marginal_in_osd_union,56,0,1,1,56,56,56,56,1792,56,1,0.0032170111080631614,1.0
PF32_DENSE_EARLY,PF32_DENSE_EARLY_c0_t8,32,20,0.625,dense,7.0,1.0,0.5,0.2,0.0,0.0,0.0,0.0,slip_3_1,True,31,0,8,504865902,lsgrand_certified_v1_bound,True,504865902,True,True,False,strict_unseen_codeword_certificate,128,128,31,31,1,1,0,128,4096,0,31,0.0032667419873178005,1.0
PF32_DENSE_EARLY,PF32_DENSE_EARLY_c0_t9,32,20,0.625,dense,7.0,1.0,0.5,0.2,0.0,0.0,0.0,0.0,slip_3_1,True,31,0,9,4047599951,ls_first_valid,True,4047599951,True,False,False,valid_list_complete,13,13,31,6,1,1,0,0,0,0,31,0.0011932390043511987,0.1935483870967742
PF32_DENSE_EARLY,PF32_DENSE_EARLY_c0_t9,32,20,0.625,dense,7.0,1.0,0.5,0.2,0.0,0.0,0.0,0.0,slip_3_1,True,31,0,9,4047599951,ls_list_marginal_L2,True,4047599951,True,False,False,valid_list_complete,10333,8423,31,31,4,2,2,62,1984,0,62,0.13641599693801254,1.0
PF32_DENSE_EARLY,PF32_DENSE_EARLY_c0_t9,32,20,0.625,dense,7.0,1.0,0.5,0.2,0.0,0.0,0.0,0.0,slip_3_1,True,31,0,9,4047599951,ls_list_marginal_L4,True,4047599951,True,False,False,valid_list_complete,22631,17905,31,31,7,4,4,124,3968,0,62,0.27754080505110323,1.0
PF32_DENSE_EARLY,PF32_DENSE_EARLY_c0_t9,32,20,0.625,dense,7.0,1.0,0.5,0.2,0.0,0.0,0.0,0.0,slip_3_1,True,31,0,9,4047599951,ls_list_marginal_L8,True,4047599951,True,False,True,query_cap_before_list,25000,19707,31,31,9,4,4,124,3968,0,62,0.3580659319413826,1.0
PF32_DENSE_EARLY,PF32_DENSE_EARLY_c0_t9,32,20,0.625,dense,7.0,1.0,0.5,0.2,0.0,0.0,0.0,0.0,slip_3_1,True,31,0,9,4047599951,latent_osd_batch_o2_s31,True,4047599951,True,False,False,best_marginal_in_osd_union,1736,0,31,31,908,908,908,28148,900736,1736,31,0.07962644507642835,1.0
PF32_DENSE_EARLY,PF32_DENSE_EARLY_c0_t9,32,20,0.625,dense,7.0,1.0,0.5,0.2,0.0,0.0,0.0,0.0,slip_3_1,True,31,0,9,4047599951,plain_osd_batch_o2,False,841503781,True,False,False,best_marginal_in_osd_union,56,0,1,1,56,56,56,56,1792,56,1,0.0030284939566627145,1.0
PF32_DENSE_EARLY,PF32_DENSE_EARLY_c0_t9,32,20,0.625,dense,7.0,1.0,0.5,0.2,0.0,0.0,0.0,0.0,slip_3_1,True,31,0,9,4047599951,lsgrand_certified_v1_bound,True,4047599951,True,True,False,strict_unseen_codeword_certificate,288,288,31,31,1,1,0,288,9216,0,31,0.003990049008280039,1.0
PF32_DENSE_EARLY,PF32_DENSE_EARLY_c0_t10,32,20,0.625,dense,7.0,1.0,0.5,0.2,0.0,0.0,0.0,0.0,slip_3_1,True,31,0,10,4000223024,ls_first_valid,True,4000223024,True,False,False,valid_list_complete,39,39,31,31,1,1,0,0,0,0,31,0.0011797850020229816,1.0
PF32_DENSE_EARLY,PF32_DENSE_EARLY_c0_t10,32,20,0.625,dense,7.0,1.0,0.5,0.2,0.0,0.0,0.0,0.0,slip_3_1,True,31,0,10,4000223024,ls_list_marginal_L2,True,4000223024,True,False,False,valid_list_complete,5667,4863,31,31,3,2,2,62,1984,0,62,0.0714431080268696,1.0
PF32_DENSE_EARLY,PF32_DENSE_EARLY_c0_t10,32,20,0.625,dense,7.0,1.0,0.5,0.2,0.0,0.0,0.0,0.0,slip_3_1,True,31,0,10,4000223024,ls_list_marginal_L4,True,4000223024,True,False,False,valid_list_complete,19855,16293,31,31,7,4,4,124,3968,0,62,0.28655309800524265,1.0
PF32_DENSE_EARLY,PF32_DENSE_EARLY_c0_t10,32,20,0.625,dense,7.0,1.0,0.5,0.2,0.0,0.0,0.0,0.0,slip_3_1,True,31,0,10,4000223024,ls_list_marginal_L8,True,4000223024,True,False,True,query_cap_before_list,25000,20334,31,31,9,5,5,155,4960,0,62,0.2971542439190671,1.0
PF32_DENSE_EARLY,PF32_DENSE_EARLY_c0_t10,32,20,0.625,dense,7.0,1.0,0.5,0.2,0.0,0.0,0.0,0.0,slip_3_1,True,31,0,10,4000223024,latent_osd_batch_o2_s31,True,4000223024,True,False,False,best_marginal_in_osd_union,1736,0,31,31,1025,1025,1025,31775,1016800,1736,31,0.08764415699988604,1.0
PF32_DENSE_EARLY,PF32_DENSE_EARLY_c0_t10,32,20,0.625,dense,7.0,1.0,0.5,0.2,0.0,0.0,0.0,0.0,slip_3_1,True,31,0,10,4000223024,plain_osd_batch_o2,False,4013024698,True,False,False,best_marginal_in_osd_union,56,0,1,1,56,56,56,56,1792,56,1,0.0024714870378375053,1.0
PF32_DENSE_EARLY,PF32_DENSE_EARLY_c0_t10,32,20,0.625,dense,7.0,1.0,0.5,0.2,0.0,0.0,0.0,0.0,slip_3_1,True,31,0,10,4000223024,lsgrand_certified_v1_bound,True,4000223024,True,True,False,strict_unseen_codeword_certificate,128,128,31,31,1,1,0,128,4096,0,31,0.002432984998449683,1.0
PF32_DENSE_EARLY,PF32_DENSE_EARLY_c0_t11,32,20,0.625,dense,7.0,1.0,0.5,0.2,0.0,0.0,0.0,0.0,slip_3_1,True,31,0,11,1528081410,ls_first_valid,True,1528081410,True,False,False,valid_list_complete,419,379,31,31,1,1,0,0,0,0,31,0.004946246976032853,1.0
PF32_DENSE_EARLY,PF32_DENSE_EARLY_c0_t11,32,20,0.625,dense,7.0,1.0,0.5,0.2,0.0,0.0,0.0,0.0,slip_3_1,True,31,0,11,1528081410,ls_list_marginal_L2,True,1528081410,True,False,False,valid_list_complete,1092,960,31,31,2,2,2,62,1984,0,62,0.012136877048760653,1.0
PF32_DENSE_EARLY,PF32_DENSE_EARLY_c0_t11,32,20,0.625,dense,7.0,1.0,0.5,0.2,0.0,0.0,0.0,0.0,slip_3_1,True,31,0,11,1528081410,ls_list_marginal_L4,True,1528081410,True,False,False,valid_list_complete,12809,10384,31,31,7,4,4,124,3968,0,62,0.1274060249561444,1.0
PF32_DENSE_EARLY,PF32_DENSE_EARLY_c0_t11,32,20,0.625,dense,7.0,1.0,0.5,0.2,0.0,0.0,0.0,0.0,slip_3_1,True,31,0,11,1528081410,ls_list_marginal_L8,True,1528081410,True,False,True,query_cap_before_list,25000,19744,31,31,10,5,5,155,4960,0,62,0.28673571697436273,1.0
PF32_DENSE_EARLY,PF32_DENSE_EARLY_c0_t11,32,20,0.625,dense,7.0,1.0,0.5,0.2,0.0,0.0,0.0,0.0,slip_3_1,True,31,0,11,1528081410,latent_osd_batch_o2_s31,True,1528081410,True,False,False,best_marginal_in_osd_union,1736,0,31,31,994,994,994,30814,986048,1736,31,0.09730748401489109,1.0
PF32_DENSE_EARLY,PF32_DENSE_EARLY_c0_t11,32,20,0.625,dense,7.0,1.0,0.5,0.2,0.0,0.0,0.0,0.0,slip_3_1,True,31,0,11,1528081410,plain_osd_batch_o2,False,1502049930,True,False,False,best_marginal_in_osd_union,56,0,1,1,56,56,56,56,1792,56,1,0.003446039976552129,1.0
PF32_DENSE_EARLY,PF32_DENSE_EARLY_c0_t11,32,20,0.625,dense,7.0,1.0,0.5,0.2,0.0,0.0,0.0,0.0,slip_3_1,True,31,0,11,1528081410,lsgrand_certified_v1_bound,True,1528081410,True,True,False,strict_unseen_codeword_certificate,1984,1984,31,31,2,2,0,1984,63488,0,31,0.027859227964654565,1.0
PF32_DENSE_EARLY,PF32_DENSE_EARLY_c0_t12,32,20,0.625,dense,7.0,1.0,0.5,0.2,0.0,0.0,0.0,0.0,slip_3_3,True,31,0,12,2735720630,ls_first_valid,True,2735720630,True,False,False,valid_list_complete,7,7,31,7,1,1,0,0,0,0,31,0.0017956570954993367,0.22580645161290322
PF32_DENSE_EARLY,PF32_DENSE_EARLY_c0_t12,32,20,0.625,dense,7.0,1.0,0.5,0.2,0.0,0.0,0.0,0.0,slip_3_3,True,31,0,12,2735720630,ls_list_marginal_L2,True,2735720630,True,False,False,valid_list_complete,11904,10058,31,31,6,2,2,62,1984,0,62,0.14551768894307315,1.0
PF32_DENSE_EARLY,PF32_DENSE_EARLY_c0_t12,32,20,0.625,dense,7.0,1.0,0.5,0.2,0.0,0.0,0.0,0.0,slip_3_3,True,31,0,12,2735720630,ls_list_marginal_L4,True,2735720630,True,False,True,query_cap_before_list,25000,20570,31,31,7,3,3,93,2976,0,62,0.2579207899980247,1.0
PF32_DENSE_EARLY,PF32_DENSE_EARLY_c0_t12,32,20,0.625,dense,7.0,1.0,0.5,0.2,0.0,0.0,0.0,0.0,slip_3_3,True,31,0,12,2735720630,ls_list_marginal_L8,True,2735720630,True,False,True,query_cap_before_list,25000,20570,31,31,7,3,3,93,2976,0,62,0.2518420870183036,1.0
PF32_DENSE_EARLY,PF32_DENSE_EARLY_c0_t12,32,20,0.625,dense,7.0,1.0,0.5,0.2,0.0,0.0,0.0,0.0,slip_3_3,True,31,0,12,2735720630,latent_osd_batch_o2_s31,True,2735720630,True,False,False,best_marginal_in_osd_union,1736,0,31,31,959,959,959,29729,951328,1736,31,0.08403179701417685,1.0
PF32_DENSE_EARLY,PF32_DENSE_EARLY_c0_t12,32,20,0.625,dense,7.0,1.0,0.5,0.2,0.0,0.0,0.0,0.0,slip_3_3,True,31,0,12,2735720630,plain_osd_batch_o2,False,2724141356,True,False,False,best_marginal_in_osd_union,56,0,1,1,56,56,56,56,1792,56,1,0.0025723509024828672,1.0
PF32_DENSE_EARLY,PF32_DENSE_EARLY_c0_t12,32,20,0.625,dense,7.0,1.0,0.5,0.2,0.0,0.0,0.0,0.0,slip_3_3,True,31,0,12,2735720630,lsgrand_certified_v1_bound,True,2735720630,True,True,False,strict_unseen_codeword_certificate,64,64,31,31,1,1,0,64,2048,0,31,0.0018617530586197972,1.0
PF32_DENSE_EARLY,PF32_DENSE_EARLY_c0_t13,32,20,0.625,dense,7.0,1.0,0.5,0.2,0.0,0.0,0.0,0.0,slip_3_1,True,31,0,13,1559995703,ls_first_valid,True,1559995703,True,False,False,valid_list_complete,1744,1495,31,31,1,1,0,0,0,0,31,0.024067606078460813,1.0
PF32_DENSE_EARLY,PF32_DENSE_EARLY_c0_t13,32,20,0.625,dense,7.0,1.0,0.5,0.2,0.0,0.0,0.0,0.0,slip_3_1,True,31,0,13,1559995703,ls_list_marginal_L2,True,1559995703,True,False,False,valid_list_complete,2555,2181,31,31,2,2,2,62,1984,0,62,0.02906198101118207,1.0
PF32_DENSE_EARLY,PF32_DENSE_EARLY_c0_t13,32,20,0.625,dense,7.0,1.0,0.5,0.2,0.0,0.0,0.0,0.0,slip_3_1,True,31,0,13,1559995703,ls_list_marginal_L4,True,1559995703,True,False,False,valid_list_complete,7757,6276,31,31,4,4,4,124,3968,0,62,0.1031994849909097,1.0
PF32_DENSE_EARLY,PF32_DENSE_EARLY_c0_t13,32,20,0.625,dense,7.0,1.0,0.5,0.2,0.0,0.0,0.0,0.0,slip_3_1,True,31,0,13,1559995703,ls_list_marginal_L8,True,1559995703,True,False,False,valid_list_complete,15853,12528,31,31,8,8,8,248,7936,0,62,0.16151243797503412,1.0
PF32_DENSE_EARLY,PF32_DENSE_EARLY_c0_t13,32,20,0.625,dense,7.0,1.0,0.5,0.2,0.0,0.0,0.0,0.0,slip_3_1,True,31,0,13,1559995703,latent_osd_batch_o2_s31,True,1559995703,True,False,False,best_marginal_in_osd_union,1736,0,31,31,900,900,900,27900,892800,1736,31,0.06715931801591069,1.0
PF32_DENSE_EARLY,PF32_DENSE_EARLY_c0_t13,32,20,0.625,dense,7.0,1.0,0.5,0.2,0.0,0.0,0.0,0.0,slip_3_1,True,31,0,13,1559995703,plain_osd_batch_o2,False,511471760,True,False,False,best_marginal_in_osd_union,56,0,1,1,56,56,56,56,1792,56,1,0.00217159790918231,1.0
PF32_DENSE_EARLY,PF32_DENSE_EARLY_c0_t13,32,20,0.625,dense,7.0,1.0,0.5,0.2,0.0,0.0,0.0,0.0,slip_3_1,True,31,0,13,1559995703,lsgrand_certified_v1_bound,True,1559995703,True,True,False,strict_unseen_codeword_certificate,7328,7328,31,31,3,3,0,7328,234496,0,31,0.08359695004764944,1.0
PF32_DENSE_EARLY,PF32_DENSE_EARLY_c0_t14,32,20,0.625,dense,7.0,1.0,0.5,0.2,0.0,0.0,0.0,0.0,slip_3_3,True,31,0,14,3781389960,ls_first_valid,True,3781389960,True,False,False,valid_list_complete,10,10,31,9,1,1,0,0,0,0,31,0.0018153979908674955,0.2903225806451613
PF32_DENSE_EARLY,PF32_DENSE_EARLY_c0_t14,32,20,0.625,dense,7.0,1.0,0.5,0.2,0.0,0.0,0.0,0.0,slip_3_3,True,31,0,14,3781389960,ls_list_marginal_L2,True,3781389960,True,False,False,valid_list_complete,267,246,31,31,5,2,2,62,1984,0,62,0.006713025039061904,1.0
PF32_DENSE_EARLY,PF32_DENSE_EARLY_c0_t14,32,20,0.625,dense,7.0,1.0,0.5,0.2,0.0,0.0,0.0,0.0,slip_3_3,True,31,0,14,3781389960,ls_list_marginal_L4,True,3781389960,True,False,False,valid_list_complete,9253,7736,31,31,8,4,4,124,3968,0,62,0.09919659001752734,1.0
PF32_DENSE_EARLY,PF32_DENSE_EARLY_c0_t14,32,20,0.625,dense,7.0,1.0,0.5,0.2,0.0,0.0,0.0,0.0,slip_3_3,True,31,0,14,3781389960,ls_list_marginal_L8,True,3781389960,True,False,False,valid_list_complete,23024,18679,31,31,13,8,8,248,7936,0,62,0.23033718997612596,1.0
PF32_DENSE_EARLY,PF32_DENSE_EARLY_c0_t14,32,20,0.625,dense,7.0,1.0,0.5,0.2,0.0,0.0,0.0,0.0,slip_3_3,True,31,0,14,3781389960,latent_osd_batch_o2_s31,True,3781389960,True,False,False,best_marginal_in_osd_union,1736,0,31,31,949,949,949,29419,941408,1736,31,0.08291782299056649,1.0
PF32_DENSE_EARLY,PF32_DENSE_EARLY_c0_t14,32,20,0.625,dense,7.0,1.0,0.5,0.2,0.0,0.0,0.0,0.0,slip_3_3,True,31,0,14,3781389960,plain_osd_batch_o2,False,3789998097,True,False,False,best_marginal_in_osd_union,56,0,1,1,56,56,56,56,1792,56,1,0.004954152973368764,1.0
PF32_DENSE_EARLY,PF32_DENSE_EARLY_c0_t14,32,20,0.625,dense,7.0,1.0,0.5,0.2,0.0,0.0,0.0,0.0,slip_3_3,True,31,0,14,3781389960,lsgrand_certified_v1_bound,True,3781389960,True,True,False,strict_unseen_codeword_certificate,64,64,31,31,2,1,0,64,2048,0,31,0.0018042309675365686,1.0
PF32_DENSE_EARLY,PF32_DENSE_EARLY_c0_t15,32,20,0.625,dense,7.0,1.0,0.5,0.2,0.0,0.0,0.0,0.0,slip_3_1,True,31,0,15,254179654,ls_first_valid,True,254179654,True,False,False,valid_list_complete,79,77,31,31,1,1,0,0,0,0,31,0.0016915120650082827,1.0
PF32_DENSE_EARLY,PF32_DENSE_EARLY_c0_t15,32,20,0.625,dense,7.0,1.0,0.5,0.2,0.0,0.0,0.0,0.0,slip_3_1,True,31,0,15,254179654,ls_list_marginal_L2,True,254179654,True,False,False,valid_list_complete,5229,4344,31,31,4,2,2,62,1984,0,62,0.05528994800988585,1.0
PF32_DENSE_EARLY,PF32_DENSE_EARLY_c0_t15,32,20,0.625,dense,7.0,1.0,0.5,0.2,0.0,0.0,0.0,0.0,slip_3_1,True,31,0,15,254179654,ls_list_marginal_L4,True,254179654,True,False,True,query_cap_before_list,25000,19524,31,31,5,3,3,93,2976,0,62,0.37361947598401457,1.0
PF32_DENSE_EARLY,PF32_DENSE_EARLY_c0_t15,32,20,0.625,dense,7.0,1.0,0.5,0.2,0.0,0.0,0.0,0.0,slip_3_1,True,31,0,15,254179654,ls_list_marginal_L8,True,254179654,True,False,True,query_cap_before_list,25000,19524,31,31,5,3,3,93,2976,0,62,0.2651052169967443,1.0
PF32_DENSE_EARLY,PF32_DENSE_EARLY_c0_t15,32,20,0.625,dense,7.0,1.0,0.5,0.2,0.0,0.0,0.0,0.0,slip_3_1,True,31,0,15,254179654,latent_osd_batch_o2_s31,True,254179654,True,False,False,best_marginal_in_osd_union,1736,0,31,31,895,895,895,27745,887840,1736,31,0.08781604503747076,1.0
PF32_DENSE_EARLY,PF32_DENSE_EARLY_c0_t15,32,20,0.625,dense,7.0,1.0,0.5,0.2,0.0,0.0,0.0,0.0,slip_3_1,True,31,0,15,254179654,plain_osd_batch_o2,False,229693473,True,False,False,best_marginal_in_osd_union,56,0,1,1,56,56,56,56,1792,56,1,0.0038548270240426064,1.0
PF32_DENSE_EARLY,PF32_DENSE_EARLY_c0_t15,32,20,0.625,dense,7.0,1.0,0.5,0.2,0.0,0.0,0.0,0.0,slip_3_1,True,31,0,15,254179654,lsgrand_certified_v1_bound,True,254179654,True,True,False,strict_unseen_codeword_certificate,480,480,31,31,1,1,0,480,15360,0,31,0.007704697083681822,1.0
PF32_DENSE_EARLY,PF32_DENSE_EARLY_c0_t16,32,20,0.625,dense,7.0,1.0,0.5,0.2,0.0,0.0,0.0,0.0,slip_3_3,True,31,0,16,2676391730,ls_first_valid,True,2676391730,True,False,False,valid_list_complete,7,7,31,7,1,1,0,0,0,0,31,0.0023629110073670745,0.22580645161290322
PF32_DENSE_EARLY,PF32_DENSE_EARLY_c0_t16,32,20,0.625,dense,7.0,1.0,0.5,0.2,0.0,0.0,0.0,0.0,slip_3_3,True,31,0,16,2676391730,ls_list_marginal_L2,True,2676391730,True,False,False,valid_list_complete,8285,6922,31,31,4,2,2,62,1984,0,62,0.11136455798987299,1.0
PF32_DENSE_EARLY,PF32_DENSE_EARLY_c0_t16,32,20,0.625,dense,7.0,1.0,0.5,0.2,0.0,0.0,0.0,0.0,slip_3_3,True,31,0,16,2676391730,ls_list_marginal_L4,True,2676391730,True,False,False,valid_list_complete,16491,13445,31,31,6,4,4,124,3968,0,62,0.2398339769570157,1.0
PF32_DENSE_EARLY,PF32_DENSE_EARLY_c0_t16,32,20,0.625,dense,7.0,1.0,0.5,0.2,0.0,0.0,0.0,0.0,slip_3_3,True,31,0,16,2676391730,ls_list_marginal_L8,True,2676391730,True,False,False,valid_list_complete,23310,18757,31,31,12,8,8,248,7936,0,62,0.28790130105335265,1.0
PF32_DENSE_EARLY,PF32_DENSE_EARLY_c0_t16,32,20,0.625,dense,7.0,1.0,0.5,0.2,0.0,0.0,0.0,0.0,slip_3_3,True,31,0,16,2676391730,latent_osd_batch_o2_s31,True,2676391730,True,False,False,best_marginal_in_osd_union,1736,0,31,31,929,929,929,28799,921568,1736,31,0.127406382933259,1.0
PF32_DENSE_EARLY,PF32_DENSE_EARLY_c0_t16,32,20,0.625,dense,7.0,1.0,0.5,0.2,0.0,0.0,0.0,0.0,slip_3_3,True,31,0,16,2676391730,plain_osd_batch_o2,False,2522671854,True,False,False,best_marginal_in_osd_union,56,0,1,1,56,56,56,56,1792,56,1,0.0032981629483401775,1.0
PF32_DENSE_EARLY,PF32_DENSE_EARLY_c0_t16,32,20,0.625,dense,7.0,1.0,0.5,0.2,0.0,0.0,0.0,0.0,slip_3_3,True,31,0,16,2676391730,lsgrand_certified_v1_bound,True,2676391730,True,True,False,strict_unseen_codeword_certificate,64,64,31,31,1,1,0,64,2048,0,31,0.0022776519181206822,1.0
PF32_DENSE_EARLY,PF32_DENSE_EARLY_c0_t17,32,20,0.625,dense,7.0,1.0,0.5,0.2,0.0,0.0,0.0,0.0,slip_3_1,True,31,0,17,557001733,ls_first_valid,True,557001733,True,False,False,valid_list_complete,8,8,31,6,1,1,0,0,0,0,31,0.0011797830229625106,0.1935483870967742
PF32_DENSE_EARLY,PF32_DENSE_EARLY_c0_t17,32,20,0.625,dense,7.0,1.0,0.5,0.2,0.0,0.0,0.0,0.0,slip_3_1,True,31,0,17,557001733,ls_list_marginal_L2,True,557001733,True,False,False,valid_list_complete,2107,1835,31,31,3,2,2,62,1984,0,62,0.030090871965512633,1.0
PF32_DENSE_EARLY,PF32_DENSE_EARLY_c0_t17,32,20,0.625,dense,7.0,1.0,0.5,0.2,0.0,0.0,0.0,0.0,slip_3_1,True,31,0,17,557001733,ls_list_marginal_L4,True,557001733,True,False,False,valid_list_complete,22518,17936,31,31,8,4,4,124,3968,0,62,0.3238259149948135,1.0
PF32_DENSE_EARLY,PF32_DENSE_EARLY_c0_t17,32,20,0.625,dense,7.0,1.0,0.5,0.2,0.0,0.0,0.0,0.0,slip_3_1,True,31,0,17,557001733,ls_list_marginal_L8,True,557001733,True,False,True,query_cap_before_list,25000,19849,31,31,10,6,6,186,5952,0,62,0.3642449879553169,1.0
PF32_DENSE_EARLY,PF32_DENSE_EARLY_c0_t17,32,20,0.625,dense,7.0,1.0,0.5,0.2,0.0,0.0,0.0,0.0,slip_3_1,True,31,0,17,557001733,latent_osd_batch_o2_s31,True,557001733,True,False,False,best_marginal_in_osd_union,1736,0,31,31,861,861,861,26691,854112,1736,31,0.09880187001544982,1.0
PF32_DENSE_EARLY,PF32_DENSE_EARLY_c0_t17,32,20,0.625,dense,7.0,1.0,0.5,0.2,0.0,0.0,0.0,0.0,slip_3_1,True,31,0,17,557001733,plain_osd_batch_o2,False,681163444,True,False,False,best_marginal_in_osd_union,56,0,1,1,56,56,56,56,1792,56,1,0.002792004030197859,1.0
PF32_DENSE_EARLY,PF32_DENSE_EARLY_c0_t17,32,20,0.625,dense,7.0,1.0,0.5,0.2,0.0,0.0,0.0,0.0,slip_3_1,True,31,0,17,557001733,lsgrand_certified_v1_bound,True,557001733,True,True,False,strict_unseen_codeword_certificate,96,96,31,31,1,1,0,96,3072,0,31,0.0020124269649386406,1.0
PF32_DENSE_EARLY,PF32_DENSE_EARLY_c0_t18,32,20,0.625,dense,7.0,1.0,0.5,0.2,0.0,0.0,0.0,0.0,slip_3_1,True,31,0,18,2114233052,ls_first_valid,True,2114233052,True,False,False,valid_list_complete,39,39,31,31,1,1,0,0,0,0,31,0.0012817280367016792,1.0
PF32_DENSE_EARLY,PF32_DENSE_EARLY_c0_t18,32,20,0.625,dense,7.0,1.0,0.5,0.2,0.0,0.0,0.0,0.0,slip_3_1,True,31,0,18,2114233052,ls_list_marginal_L2,True,2114233052,True,False,False,valid_list_complete,301,287,31,31,2,2,2,62,1984,0,62,0.004501816933043301,1.0
PF32_DENSE_EARLY,PF32_DENSE_EARLY_c0_t18,32,20,0.625,dense,7.0,1.0,0.5,0.2,0.0,0.0,0.0,0.0,slip_3_1,True,31,0,18,2114233052,ls_list_marginal_L4,True,2114233052,True,False,False,valid_list_complete,18484,15467,31,31,7,4,4,124,3968,0,62,0.25974692800082266,1.0
PF32_DENSE_EARLY,PF32_DENSE_EARLY_c0_t18,32,20,0.625,dense,7.0,1.0,0.5,0.2,0.0,0.0,0.0,0.0,slip_3_1,True,31,0,18,2114233052,ls_list_marginal_L8,True,2114233052,True,False,True,query_cap_before_list,25000,20698,31,31,8,4,4,124,3968,0,62,0.40188410598784685,1.0
PF32_DENSE_EARLY,PF32_DENSE_EARLY_c0_t18,32,20,0.625,dense,7.0,1.0,0.5,0.2,0.0,0.0,0.0,0.0,slip_3_1,True,31,0,18,2114233052,latent_osd_batch_o2_s31,True,2114233052,True,False,False,best_marginal_in_osd_union,1736,0,31,31,977,977,977,30287,969184,1736,31,0.10840347199700773,1.0
PF32_DENSE_EARLY,PF32_DENSE_EARLY_c0_t18,32,20,0.625,dense,7.0,1.0,0.5,0.2,0.0,0.0,0.0,0.0,slip_3_1,True,31,0,18,2114233052,plain_osd_batch_o2,False,4257905478,True,False,False,best_marginal_in_osd_union,56,0,1,1,56,56,56,56,1792,56,1,0.005098963971249759,1.0
PF32_DENSE_EARLY,PF32_DENSE_EARLY_c0_t18,32,20,0.625,dense,7.0,1.0,0.5,0.2,0.0,0.0,0.0,0.0,slip_3_1,True,31,0,18,2114233052,lsgrand_certified_v1_bound,True,2114233052,True,True,False,strict_unseen_codeword_certificate,160,160,31,31,1,1,0,160,5120,0,31,0.004856660962104797,1.0
PF32_DENSE_EARLY,PF32_DENSE_EARLY_c0_t19,32,20,0.625,dense,7.0,1.0,0.5,0.2,0.0,0.0,0.0,0.0,slip_3_3,True,31,0,19,2878550254,ls_first_valid,True,2878550254,True,False,False,valid_list_complete,45,45,31,31,1,1,0,0,0,0,31,0.0021842699497938156,1.0
PF32_DENSE_EARLY,PF32_DENSE_EARLY_c0_t19,32,20,0.625,dense,7.0,1.0,0.5,0.2,0.0,0.0,0.0,0.0,slip_3_3,True,31,0,19,2878550254,ls_list_marginal_L2,True,2878550254,True,False,False,valid_list_complete,6981,5899,31,31,4,2,2,62,1984,0,62,0.10909689799882472,1.0
PF32_DENSE_EARLY,PF32_DENSE_EARLY_c0_t19,32,20,0.625,dense,7.0,1.0,0.5,0.2,0.0,0.0,0.0,0.0,slip_3_3,True,31,0,19,2878550254,ls_list_marginal_L4,True,2878550254,True,False,False,valid_list_complete,19169,15589,31,31,7,4,4,124,3968,0,62,0.3156845660414547,1.0
PF32_DENSE_EARLY,PF32_DENSE_EARLY_c0_t19,32,20,0.625,dense,7.0,1.0,0.5,0.2,0.0,0.0,0.0,0.0,slip_3_3,True,31,0,19,2878550254,ls_list_marginal_L8,True,2878550254,True,False,True,query_cap_before_list,25000,20124,31,31,9,5,5,155,4960,0,62,0.3606252250028774,1.0
PF32_DENSE_EARLY,PF32_DENSE_EARLY_c0_t19,32,20,0.625,dense,7.0,1.0,0.5,0.2,0.0,0.0,0.0,0.0,slip_3_3,True,31,0,19,2878550254,latent_osd_batch_o2_s31,True,2878550254,True,False,False,best_marginal_in_osd_union,1736,0,31,31,907,907,907,28117,899744,1736,31,0.11563275998923928,1.0
PF32_DENSE_EARLY,PF32_DENSE_EARLY_c0_t19,32,20,0.625,dense,7.0,1.0,0.5,0.2,0.0,0.0,0.0,0.0,slip_3_3,True,31,0,19,2878550254,plain_osd_batch_o2,False,2855693248,True,False,False,best_marginal_in_osd_union,56,0,1,1,56,56,56,56,1792,56,1,0.004431412904523313,1.0
PF32_DENSE_EARLY,PF32_DENSE_EARLY_c0_t19,32,20,0.625,dense,7.0,1.0,0.5,0.2,0.0,0.0,0.0,0.0,slip_3_3,True,31,0,19,2878550254,lsgrand_certified_v1_bound,True,2878550254,True,True,False,strict_unseen_codeword_certificate,320,320,31,31,1,1,0,320,10240,0,31,0.007194155943579972,1.0
PF32_DENSE_EARLY,PF32_DENSE_EARLY_c0_t20,32,20,0.625,dense,7.0,1.0,0.5,0.2,0.0,0.0,0.0,0.0,slip_3_3,True,31,0,20,3179025095,ls_first_valid,True,3179025095,True,False,False,valid_list_complete,7,7,31,7,1,1,0,0,0,0,31,0.0018423260189592838,0.22580645161290322
PF32_DENSE_EARLY,PF32_DENSE_EARLY_c0_t20,32,20,0.625,dense,7.0,1.0,0.5,0.2,0.0,0.0,0.0,0.0,slip_3_3,True,31,0,20,3179025095,ls_list_marginal_L2,True,3179025095,True,False,False,valid_list_complete,2395,2106,31,31,3,2,2,62,1984,0,62,0.03790778701659292,1.0
PF32_DENSE_EARLY,PF32_DENSE_EARLY_c0_t20,32,20,0.625,dense,7.0,1.0,0.5,0.2,0.0,0.0,0.0,0.0,slip_3_3,True,31,0,20,3179025095,ls_list_marginal_L4,True,3179025095,True,False,False,valid_list_complete,24775,19955,31,31,8,4,4,124,3968,0,62,0.3655507620424032,1.0
PF32_DENSE_EARLY,PF32_DENSE_EARLY_c0_t20,32,20,0.625,dense,7.0,1.0,0.5,0.2,0.0,0.0,0.0,0.0,slip_3_3,True,31,0,20,3179025095,ls_list_marginal_L8,True,3179025095,True,False,True,query_cap_before_list,25000,20132,31,31,8,4,4,124,3968,0,62,0.36206101602874696,1.0
PF32_DENSE_EARLY,PF32_DENSE_EARLY_c0_t20,32,20,0.625,dense,7.0,1.0,0.5,0.2,0.0,0.0,0.0,0.0,slip_3_3,True,31,0,20,3179025095,latent_osd_batch_o2_s31,True,3179025095,True,False,False,best_marginal_in_osd_union,1736,0,31,31,922,922,922,28582,914624,1736,31,0.11031045694835484,1.0
PF32_DENSE_EARLY,PF32_DENSE_EARLY_c0_t20,32,20,0.625,dense,7.0,1.0,0.5,0.2,0.0,0.0,0.0,0.0,slip_3_3,True,31,0,20,3179025095,plain_osd_batch_o2,False,2647226012,True,False,False,best_marginal_in_osd_union,56,0,1,1,56,56,56,56,1792,56,1,0.00464426598045975,1.0
PF32_DENSE_EARLY,PF32_DENSE_EARLY_c0_t20,32,20,0.625,dense,7.0,1.0,0.5,0.2,0.0,0.0,0.0,0.0,slip_3_3,True,31,0,20,3179025095,lsgrand_certified_v1_bound,True,3179025095,True,True,False,strict_unseen_codeword_certificate,32,32,31,31,1,1,0,32,1024,0,31,0.0027413340285420418,1.0
PF32_DENSE_EARLY,PF32_DENSE_EARLY_c0_t21,32,20,0.625,dense,7.0,1.0,0.5,0.2,0.0,0.0,0.0,0.0,slip_3_3,True,31,0,21,3240064574,ls_first_valid,True,3240064574,True,False,False,valid_list_complete,9,9,31,7,1,1,0,0,0,0,31,0.0017752150306478143,0.22580645161290322
PF32_DENSE_EARLY,PF32_DENSE_EARLY_c0_t21,32,20,0.625,dense,7.0,1.0,0.5,0.2,0.0,0.0,0.0,0.0,slip_3_3,True,31,0,21,3240064574,ls_list_marginal_L2,True,3240064574,True,False,False,valid_list_complete,7898,6718,31,31,4,2,2,62,1984,0,62,0.12289622402749956,1.0
PF32_DENSE_EARLY,PF32_DENSE_EARLY_c0_t21,32,20,0.625,dense,7.0,1.0,0.5,0.2,0.0,0.0,0.0,0.0,slip_3_3,True,31,0,21,3240064574,ls_list_marginal_L4,True,3240064574,True,False,False,valid_list_complete,15823,13118,31,31,7,4,4,124,3968,0,62,0.18503020703792572,1.0
PF32_DENSE_EARLY,PF32_DENSE_EARLY_c0_t21,32,20,0.625,dense,7.0,1.0,0.5,0.2,0.0,0.0,0.0,0.0,slip_3_3,True,31,0,21,3240064574,ls_list_marginal_L8,True,3240064574,True,False,False,valid_list_complete,20898,17174,31,31,11,8,8,248,7936,0,62,0.2893966929987073,1.0
PF32_DENSE_EARLY,PF32_DENSE_EARLY_c0_t21,32,20,0.625,dense,7.0,1.0,0.5,0.2,0.0,0.0,0.0,0.0,slip_3_3,True,31,0,21,3240064574,latent_osd_batch_o2_s31,True,3240064574,True,False,False,best_marginal_in_osd_union,1736,0,31,31,1007,1007,1007,31217,998944,1736,31,0.11877275898586959,1.0
PF32_DENSE_EARLY,PF32_DENSE_EARLY_c0_t21,32,20,0.625,dense,7.0,1.0,0.5,0.2,0.0,0.0,0.0,0.0,slip_3_3,True,31,0,21,3240064574,plain_osd_batch_o2,False,3547917320,True,False,False,best_marginal_in_osd_union,56,0,1,1,56,56,56,56,1792,56,1,0.003840105957351625,1.0
PF32_DENSE_EARLY,PF32_DENSE_EARLY_c0_t21,32,20,0.625,dense,7.0,1.0,0.5,0.2,0.0,0.0,0.0,0.0,slip_3_3,True,31,0,21,3240064574,lsgrand_certified_v1_bound,True,3240064574,True,True,False,strict_unseen_codeword_certificate,128,128,31,31,1,1,0,128,4096,0,31,0.0031198490178212523,1.0
PF32_DENSE_EARLY,PF32_DENSE_EARLY_c0_t22,32,20,0.625,dense,7.0,1.0,0.5,0.2,0.0,0.0,0.0,0.0,slip_3_1,True,31,0,22,24825484,ls_first_valid,True,24825484,True,False,False,valid_list_complete,7,7,31,6,1,1,0,0,0,0,31,0.0012052500387653708,0.1935483870967742
PF32_DENSE_EARLY,PF32_DENSE_EARLY_c0_t22,32,20,0.625,dense,7.0,1.0,0.5,0.2,0.0,0.0,0.0,0.0,slip_3_1,True,31,0,22,24825484,ls_list_marginal_L2,True,24825484,True,False,False,valid_list_complete,15416,12554,31,31,5,2,2,62,1984,0,62,0.25031458702869713,1.0
PF32_DENSE_EARLY,PF32_DENSE_EARLY_c0_t22,32,20,0.625,dense,7.0,1.0,0.5,0.2,0.0,0.0,0.0,0.0,slip_3_1,True,31,0,22,24825484,ls_list_marginal_L4,True,24825484,True,False,False,valid_list_complete,21761,17459,31,31,7,4,4,124,3968,0,62,0.31014512095134705,1.0
PF32_DENSE_EARLY,PF32_DENSE_EARLY_c0_t22,32,20,0.625,dense,7.0,1.0,0.5,0.2,0.0,0.0,0.0,0.0,slip_3_1,True,31,0,22,24825484,ls_list_marginal_L8,True,24825484,True,False,True,query_cap_before_list,25000,19979,31,31,9,5,5,155,4960,0,62,0.3639607079094276,1.0
PF32_DENSE_EARLY,PF32_DENSE_EARLY_c0_t22,32,20,0.625,dense,7.0,1.0,0.5,0.2,0.0,0.0,0.0,0.0,slip_3_1,True,31,0,22,24825484,latent_osd_batch_o2_s31,True,24825484,True,False,False,best_marginal_in_osd_union,1736,0,31,31,1022,1022,1022,31682,1013824,1736,31,0.1023157259915024,1.0
PF32_DENSE_EARLY,PF32_DENSE_EARLY_c0_t22,32,20,0.625,dense,7.0,1.0,0.5,0.2,0.0,0.0,0.0,0.0,slip_3_1,True,31,0,22,24825484,plain_osd_batch_o2,False,269969381,True,False,False,best_marginal_in_osd_union,56,0,1,1,56,56,56,56,1792,56,1,0.0035732409451156855,1.0
PF32_DENSE_EARLY,PF32_DENSE_EARLY_c0_t22,32,20,0.625,dense,7.0,1.0,0.5,0.2,0.0,0.0,0.0,0.0,slip_3_1,True,31,0,22,24825484,lsgrand_certified_v1_bound,True,24825484,True,True,False,strict_unseen_codeword_certificate,64,64,31,31,1,1,0,64,2048,0,31,0.002254609949886799,1.0
PF32_DENSE_EARLY,PF32_DENSE_EARLY_c0_t23,32,20,0.625,dense,7.0,1.0,0.5,0.2,0.0,0.0,0.0,0.0,slip_3_1,True,31,0,23,1059319204,ls_first_valid,True,1059319204,True,False,False,valid_list_complete,8,8,31,6,1,1,0,0,0,0,31,0.0012371799675747752,0.1935483870967742
PF32_DENSE_EARLY,PF32_DENSE_EARLY_c0_t23,32,20,0.625,dense,7.0,1.0,0.5,0.2,0.0,0.0,0.0,0.0,slip_3_1,True,31,0,23,1059319204,ls_list_marginal_L2,True,1059319204,True,False,False,valid_list_complete,2092,1808,31,31,3,2,2,62,1984,0,62,0.03333803697023541,1.0
PF32_DENSE_EARLY,PF32_DENSE_EARLY_c0_t23,32,20,0.625,dense,7.0,1.0,0.5,0.2,0.0,0.0,0.0,0.0,slip_3_1,True,31,0,23,1059319204,ls_list_marginal_L4,True,1059319204,True,False,False,valid_list_complete,17496,13893,31,31,7,4,4,124,3968,0,62,0.27503161900676787,1.0
PF32_DENSE_EARLY,PF32_DENSE_EARLY_c0_t23,32,20,0.625,dense,7.0,1.0,0.5,0.2,0.0,0.0,0.0,0.0,slip_3_1,True,31,0,23,1059319204,ls_list_marginal_L8,True,1059319204,True,False,True,query_cap_before_list,25000,19593,31,31,10,6,6,186,5952,0,62,0.43380567396525294,1.0
PF32_DENSE_EARLY,PF32_DENSE_EARLY_c0_t23,32,20,0.625,dense,7.0,1.0,0.5,0.2,0.0,0.0,0.0,0.0,slip_3_1,True,31,0,23,1059319204,latent_osd_batch_o2_s31,True,1059319204,True,False,False,best_marginal_in_osd_union,1736,0,31,31,882,882,882,27342,874944,1736,31,0.09915992897003889,1.0
PF32_DENSE_EARLY,PF32_DENSE_EARLY_c0_t23,32,20,0.625,dense,7.0,1.0,0.5,0.2,0.0,0.0,0.0,0.0,slip_3_1,True,31,0,23,1059319204,plain_osd_batch_o2,False,968438864,True,False,False,best_marginal_in_osd_union,56,0,1,1,56,56,56,56,1792,56,1,0.003728579031303525,1.0
PF32_DENSE_EARLY,PF32_DENSE_EARLY_c0_t23,32,20,0.625,dense,7.0,1.0,0.5,0.2,0.0,0.0,0.0,0.0,slip_3_1,True,31,0,23,1059319204,lsgrand_certified_v1_bound,True,1059319204,True,True,False,strict_unseen_codeword_certificate,96,96,31,31,1,1,0,96,3072,0,31,0.0026368580292910337,1.0
PF32_DENSE_EARLY,PF32_DENSE_EARLY_c0_t24,32,20,0.625,dense,7.0,1.0,0.5,0.2,0.0,0.0,0.0,0.0,slip_3_3,True,31,0,24,2837754777,ls_first_valid,True,2837754777,True,False,False,valid_list_complete,7,7,31,7,1,1,0,0,0,0,31,0.0019392089452594519,0.22580645161290322
PF32_DENSE_EARLY,PF32_DENSE_EARLY_c0_t24,32,20,0.625,dense,7.0,1.0,0.5,0.2,0.0,0.0,0.0,0.0,slip_3_3,True,31,0,24,2837754777,ls_list_marginal_L2,True,2837754777,True,False,False,valid_list_complete,9309,7734,31,31,4,2,2,62,1984,0,62,0.12303130503278226,1.0
PF32_DENSE_EARLY,PF32_DENSE_EARLY_c0_t24,32,20,0.625,dense,7.0,1.0,0.5,0.2,0.0,0.0,0.0,0.0,slip_3_3,True,31,0,24,2837754777,ls_list_marginal_L4,True,2837754777,True,False,False,valid_list_complete,16331,13307,31,31,7,4,4,124,3968,0,62,0.2429450349882245,1.0
PF32_DENSE_EARLY,PF32_DENSE_EARLY_c0_t24,32,20,0.625,dense,7.0,1.0,0.5,0.2,0.0,0.0,0.0,0.0,slip_3_3,True,31,0,24,2837754777,ls_list_marginal_L8,True,2837754777,True,False,True,query_cap_before_list,25000,20016,31,31,9,6,6,186,5952,0,62,0.3500279790023342,1.0
PF32_DENSE_EARLY,PF32_DENSE_EARLY_c0_t24,32,20,0.625,dense,7.0,1.0,0.5,0.2,0.0,0.0,0.0,0.0,slip_3_3,True,31,0,24,2837754777,latent_osd_batch_o2_s31,True,2837754777,True,False,False,best_marginal_in_osd_union,1736,0,31,31,915,915,915,28365,907680,1736,31,0.11061090091243386,1.0
PF32_DENSE_EARLY,PF32_DENSE_EARLY_c0_t24,32,20,0.625,dense,7.0,1.0,0.5,0.2,0.0,0.0,0.0,0.0,slip_3_3,True,31,0,24,2837754777,plain_osd_batch_o2,False,3411879474,True,False,False,best_marginal_in_osd_union,56,0,1,1,56,56,56,56,1792,56,1,0.004720957949757576,1.0
PF32_DENSE_EARLY,PF32_DENSE_EARLY_c0_t24,32,20,0.625,dense,7.0,1.0,0.5,0.2,0.0,0.0,0.0,0.0,slip_3_3,True,31,0,24,2837754777,lsgrand_certified_v1_bound,True,2837754777,True,True,False,strict_unseen_codeword_certificate,32,32,31,31,1,1,0,32,1024,0,31,0.002460015006363392,1.0
PF32_DENSE_EARLY,PF32_DENSE_EARLY_c0_t25,32,20,0.625,dense,7.0,1.0,0.5,0.2,0.0,0.0,0.0,0.0,slip_3_3,True,31,0,25,1466012580,ls_first_valid,True,1466012580,True,False,False,valid_list_complete,12,12,31,7,1,1,0,0,0,0,31,0.0018158159218728542,0.22580645161290322
PF32_DENSE_EARLY,PF32_DENSE_EARLY_c0_t25,32,20,0.625,dense,7.0,1.0,0.5,0.2,0.0,0.0,0.0,0.0,slip_3_3,True,31,0,25,1466012580,ls_list_marginal_L2,True,1466012580,True,False,False,valid_list_complete,6242,5223,31,31,4,2,2,62,1984,0,62,0.09478733199648559,1.0
PF32_DENSE_EARLY,PF32_DENSE_EARLY_c0_t25,32,20,0.625,dense,7.0,1.0,0.5,0.2,0.0,0.0,0.0,0.0,slip_3_3,True,31,0,25,1466012580,ls_list_marginal_L4,True,1466012580,True,False,True,query_cap_before_list,25000,19858,31,31,5,2,2,62,1984,0,62,0.35545643197838217,1.0
PF32_DENSE_EARLY,PF32_DENSE_EARLY_c0_t25,32,20,0.625,dense,7.0,1.0,0.5,0.2,0.0,0.0,0.0,0.0,slip_3_3,True,31,0,25,1466012580,ls_list_marginal_L8,True,1466012580,True,False,True,query_cap_before_list,25000,19858,31,31,5,2,2,62,1984,0,62,0.37982478202320635,1.0
PF32_DENSE_EARLY,PF32_DENSE_EARLY_c0_t25,32,20,0.625,dense,7.0,1.0,0.5,0.2,0.0,0.0,0.0,0.0,slip_3_3,True,31,0,25,1466012580,latent_osd_batch_o2_s31,True,1466012580,True,False,False,best_marginal_in_osd_union,1736,0,31,31,983,983,983,30473,975136,1736,31,0.10805320297367871,1.0
PF32_DENSE_EARLY,PF32_DENSE_EARLY_c0_t25,32,20,0.625,dense,7.0,1.0,0.5,0.2,0.0,0.0,0.0,0.0,slip_3_3,True,31,0,25,1466012580,plain_osd_batch_o2,False,3603379979,True,False,False,best_marginal_in_osd_union,56,0,1,1,56,56,56,56,1792,56,1,0.004573537036776543,1.0
PF32_DENSE_EARLY,PF32_DENSE_EARLY_c0_t25,32,20,0.625,dense,7.0,1.0,0.5,0.2,0.0,0.0,0.0,0.0,slip_3_3,True,31,0,25,1466012580,lsgrand_certified_v1_bound,True,1466012580,True,True,False,strict_unseen_codeword_certificate,192,192,31,31,1,1,0,192,6144,0,31,0.005054015084169805,1.0
PF32_DENSE_EARLY,PF32_DENSE_EARLY_c0_t26,32,20,0.625,dense,7.0,1.0,0.5,0.2,0.0,0.0,0.0,0.0,slip_3_3,True,31,0,26,1605796118,ls_first_valid,True,1605796118,True,False,False,valid_list_complete,9,9,31,7,1,1,0,0,0,0,31,0.0017397529445588589,0.22580645161290322
PF32_DENSE_EARLY,PF32_DENSE_EARLY_c0_t26,32,20,0.625,dense,7.0,1.0,0.5,0.2,0.0,0.0,0.0,0.0,slip_3_3,True,31,0,26,1605796118,ls_list_marginal_L2,True,1605796118,True,False,False,valid_list_complete,6216,5212,31,31,4,2,2,62,1984,0,62,0.08473920705728233,1.0
PF32_DENSE_EARLY,PF32_DENSE_EARLY_c0_t26,32,20,0.625,dense,7.0,1.0,0.5,0.2,0.0,0.0,0.0,0.0,slip_3_3,True,31,0,26,1605796118,ls_list_marginal_L4,True,1605796118,True,False,False,valid_list_complete,13483,11003,31,31,7,4,4,124,3968,0,62,0.192683856934309,1.0
PF32_DENSE_EARLY,PF32_DENSE_EARLY_c0_t26,32,20,0.625,dense,7.0,1.0,0.5,0.2,0.0,0.0,0.0,0.0,slip_3_3,True,31,0,26,1605796118,ls_list_marginal_L8,True,1605796118,True,False,False,valid_list_complete,22047,17685,31,31,12,8,8,248,7936,0,62,0.290490914019756,1.0
PF32_DENSE_EARLY,PF32_DENSE_EARLY_c0_t26,32,20,0.625,dense,7.0,1.0,0.5,0.2,0.0,0.0,0.0,0.0,slip_3_3,True,31,0,26,1605796118,latent_osd_batch_o2_s31,True,1605796118,True,False,False,best_marginal_in_osd_union,1736,0,31,31,964,964,964,29884,956288,1736,31,0.0745451879920438,1.0
PF32_DENSE_EARLY,PF32_DENSE_EARLY_c0_t26,32,20,0.625,dense,7.0,1.0,0.5,0.2,0.0,0.0,0.0,0.0,slip_3_3,True,31,0,26,1605796118,plain_osd_batch_o2,False,2125206908,True,False,False,best_marginal_in_osd_union,56,0,1,1,56,56,56,56,1792,56,1,0.0025954400189220905,1.0
PF32_DENSE_EARLY,PF32_DENSE_EARLY_c0_t26,32,20,0.625,dense,7.0,1.0,0.5,0.2,0.0,0.0,0.0,0.0,slip_3_3,True,31,0,26,1605796118,lsgrand_certified_v1_bound,True,1605796118,True,True,False,strict_unseen_codeword_certificate,96,96,31,31,1,1,0,96,3072,0,31,0.0020563569851219654,1.0
PF32_DENSE_EARLY,PF32_DENSE_EARLY_c0_t27,32,20,0.625,dense,7.0,1.0,0.5,0.2,0.0,0.0,0.0,0.0,slip_3_1,True,31,0,27,3196410106,ls_first_valid,True,3196410106,True,False,False,valid_list_complete,117,113,31,31,1,1,0,0,0,0,31,0.002872581942938268,1.0
PF32_DENSE_EARLY,PF32_DENSE_EARLY_c0_t27,32,20,0.625,dense,7.0,1.0,0.5,0.2,0.0,0.0,0.0,0.0,slip_3_1,True,31,0,27,3196410106,ls_list_marginal_L2,True,3196410106,True,False,False,valid_list_complete,5237,4330,31,31,5,2,2,62,1984,0,62,0.08969433896709234,1.0
PF32_DENSE_EARLY,PF32_DENSE_EARLY_c0_t27,32,20,0.625,dense,7.0,1.0,0.5,0.2,0.0,0.0,0.0,0.0,slip_3_1,True,31,0,27,3196410106,ls_list_marginal_L4,True,3196410106,True,False,False,valid_list_complete,11810,9490,31,31,7,4,4,124,3968,0,62,0.18482330499682575,1.0
PF32_DENSE_EARLY,PF32_DENSE_EARLY_c0_t27,32,20,0.625,dense,7.0,1.0,0.5,0.2,0.0,0.0,0.0,0.0,slip_3_1,True,31,0,27,3196410106,ls_list_marginal_L8,True,3196410106,True,False,True,query_cap_before_list,25000,19473,31,31,9,5,5,155,4960,0,62,0.37436274997889996,1.0
PF32_DENSE_EARLY,PF32_DENSE_EARLY_c0_t27,32,20,0.625,dense,7.0,1.0,0.5,0.2,0.0,0.0,0.0,0.0,slip_3_1,True,31,0,27,3196410106,latent_osd_batch_o2_s31,True,3196410106,True,False,False,best_marginal_in_osd_union,1736,0,31,31,972,972,972,30132,964224,1736,31,0.09895715792663395,1.0
PF32_DENSE_EARLY,PF32_DENSE_EARLY_c0_t27,32,20,0.625,dense,7.0,1.0,0.5,0.2,0.0,0.0,0.0,0.0,slip_3_1,True,31,0,27,3196410106,plain_osd_batch_o2,False,3214950239,True,False,False,best_marginal_in_osd_union,56,0,1,1,56,56,56,56,1792,56,1,0.005538212019018829,1.0
PF32_DENSE_EARLY,PF32_DENSE_EARLY_c0_t27,32,20,0.625,dense,7.0,1.0,0.5,0.2,0.0,0.0,0.0,0.0,slip_3_1,True,31,0,27,3196410106,lsgrand_certified_v1_bound,True,3196410106,True,True,False,strict_unseen_codeword_certificate,768,768,31,31,1,1,0,768,24576,0,31,0.015681836986914277,1.0
PF32_DENSE_EARLY,PF32_DENSE_EARLY_c0_t28,32,20,0.625,dense,7.0,1.0,0.5,0.2,0.0,0.0,0.0,0.0,slip_3_1,True,31,0,28,307155541,ls_first_valid,True,307155541,True,False,False,valid_list_complete,10,10,31,6,1,1,0,0,0,0,31,0.001371867023408413,0.1935483870967742
PF32_DENSE_EARLY,PF32_DENSE_EARLY_c0_t28,32,20,0.625,dense,7.0,1.0,0.5,0.2,0.0,0.0,0.0,0.0,slip_3_1,True,31,0,28,307155541,ls_list_marginal_L2,True,307155541,True,False,False,valid_list_complete,4436,3812,31,31,3,2,2,62,1984,0,62,0.06117645592894405,1.0
PF32_DENSE_EARLY,PF32_DENSE_EARLY_c0_t28,32,20,0.625,dense,7.0,1.0,0.5,0.2,0.0,0.0,0.0,0.0,slip_3_1,True,31,0,28,307155541,ls_list_marginal_L4,True,307155541,True,False,False,valid_list_complete,19650,16065,31,31,6,4,4,124,3968,0,62,0.31930601701606065,1.0
PF32_DENSE_EARLY,PF32_DENSE_EARLY_c0_t28,32,20,0.625,dense,7.0,1.0,0.5,0.2,0.0,0.0,0.0,0.0,slip_3_1,True,31,0,28,307155541,ls_list_marginal_L8,True,307155541,True,False,True,query_cap_before_list,25000,20260,31,31,9,5,5,155,4960,0,62,0.4320594520540908,1.0
PF32_DENSE_EARLY,PF32_DENSE_EARLY_c0_t28,32,20,0.625,dense,7.0,1.0,0.5,0.2,0.0,0.0,0.0,0.0,slip_3_1,True,31,0,28,307155541,latent_osd_batch_o2_s31,True,307155541,True,False,False,best_marginal_in_osd_union,1736,0,31,31,947,947,947,29357,939424,1736,31,0.11581982194911689,1.0
PF32_DENSE_EARLY,PF32_DENSE_EARLY_c0_t28,32,20,0.625,dense,7.0,1.0,0.5,0.2,0.0,0.0,0.0,0.0,slip_3_1,True,31,0,28,307155541,plain_osd_batch_o2,False,858671888,True,False,False,best_marginal_in_osd_union,56,0,1,1,56,56,56,56,1792,56,1,0.00482169003225863,1.0
PF32_DENSE_EARLY,PF32_DENSE_EARLY_c0_t28,32,20,0.625,dense,7.0,1.0,0.5,0.2,0.0,0.0,0.0,0.0,slip_3_1,True,31,0,28,307155541,lsgrand_certified_v1_bound,True,307155541,True,True,False,strict_unseen_codeword_certificate,160,160,31,31,1,1,0,160,5120,0,31,0.005692209000699222,1.0
PF32_DENSE_EARLY,PF32_DENSE_EARLY_c0_t29,32,20,0.625,dense,7.0,1.0,0.5,0.2,0.0,0.0,0.0,0.0,slip_3_3,True,31,0,29,3345944298,ls_first_valid,True,3345944298,True,False,False,valid_list_complete,14,14,31,7,1,1,0,0,0,0,31,0.0015450119972229004,0.22580645161290322
PF32_DENSE_EARLY,PF32_DENSE_EARLY_c0_t29,32,20,0.625,dense,7.0,1.0,0.5,0.2,0.0,0.0,0.0,0.0,slip_3_3,True,31,0,29,3345944298,ls_list_marginal_L2,True,3345944298,True,False,False,valid_list_complete,3085,2649,31,31,2,2,2,62,1984,0,62,0.04967966605909169,1.0
PF32_DENSE_EARLY,PF32_DENSE_EARLY_c0_t29,32,20,0.625,dense,7.0,1.0,0.5,0.2,0.0,0.0,0.0,0.0,slip_3_3,True,31,0,29,3345944298,ls_list_marginal_L4,True,3345944298,True,False,False,valid_list_complete,6833,5693,31,31,4,4,4,124,3968,0,62,0.08221273601520807,1.0
PF32_DENSE_EARLY,PF32_DENSE_EARLY_c0_t29,32,20,0.625,dense,7.0,1.0,0.5,0.2,0.0,0.0,0.0,0.0,slip_3_3,True,31,0,29,3345944298,ls_list_marginal_L8,True,3345944298,True,False,False,valid_list_complete,22493,17989,31,31,11,8,8,248,7936,0,62,0.34307620697654784,1.0
PF32_DENSE_EARLY,PF32_DENSE_EARLY_c0_t29,32,20,0.625,dense,7.0,1.0,0.5,0.2,0.0,0.0,0.0,0.0,slip_3_3,True,31,0,29,3345944298,latent_osd_batch_o2_s31,True,3345944298,True,False,False,best_marginal_in_osd_union,1736,0,31,31,979,979,979,30349,971168,1736,31,0.11260100489016622,1.0
PF32_DENSE_EARLY,PF32_DENSE_EARLY_c0_t29,32,20,0.625,dense,7.0,1.0,0.5,0.2,0.0,0.0,0.0,0.0,slip_3_3,True,31,0,29,3345944298,plain_osd_batch_o2,False,2789890048,True,False,False,best_marginal_in_osd_union,56,0,1,1,56,56,56,56,1792,56,1,0.0027630790136754513,1.0
PF32_DENSE_EARLY,PF32_DENSE_EARLY_c0_t29,32,20,0.625,dense,7.0,1.0,0.5,0.2,0.0,0.0,0.0,0.0,slip_3_3,True,31,0,29,3345944298,lsgrand_certified_v1_bound,True,3345944298,True,True,False,strict_unseen_codeword_certificate,288,288,31,31,1,1,0,288,9216,0,31,0.007213587989099324,1.0
PF32_DENSE_EARLY,PF32_DENSE_EARLY_c1_t0,32,20,0.625,dense,7.0,1.0,0.5,0.2,0.0,0.0,0.0,0.0,slip_3_3,True,31,1,0,2872608799,ls_first_valid,True,2872608799,True,False,False,valid_list_complete,9,9,31,7,1,1,0,0,0,0,31,0.0014671969693154097,0.22580645161290322
PF32_DENSE_EARLY,PF32_DENSE_EARLY_c1_t0,32,20,0.625,dense,7.0,1.0,0.5,0.2,0.0,0.0,0.0,0.0,slip_3_3,True,31,1,0,2872608799,ls_list_marginal_L2,True,2872608799,True,False,False,valid_list_complete,14388,11753,31,31,5,2,2,62,1984,0,62,0.2328586099902168,1.0
PF32_DENSE_EARLY,PF32_DENSE_EARLY_c1_t0,32,20,0.625,dense,7.0,1.0,0.5,0.2,0.0,0.0,0.0,0.0,slip_3_3,True,31,1,0,2872608799,ls_list_marginal_L4,True,2872608799,True,False,True,query_cap_before_list,25000,20014,31,31,7,3,3,93,2976,0,62,0.393082911032252,1.0
PF32_DENSE_EARLY,PF32_DENSE_EARLY_c1_t0,32,20,0.625,dense,7.0,1.0,0.5,0.2,0.0,0.0,0.0,0.0,slip_3_3,True,31,1,0,2872608799,ls_list_marginal_L8,True,2872608799,True,False,True,query_cap_before_list,25000,20014,31,31,7,3,3,93,2976,0,62,0.39172638091258705,1.0
PF32_DENSE_EARLY,PF32_DENSE_EARLY_c1_t0,32,20,0.625,dense,7.0,1.0,0.5,0.2,0.0,0.0,0.0,0.0,slip_3_3,True,31,1,0,2872608799,latent_osd_batch_o2_s31,True,2872608799,True,False,False,best_marginal_in_osd_union,1736,0,31,31,976,976,976,30256,968192,1736,31,0.10594834201037884,1.0
PF32_DENSE_EARLY,PF32_DENSE_EARLY_c1_t0,32,20,0.625,dense,7.0,1.0,0.5,0.2,0.0,0.0,0.0,0.0,slip_3_3,True,31,1,0,2872608799,plain_osd_batch_o2,False,3126858616,True,False,False,best_marginal_in_osd_union,56,0,1,1,56,56,56,56,1792,56,1,0.0033390569733455777,1.0
PF32_DENSE_EARLY,PF32_DENSE_EARLY_c1_t0,32,20,0.625,dense,7.0,1.0,0.5,0.2,0.0,0.0,0.0,0.0,slip_3_3,True,31,1,0,2872608799,lsgrand_certified_v1_bound,True,2872608799,True,True,False,strict_unseen_codeword_certificate,96,96,31,31,1,1,0,96,3072,0,31,0.002670994959771633,1.0
PF32_DENSE_EARLY,PF32_DENSE_EARLY_c1_t1,32,20,0.625,dense,7.0,1.0,0.5,0.2,0.0,0.0,0.0,0.0,slip_3_3,True,31,1,1,1963394177,ls_first_valid,True,1963394177,True,False,False,valid_list_complete,80,78,31,31,1,1,0,0,0,0,31,0.002314946032129228,1.0
PF32_DENSE_EARLY,PF32_DENSE_EARLY_c1_t1,32,20,0.625,dense,7.0,1.0,0.5,0.2,0.0,0.0,0.0,0.0,slip_3_3,True,31,1,1,1963394177,ls_list_marginal_L2,True,1963394177,True,False,False,valid_list_complete,16914,13513,31,31,4,2,2,62,1984,0,62,0.24199709005188197,1.0
PF32_DENSE_EARLY,PF32_DENSE_EARLY_c1_t1,32,20,0.625,dense,7.0,1.0,0.5,0.2,0.0,0.0,0.0,0.0,slip_3_3,True,31,1,1,1963394177,ls_list_marginal_L4,True,1963394177,True,False,True,query_cap_before_list,25000,19621,31,31,5,3,3,93,2976,0,62,0.38368420698679984,1.0
PF32_DENSE_EARLY,PF32_DENSE_EARLY_c1_t1,32,20,0.625,dense,7.0,1.0,0.5,0.2,0.0,0.0,0.0,0.0,slip_3_3,True,31,1,1,1963394177,ls_list_marginal_L8,True,1963394177,True,False,True,query_cap_before_list,25000,19621,31,31,5,3,3,93,2976,0,62,0.3691817281069234,1.0
PF32_DENSE_EARLY,PF32_DENSE_EARLY_c1_t1,32,20,0.625,dense,7.0,1.0,0.5,0.2,0.0,0.0,0.0,0.0,slip_3_3,True,31,1,1,1963394177,latent_osd_batch_o2_s31,True,1963394177,True,False,False,best_marginal_in_osd_union,1736,0,31,31,859,859,859,26629,852128,1736,31,0.09119512198958546,1.0
PF32_DENSE_EARLY,PF32_DENSE_EARLY_c1_t1,32,20,0.625,dense,7.0,1.0,0.5,0.2,0.0,0.0,0.0,0.0,slip_3_3,True,31,1,1,1963394177,plain_osd_batch_o2,False,2001606035,True,False,False,best_marginal_in_osd_union,56,0,1,1,56,56,56,56,1792,56,1,0.004518204950727522,1.0
PF32_DENSE_EARLY,PF32_DENSE_EARLY_c1_t1,32,20,0.625,dense,7.0,1.0,0.5,0.2,0.0,0.0,0.0,0.0,slip_3_3,True,31,1,1,1963394177,lsgrand_certified_v1_bound,True,1963394177,True,True,False,strict_unseen_codeword_certificate,480,480,31,31,1,1,0,480,15360,0,31,0.007701834081672132,1.0
PF32_DENSE_EARLY,PF32_DENSE_EARLY_c1_t2,32,20,0.625,dense,7.0,1.0,0.5,0.2,0.0,0.0,0.0,0.0,slip_3_3,True,31,1,2,2834520334,ls_first_valid,True,2834520334,True,False,False,valid_list_complete,104,100,31,31,1,1,0,0,0,0,31,0.003937837900593877,1.0
PF32_DENSE_EARLY,PF32_DENSE_EARLY_c1_t2,32,20,0.625,dense,7.0,1.0,0.5,0.2,0.0,0.0,0.0,0.0,slip_3_3,True,31,1,2,2834520334,ls_list_marginal_L2,True,2834520334,True,False,False,valid_list_complete,3285,2907,31,31,3,2,2,62,1984,0,62,0.05786789103876799,1.0
PF32_DENSE_EARLY,PF32_DENSE_EARLY_c1_t2,32,20,0.625,dense,7.0,1.0,0.5,0.2,0.0,0.0,0.0,0.0,slip_3_3,True,31,1,2,2834520334,ls_list_marginal_L4,True,2834520334,True,False,False,valid_list_complete,12483,10570,31,31,5,4,4,124,3968,0,62,0.18584719800855964,1.0
PF32_DENSE_EARLY,PF32_DENSE_EARLY_c1_t2,32,20,0.625,dense,7.0,1.0,0.5,0.2,0.0,0.0,0.0,0.0,slip_3_3,True,31,1,2,2834520334,ls_list_marginal_L8,True,2834520334,True,False,True,query_cap_before_list,25000,20632,31,31,8,6,6,186,5952,0,62,0.4286821640562266,1.0
PF32_DENSE_EARLY,PF32_DENSE_EARLY_c1_t2,32,20,0.625,dense,7.0,1.0,0.5,0.2,0.0,0.0,0.0,0.0,slip_3_3,True,31,1,2,2834520334,latent_osd_batch_o2_s31,True,2834520334,True,False,False,best_marginal_in_osd_union,1736,0,31,31,1024,1024,1024,31744,1015808,1736,31,0.09736308397259563,1.0
PF32_DENSE_EARLY,PF32_DENSE_EARLY_c1_t2,32,20,0.625,dense,7.0,1.0,0.5,0.2,0.0,0.0,0.0,0.0,slip_3_3,True,31,1,2,2834520334,plain_osd_batch_o2,False,2837898072,True,False,False,best_marginal_in_osd_union,56,0,1,1,56,56,56,56,1792,56,1,0.0039024800062179565,1.0
PF32_DENSE_EARLY,PF32_DENSE_EARLY_c1_t2,32,20,0.625,dense,7.0,1.0,0.5,0.2,0.0,0.0,0.0,0.0,slip_3_3,True,31,1,2,2834520334,lsgrand_certified_v1_bound,True,2834520334,True,True,False,strict_unseen_codeword_certificate,288,288,31,31,1,1,0,288,9216,0,31,0.010932245058938861,1.0
PF32_DENSE_EARLY,PF32_DENSE_EARLY_c1_t3,32,20,0.625,dense,7.0,1.0,0.5,0.2,0.0,0.0,0.0,0.0,slip_3_3,True,31,1,3,4206843909,ls_first_valid,True,4206843909,True,False,False,valid_list_complete,11,11,31,9,1,1,0,0,0,0,31,0.0033274919260293245,0.2903225806451613
PF32_DENSE_EARLY,PF32_DENSE_EARLY_c1_t3,32,20,0.625,dense,7.0,1.0,0.5,0.2,0.0,0.0,0.0,0.0,slip_3_3,True,31,1,3,4206843909,ls_list_marginal_L2,True,4206843909,True,False,False,valid_list_complete,5221,4398,31,31,5,2,2,62,1984,0,62,0.07320407405495644,1.0
PF32_DENSE_EARLY,PF32_DENSE_EARLY_c1_t3,32,20,0.625,dense,7.0,1.0,0.5,0.2,0.0,0.0,0.0,0.0,slip_3_3,True,31,1,3,4206843909,ls_list_marginal_L4,True,4206843909,True,False,False,valid_list_complete,21295,16982,31,31,7,4,4,124,3968,0,62,0.31501474999822676,1.0
PF32_DENSE_EARLY,PF32_DENSE_EARLY_c1_t3,32,20,0.625,dense,7.0,1.0,0.5,0.2,0.0,0.0,0.0,0.0,slip_3_3,True,31,1,3,4206843909,ls_list_marginal_L8,True,4206843909,True,False,True,query_cap_before_list,25000,19770,31,31,7,4,4,124,3968,0,62,0.35789271304383874,1.0
PF32_DENSE_EARLY,PF32_DENSE_EARLY_c1_t3,32,20,0.625,dense,7.0,1.0,0.5,0.2,0.0,0.0,0.0,0.0,slip_3_3,True,31,1,3,4206843909,latent_osd_batch_o2_s31,True,4206843909,True,False,False,best_marginal_in_osd_union,1736,0,31,31,830,830,830,25730,823360,1736,31,0.12541845394298434,1.0
PF32_DENSE_EARLY,PF32_DENSE_EARLY_c1_t3,32,20,0.625,dense,7.0,1.0,0.5,0.2,0.0,0.0,0.0,0.0,slip_3_3,True,31,1,3,4206843909,plain_osd_batch_o2,False,3526014303,True,False,False,best_marginal_in_osd_union,56,0,1,1,56,56,56,56,1792,56,1,0.004490294959396124,1.0
PF32_DENSE_EARLY,PF32_DENSE_EARLY_c1_t3,32,20,0.625,dense,7.0,1.0,0.5,0.2,0.0,0.0,0.0,0.0,slip_3_3,True,31,1,3,4206843909,lsgrand_certified_v1_bound,True,4206843909,True,True,False,strict_unseen_codeword_certificate,96,96,31,31,2,1,0,96,3072,0,31,0.0033916840329766273,1.0
PF32_DENSE_EARLY,PF32_DENSE_EARLY_c1_t4,32,20,0.625,dense,7.0,1.0,0.5,0.2,0.0,0.0,0.0,0.0,slip_3_3,True,31,1,4,4053038460,ls_first_valid,True,4053038460,True,False,False,valid_list_complete,24,24,31,7,1,1,0,0,0,0,31,0.0016834520502015948,0.22580645161290322
PF32_DENSE_EARLY,PF32_DENSE_EARLY_c1_t4,32,20,0.625,dense,7.0,1.0,0.5,0.2,0.0,0.0,0.0,0.0,slip_3_3,True,31,1,4,4053038460,ls_list_marginal_L2,True,4053038460,True,False,False,valid_list_complete,2112,1779,31,31,2,2,2,62,1984,0,62,0.03865185205359012,1.0
PF32_DENSE_EARLY,PF32_DENSE_EARLY_c1_t4,32,20,0.625,dense,7.0,1.0,0.5,0.2,0.0,0.0,0.0,0.0,slip_3_3,True,31,1,4,4053038460,ls_list_marginal_L4,True,4053038460,True,False,False,valid_list_complete,3413,2826,31,31,4,4,4,124,3968,0,62,0.05313933501020074,1.0
PF32_DENSE_EARLY,PF32_DENSE_EARLY_c1_t4,32,20,0.625,dense,7.0,1.0,0.5,0.2,0.0,0.0,0.0,0.0,slip_3_3,True,31,1,4,4053038460,ls_list_marginal_L8,True,4053038460,True,False,False,valid_list_complete,18169,14220,31,31,11,8,8,248,7936,0,62,0.2686898080864921,1.0
PF32_DENSE_EARLY,PF32_DENSE_EARLY_c1_t4,32,20,0.625,dense,7.0,1.0,0.5,0.2,0.0,0.0,0.0,0.0,slip_3_3,True,31,1,4,4053038460,latent_osd_batch_o2_s31,True,4053038460,True,False,False,best_marginal_in_osd_union,1736,0,31,31,922,922,922,28582,914624,1736,31,0.13437671097926795,1.0
PF32_DENSE_EARLY,PF32_DENSE_EARLY_c1_t4,32,20,0.625,dense,7.0,1.0,0.5,0.2,0.0,0.0,0.0,0.0,slip_3_3,True,31,1,4,4053038460,plain_osd_batch_o2,False,2604494845,True,False,False,best_marginal_in_osd_union,56,0,1,1,56,56,56,56,1792,56,1,0.0033089149510487914,1.0
PF32_DENSE_EARLY,PF32_DENSE_EARLY_c1_t4,32,20,0.625,dense,7.0,1.0,0.5,0.2,0.0,0.0,0.0,0.0,slip_3_3,True,31,1,4,4053038460,lsgrand_certified_v1_bound,True,4053038460,True,True,False,strict_unseen_codeword_certificate,640,640,31,31,1,1,0,640,20480,0,31,0.010106283938512206,1.0
PF32_DENSE_EARLY,PF32_DENSE_EARLY_c1_t5,32,20,0.625,dense,7.0,1.0,0.5,0.2,0.0,0.0,0.0,0.0,slip_3_3,True,31,1,5,420579243,ls_first_valid,True,420579243,True,False,False,valid_list_complete,80,78,31,31,1,1,0,0,0,0,31,0.002112910966388881,1.0
PF32_DENSE_EARLY,PF32_DENSE_EARLY_c1_t5,32,20,0.625,dense,7.0,1.0,0.5,0.2,0.0,0.0,0.0,0.0,slip_3_3,True,31,1,5,420579243,ls_list_marginal_L2,True,420579243,True,False,False,valid_list_complete,1587,1401,31,31,2,2,2,62,1984,0,62,0.022540198056958616,1.0
PF32_DENSE_EARLY,PF32_DENSE_EARLY_c1_t5,32,20,0.625,dense,7.0,1.0,0.5,0.2,0.0,0.0,0.0,0.0,slip_3_3,True,31,1,5,420579243,ls_list_marginal_L4,True,420579243,True,False,False,valid_list_complete,16956,13650,31,31,9,4,4,124,3968,0,62,0.2653580440673977,1.0
PF32_DENSE_EARLY,PF32_DENSE_EARLY_c1_t5,32,20,0.625,dense,7.0,1.0,0.5,0.2,0.0,0.0,0.0,0.0,slip_3_3,True,31,1,5,420579243,ls_list_marginal_L8,True,420579243,True,False,True,query_cap_before_list,25000,19811,31,31,10,5,5,155,4960,0,62,0.40485428704414517,1.0
PF32_DENSE_EARLY,PF32_DENSE_EARLY_c1_t5,32,20,0.625,dense,7.0,1.0,0.5,0.2,0.0,0.0,0.0,0.0,slip_3_3,True,31,1,5,420579243,latent_osd_batch_o2_s31,True,420579243,True,False,False,best_marginal_in_osd_union,1736,0,31,31,907,907,907,28117,899744,1736,31,0.09819698904175311,1.0
PF32_DENSE_EARLY,PF32_DENSE_EARLY_c1_t5,32,20,0.625,dense,7.0,1.0,0.5,0.2,0.0,0.0,0.0,0.0,slip_3_3,True,31,1,5,420579243,plain_osd_batch_o2,False,1400330754,True,False,False,best_marginal_in_osd_union,56,0,1,1,56,56,56,56,1792,56,1,0.003088800935074687,1.0
PF32_DENSE_EARLY,PF32_DENSE_EARLY_c1_t5,32,20,0.625,dense,7.0,1.0,0.5,0.2,0.0,0.0,0.0,0.0,slip_3_3,True,31,1,5,420579243,lsgrand_certified_v1_bound,True,420579243,True,True,False,strict_unseen_codeword_certificate,512,512,31,31,1,1,0,512,16384,0,31,0.00907981302589178,1.0
PF32_DENSE_EARLY,PF32_DENSE_EARLY_c1_t6,32,20,0.625,dense,7.0,1.0,0.5,0.2,0.0,0.0,0.0,0.0,slip_3_3,True,31,1,6,3621532514,ls_first_valid,True,3621532514,True,False,False,valid_list_complete,42,42,31,31,1,1,0,0,0,0,31,0.002888598944991827,1.0
PF32_DENSE_EARLY,PF32_DENSE_EARLY_c1_t6,32,20,0.625,dense,7.0,1.0,0.5,0.2,0.0,0.0,0.0,0.0,slip_3_3,True,31,1,6,3621532514,ls_list_marginal_L2,True,3621532514,True,False,False,valid_list_complete,9028,7499,31,31,5,2,2,62,1984,0,62,0.15869253897108138,1.0
PF32_DENSE_EARLY,PF32_DENSE_EARLY_c1_t6,32,20,0.625,dense,7.0,1.0,0.5,0.2,0.0,0.0,0.0,0.0,slip_3_3,True,31,1,6,3621532514,ls_list_marginal_L4,True,3621532514,True,False,True,query_cap_before_list,25000,19936,31,31,7,3,3,93,2976,0,62,0.39012515894137323,1.0
PF32_DENSE_EARLY,PF32_DENSE_EARLY_c1_t6,32,20,0.625,dense,7.0,1.0,0.5,0.2,0.0,0.0,0.0,0.0,slip_3_3,True,31,1,6,3621532514,ls_list_marginal_L8,True,3621532514,True,False,True,query_cap_before_list,25000,19936,31,31,7,3,3,93,2976,0,62,0.33573701803106815,1.0
PF32_DENSE_EARLY,PF32_DENSE_EARLY_c1_t6,32,20,0.625,dense,7.0,1.0,0.5,0.2,0.0,0.0,0.0,0.0,slip_3_3,True,31,1,6,3621532514,latent_osd_batch_o2_s31,True,3621532514,True,False,False,best_marginal_in_osd_union,1736,0,31,31,929,929,929,28799,921568,1736,31,0.11020295997150242,1.0
PF32_DENSE_EARLY,PF32_DENSE_EARLY_c1_t6,32,20,0.625,dense,7.0,1.0,0.5,0.2,0.0,0.0,0.0,0.0,slip_3_3,True,31,1,6,3621532514,plain_osd_batch_o2,False,3606931136,True,False,False,best_marginal_in_osd_union,56,0,1,1,56,56,56,56,1792,56,1,0.006141509977169335,1.0
PF32_DENSE_EARLY,PF32_DENSE_EARLY_c1_t6,32,20,0.625,dense,7.0,1.0,0.5,0.2,0.0,0.0,0.0,0.0,slip_3_3,True,31,1,6,3621532514,lsgrand_certified_v1_bound,True,3621532514,True,True,False,strict_unseen_codeword_certificate,192,192,31,31,1,1,0,192,6144,0,31,0.005459399078972638,1.0
PF32_DENSE_EARLY,PF32_DENSE_EARLY_c1_t7,32,20,0.625,dense,7.0,1.0,0.5,0.2,0.0,0.0,0.0,0.0,slip_3_3,True,31,1,7,408777978,ls_first_valid,True,408777978,True,False,False,valid_list_complete,10,10,31,7,1,1,0,0,0,0,31,0.0012852040817961097,0.22580645161290322
PF32_DENSE_EARLY,PF32_DENSE_EARLY_c1_t7,32,20,0.625,dense,7.0,1.0,0.5,0.2,0.0,0.0,0.0,0.0,slip_3_3,True,31,1,7,408777978,ls_list_marginal_L2,True,408777978,True,False,False,valid_list_complete,980,901,31,31,4,2,2,62,1984,0,62,0.02007411897648126,1.0
PF32_DENSE_EARLY,PF32_DENSE_EARLY_c1_t7,32,20,0.625,dense,7.0,1.0,0.5,0.2,0.0,0.0,0.0,0.0,slip_3_3,True,31,1,7,408777978,ls_list_marginal_L4,True,408777978,True,False,False,valid_list_complete,10660,9120,31,31,8,4,4,124,3968,0,62,0.1747058239998296,1.0
PF32_DENSE_EARLY,PF32_DENSE_EARLY_c1_t7,32,20,0.625,dense,7.0,1.0,0.5,0.2,0.0,0.0,0.0,0.0,slip_3_3,True,31,1,7,408777978,ls_list_marginal_L8,True,408777978,True,False,True,query_cap_before_list,25000,20768,31,31,9,4,4,124,3968,0,62,0.43425058596767485,1.0
PF32_DENSE_EARLY,PF32_DENSE_EARLY_c1_t7,32,20,0.625,dense,7.0,1.0,0.5,0.2,0.0,0.0,0.0,0.0,slip_3_3,True,31,1,7,408777978,latent_osd_batch_o2_s31,True,408777978,True,False,False,best_marginal_in_osd_union,1736,0,31,31,980,980,980,30380,972160,1736,31,0.08891050599049777,1.0
PF32_DENSE_EARLY,PF32_DENSE_EARLY_c1_t7,32,20,0.625,dense,7.0,1.0,0.5,0.2,0.0,0.0,0.0,0.0,slip_3_3,True,31,1,7,408777978,plain_osd_batch_o2,False,2298211744,True,False,False,best_marginal_in_osd_union,56,0,1,1,56,56,56,56,1792,56,1,0.003048666985705495,1.0
PF32_DENSE_EARLY,PF32_DENSE_EARLY_c1_t7,32,20,0.625,dense,7.0,1.0,0.5,0.2,0.0,0.0,0.0,0.0,slip_3_3,True,31,1,7,408777978,lsgrand_certified_v1_bound,True,408777978,True,True,False,strict_unseen_codeword_certificate,128,128,31,31,1,1,0,128,4096,0,31,0.002843925030902028,1.0
PF32_DENSE_EARLY,PF32_DENSE_EARLY_c1_t8,32,20,0.625,dense,7.0,1.0,0.5,0.2,0.0,0.0,0.0,0.0,slip_3_1,True,31,1,8,289163224,ls_first_valid,True,289163224,True,False,False,valid_list_complete,341,313,31,31,1,1,0,0,0,0,31,0.006437071016989648,1.0
PF32_DENSE_EARLY,PF32_DENSE_EARLY_c1_t8,32,20,0.625,dense,7.0,1.0,0.5,0.2,0.0,0.0,0.0,0.0,slip_3_1,True,31,1,8,289163224,ls_list_marginal_L2,True,289163224,True,False,False,valid_list_complete,9219,7501,31,31,4,2,2,62,1984,0,62,0.1403254389297217,1.0
PF32_DENSE_EARLY,PF32_DENSE_EARLY_c1_t8,32,20,0.625,dense,7.0,1.0,0.5,0.2,0.0,0.0,0.0,0.0,slip_3_1,True,31,1,8,289163224,ls_list_marginal_L4,True,289163224,True,False,True,query_cap_before_list,25000,19438,31,31,4,2,2,62,1984,0,62,0.36984721291810274,1.0
PF32_DENSE_EARLY,PF32_DENSE_EARLY_c1_t8,32,20,0.625,dense,7.0,1.0,0.5,0.2,0.0,0.0,0.0,0.0,slip_3_1,True,31,1,8,289163224,ls_list_marginal_L8,True,289163224,True,False,True,query_cap_before_list,25000,19438,31,31,4,2,2,62,1984,0,62,0.3909749019658193,1.0
PF32_DENSE_EARLY,PF32_DENSE_EARLY_c1_t8,32,20,0.625,dense,7.0,1.0,0.5,0.2,0.0,0.0,0.0,0.0,slip_3_1,True,31,1,8,289163224,latent_osd_batch_o2_s31,True,289163224,True,False,False,best_marginal_in_osd_union,1736,0,31,31,879,879,879,27249,871968,1736,31,0.10928698000498116,1.0
PF32_DENSE_EARLY,PF32_DENSE_EARLY_c1_t8,32,20,0.625,dense,7.0,1.0,0.5,0.2,0.0,0.0,0.0,0.0,slip_3_1,True,31,1,8,289163224,plain_osd_batch_o2,False,295134023,True,False,False,best_marginal_in_osd_union,56,0,1,1,56,56,56,56,1792,56,1,0.0034904489293694496,1.0
PF32_DENSE_EARLY,PF32_DENSE_EARLY_c1_t8,32,20,0.625,dense,7.0,1.0,0.5,0.2,0.0,0.0,0.0,0.0,slip_3_1,True,31,1,8,289163224,lsgrand_certified_v1_bound,True,289163224,True,True,False,strict_unseen_codeword_certificate,1216,1216,31,31,1,1,0,1216,38912,0,31,0.015609912923537195,1.0
PF32_DENSE_EARLY,PF32_DENSE_EARLY_c1_t9,32,20,0.625,dense,7.0,1.0,0.5,0.2,0.0,0.0,0.0,0.0,slip_3_3,True,31,1,9,969847768,ls_first_valid,True,969847768,True,False,False,valid_list_complete,45,45,31,31,1,1,0,0,0,0,31,0.0013304919702932239,1.0
PF32_DENSE_EARLY,PF32_DENSE_EARLY_c1_t9,32,20,0.625,dense,7.0,1.0,0.5,0.2,0.0,0.0,0.0,0.0,slip_3_3,True,31,1,9,969847768,ls_list_marginal_L2,True,969847768,True,False,False,valid_list_complete,6566,5389,31,31,2,2,2,62,1984,0,62,0.06997073697857559,1.0
PF32_DENSE_EARLY,PF32_DENSE_EARLY_c1_t9,32,20,0.625,dense,7.0,1.0,0.5,0.2,0.0,0.0,0.0,0.0,slip_3_3,True,31,1,9,969847768,ls_list_marginal_L4,True,969847768,True,False,False,valid_list_complete,12469,10013,31,31,5,4,4,124,3968,0,62,0.16029787890147418,1.0
PF32_DENSE_EARLY,PF32_DENSE_EARLY_c1_t9,32,20,0.625,dense,7.0,1.0,0.5,0.2,0.0,0.0,0.0,0.0,slip_3_3,True,31,1,9,969847768,ls_list_marginal_L8,True,969847768,True,False,True,query_cap_before_list,25000,19509,31,31,7,5,5,155,4960,0,62,0.3669786109821871,1.0
PF32_DENSE_EARLY,PF32_DENSE_EARLY_c1_t9,32,20,0.625,dense,7.0,1.0,0.5,0.2,0.0,0.0,0.0,0.0,slip_3_3,True,31,1,9,969847768,latent_osd_batch_o2_s31,True,969847768,True,False,False,best_marginal_in_osd_union,1736,0,31,31,893,893,893,27683,885856,1736,31,0.09520238800905645,1.0
PF32_DENSE_EARLY,PF32_DENSE_EARLY_c1_t9,32,20,0.625,dense,7.0,1.0,0.5,0.2,0.0,0.0,0.0,0.0,slip_3_3,True,31,1,9,969847768,plain_osd_batch_o2,False,1004217521,True,False,False,best_marginal_in_osd_union,56,0,1,1,56,56,56,56,1792,56,1,0.002949046087451279,1.0
PF32_DENSE_EARLY,PF32_DENSE_EARLY_c1_t9,32,20,0.625,dense,7.0,1.0,0.5,0.2,0.0,0.0,0.0,0.0,slip_3_3,True,31,1,9,969847768,lsgrand_certified_v1_bound,True,969847768,True,True,False,strict_unseen_codeword_certificate,288,288,31,31,1,1,0,288,9216,0,31,0.003951846971176565,1.0
PF32_DENSE_EARLY,PF32_DENSE_EARLY_c1_t10,32,20,0.625,dense,7.0,1.0,0.5,0.2,0.0,0.0,0.0,0.0,slip_3_3,True,31,1,10,1926363627,ls_first_valid,True,1926363627,True,False,False,valid_list_complete,38,38,31,31,1,1,0,0,0,0,31,0.0013908889377489686,1.0
PF32_DENSE_EARLY,PF32_DENSE_EARLY_c1_t10,32,20,0.625,dense,7.0,1.0,0.5,0.2,0.0,0.0,0.0,0.0,slip_3_3,True,31,1,10,1926363627,ls_list_marginal_L2,True,1926363627,True,False,False,valid_list_complete,4464,3838,31,31,4,2,2,62,1984,0,62,0.07506988802924752,1.0
PF32_DENSE_EARLY,PF32_DENSE_EARLY_c1_t10,32,20,0.625,dense,7.0,1.0,0.5,0.2,0.0,0.0,0.0,0.0,slip_3_3,True,31,1,10,1926363627,ls_list_marginal_L4,True,1926363627,True,False,False,valid_list_complete,14745,12209,31,31,8,4,4,124,3968,0,62,0.21727405593264848,1.0
PF32_DENSE_EARLY,PF32_DENSE_EARLY_c1_t10,32,20,0.625,dense,7.0,1.0,0.5,0.2,0.0,0.0,0.0,0.0,slip_3_3,True,31,1,10,1926363627,ls_list_marginal_L8,True,1926363627,True,False,False,valid_list_complete,21492,17549,31,31,12,8,8,248,7936,0,62,0.3145916590001434,1.0
PF32_DENSE_EARLY,PF32_DENSE_EARLY_c1_t10,32,20,0.625,dense,7.0,1.0,0.5,0.2,0.0,0.0,0.0,0.0,slip_3_3,True,31,1,10,1926363627,latent_osd_batch_o2_s31,True,1926363627,True,False,False,best_marginal_in_osd_union,1736,0,31,31,954,954,954,29574,946368,1736,31,0.13319018797483295,1.0
PF32_DENSE_EARLY,PF32_DENSE_EARLY_c1_t10,32,20,0.625,dense,7.0,1.0,0.5,0.2,0.0,0.0,0.0,0.0,slip_3_3,True,31,1,10,1926363627,plain_osd_batch_o2,False,1219995522,True,False,False,best_marginal_in_osd_union,56,0,1,1,56,56,56,56,1792,56,1,0.0037797639379277825,1.0
PF32_DENSE_EARLY,PF32_DENSE_EARLY_c1_t10,32,20,0.625,dense,7.0,1.0,0.5,0.2,0.0,0.0,0.0,0.0,slip_3_3,True,31,1,10,1926363627,lsgrand_certified_v1_bound,True,1926363627,True,True,False,strict_unseen_codeword_certificate,64,64,31,31,1,1,0,64,2048,0,31,0.002282425994053483,1.0
PF32_DENSE_EARLY,PF32_DENSE_EARLY_c1_t11,32,20,0.625,dense,7.0,1.0,0.5,0.2,0.0,0.0,0.0,0.0,slip_3_1,True,31,1,11,1733140181,ls_first_valid,True,1733140181,True,False,False,valid_list_complete,7,7,31,6,1,1,0,0,0,0,31,0.0011990220518782735,0.1935483870967742
PF32_DENSE_EARLY,PF32_DENSE_EARLY_c1_t11,32,20,0.625,dense,7.0,1.0,0.5,0.2,0.0,0.0,0.0,0.0,slip_3_1,True,31,1,11,1733140181,ls_list_marginal_L2,True,1733140181,True,False,False,valid_list_complete,1196,1085,31,31,3,2,2,62,1984,0,62,0.018400103086605668,1.0
PF32_DENSE_EARLY,PF32_DENSE_EARLY_c1_t11,32,20,0.625,dense,7.0,1.0,0.5,0.2,0.0,0.0,0.0,0.0,slip_3_1,True,31,1,11,1733140181,ls_list_marginal_L4,True,1733140181,True,False,False,valid_list_complete,11806,9880,31,31,7,4,4,124,3968,0,62,0.16819408803712577,1.0
PF32_DENSE_EARLY,PF32_DENSE_EARLY_c1_t11,32,20,0.625,dense,7.0,1.0,0.5,0.2,0.0,0.0,0.0,0.0,slip_3_1,True,31,1,11,1733140181,ls_list_marginal_L8,True,1733140181,True,False,True,query_cap_before_list,25000,20298,31,31,9,6,6,186,5952,0,62,0.3998237180057913,1.0
PF32_DENSE_EARLY,PF32_DENSE_EARLY_c1_t11,32,20,0.625,dense,7.0,1.0,0.5,0.2,0.0,0.0,0.0,0.0,slip_3_1,True,31,1,11,1733140181,latent_osd_batch_o2_s31,True,1733140181,True,False,False,best_marginal_in_osd_union,1736,0,31,31,906,906,906,28086,898752,1736,31,0.11032749305013567,1.0
PF32_DENSE_EARLY,PF32_DENSE_EARLY_c1_t11,32,20,0.625,dense,7.0,1.0,0.5,0.2,0.0,0.0,0.0,0.0,slip_3_1,True,31,1,11,1733140181,plain_osd_batch_o2,False,1160169280,True,False,False,best_marginal_in_osd_union,56,0,1,1,56,56,56,56,1792,56,1,0.0037021440220996737,1.0
PF32_DENSE_EARLY,PF32_DENSE_EARLY_c1_t11,32,20,0.625,dense,7.0,1.0,0.5,0.2,0.0,0.0,0.0,0.0,slip_3_1,True,31,1,11,1733140181,lsgrand_certified_v1_bound,True,1733140181,True,True,False,strict_unseen_codeword_certificate,64,64,31,31,1,1,0,64,2048,0,31,0.0023681489983573556,1.0
PF32_DENSE_EARLY,PF32_DENSE_EARLY_c1_t12,32,20,0.625,dense,7.0,1.0,0.5,0.2,0.0,0.0,0.0,0.0,slip_3_3,True,31,1,12,3196566160,ls_first_valid,True,3196566160,True,False,False,valid_list_complete,12,12,31,7,1,1,0,0,0,0,31,0.001412076991982758,0.22580645161290322
PF32_DENSE_EARLY,PF32_DENSE_EARLY_c1_t12,32,20,0.625,dense,7.0,1.0,0.5,0.2,0.0,0.0,0.0,0.0,slip_3_3,True,31,1,12,3196566160,ls_list_marginal_L2,True,3196566160,True,False,False,valid_list_complete,907,817,31,31,4,2,2,62,1984,0,62,0.014538379036821425,1.0
PF32_DENSE_EARLY,PF32_DENSE_EARLY_c1_t12,32,20,0.625,dense,7.0,1.0,0.5,0.2,0.0,0.0,0.0,0.0,slip_3_3,True,31,1,12,3196566160,ls_list_marginal_L4,True,3196566160,True,False,False,valid_list_complete,6183,5280,31,31,8,4,4,124,3968,0,62,0.10695584304630756,1.0
PF32_DENSE_EARLY,PF32_DENSE_EARLY_c1_t12,32,20,0.625,dense,7.0,1.0,0.5,0.2,0.0,0.0,0.0,0.0,slip_3_3,True,31,1,12,3196566160,ls_list_marginal_L8,True,3196566160,True,False,True,query_cap_before_list,25000,20218,31,31,10,5,5,155,4960,0,62,0.36262169701512903,1.0
PF32_DENSE_EARLY,PF32_DENSE_EARLY_c1_t12,32,20,0.625,dense,7.0,1.0,0.5,0.2,0.0,0.0,0.0,0.0,slip_3_3,True,31,1,12,3196566160,latent_osd_batch_o2_s31,True,3196566160,True,False,False,best_marginal_in_osd_union,1736,0,31,31,991,991,991,30721,983072,1736,31,0.13018459908198565,1.0
PF32_DENSE_EARLY,PF32_DENSE_EARLY_c1_t12,32,20,0.625,dense,7.0,1.0,0.5,0.2,0.0,0.0,0.0,0.0,slip_3_3,True,31,1,12,3196566160,plain_osd_batch_o2,False,3158179893,True,False,False,best_marginal_in_osd_union,56,0,1,1,56,56,56,56,1792,56,1,0.0035941150272265077,1.0
PF32_DENSE_EARLY,PF32_DENSE_EARLY_c1_t12,32,20,0.625,dense,7.0,1.0,0.5,0.2,0.0,0.0,0.0,0.0,slip_3_3,True,31,1,12,3196566160,lsgrand_certified_v1_bound,True,3196566160,True,True,False,strict_unseen_codeword_certificate,224,224,31,31,1,1,0,224,7168,0,31,0.004937464953400195,1.0
PF32_DENSE_EARLY,PF32_DENSE_EARLY_c1_t13,32,20,0.625,dense,7.0,1.0,0.5,0.2,0.0,0.0,0.0,0.0,slip_3_1,True,31,1,13,2849089776,ls_first_valid,True,2849089776,True,False,False,valid_list_complete,111,107,31,31,1,1,0,0,0,0,31,0.0027085309848189354,1.0
PF32_DENSE_EARLY,PF32_DENSE_EARLY_c1_t13,32,20,0.625,dense,7.0,1.0,0.5,0.2,0.0,0.0,0.0,0.0,slip_3_1,True,31,1,13,2849089776,ls_list_marginal_L2,True,2849089776,True,False,True,query_cap_before_list,25000,20207,31,31,3,1,1,31,992,0,62,0.4199660279555246,1.0
PF32_DENSE_EARLY,PF32_DENSE_EARLY_c1_t13,32,20,0.625,dense,7.0,1.0,0.5,0.2,0.0,0.0,0.0,0.0,slip_3_1,True,31,1,13,2849089776,ls_list_marginal_L4,True,2849089776,True,False,True,query_cap_before_list,25000,20207,31,31,3,1,1,31,992,0,62,0.40743320202454925,1.0
PF32_DENSE_EARLY,PF32_DENSE_EARLY_c1_t13,32,20,0.625,dense,7.0,1.0,0.5,0.2,0.0,0.0,0.0,0.0,slip_3_1,True,31,1,13,2849089776,ls_list_marginal_L8,True,2849089776,True,False,True,query_cap_before_list,25000,20207,31,31,3,1,1,31,992,0,62,0.37263028498273343,1.0
PF32_DENSE_EARLY,PF32_DENSE_EARLY_c1_t13,32,20,0.625,dense,7.0,1.0,0.5,0.2,0.0,0.0,0.0,0.0,slip_3_1,True,31,1,13,2849089776,latent_osd_batch_o2_s31,True,2849089776,True,False,False,best_marginal_in_osd_union,1736,0,31,31,950,950,950,29450,942400,1736,31,0.11271779704838991,1.0
PF32_DENSE_EARLY,PF32_DENSE_EARLY_c1_t13,32,20,0.625,dense,7.0,1.0,0.5,0.2,0.0,0.0,0.0,0.0,slip_3_1,True,31,1,13,2849089776,plain_osd_batch_o2,False,3227049690,True,False,False,best_marginal_in_osd_union,56,0,1,1,56,56,56,56,1792,56,1,0.003186226007528603,1.0
PF32_DENSE_EARLY,PF32_DENSE_EARLY_c1_t13,32,20,0.625,dense,7.0,1.0,0.5,0.2,0.0,0.0,0.0,0.0,slip_3_1,True,31,1,13,2849089776,lsgrand_certified_v1_bound,True,2849089776,True,True,False,strict_unseen_codeword_certificate,512,512,31,31,1,1,0,512,16384,0,31,0.008118213969282806,1.0
PF32_DENSE_EARLY,PF32_DENSE_EARLY_c1_t14,32,20,0.625,dense,7.0,1.0,0.5,0.2,0.0,0.0,0.0,0.0,slip_3_3,True,31,1,14,4166019359,ls_first_valid,True,4166019359,True,False,False,valid_list_complete,9,9,31,7,1,1,0,0,0,0,31,0.001297656912356615,0.22580645161290322
PF32_DENSE_EARLY,PF32_DENSE_EARLY_c1_t14,32,20,0.625,dense,7.0,1.0,0.5,0.2,0.0,0.0,0.0,0.0,slip_3_3,True,31,1,14,4166019359,ls_list_marginal_L2,True,4166019359,True,False,False,valid_list_complete,913,815,31,31,2,2,2,62,1984,0,62,0.014405637979507446,1.0
PF32_DENSE_EARLY,PF32_DENSE_EARLY_c1_t14,32,20,0.625,dense,7.0,1.0,0.5,0.2,0.0,0.0,0.0,0.0,slip_3_3,True,31,1,14,4166019359,ls_list_marginal_L4,True,4166019359,True,False,False,valid_list_complete,17629,14273,31,31,7,4,4,124,3968,0,62,0.2702047269558534,1.0
PF32_DENSE_EARLY,PF32_DENSE_EARLY_c1_t14,32,20,0.625,dense,7.0,1.0,0.5,0.2,0.0,0.0,0.0,0.0,slip_3_3,True,31,1,14,4166019359,ls_list_marginal_L8,True,4166019359,True,False,True,query_cap_before_list,25000,19985,31,31,10,6,6,186,5952,0,62,0.3755043928977102,1.0
PF32_DENSE_EARLY,PF32_DENSE_EARLY_c1_t14,32,20,0.625,dense,7.0,1.0,0.5,0.2,0.0,0.0,0.0,0.0,slip_3_3,True,31,1,14,4166019359,latent_osd_batch_o2_s31,True,4166019359,True,False,False,best_marginal_in_osd_union,1736,0,31,31,1012,1012,1012,31372,1003904,1736,31,0.11620189202949405,1.0
PF32_DENSE_EARLY,PF32_DENSE_EARLY_c1_t14,32,20,0.625,dense,7.0,1.0,0.5,0.2,0.0,0.0,0.0,0.0,slip_3_3,True,31,1,14,4166019359,plain_osd_batch_o2,False,4194157436,True,False,False,best_marginal_in_osd_union,56,0,1,1,56,56,56,56,1792,56,1,0.0044516719644889235,1.0
PF32_DENSE_EARLY,PF32_DENSE_EARLY_c1_t14,32,20,0.625,dense,7.0,1.0,0.5,0.2,0.0,0.0,0.0,0.0,slip_3_3,True,31,1,14,4166019359,lsgrand_certified_v1_bound,True,4166019359,True,True,False,strict_unseen_codeword_certificate,128,128,31,31,1,1,0,128,4096,0,31,0.003983800997957587,1.0
PF32_DENSE_EARLY,PF32_DENSE_EARLY_c1_t15,32,20,0.625,dense,7.0,1.0,0.5,0.2,0.0,0.0,0.0,0.0,slip_3_3,True,31,1,15,1242963227,ls_first_valid,True,1242963227,True,False,False,valid_list_complete,12,12,31,7,1,1,0,0,0,0,31,0.0016945080133154988,0.22580645161290322
PF32_DENSE_EARLY,PF32_DENSE_EARLY_c1_t15,32,20,0.625,dense,7.0,1.0,0.5,0.2,0.0,0.0,0.0,0.0,slip_3_3,True,31,1,15,1242963227,ls_list_marginal_L2,True,1242963227,True,False,False,valid_list_complete,4533,3807,31,31,3,2,2,62,1984,0,62,0.06895831297151744,1.0
PF32_DENSE_EARLY,PF32_DENSE_EARLY_c1_t15,32,20,0.625,dense,7.0,1.0,0.5,0.2,0.0,0.0,0.0,0.0,slip_3_3,True,31,1,15,1242963227,ls_list_marginal_L4,True,1242963227,True,False,False,valid_list_complete,22034,17450,31,31,8,4,4,124,3968,0,62,0.33288524707313627,1.0
PF32_DENSE_EARLY,PF32_DENSE_EARLY_c1_t15,32,20,0.625,dense,7.0,1.0,0.5,0.2,0.0,0.0,0.0,0.0,slip_3_3,True,31,1,15,1242963227,ls_list_marginal_L8,True,1242963227,True,False,True,query_cap_before_list,25000,19737,31,31,9,5,5,155,4960,0,62,0.32230125297792256,1.0
PF32_DENSE_EARLY,PF32_DENSE_EARLY_c1_t15,32,20,0.625,dense,7.0,1.0,0.5,0.2,0.0,0.0,0.0,0.0,slip_3_3,True,31,1,15,1242963227,latent_osd_batch_o2_s31,True,1242963227,True,False,False,best_marginal_in_osd_union,1736,0,31,31,924,924,924,28644,916608,1736,31,0.11550371593330055,1.0
PF32_DENSE_EARLY,PF32_DENSE_EARLY_c1_t15,32,20,0.625,dense,7.0,1.0,0.5,0.2,0.0,0.0,0.0,0.0,slip_3_3,True,31,1,15,1242963227,plain_osd_batch_o2,False,1279023475,True,False,False,best_marginal_in_osd_union,56,0,1,1,56,56,56,56,1792,56,1,0.003264378057792783,1.0
PF32_DENSE_EARLY,PF32_DENSE_EARLY_c1_t15,32,20,0.625,dense,7.0,1.0,0.5,0.2,0.0,0.0,0.0,0.0,slip_3_3,True,31,1,15,1242963227,lsgrand_certified_v1_bound,True,1242963227,True,True,False,strict_unseen_codeword_certificate,192,192,31,31,1,1,0,192,6144,0,31,0.0038442129734903574,1.0
PF32_DENSE_EARLY,PF32_DENSE_EARLY_c1_t16,32,20,0.625,dense,7.0,1.0,0.5,0.2,0.0,0.0,0.0,0.0,slip_3_3,True,31,1,16,1156412839,ls_first_valid,True,1156412839,True,False,False,valid_list_complete,7,7,31,7,1,1,0,0,0,0,31,0.001186243025586009,0.22580645161290322
PF32_DENSE_EARLY,PF32_DENSE_EARLY_c1_t16,32,20,0.625,dense,7.0,1.0,0.5,0.2,0.0,0.0,0.0,0.0,slip_3_3,True,31,1,16,1156412839,ls_list_marginal_L2,True,1156412839,True,False,False,valid_list_complete,1987,1753,31,31,3,2,2,62,1984,0,62,0.027260050061158836,1.0
PF32_DENSE_EARLY,PF32_DENSE_EARLY_c1_t16,32,20,0.625,dense,7.0,1.0,0.5,0.2,0.0,0.0,0.0,0.0,slip_3_3,True,31,1,16,1156412839,ls_list_marginal_L4,True,1156412839,True,False,False,valid_list_complete,9231,7737,31,31,8,4,4,124,3968,0,62,0.1296020969748497,1.0
PF32_DENSE_EARLY,PF32_DENSE_EARLY_c1_t16,32,20,0.625,dense,7.0,1.0,0.5,0.2,0.0,0.0,0.0,0.0,slip_3_3,True,31,1,16,1156412839,ls_list_marginal_L8,True,1156412839,True,False,True,query_cap_before_list,25000,20112,31,31,13,7,7,217,6944,0,62,0.3710912310052663,1.0
PF32_DENSE_EARLY,PF32_DENSE_EARLY_c1_t16,32,20,0.625,dense,7.0,1.0,0.5,0.2,0.0,0.0,0.0,0.0,slip_3_3,True,31,1,16,1156412839,latent_osd_batch_o2_s31,True,1156412839,True,False,False,best_marginal_in_osd_union,1736,0,31,31,909,909,909,28179,901728,1736,31,0.10533624608069658,1.0
PF32_DENSE_EARLY,PF32_DENSE_EARLY_c1_t16,32,20,0.625,dense,7.0,1.0,0.5,0.2,0.0,0.0,0.0,0.0,slip_3_3,True,31,1,16,1156412839,plain_osd_batch_o2,False,1166561038,True,False,False,best_marginal_in_osd_union,56,0,1,1,56,56,56,56,1792,56,1,0.002619406091980636,1.0
PF32_DENSE_EARLY,PF32_DENSE_EARLY_c1_t16,32,20,0.625,dense,7.0,1.0,0.5,0.2,0.0,0.0,0.0,0.0,slip_3_3,True,31,1,16,1156412839,lsgrand_certified_v1_bound,True,1156412839,True,True,False,strict_unseen_codeword_certificate,32,32,31,31,1,1,0,32,1024,0,31,0.0015864160377532244,1.0
PF32_DENSE_EARLY,PF32_DENSE_EARLY_c1_t17,32,20,0.625,dense,7.0,1.0,0.5,0.2,0.0,0.0,0.0,0.0,slip_3_1,True,31,1,17,3101536199,ls_first_valid,True,3101536199,True,False,False,valid_list_complete,14,14,31,6,1,1,0,0,0,0,31,0.00185384601354599,0.1935483870967742
PF32_DENSE_EARLY,PF32_DENSE_EARLY_c1_t17,32,20,0.625,dense,7.0,1.0,0.5,0.2,0.0,0.0,0.0,0.0,slip_3_1,True,31,1,17,3101536199,ls_list_marginal_L2,True,3101536199,True,False,False,valid_list_complete,872,793,31,31,2,2,2,62,1984,0,62,0.016940393950790167,1.0
PF32_DENSE_EARLY,PF32_DENSE_EARLY_c1_t17,32,20,0.625,dense,7.0,1.0,0.5,0.2,0.0,0.0,0.0,0.0,slip_3_1,True,31,1,17,3101536199,ls_list_marginal_L4,True,3101536199,True,False,False,valid_list_complete,8137,6813,31,31,6,4,4,124,3968,0,62,0.12198929698206484,1.0
PF32_DENSE_EARLY,PF32_DENSE_EARLY_c1_t17,32,20,0.625,dense,7.0,1.0,0.5,0.2,0.0,0.0,0.0,0.0,slip_3_1,True,31,1,17,3101536199,ls_list_marginal_L8,True,3101536199,True,False,True,query_cap_before_list,25000,19915,31,31,8,4,4,124,3968,0,62,0.4008013840066269,1.0
PF32_DENSE_EARLY,PF32_DENSE_EARLY_c1_t17,32,20,0.625,dense,7.0,1.0,0.5,0.2,0.0,0.0,0.0,0.0,slip_3_1,True,31,1,17,3101536199,latent_osd_batch_o2_s31,True,3101536199,True,False,False,best_marginal_in_osd_union,1736,0,31,31,858,858,858,26598,851136,1736,31,0.10354547295719385,1.0
PF32_DENSE_EARLY,PF32_DENSE_EARLY_c1_t17,32,20,0.625,dense,7.0,1.0,0.5,0.2,0.0,0.0,0.0,0.0,slip_3_1,True,31,1,17,3101536199,plain_osd_batch_o2,False,4202984777,True,False,False,best_marginal_in_osd_union,56,0,1,1,56,56,56,56,1792,56,1,0.0028790030628442764,1.0
PF32_DENSE_EARLY,PF32_DENSE_EARLY_c1_t17,32,20,0.625,dense,7.0,1.0,0.5,0.2,0.0,0.0,0.0,0.0,slip_3_1,True,31,1,17,3101536199,lsgrand_certified_v1_bound,True,3101536199,True,True,False,strict_unseen_codeword_certificate,320,320,31,31,1,1,0,320,10240,0,31,0.0072599080158397555,1.0
PF32_DENSE_EARLY,PF32_DENSE_EARLY_c1_t18,32,20,0.625,dense,7.0,1.0,0.5,0.2,0.0,0.0,0.0,0.0,slip_3_3,True,31,1,18,1300765630,ls_first_valid,True,1300765630,True,False,False,valid_list_complete,13,13,31,7,1,1,0,0,0,0,31,0.0018321030074730515,0.22580645161290322
PF32_DENSE_EARLY,PF32_DENSE_EARLY_c1_t18,32,20,0.625,dense,7.0,1.0,0.5,0.2,0.0,0.0,0.0,0.0,slip_3_3,True,31,1,18,1300765630,ls_list_marginal_L2,True,1300765630,True,False,False,valid_list_complete,1235,1096,31,31,3,2,2,62,1984,0,62,0.020749132032506168,1.0
PF32_DENSE_EARLY,PF32_DENSE_EARLY_c1_t18,32,20,0.625,dense,7.0,1.0,0.5,0.2,0.0,0.0,0.0,0.0,slip_3_3,True,31,1,18,1300765630,ls_list_marginal_L4,True,1300765630,True,False,False,valid_list_complete,10429,8570,31,31,6,4,4,124,3968,0,62,0.16039350302889943,1.0
PF32_DENSE_EARLY,PF32_DENSE_EARLY_c1_t18,32,20,0.625,dense,7.0,1.0,0.5,0.2,0.0,0.0,0.0,0.0,slip_3_3,True,31,1,18,1300765630,ls_list_marginal_L8,True,1300765630,True,False,True,query_cap_before_list,25000,19913,31,31,10,6,6,186,5952,0,62,0.34833274502307177,1.0
PF32_DENSE_EARLY,PF32_DENSE_EARLY_c1_t18,32,20,0.625,dense,7.0,1.0,0.5,0.2,0.0,0.0,0.0,0.0,slip_3_3,True,31,1,18,1300765630,latent_osd_batch_o2_s31,True,1300765630,True,False,False,best_marginal_in_osd_union,1736,0,31,31,935,935,935,28985,927520,1736,31,0.10270643909461796,1.0
PF32_DENSE_EARLY,PF32_DENSE_EARLY_c1_t18,32,20,0.625,dense,7.0,1.0,0.5,0.2,0.0,0.0,0.0,0.0,slip_3_3,True,31,1,18,1300765630,plain_osd_batch_o2,False,1325478432,True,False,False,best_marginal_in_osd_union,56,0,1,1,56,56,56,56,1792,56,1,0.0027205150108784437,1.0
PF32_DENSE_EARLY,PF32_DENSE_EARLY_c1_t18,32,20,0.625,dense,7.0,1.0,0.5,0.2,0.0,0.0,0.0,0.0,slip_3_3,True,31,1,18,1300765630,lsgrand_certified_v1_bound,True,1300765630,True,True,False,strict_unseen_codeword_certificate,224,224,31,31,2,1,0,224,7168,0,31,0.003945542965084314,1.0
PF32_DENSE_EARLY,PF32_DENSE_EARLY_c1_t19,32,20,0.625,dense,7.0,1.0,0.5,0.2,0.0,0.0,0.0,0.0,slip_3_3,True,31,1,19,1231681666,ls_first_valid,True,1231681666,True,False,False,valid_list_complete,40,40,31,31,1,1,0,0,0,0,31,0.0013378409203141928,1.0
PF32_DENSE_EARLY,PF32_DENSE_EARLY_c1_t19,32,20,0.625,dense,7.0,1.0,0.5,0.2,0.0,0.0,0.0,0.0,slip_3_3,True,31,1,19,1231681666,ls_list_marginal_L2,True,1231681666,True,False,False,valid_list_complete,1866,1632,31,31,4,2,2,62,1984,0,62,0.0285358369583264,1.0
PF32_DENSE_EARLY,PF32_DENSE_EARLY_c1_t19,32,20,0.625,dense,7.0,1.0,0.5,0.2,0.0,0.0,0.0,0.0,slip_3_3,True,31,1,19,1231681666,ls_list_marginal_L4,True,1231681666,True,False,False,valid_list_complete,3881,3325,31,31,6,4,4,124,3968,0,62,0.05051117797847837,1.0
PF32_DENSE_EARLY,PF32_DENSE_EARLY_c1_t19,32,20,0.625,dense,7.0,1.0,0.5,0.2,0.0,0.0,0.0,0.0,slip_3_3,True,31,1,19,1231681666,ls_list_marginal_L8,True,1231681666,True,False,False,valid_list_complete,7852,6560,31,31,11,8,8,248,7936,0,62,0.1148545709438622,1.0
PF32_DENSE_EARLY,PF32_DENSE_EARLY_c1_t19,32,20,0.625,dense,7.0,1.0,0.5,0.2,0.0,0.0,0.0,0.0,slip_3_3,True,31,1,19,1231681666,latent_osd_batch_o2_s31,True,1231681666,True,False,False,best_marginal_in_osd_union,1736,0,31,31,926,926,926,28706,918592,1736,31,0.08996014401782304,1.0
PF32_DENSE_EARLY,PF32_DENSE_EARLY_c1_t19,32,20,0.625,dense,7.0,1.0,0.5,0.2,0.0,0.0,0.0,0.0,slip_3_3,True,31,1,19,1231681666,plain_osd_batch_o2,False,1271129364,True,False,False,best_marginal_in_osd_union,56,0,1,1,56,56,56,56,1792,56,1,0.0025391330709680915,1.0
PF32_DENSE_EARLY,PF32_DENSE_EARLY_c1_t19,32,20,0.625,dense,7.0,1.0,0.5,0.2,0.0,0.0,0.0,0.0,slip_3_3,True,31,1,19,1231681666,lsgrand_certified_v1_bound,True,1231681666,True,True,False,strict_unseen_codeword_certificate,128,128,31,31,1,1,0,128,4096,0,31,0.0023819709895178676,1.0
PF32_DENSE_EARLY,PF32_DENSE_EARLY_c1_t20,32,20,0.625,dense,7.0,1.0,0.5,0.2,0.0,0.0,0.0,0.0,slip_3_3,True,31,1,20,4066430306,ls_first_valid,True,4066430306,True,False,False,valid_list_complete,48,47,31,31,1,1,0,0,0,0,31,0.0013338710414245725,1.0
PF32_DENSE_EARLY,PF32_DENSE_EARLY_c1_t20,32,20,0.625,dense,7.0,1.0,0.5,0.2,0.0,0.0,0.0,0.0,slip_3_3,True,31,1,20,4066430306,ls_list_marginal_L2,True,4066430306,True,False,False,valid_list_complete,6131,5159,31,31,3,2,2,62,1984,0,62,0.0628846560139209,1.0
PF32_DENSE_EARLY,PF32_DENSE_EARLY_c1_t20,32,20,0.625,dense,7.0,1.0,0.5,0.2,0.0,0.0,0.0,0.0,slip_3_3,True,31,1,20,4066430306,ls_list_marginal_L4,True,4066430306,True,False,False,valid_list_complete,6842,5740,31,31,5,4,4,124,3968,0,62,0.11603337805718184,1.0
PF32_DENSE_EARLY,PF32_DENSE_EARLY_c1_t20,32,20,0.625,dense,7.0,1.0,0.5,0.2,0.0,0.0,0.0,0.0,slip_3_3,True,31,1,20,4066430306,ls_list_marginal_L8,True,4066430306,True,False,False,valid_list_complete,23105,18570,31,31,12,8,8,248,7936,0,62,0.3374546659179032,1.0
PF32_DENSE_EARLY,PF32_DENSE_EARLY_c1_t20,32,20,0.625,dense,7.0,1.0,0.5,0.2,0.0,0.0,0.0,0.0,slip_3_3,True,31,1,20,4066430306,latent_osd_batch_o2_s31,True,4066430306,True,False,False,best_marginal_in_osd_union,1736,0,31,31,941,941,941,29171,933472,1736,31,0.08672773302532732,1.0
PF32_DENSE_EARLY,PF32_DENSE_EARLY_c1_t20,32,20,0.625,dense,7.0,1.0,0.5,0.2,0.0,0.0,0.0,0.0,slip_3_3,True,31,1,20,4066430306,plain_osd_batch_o2,False,4107129284,True,False,False,best_marginal_in_osd_union,56,0,1,1,56,56,56,56,1792,56,1,0.002867168979719281,1.0
PF32_DENSE_EARLY,PF32_DENSE_EARLY_c1_t20,32,20,0.625,dense,7.0,1.0,0.5,0.2,0.0,0.0,0.0,0.0,slip_3_3,True,31,1,20,4066430306,lsgrand_certified_v1_bound,True,4066430306,True,True,False,strict_unseen_codeword_certificate,416,416,31,31,1,1,0,416,13312,0,31,0.007972077000886202,1.0
PF32_DENSE_EARLY,PF32_DENSE_EARLY_c1_t21,32,20,0.625,dense,7.0,1.0,0.5,0.2,0.0,0.0,0.0,0.0,slip_3_3,True,31,1,21,1040662300,ls_first_valid,True,1040662300,True,False,False,valid_list_complete,41,41,31,31,1,1,0,0,0,0,31,0.0021373400231823325,1.0
PF32_DENSE_EARLY,PF32_DENSE_EARLY_c1_t21,32,20,0.625,dense,7.0,1.0,0.5,0.2,0.0,0.0,0.0,0.0,slip_3_3,True,31,1,21,1040662300,ls_list_marginal_L2,True,1040662300,True,False,False,valid_list_complete,4326,3674,31,31,4,2,2,62,1984,0,62,0.0633026190334931,1.0
PF32_DENSE_EARLY,PF32_DENSE_EARLY_c1_t21,32,20,0.625,dense,7.0,1.0,0.5,0.2,0.0,0.0,0.0,0.0,slip_3_3,True,31,1,21,1040662300,ls_list_marginal_L4,True,1040662300,True,False,False,valid_list_complete,5288,4456,31,31,6,4,4,124,3968,0,62,0.08478409692179412,1.0
PF32_DENSE_EARLY,PF32_DENSE_EARLY_c1_t21,32,20,0.625,dense,7.0,1.0,0.5,0.2,0.0,0.0,0.0,0.0,slip_3_3,True,31,1,21,1040662300,ls_list_marginal_L8,True,1040662300,True,False,True,query_cap_before_list,25000,19857,31,31,13,6,6,186,5952,0,62,0.3551525520160794,1.0
PF32_DENSE_EARLY,PF32_DENSE_EARLY_c1_t21,32,20,0.625,dense,7.0,1.0,0.5,0.2,0.0,0.0,0.0,0.0,slip_3_3,True,31,1,21,1040662300,latent_osd_batch_o2_s31,True,1040662300,True,False,False,best_marginal_in_osd_union,1736,0,31,31,985,985,985,30535,977120,1736,31,0.11043278803117573,1.0
PF32_DENSE_EARLY,PF32_DENSE_EARLY_c1_t21,32,20,0.625,dense,7.0,1.0,0.5,0.2,0.0,0.0,0.0,0.0,slip_3_3,True,31,1,21,1040662300,plain_osd_batch_o2,False,1012296811,True,False,False,best_marginal_in_osd_union,56,0,1,1,56,56,56,56,1792,56,1,0.004005261929705739,1.0
PF32_DENSE_EARLY,PF32_DENSE_EARLY_c1_t21,32,20,0.625,dense,7.0,1.0,0.5,0.2,0.0,0.0,0.0,0.0,slip_3_3,True,31,1,21,1040662300,lsgrand_certified_v1_bound,True,1040662300,True,True,False,strict_unseen_codeword_certificate,192,192,31,31,1,1,0,192,6144,0,31,0.004806065931916237,1.0
PF32_DENSE_EARLY,PF32_DENSE_EARLY_c1_t22,32,20,0.625,dense,7.0,1.0,0.5,0.2,0.0,0.0,0.0,0.0,slip_3_3,True,31,1,22,4146835086,ls_first_valid,True,4146835086,True,False,False,valid_list_complete,17,17,31,7,1,1,0,0,0,0,31,0.0014782780781388283,0.22580645161290322
PF32_DENSE_EARLY,PF32_DENSE_EARLY_c1_t22,32,20,0.625,dense,7.0,1.0,0.5,0.2,0.0,0.0,0.0,0.0,slip_3_3,True,31,1,22,4146835086,ls_list_marginal_L2,True,4146835086,True,False,False,valid_list_complete,23051,17923,31,31,5,2,2,62,1984,0,62,0.30304893909487873,1.0
PF32_DENSE_EARLY,PF32_DENSE_EARLY_c1_t22,32,20,0.625,dense,7.0,1.0,0.5,0.2,0.0,0.0,0.0,0.0,slip_3_3,True,31,1,22,4146835086,ls_list_marginal_L4,True,4146835086,True,False,True,query_cap_before_list,25000,19381,31,31,6,2,2,62,1984,0,62,0.3034812069963664,1.0
PF32_DENSE_EARLY,PF32_DENSE_EARLY_c1_t22,32,20,0.625,dense,7.0,1.0,0.5,0.2,0.0,0.0,0.0,0.0,slip_3_3,True,31,1,22,4146835086,ls_list_marginal_L8,True,4146835086,True,False,True,query_cap_before_list,25000,19381,31,31,6,2,2,62,1984,0,62,0.3673057979904115,1.0
PF32_DENSE_EARLY,PF32_DENSE_EARLY_c1_t22,32,20,0.625,dense,7.0,1.0,0.5,0.2,0.0,0.0,0.0,0.0,slip_3_3,True,31,1,22,4146835086,latent_osd_batch_o2_s31,True,4146835086,True,False,False,best_marginal_in_osd_union,1736,0,31,31,939,939,939,29109,931488,1736,31,0.10725229803938419,1.0
PF32_DENSE_EARLY,PF32_DENSE_EARLY_c1_t22,32,20,0.625,dense,7.0,1.0,0.5,0.2,0.0,0.0,0.0,0.0,slip_3_3,True,31,1,22,4146835086,plain_osd_batch_o2,False,4106356752,True,False,False,best_marginal_in_osd_union,56,0,1,1,56,56,56,56,1792,56,1,0.0031458719167858362,1.0
PF32_DENSE_EARLY,PF32_DENSE_EARLY_c1_t22,32,20,0.625,dense,7.0,1.0,0.5,0.2,0.0,0.0,0.0,0.0,slip_3_3,True,31,1,22,4146835086,lsgrand_certified_v1_bound,True,4146835086,True,True,False,strict_unseen_codeword_certificate,384,384,31,31,1,1,0,384,12288,0,31,0.005016006994992495,1.0
PF32_DENSE_EARLY,PF32_DENSE_EARLY_c1_t23,32,20,0.625,dense,7.0,1.0,0.5,0.2,0.0,0.0,0.0,0.0,slip_3_1,True,31,1,23,1825262698,ls_first_valid,True,1825262698,True,False,False,valid_list_complete,10,10,31,6,1,1,0,0,0,0,31,0.0014847480924800038,0.1935483870967742
PF32_DENSE_EARLY,PF32_DENSE_EARLY_c1_t23,32,20,0.625,dense,7.0,1.0,0.5,0.2,0.0,0.0,0.0,0.0,slip_3_1,True,31,1,23,1825262698,ls_list_marginal_L2,True,1825262698,True,False,False,valid_list_complete,1680,1518,31,31,4,2,2,62,1984,0,62,0.027539951959624887,1.0
PF32_DENSE_EARLY,PF32_DENSE_EARLY_c1_t23,32,20,0.625,dense,7.0,1.0,0.5,0.2,0.0,0.0,0.0,0.0,slip_3_1,True,31,1,23,1825262698,ls_list_marginal_L4,True,1825262698,True,False,False,valid_list_complete,9085,7714,31,31,7,4,4,124,3968,0,62,0.1504424640443176,1.0
PF32_DENSE_EARLY,PF32_DENSE_EARLY_c1_t23,32,20,0.625,dense,7.0,1.0,0.5,0.2,0.0,0.0,0.0,0.0,slip_3_1,True,31,1,23,1825262698,ls_list_marginal_L8,True,1825262698,True,False,True,query_cap_before_list,25000,20382,31,31,11,7,7,217,6944,0,62,0.3788690899964422,1.0
PF32_DENSE_EARLY,PF32_DENSE_EARLY_c1_t23,32,20,0.625,dense,7.0,1.0,0.5,0.2,0.0,0.0,0.0,0.0,slip_3_1,True,31,1,23,1825262698,latent_osd_batch_o2_s31,True,1825262698,True,False,False,best_marginal_in_osd_union,1736,0,31,31,976,976,976,30256,968192,1736,31,0.12959843897260725,1.0
PF32_DENSE_EARLY,PF32_DENSE_EARLY_c1_t23,32,20,0.625,dense,7.0,1.0,0.5,0.2,0.0,0.0,0.0,0.0,slip_3_1,True,31,1,23,1825262698,plain_osd_batch_o2,False,1819094587,True,False,False,best_marginal_in_osd_union,56,0,1,1,56,56,56,56,1792,56,1,0.0048659410094842315,1.0
PF32_DENSE_EARLY,PF32_DENSE_EARLY_c1_t23,32,20,0.625,dense,7.0,1.0,0.5,0.2,0.0,0.0,0.0,0.0,slip_3_1,True,31,1,23,1825262698,lsgrand_certified_v1_bound,True,1825262698,True,True,False,strict_unseen_codeword_certificate,160,160,31,31,2,1,0,160,5120,0,31,0.0036816480569541454,1.0
PF32_DENSE_EARLY,PF32_DENSE_EARLY_c1_t24,32,20,0.625,dense,7.0,1.0,0.5,0.2,0.0,0.0,0.0,0.0,slip_3_3,True,31,1,24,2744092375,ls_first_valid,True,2744092375,True,False,False,valid_list_complete,9,9,31,7,1,1,0,0,0,0,31,0.0013161860406398773,0.22580645161290322
PF32_DENSE_EARLY,PF32_DENSE_EARLY_c1_t24,32,20,0.625,dense,7.0,1.0,0.5,0.2,0.0,0.0,0.0,0.0,slip_3_3,True,31,1,24,2744092375,ls_list_marginal_L2,True,2744092375,True,False,False,valid_list_complete,8277,6920,31,31,4,2,2,62,1984,0,62,0.11183144897222519,1.0
PF32_DENSE_EARLY,PF32_DENSE_EARLY_c1_t24,32,20,0.625,dense,7.0,1.0,0.5,0.2,0.0,0.0,0.0,0.0,slip_3_3,True,31,1,24,2744092375,ls_list_marginal_L4,True,2744092375,True,False,True,query_cap_before_list,25000,20014,31,31,6,3,3,93,2976,0,62,0.4463685139780864,1.0
PF32_DENSE_EARLY,PF32_DENSE_EARLY_c1_t24,32,20,0.625,dense,7.0,1.0,0.5,0.2,0.0,0.0,0.0,0.0,slip_3_3,True,31,1,24,2744092375,ls_list_marginal_L8,True,2744092375,True,False,True,query_cap_before_list,25000,20014,31,31,6,3,3,93,2976,0,62,0.3750823250738904,1.0
PF32_DENSE_EARLY,PF32_DENSE_EARLY_c1_t24,32,20,0.625,dense,7.0,1.0,0.5,0.2,0.0,0.0,0.0,0.0,slip_3_3,True,31,1,24,2744092375,latent_osd_batch_o2_s31,True,2744092375,True,False,False,best_marginal_in_osd_union,1736,0,31,31,933,933,933,28923,925536,1736,31,0.11751611297950149,1.0
PF32_DENSE_EARLY,PF32_DENSE_EARLY_c1_t24,32,20,0.625,dense,7.0,1.0,0.5,0.2,0.0,0.0,0.0,0.0,slip_3_3,True,31,1,24,2744092375,plain_osd_batch_o2,False,2820029630,True,False,False,best_marginal_in_osd_union,56,0,1,1,56,56,56,56,1792,56,1,0.0037833129754289985,1.0
PF32_DENSE_EARLY,PF32_DENSE_EARLY_c1_t24,32,20,0.625,dense,7.0,1.0,0.5,0.2,0.0,0.0,0.0,0.0,slip_3_3,True,31,1,24,2744092375,lsgrand_certified_v1_bound,True,2744092375,True,True,False,strict_unseen_codeword_certificate,96,96,31,31,1,1,0,96,3072,0,31,0.0026361090131103992,1.0
PF32_DENSE_EARLY,PF32_DENSE_EARLY_c1_t25,32,20,0.625,dense,7.0,1.0,0.5,0.2,0.0,0.0,0.0,0.0,slip_3_3,True,31,1,25,1546323092,ls_first_valid,True,1546323092,True,False,False,valid_list_complete,163,151,31,31,1,1,0,0,0,0,31,0.003779919003136456,1.0
PF32_DENSE_EARLY,PF32_DENSE_EARLY_c1_t25,32,20,0.625,dense,7.0,1.0,0.5,0.2,0.0,0.0,0.0,0.0,slip_3_3,True,31,1,25,1546323092,ls_list_marginal_L2,True,1546323092,True,False,False,valid_list_complete,2349,2022,31,31,2,2,2,62,1984,0,62,0.03355464502237737,1.0
PF32_DENSE_EARLY,PF32_DENSE_EARLY_c1_t25,32,20,0.625,dense,7.0,1.0,0.5,0.2,0.0,0.0,0.0,0.0,slip_3_3,True,31,1,25,1546323092,ls_list_marginal_L4,True,1546323092,True,False,False,valid_list_complete,18890,15008,31,31,6,4,4,124,3968,0,62,0.23265884700231254,1.0
PF32_DENSE_EARLY,PF32_DENSE_EARLY_c1_t25,32,20,0.625,dense,7.0,1.0,0.5,0.2,0.0,0.0,0.0,0.0,slip_3_3,True,31,1,25,1546323092,ls_list_marginal_L8,True,1546323092,True,False,True,query_cap_before_list,25000,19662,31,31,8,6,6,186,5952,0,62,0.3590271039865911,1.0
PF32_DENSE_EARLY,PF32_DENSE_EARLY_c1_t25,32,20,0.625,dense,7.0,1.0,0.5,0.2,0.0,0.0,0.0,0.0,slip_3_3,True,31,1,25,1546323092,latent_osd_batch_o2_s31,True,1546323092,True,False,False,best_marginal_in_osd_union,1736,0,31,31,924,924,924,28644,916608,1736,31,0.10732228809501976,1.0
PF32_DENSE_EARLY,PF32_DENSE_EARLY_c1_t25,32,20,0.625,dense,7.0,1.0,0.5,0.2,0.0,0.0,0.0,0.0,slip_3_3,True,31,1,25,1546323092,plain_osd_batch_o2,False,1363303743,True,False,False,best_marginal_in_osd_union,56,0,1,1,56,56,56,56,1792,56,1,0.0045343589736148715,1.0
PF32_DENSE_EARLY,PF32_DENSE_EARLY_c1_t25,32,20,0.625,dense,7.0,1.0,0.5,0.2,0.0,0.0,0.0,0.0,slip_3_3,True,31,1,25,1546323092,lsgrand_certified_v1_bound,True,1546323092,True,True,False,strict_unseen_codeword_certificate,1248,1248,31,31,1,1,0,1248,39936,0,31,0.020297600072808564,1.0
PF32_DENSE_EARLY,PF32_DENSE_EARLY_c1_t26,32,20,0.625,dense,7.0,1.0,0.5,0.2,0.0,0.0,0.0,0.0,slip_3_1,True,31,1,26,2927611226,ls_first_valid,True,2927611226,True,False,False,valid_list_complete,6,6,31,6,1,1,0,0,0,0,31,0.0018678829073905945,0.1935483870967742
PF32_DENSE_EARLY,PF32_DENSE_EARLY_c1_t26,32,20,0.625,dense,7.0,1.0,0.5,0.2,0.0,0.0,0.0,0.0,slip_3_1,True,31,1,26,2927611226,ls_list_marginal_L2,True,2927611226,True,False,False,valid_list_complete,2218,1965,31,31,4,2,2,62,1984,0,62,0.04677775804884732,1.0
PF32_DENSE_EARLY,PF32_DENSE_EARLY_c1_t26,32,20,0.625,dense,7.0,1.0,0.5,0.2,0.0,0.0,0.0,0.0,slip_3_1,True,31,1,26,2927611226,ls_list_marginal_L4,True,2927611226,True,False,False,valid_list_complete,7427,6328,31,31,7,4,4,124,3968,0,62,0.11359457892831415,1.0
PF32_DENSE_EARLY,PF32_DENSE_EARLY_c1_t26,32,20,0.625,dense,7.0,1.0,0.5,0.2,0.0,0.0,0.0,0.0,slip_3_1,True,31,1,26,2927611226,ls_list_marginal_L8,True,2927611226,True,False,True,query_cap_before_list,25000,20345,31,31,10,6,6,186,5952,0,62,0.3789438429521397,1.0
PF32_DENSE_EARLY,PF32_DENSE_EARLY_c1_t26,32,20,0.625,dense,7.0,1.0,0.5,0.2,0.0,0.0,0.0,0.0,slip_3_1,True,31,1,26,2927611226,latent_osd_batch_o2_s31,True,2927611226,True,False,False,best_marginal_in_osd_union,1736,0,31,31,921,921,921,28551,913632,1736,31,0.09704845806118101,1.0
PF32_DENSE_EARLY,PF32_DENSE_EARLY_c1_t26,32,20,0.625,dense,7.0,1.0,0.5,0.2,0.0,0.0,0.0,0.0,slip_3_1,True,31,1,26,2927611226,plain_osd_batch_o2,False,2943706383,True,False,False,best_marginal_in_osd_union,56,0,1,1,56,56,56,56,1792,56,1,0.003937218920327723,1.0
PF32_DENSE_EARLY,PF32_DENSE_EARLY_c1_t26,32,20,0.625,dense,7.0,1.0,0.5,0.2,0.0,0.0,0.0,0.0,slip_3_1,True,31,1,26,2927611226,lsgrand_certified_v1_bound,True,2927611226,True,True,False,strict_unseen_codeword_certificate,32,32,31,31,1,1,0,32,1024,0,31,0.0022245299769565463,1.0
PF32_DENSE_EARLY,PF32_DENSE_EARLY_c1_t27,32,20,0.625,dense,7.0,1.0,0.5,0.2,0.0,0.0,0.0,0.0,slip_3_1,True,31,1,27,3640289838,ls_first_valid,True,3640289838,True,False,False,valid_list_complete,7,7,31,6,1,1,0,0,0,0,31,0.001668076030910015,0.1935483870967742
PF32_DENSE_EARLY,PF32_DENSE_EARLY_c1_t27,32,20,0.625,dense,7.0,1.0,0.5,0.2,0.0,0.0,0.0,0.0,slip_3_1,True,31,1,27,3640289838,ls_list_marginal_L2,True,3640289838,True,False,False,valid_list_complete,11111,9128,31,31,3,2,2,62,1984,0,62,0.15344032598659396,1.0
PF32_DENSE_EARLY,PF32_DENSE_EARLY_c1_t27,32,20,0.625,dense,7.0,1.0,0.5,0.2,0.0,0.0,0.0,0.0,slip_3_1,True,31,1,27,3640289838,ls_list_marginal_L4,True,3640289838,True,False,False,valid_list_complete,18724,15039,31,31,6,4,4,124,3968,0,62,0.2927112210309133,1.0
PF32_DENSE_EARLY,PF32_DENSE_EARLY_c1_t27,32,20,0.625,dense,7.0,1.0,0.5,0.2,0.0,0.0,0.0,0.0,slip_3_1,True,31,1,27,3640289838,ls_list_marginal_L8,True,3640289838,True,False,True,query_cap_before_list,25000,19906,31,31,6,4,4,124,3968,0,62,0.33261905203107744,1.0
PF32_DENSE_EARLY,PF32_DENSE_EARLY_c1_t27,32,20,0.625,dense,7.0,1.0,0.5,0.2,0.0,0.0,0.0,0.0,slip_3_1,True,31,1,27,3640289838,latent_osd_batch_o2_s31,True,3640289838,True,False,False,best_marginal_in_osd_union,1736,0,31,31,911,911,911,28241,903712,1736,31,0.09972086199559271,1.0
PF32_DENSE_EARLY,PF32_DENSE_EARLY_c1_t27,32,20,0.625,dense,7.0,1.0,0.5,0.2,0.0,0.0,0.0,0.0,slip_3_1,True,31,1,27,3640289838,plain_osd_batch_o2,False,3524213687,True,False,False,best_marginal_in_osd_union,56,0,1,1,56,56,56,56,1792,56,1,0.003897199989296496,1.0
PF32_DENSE_EARLY,PF32_DENSE_EARLY_c1_t27,32,20,0.625,dense,7.0,1.0,0.5,0.2,0.0,0.0,0.0,0.0,slip_3_1,True,31,1,27,3640289838,lsgrand_certified_v1_bound,True,3640289838,True,True,False,strict_unseen_codeword_certificate,96,96,31,31,1,1,0,96,3072,0,31,0.0026703180046752095,1.0
PF32_DENSE_EARLY,PF32_DENSE_EARLY_c1_t28,32,20,0.625,dense,7.0,1.0,0.5,0.2,0.0,0.0,0.0,0.0,slip_3_1,True,31,1,28,1523227942,ls_first_valid,True,1523227942,True,False,False,valid_list_complete,10,10,31,6,1,1,0,0,0,0,31,0.0012232960434630513,0.1935483870967742
PF32_DENSE_EARLY,PF32_DENSE_EARLY_c1_t28,32,20,0.625,dense,7.0,1.0,0.5,0.2,0.0,0.0,0.0,0.0,slip_3_1,True,31,1,28,1523227942,ls_list_marginal_L2,True,1523227942,True,False,False,valid_list_complete,2915,2498,31,31,4,2,2,62,1984,0,62,0.04759622609708458,1.0
PF32_DENSE_EARLY,PF32_DENSE_EARLY_c1_t28,32,20,0.625,dense,7.0,1.0,0.5,0.2,0.0,0.0,0.0,0.0,slip_3_1,True,31,1,28,1523227942,ls_list_marginal_L4,True,1523227942,True,False,False,valid_list_complete,5571,4654,31,31,7,4,4,124,3968,0,62,0.07493775500915945,1.0
PF32_DENSE_EARLY,PF32_DENSE_EARLY_c1_t28,32,20,0.625,dense,7.0,1.0,0.5,0.2,0.0,0.0,0.0,0.0,slip_3_1,True,31,1,28,1523227942,ls_list_marginal_L8,True,1523227942,True,False,False,valid_list_complete,17998,14381,31,31,14,8,8,248,7936,0,62,0.23765057604759932,1.0
PF32_DENSE_EARLY,PF32_DENSE_EARLY_c1_t28,32,20,0.625,dense,7.0,1.0,0.5,0.2,0.0,0.0,0.0,0.0,slip_3_1,True,31,1,28,1523227942,latent_osd_batch_o2_s31,True,1523227942,True,False,False,best_marginal_in_osd_union,1736,0,31,31,881,881,881,27311,873952,1736,31,0.124465681030415,1.0
PF32_DENSE_EARLY,PF32_DENSE_EARLY_c1_t28,32,20,0.625,dense,7.0,1.0,0.5,0.2,0.0,0.0,0.0,0.0,slip_3_1,True,31,1,28,1523227942,plain_osd_batch_o2,False,1499944115,True,False,False,best_marginal_in_osd_union,56,0,1,1,56,56,56,56,1792,56,1,0.0033304690150544047,1.0
PF32_DENSE_EARLY,PF32_DENSE_EARLY_c1_t28,32,20,0.625,dense,7.0,1.0,0.5,0.2,0.0,0.0,0.0,0.0,slip_3_1,True,31,1,28,1523227942,lsgrand_certified_v1_bound,True,1523227942,True,True,False,strict_unseen_codeword_certificate,192,192,31,31,1,1,0,192,6144,0,31,0.003909370047040284,1.0
PF32_DENSE_EARLY,PF32_DENSE_EARLY_c1_t29,32,20,0.625,dense,7.0,1.0,0.5,0.2,0.0,0.0,0.0,0.0,slip_3_1,True,31,1,29,320638690,ls_first_valid,True,320638690,True,False,False,valid_list_complete,8,8,31,6,1,1,0,0,0,0,31,0.001251700916327536,0.1935483870967742
PF32_DENSE_EARLY,PF32_DENSE_EARLY_c1_t29,32,20,0.625,dense,7.0,1.0,0.5,0.2,0.0,0.0,0.0,0.0,slip_3_1,True,31,1,29,320638690,ls_list_marginal_L2,True,320638690,True,False,False,valid_list_complete,20292,16426,31,31,4,2,2,62,1984,0,62,0.29802990111056715,1.0
PF32_DENSE_EARLY,PF32_DENSE_EARLY_c1_t29,32,20,0.625,dense,7.0,1.0,0.5,0.2,0.0,0.0,0.0,0.0,slip_3_1,True,31,1,29,320638690,ls_list_marginal_L4,True,320638690,True,False,True,query_cap_before_list,25000,20076,31,31,4,2,2,62,1984,0,62,0.47262521309312433,1.0
PF32_DENSE_EARLY,PF32_DENSE_EARLY_c1_t29,32,20,0.625,dense,7.0,1.0,0.5,0.2,0.0,0.0,0.0,0.0,slip_3_1,True,31,1,29,320638690,ls_list_marginal_L8,True,320638690,True,False,True,query_cap_before_list,25000,20076,31,31,4,2,2,62,1984,0,62,0.37725573405623436,1.0
PF32_DENSE_EARLY,PF32_DENSE_EARLY_c1_t29,32,20,0.625,dense,7.0,1.0,0.5,0.2,0.0,0.0,0.0,0.0,slip_3_1,True,31,1,29,320638690,latent_osd_batch_o2_s31,True,320638690,True,False,False,best_marginal_in_osd_union,1736,0,31,31,953,953,953,29543,945376,1736,31,0.10267175501212478,1.0
PF32_DENSE_EARLY,PF32_DENSE_EARLY_c1_t29,32,20,0.625,dense,7.0,1.0,0.5,0.2,0.0,0.0,0.0,0.0,slip_3_1,True,31,1,29,320638690,plain_osd_batch_o2,False,277282559,True,False,False,best_marginal_in_osd_union,56,0,1,1,56,56,56,56,1792,56,1,0.003854900016449392,1.0
PF32_DENSE_EARLY,PF32_DENSE_EARLY_c1_t29,32,20,0.625,dense,7.0,1.0,0.5,0.2,0.0,0.0,0.0,0.0,slip_3_1,True,31,1,29,320638690,lsgrand_certified_v1_bound,True,320638690,True,True,False,strict_unseen_codeword_certificate,128,128,31,31,1,1,0,128,4096,0,31,0.0031224710401147604,1.0
PF32_SPARSE_EARLY,PF32_SPARSE_EARLY_c0_t0,32,20,0.625,sparse,7.0,1.0,0.5,0.2,0.0,0.0,0.0,0.0,slip_3_3,True,31,0,0,966475137,ls_first_valid,True,966475137,True,False,False,valid_list_complete,38,38,31,31,1,1,0,0,0,0,31,0.0027132040122523904,1.0
PF32_SPARSE_EARLY,PF32_SPARSE_EARLY_c0_t0,32,20,0.625,sparse,7.0,1.0,0.5,0.2,0.0,0.0,0.0,0.0,slip_3_3,True,31,0,0,966475137,ls_list_marginal_L2,True,966475137,True,False,False,valid_list_complete,672,614,31,31,3,2,2,62,1984,0,62,0.012446317006833851,1.0
PF32_SPARSE_EARLY,PF32_SPARSE_EARLY_c0_t0,32,20,0.625,sparse,7.0,1.0,0.5,0.2,0.0,0.0,0.0,0.0,slip_3_3,True,31,0,0,966475137,ls_list_marginal_L4,True,966475137,True,False,False,valid_list_complete,1850,1618,31,31,5,4,4,124,3968,0,62,0.02968339598737657,1.0
PF32_SPARSE_EARLY,PF32_SPARSE_EARLY_c0_t0,32,20,0.625,sparse,7.0,1.0,0.5,0.2,0.0,0.0,0.0,0.0,slip_3_3,True,31,0,0,966475137,ls_list_marginal_L8,True,966475137,True,False,False,valid_list_complete,5618,4749,31,31,12,8,8,248,7936,0,62,0.07928476901724935,1.0
PF32_SPARSE_EARLY,PF32_SPARSE_EARLY_c0_t0,32,20,0.625,sparse,7.0,1.0,0.5,0.2,0.0,0.0,0.0,0.0,slip_3_3,True,31,0,0,966475137,latent_osd_batch_o2_s31,True,966475137,True,False,False,best_marginal_in_osd_union,1736,0,31,31,926,926,926,28706,918592,1736,31,0.11038565402850509,1.0
PF32_SPARSE_EARLY,PF32_SPARSE_EARLY_c0_t0,32,20,0.625,sparse,7.0,1.0,0.5,0.2,0.0,0.0,0.0,0.0,slip_3_3,True,31,0,0,966475137,plain_osd_batch_o2,False,1060142359,True,False,False,best_marginal_in_osd_union,56,0,1,1,56,56,56,56,1792,56,1,0.0043665089178830385,1.0
PF32_SPARSE_EARLY,PF32_SPARSE_EARLY_c0_t0,32,20,0.625,sparse,7.0,1.0,0.5,0.2,0.0,0.0,0.0,0.0,slip_3_3,True,31,0,0,966475137,lsgrand_certified_v1_bound,True,966475137,True,True,False,strict_unseen_codeword_certificate,96,96,31,31,1,1,0,96,3072,0,31,0.0035694179823622108,1.0
PF32_SPARSE_EARLY,PF32_SPARSE_EARLY_c0_t1,32,20,0.625,sparse,7.0,1.0,0.5,0.2,0.0,0.0,0.0,0.0,slip_3_1,True,31,0,1,3361769594,ls_first_valid,True,3361769594,True,False,False,valid_list_complete,6,6,31,6,1,1,0,0,0,0,31,0.0026500700041651726,0.1935483870967742
PF32_SPARSE_EARLY,PF32_SPARSE_EARLY_c0_t1,32,20,0.625,sparse,7.0,1.0,0.5,0.2,0.0,0.0,0.0,0.0,slip_3_1,True,31,0,1,3361769594,ls_list_marginal_L2,True,3361769594,True,False,False,valid_list_complete,110,108,31,31,2,2,2,62,1984,0,62,0.005184219917282462,1.0
PF32_SPARSE_EARLY,PF32_SPARSE_EARLY_c0_t1,32,20,0.625,sparse,7.0,1.0,0.5,0.2,0.0,0.0,0.0,0.0,slip_3_1,True,31,0,1,3361769594,ls_list_marginal_L4,True,3361769594,True,False,False,valid_list_complete,1349,1236,31,31,7,4,4,124,3968,0,62,0.025460044969804585,1.0
PF32_SPARSE_EARLY,PF32_SPARSE_EARLY_c0_t1,32,20,0.625,sparse,7.0,1.0,0.5,0.2,0.0,0.0,0.0,0.0,slip_3_1,True,31,0,1,3361769594,ls_list_marginal_L8,True,3361769594,True,False,False,valid_list_complete,6423,5577,31,31,15,8,8,248,7936,0,62,0.09965062199626118,1.0
PF32_SPARSE_EARLY,PF32_SPARSE_EARLY_c0_t1,32,20,0.625,sparse,7.0,1.0,0.5,0.2,0.0,0.0,0.0,0.0,slip_3_1,True,31,0,1,3361769594,latent_osd_batch_o2_s31,True,3361769594,True,False,False,best_marginal_in_osd_union,1736,0,31,31,911,911,911,28241,903712,1736,31,0.11460315797012299,1.0
PF32_SPARSE_EARLY,PF32_SPARSE_EARLY_c0_t1,32,20,0.625,sparse,7.0,1.0,0.5,0.2,0.0,0.0,0.0,0.0,slip_3_1,True,31,0,1,3361769594,plain_osd_batch_o2,False,2318117527,True,False,False,best_marginal_in_osd_union,56,0,1,1,56,56,56,56,1792,56,1,0.004045731038786471,1.0
PF32_SPARSE_EARLY,PF32_SPARSE_EARLY_c0_t1,32,20,0.625,sparse,7.0,1.0,0.5,0.2,0.0,0.0,0.0,0.0,slip_3_1,True,31,0,1,3361769594,lsgrand_certified_v1_bound,True,3361769594,True,True,False,strict_unseen_codeword_certificate,64,64,31,31,1,1,0,64,2048,0,31,0.002148957923054695,1.0
PF32_SPARSE_EARLY,PF32_SPARSE_EARLY_c0_t2,32,20,0.625,sparse,7.0,1.0,0.5,0.2,0.0,0.0,0.0,0.0,slip_3_3,True,31,0,2,3319447597,ls_first_valid,True,3319447597,True,False,False,valid_list_complete,7,7,31,7,1,1,0,0,0,0,31,0.0012026890181005,0.22580645161290322
PF32_SPARSE_EARLY,PF32_SPARSE_EARLY_c0_t2,32,20,0.625,sparse,7.0,1.0,0.5,0.2,0.0,0.0,0.0,0.0,slip_3_3,True,31,0,2,3319447597,ls_list_marginal_L2,True,3319447597,True,False,False,valid_list_complete,174,164,31,31,2,2,2,62,1984,0,62,0.004236305947415531,1.0
PF32_SPARSE_EARLY,PF32_SPARSE_EARLY_c0_t2,32,20,0.625,sparse,7.0,1.0,0.5,0.2,0.0,0.0,0.0,0.0,slip_3_3,True,31,0,2,3319447597,ls_list_marginal_L4,True,3319447597,True,False,False,valid_list_complete,822,745,31,31,6,4,4,124,3968,0,62,0.013598073041066527,1.0
PF32_SPARSE_EARLY,PF32_SPARSE_EARLY_c0_t2,32,20,0.625,sparse,7.0,1.0,0.5,0.2,0.0,0.0,0.0,0.0,slip_3_3,True,31,0,2,3319447597,ls_list_marginal_L8,True,3319447597,True,False,False,valid_list_complete,7676,6478,31,31,16,8,8,248,7936,0,62,0.09223040891811252,1.0
PF32_SPARSE_EARLY,PF32_SPARSE_EARLY_c0_t2,32,20,0.625,sparse,7.0,1.0,0.5,0.2,0.0,0.0,0.0,0.0,slip_3_3,True,31,0,2,3319447597,latent_osd_batch_o2_s31,True,3319447597,True,False,False,best_marginal_in_osd_union,1736,0,31,31,907,907,907,28117,899744,1736,31,0.13911292096599936,1.0
PF32_SPARSE_EARLY,PF32_SPARSE_EARLY_c0_t2,32,20,0.625,sparse,7.0,1.0,0.5,0.2,0.0,0.0,0.0,0.0,slip_3_3,True,31,0,2,3319447597,plain_osd_batch_o2,False,1336979786,True,False,False,best_marginal_in_osd_union,56,0,1,1,56,56,56,56,1792,56,1,0.0029799879994243383,1.0
PF32_SPARSE_EARLY,PF32_SPARSE_EARLY_c0_t2,32,20,0.625,sparse,7.0,1.0,0.5,0.2,0.0,0.0,0.0,0.0,slip_3_3,True,31,0,2,3319447597,lsgrand_certified_v1_bound,True,3319447597,True,True,False,strict_unseen_codeword_certificate,32,32,31,31,1,1,0,32,1024,0,31,0.0017393099842593074,1.0
PF32_SPARSE_EARLY,PF32_SPARSE_EARLY_c0_t3,32,20,0.625,sparse,7.0,1.0,0.5,0.2,0.0,0.0,0.0,0.0,slip_3_3,True,31,0,3,1151408393,ls_first_valid,False,1158116183,True,False,False,valid_list_complete,4,4,31,1,1,1,0,0,0,0,31,0.0011296729790046811,0.03225806451612903
PF32_SPARSE_EARLY,PF32_SPARSE_EARLY_c0_t3,32,20,0.625,sparse,7.0,1.0,0.5,0.2,0.0,0.0,0.0,0.0,slip_3_3,True,31,0,3,1151408393,ls_list_marginal_L2,False,1158116183,True,False,False,valid_list_complete,72,70,31,31,2,2,2,62,1984,0,62,0.002925502019934356,1.0
PF32_SPARSE_EARLY,PF32_SPARSE_EARLY_c0_t3,32,20,0.625,sparse,7.0,1.0,0.5,0.2,0.0,0.0,0.0,0.0,slip_3_3,True,31,0,3,1151408393,ls_list_marginal_L4,False,1158116183,True,False,False,valid_list_complete,607,551,31,31,5,4,4,124,3968,0,62,0.011642520083114505,1.0
PF32_SPARSE_EARLY,PF32_SPARSE_EARLY_c0_t3,32,20,0.625,sparse,7.0,1.0,0.5,0.2,0.0,0.0,0.0,0.0,slip_3_3,True,31,0,3,1151408393,ls_list_marginal_L8,False,1158116183,True,False,False,valid_list_complete,2295,2009,31,31,13,8,8,248,7936,0,62,0.04046823107637465,1.0
PF32_SPARSE_EARLY,PF32_SPARSE_EARLY_c0_t3,32,20,0.625,sparse,7.0,1.0,0.5,0.2,0.0,0.0,0.0,0.0,slip_3_3,True,31,0,3,1151408393,latent_osd_batch_o2_s31,False,1158116183,True,False,False,best_marginal_in_osd_union,1736,0,31,31,957,957,957,29667,949344,1736,31,0.09422667196486145,1.0
PF32_SPARSE_EARLY,PF32_SPARSE_EARLY_c0_t3,32,20,0.625,sparse,7.0,1.0,0.5,0.2,0.0,0.0,0.0,0.0,slip_3_3,True,31,0,3,1151408393,plain_osd_batch_o2,False,1158116183,True,False,False,best_marginal_in_osd_union,56,0,1,1,56,56,56,56,1792,56,1,0.002605792018584907,1.0
PF32_SPARSE_EARLY,PF32_SPARSE_EARLY_c0_t3,32,20,0.625,sparse,7.0,1.0,0.5,0.2,0.0,0.0,0.0,0.0,slip_3_3,True,31,0,3,1151408393,lsgrand_certified_v1_bound,False,1158116183,True,True,False,strict_unseen_codeword_certificate,128,128,31,31,2,2,0,128,4096,0,31,0.002614826080389321,1.0
PF32_SPARSE_EARLY,PF32_SPARSE_EARLY_c0_t4,32,20,0.625,sparse,7.0,1.0,0.5,0.2,0.0,0.0,0.0,0.0,slip_3_1,True,31,0,4,3843340317,ls_first_valid,True,3843340317,True,False,False,valid_list_complete,10,10,31,6,1,1,0,0,0,0,31,0.0011483599664643407,0.1935483870967742
PF32_SPARSE_EARLY,PF32_SPARSE_EARLY_c0_t4,32,20,0.625,sparse,7.0,1.0,0.5,0.2,0.0,0.0,0.0,0.0,slip_3_1,True,31,0,4,3843340317,ls_list_marginal_L2,True,3843340317,True,False,False,valid_list_complete,143,135,31,31,3,2,2,62,1984,0,62,0.0030160379828885198,1.0
PF32_SPARSE_EARLY,PF32_SPARSE_EARLY_c0_t4,32,20,0.625,sparse,7.0,1.0,0.5,0.2,0.0,0.0,0.0,0.0,slip_3_1,True,31,0,4,3843340317,ls_list_marginal_L4,True,3843340317,True,False,False,valid_list_complete,1150,1015,31,31,6,4,4,124,3968,0,62,0.012822329998016357,1.0
PF32_SPARSE_EARLY,PF32_SPARSE_EARLY_c0_t4,32,20,0.625,sparse,7.0,1.0,0.5,0.2,0.0,0.0,0.0,0.0,slip_3_1,True,31,0,4,3843340317,ls_list_marginal_L8,True,3843340317,True,False,False,valid_list_complete,1668,1454,31,31,10,8,8,248,7936,0,62,0.01694807398598641,1.0
PF32_SPARSE_EARLY,PF32_SPARSE_EARLY_c0_t4,32,20,0.625,sparse,7.0,1.0,0.5,0.2,0.0,0.0,0.0,0.0,slip_3_1,True,31,0,4,3843340317,latent_osd_batch_o2_s31,True,3843340317,True,False,False,best_marginal_in_osd_union,1736,0,31,31,973,973,973,30163,965216,1736,31,0.11439953907392919,1.0
PF32_SPARSE_EARLY,PF32_SPARSE_EARLY_c0_t4,32,20,0.625,sparse,7.0,1.0,0.5,0.2,0.0,0.0,0.0,0.0,slip_3_1,True,31,0,4,3843340317,plain_osd_batch_o2,False,4118828165,True,False,False,best_marginal_in_osd_union,56,0,1,1,56,56,56,56,1792,56,1,0.004758714931085706,1.0
PF32_SPARSE_EARLY,PF32_SPARSE_EARLY_c0_t4,32,20,0.625,sparse,7.0,1.0,0.5,0.2,0.0,0.0,0.0,0.0,slip_3_1,True,31,0,4,3843340317,lsgrand_certified_v1_bound,True,3843340317,True,True,False,strict_unseen_codeword_certificate,160,160,31,31,3,2,0,160,5120,0,31,0.004717025090940297,1.0
PF32_SPARSE_EARLY,PF32_SPARSE_EARLY_c0_t5,32,20,0.625,sparse,7.0,1.0,0.5,0.2,0.0,0.0,0.0,0.0,slip_3_1,True,31,0,5,3729114858,ls_first_valid,False,3745891946,True,False,False,valid_list_complete,46,44,31,31,1,1,0,0,0,0,31,0.0021795069333165884,1.0
PF32_SPARSE_EARLY,PF32_SPARSE_EARLY_c0_t5,32,20,0.625,sparse,7.0,1.0,0.5,0.2,0.0,0.0,0.0,0.0,slip_3_1,True,31,0,5,3729114858,ls_list_marginal_L2,False,3745891946,True,False,False,valid_list_complete,106,100,31,31,2,2,2,62,1984,0,62,0.0039021261036396027,1.0
PF32_SPARSE_EARLY,PF32_SPARSE_EARLY_c0_t5,32,20,0.625,sparse,7.0,1.0,0.5,0.2,0.0,0.0,0.0,0.0,slip_3_1,True,31,0,5,3729114858,ls_list_marginal_L4,False,3745891946,True,False,False,valid_list_complete,387,347,31,31,4,4,4,124,3968,0,62,0.006756613962352276,1.0
PF32_SPARSE_EARLY,PF32_SPARSE_EARLY_c0_t5,32,20,0.625,sparse,7.0,1.0,0.5,0.2,0.0,0.0,0.0,0.0,slip_3_1,True,31,0,5,3729114858,ls_list_marginal_L8,False,3745891946,True,False,False,valid_list_complete,4934,4074,31,31,11,8,8,248,7936,0,62,0.07748092291876674,1.0
PF32_SPARSE_EARLY,PF32_SPARSE_EARLY_c0_t5,32,20,0.625,sparse,7.0,1.0,0.5,0.2,0.0,0.0,0.0,0.0,slip_3_1,True,31,0,5,3729114858,latent_osd_batch_o2_s31,False,3745891946,True,False,False,best_marginal_in_osd_union,1736,0,31,31,869,869,869,26939,862048,1736,31,0.10989010496996343,1.0
PF32_SPARSE_EARLY,PF32_SPARSE_EARLY_c0_t5,32,20,0.625,sparse,7.0,1.0,0.5,0.2,0.0,0.0,0.0,0.0,slip_3_1,True,31,0,5,3729114858,plain_osd_batch_o2,False,1197634431,True,False,False,best_marginal_in_osd_union,56,0,1,1,56,56,56,56,1792,56,1,0.0034521230263635516,1.0
PF32_SPARSE_EARLY,PF32_SPARSE_EARLY_c0_t5,32,20,0.625,sparse,7.0,1.0,0.5,0.2,0.0,0.0,0.0,0.0,slip_3_1,True,31,0,5,3729114858,lsgrand_certified_v1_bound,False,3745891946,True,True,False,strict_unseen_codeword_certificate,416,416,31,31,4,4,0,416,13312,0,31,0.007309250999242067,1.0
PF32_SPARSE_EARLY,PF32_SPARSE_EARLY_c0_t6,32,20,0.625,sparse,7.0,1.0,0.5,0.2,0.0,0.0,0.0,0.0,slip_3_1,True,31,0,6,1792645870,ls_first_valid,True,1792645870,True,False,False,valid_list_complete,7,7,31,6,1,1,0,0,0,0,31,0.0010452799033373594,0.1935483870967742
PF32_SPARSE_EARLY,PF32_SPARSE_EARLY_c0_t6,32,20,0.625,sparse,7.0,1.0,0.5,0.2,0.0,0.0,0.0,0.0,slip_3_1,True,31,0,6,1792645870,ls_list_marginal_L2,True,1792645870,True,False,False,valid_list_complete,150,141,31,31,2,2,2,62,1984,0,62,0.004847340984269977,1.0
PF32_SPARSE_EARLY,PF32_SPARSE_EARLY_c0_t6,32,20,0.625,sparse,7.0,1.0,0.5,0.2,0.0,0.0,0.0,0.0,slip_3_1,True,31,0,6,1792645870,ls_list_marginal_L4,True,1792645870,True,False,False,valid_list_complete,1652,1440,31,31,5,4,4,124,3968,0,62,0.02801174600608647,1.0
PF32_SPARSE_EARLY,PF32_SPARSE_EARLY_c0_t6,32,20,0.625,sparse,7.0,1.0,0.5,0.2,0.0,0.0,0.0,0.0,slip_3_1,True,31,0,6,1792645870,ls_list_marginal_L8,True,1792645870,True,False,False,valid_list_complete,2817,2423,31,31,10,8,8,248,7936,0,62,0.0471294280141592,1.0
PF32_SPARSE_EARLY,PF32_SPARSE_EARLY_c0_t6,32,20,0.625,sparse,7.0,1.0,0.5,0.2,0.0,0.0,0.0,0.0,slip_3_1,True,31,0,6,1792645870,latent_osd_batch_o2_s31,True,1792645870,True,False,False,best_marginal_in_osd_union,1736,0,31,31,931,931,931,28861,923552,1736,31,0.1047756529878825,1.0
PF32_SPARSE_EARLY,PF32_SPARSE_EARLY_c0_t6,32,20,0.625,sparse,7.0,1.0,0.5,0.2,0.0,0.0,0.0,0.0,slip_3_1,True,31,0,6,1792645870,plain_osd_batch_o2,False,994369397,True,False,False,best_marginal_in_osd_union,56,0,1,1,56,56,56,56,1792,56,1,0.0030167909571900964,1.0
PF32_SPARSE_EARLY,PF32_SPARSE_EARLY_c0_t6,32,20,0.625,sparse,7.0,1.0,0.5,0.2,0.0,0.0,0.0,0.0,slip_3_1,True,31,0,6,1792645870,lsgrand_certified_v1_bound,True,1792645870,True,True,False,strict_unseen_codeword_certificate,64,64,31,31,1,1,0,64,2048,0,31,0.0021093679824844003,1.0
PF32_SPARSE_EARLY,PF32_SPARSE_EARLY_c0_t7,32,20,0.625,sparse,7.0,1.0,0.5,0.2,0.0,0.0,0.0,0.0,slip_3_3,True,31,0,7,3424467930,ls_first_valid,True,3424467930,True,False,False,valid_list_complete,13,13,31,7,1,1,0,0,0,0,31,0.001304046018049121,0.22580645161290322
PF32_SPARSE_EARLY,PF32_SPARSE_EARLY_c0_t7,32,20,0.625,sparse,7.0,1.0,0.5,0.2,0.0,0.0,0.0,0.0,slip_3_3,True,31,0,7,3424467930,ls_list_marginal_L2,True,3424467930,True,False,False,valid_list_complete,52,52,31,31,2,2,2,62,1984,0,62,0.0028137749759480357,1.0
PF32_SPARSE_EARLY,PF32_SPARSE_EARLY_c0_t7,32,20,0.625,sparse,7.0,1.0,0.5,0.2,0.0,0.0,0.0,0.0,slip_3_3,True,31,0,7,3424467930,ls_list_marginal_L4,True,3424467930,True,False,False,valid_list_complete,2507,2173,31,31,7,4,4,124,3968,0,62,0.04114410805050284,1.0
PF32_SPARSE_EARLY,PF32_SPARSE_EARLY_c0_t7,32,20,0.625,sparse,7.0,1.0,0.5,0.2,0.0,0.0,0.0,0.0,slip_3_3,True,31,0,7,3424467930,ls_list_marginal_L8,True,3424467930,True,False,False,valid_list_complete,9375,7759,31,31,14,8,8,248,7936,0,62,0.15336100396234542,1.0
PF32_SPARSE_EARLY,PF32_SPARSE_EARLY_c0_t7,32,20,0.625,sparse,7.0,1.0,0.5,0.2,0.0,0.0,0.0,0.0,slip_3_3,True,31,0,7,3424467930,latent_osd_batch_o2_s31,True,3424467930,True,False,False,best_marginal_in_osd_union,1736,0,31,31,1050,1050,1050,32550,1041600,1736,31,0.1329520350554958,1.0
PF32_SPARSE_EARLY,PF32_SPARSE_EARLY_c0_t7,32,20,0.625,sparse,7.0,1.0,0.5,0.2,0.0,0.0,0.0,0.0,slip_3_3,True,31,0,7,3424467930,plain_osd_batch_o2,False,1333355192,True,False,False,best_marginal_in_osd_union,56,0,1,1,56,56,56,56,1792,56,1,0.00375756504945457,1.0
PF32_SPARSE_EARLY,PF32_SPARSE_EARLY_c0_t7,32,20,0.625,sparse,7.0,1.0,0.5,0.2,0.0,0.0,0.0,0.0,slip_3_3,True,31,0,7,3424467930,lsgrand_certified_v1_bound,True,3424467930,True,True,False,strict_unseen_codeword_certificate,288,288,31,31,3,2,0,288,9216,0,31,0.005598493968136609,1.0
PF32_SPARSE_EARLY,PF32_SPARSE_EARLY_c0_t8,32,20,0.625,sparse,7.0,1.0,0.5,0.2,0.0,0.0,0.0,0.0,slip_3_3,True,31,0,8,1824901884,ls_first_valid,True,1824901884,True,False,False,valid_list_complete,9,9,31,7,1,1,0,0,0,0,31,0.0020428349962458014,0.22580645161290322
PF32_SPARSE_EARLY,PF32_SPARSE_EARLY_c0_t8,32,20,0.625,sparse,7.0,1.0,0.5,0.2,0.0,0.0,0.0,0.0,slip_3_3,True,31,0,8,1824901884,ls_list_marginal_L2,True,1824901884,True,False,False,valid_list_complete,113,108,31,31,2,2,2,62,1984,0,62,0.006763926008716226,1.0
PF32_SPARSE_EARLY,PF32_SPARSE_EARLY_c0_t8,32,20,0.625,sparse,7.0,1.0,0.5,0.2,0.0,0.0,0.0,0.0,slip_3_3,True,31,0,8,1824901884,ls_list_marginal_L4,True,1824901884,True,False,False,valid_list_complete,2117,1840,31,31,4,4,4,124,3968,0,62,0.02922706992831081,1.0
PF32_SPARSE_EARLY,PF32_SPARSE_EARLY_c0_t8,32,20,0.625,sparse,7.0,1.0,0.5,0.2,0.0,0.0,0.0,0.0,slip_3_3,True,31,0,8,1824901884,ls_list_marginal_L8,True,1824901884,True,False,False,valid_list_complete,5026,4249,31,31,10,8,8,248,7936,0,62,0.07157918601296842,1.0
PF32_SPARSE_EARLY,PF32_SPARSE_EARLY_c0_t8,32,20,0.625,sparse,7.0,1.0,0.5,0.2,0.0,0.0,0.0,0.0,slip_3_3,True,31,0,8,1824901884,latent_osd_batch_o2_s31,True,1824901884,True,False,False,best_marginal_in_osd_union,1736,0,31,31,925,925,925,28675,917600,1736,31,0.10890439501963556,1.0
PF32_SPARSE_EARLY,PF32_SPARSE_EARLY_c0_t8,32,20,0.625,sparse,7.0,1.0,0.5,0.2,0.0,0.0,0.0,0.0,slip_3_3,True,31,0,8,1824901884,plain_osd_batch_o2,False,1843368098,True,False,False,best_marginal_in_osd_union,56,0,1,1,56,56,56,56,1792,56,1,0.003791303955949843,1.0
PF32_SPARSE_EARLY,PF32_SPARSE_EARLY_c0_t8,32,20,0.625,sparse,7.0,1.0,0.5,0.2,0.0,0.0,0.0,0.0,slip_3_3,True,31,0,8,1824901884,lsgrand_certified_v1_bound,True,1824901884,True,True,False,strict_unseen_codeword_certificate,96,96,31,31,1,1,0,96,3072,0,31,0.0028485399670898914,1.0
PF32_SPARSE_EARLY,PF32_SPARSE_EARLY_c0_t9,32,20,0.625,sparse,7.0,1.0,0.5,0.2,0.0,0.0,0.0,0.0,slip_3_3,True,31,0,9,2184075982,ls_first_valid,True,2184075982,True,False,False,valid_list_complete,12,12,31,7,1,1,0,0,0,0,31,0.001279607997275889,0.22580645161290322
PF32_SPARSE_EARLY,PF32_SPARSE_EARLY_c0_t9,32,20,0.625,sparse,7.0,1.0,0.5,0.2,0.0,0.0,0.0,0.0,slip_3_3,True,31,0,9,2184075982,ls_list_marginal_L2,True,2184075982,True,False,False,valid_list_complete,45,45,31,31,2,2,2,62,1984,0,62,0.0024353659246116877,1.0
PF32_SPARSE_EARLY,PF32_SPARSE_EARLY_c0_t9,32,20,0.625,sparse,7.0,1.0,0.5,0.2,0.0,0.0,0.0,0.0,slip_3_3,True,31,0,9,2184075982,ls_list_marginal_L4,True,2184075982,True,False,False,valid_list_complete,1530,1346,31,31,5,4,4,124,3968,0,62,0.025768036022782326,1.0
PF32_SPARSE_EARLY,PF32_SPARSE_EARLY_c0_t9,32,20,0.625,sparse,7.0,1.0,0.5,0.2,0.0,0.0,0.0,0.0,slip_3_3,True,31,0,9,2184075982,ls_list_marginal_L8,True,2184075982,True,False,False,valid_list_complete,8776,7202,31,31,10,8,8,248,7936,0,62,0.13111537706572562,1.0
PF32_SPARSE_EARLY,PF32_SPARSE_EARLY_c0_t9,32,20,0.625,sparse,7.0,1.0,0.5,0.2,0.0,0.0,0.0,0.0,slip_3_3,True,31,0,9,2184075982,latent_osd_batch_o2_s31,True,2184075982,True,False,False,best_marginal_in_osd_union,1736,0,31,31,1024,1024,1024,31744,1015808,1736,31,0.13612911407835782,1.0
PF32_SPARSE_EARLY,PF32_SPARSE_EARLY_c0_t9,32,20,0.625,sparse,7.0,1.0,0.5,0.2,0.0,0.0,0.0,0.0,slip_3_3,True,31,0,9,2184075982,plain_osd_batch_o2,False,73003256,True,False,False,best_marginal_in_osd_union,56,0,1,1,56,56,56,56,1792,56,1,0.004047676105983555,1.0
PF32_SPARSE_EARLY,PF32_SPARSE_EARLY_c0_t9,32,20,0.625,sparse,7.0,1.0,0.5,0.2,0.0,0.0,0.0,0.0,slip_3_3,True,31,0,9,2184075982,lsgrand_certified_v1_bound,True,2184075982,True,True,False,strict_unseen_codeword_certificate,384,384,31,31,2,2,0,384,12288,0,31,0.00697109499014914,1.0
PF32_SPARSE_EARLY,PF32_SPARSE_EARLY_c0_t10,32,20,0.625,sparse,7.0,1.0,0.5,0.2,0.0,0.0,0.0,0.0,slip_3_3,True,31,0,10,2273855554,ls_first_valid,True,2273855554,True,False,False,valid_list_complete,40,40,31,31,1,1,0,0,0,0,31,0.001617535948753357,1.0
PF32_SPARSE_EARLY,PF32_SPARSE_EARLY_c0_t10,32,20,0.625,sparse,7.0,1.0,0.5,0.2,0.0,0.0,0.0,0.0,slip_3_3,True,31,0,10,2273855554,ls_list_marginal_L2,True,2273855554,True,False,False,valid_list_complete,510,462,31,31,3,2,2,62,1984,0,62,0.011404430959373713,1.0
PF32_SPARSE_EARLY,PF32_SPARSE_EARLY_c0_t10,32,20,0.625,sparse,7.0,1.0,0.5,0.2,0.0,0.0,0.0,0.0,slip_3_3,True,31,0,10,2273855554,ls_list_marginal_L4,True,2273855554,True,False,False,valid_list_complete,1985,1728,31,31,5,4,4,124,3968,0,62,0.03218233503866941,1.0
PF32_SPARSE_EARLY,PF32_SPARSE_EARLY_c0_t10,32,20,0.625,sparse,7.0,1.0,0.5,0.2,0.0,0.0,0.0,0.0,slip_3_3,True,31,0,10,2273855554,ls_list_marginal_L8,True,2273855554,True,False,False,valid_list_complete,9102,7476,31,31,11,8,8,248,7936,0,62,0.14257731207180768,1.0
PF32_SPARSE_EARLY,PF32_SPARSE_EARLY_c0_t10,32,20,0.625,sparse,7.0,1.0,0.5,0.2,0.0,0.0,0.0,0.0,slip_3_3,True,31,0,10,2273855554,latent_osd_batch_o2_s31,True,2273855554,True,False,False,best_marginal_in_osd_union,1736,0,31,31,894,894,894,27714,886848,1736,31,0.11728331493213773,1.0
PF32_SPARSE_EARLY,PF32_SPARSE_EARLY_c0_t10,32,20,0.625,sparse,7.0,1.0,0.5,0.2,0.0,0.0,0.0,0.0,slip_3_3,True,31,0,10,2273855554,plain_osd_batch_o2,False,2249782144,True,False,False,best_marginal_in_osd_union,56,0,1,1,56,56,56,56,1792,56,1,0.004057895974256098,1.0
PF32_SPARSE_EARLY,PF32_SPARSE_EARLY_c0_t10,32,20,0.625,sparse,7.0,1.0,0.5,0.2,0.0,0.0,0.0,0.0,slip_3_3,True,31,0,10,2273855554,lsgrand_certified_v1_bound,True,2273855554,True,True,False,strict_unseen_codeword_certificate,160,160,31,31,1,1,0,160,5120,0,31,0.003459424013271928,1.0
PF32_SPARSE_EARLY,PF32_SPARSE_EARLY_c0_t11,32,20,0.625,sparse,7.0,1.0,0.5,0.2,0.0,0.0,0.0,0.0,slip_3_1,True,31,0,11,927321150,ls_first_valid,True,927321150,True,False,False,valid_list_complete,6,6,31,6,1,1,0,0,0,0,31,0.0011275879805907607,0.1935483870967742
PF32_SPARSE_EARLY,PF32_SPARSE_EARLY_c0_t11,32,20,0.625,sparse,7.0,1.0,0.5,0.2,0.0,0.0,0.0,0.0,slip_3_1,True,31,0,11,927321150,ls_list_marginal_L2,True,927321150,True,False,False,valid_list_complete,113,107,31,31,2,2,2,62,1984,0,62,0.0033467659959569573,1.0
PF32_SPARSE_EARLY,PF32_SPARSE_EARLY_c0_t11,32,20,0.625,sparse,7.0,1.0,0.5,0.2,0.0,0.0,0.0,0.0,slip_3_1,True,31,0,11,927321150,ls_list_marginal_L4,True,927321150,True,False,False,valid_list_complete,397,370,31,31,6,4,4,124,3968,0,62,0.007029669941402972,1.0
PF32_SPARSE_EARLY,PF32_SPARSE_EARLY_c0_t11,32,20,0.625,sparse,7.0,1.0,0.5,0.2,0.0,0.0,0.0,0.0,slip_3_1,True,31,0,11,927321150,ls_list_marginal_L8,True,927321150,True,False,False,valid_list_complete,2370,2089,31,31,13,8,8,248,7936,0,62,0.039539744961075485,1.0
PF32_SPARSE_EARLY,PF32_SPARSE_EARLY_c0_t11,32,20,0.625,sparse,7.0,1.0,0.5,0.2,0.0,0.0,0.0,0.0,slip_3_1,True,31,0,11,927321150,latent_osd_batch_o2_s31,True,927321150,True,False,False,best_marginal_in_osd_union,1736,0,31,31,899,899,899,27869,891808,1736,31,0.10935894004069269,1.0
PF32_SPARSE_EARLY,PF32_SPARSE_EARLY_c0_t11,32,20,0.625,sparse,7.0,1.0,0.5,0.2,0.0,0.0,0.0,0.0,slip_3_1,True,31,0,11,927321150,plain_osd_batch_o2,False,1025566359,True,False,False,best_marginal_in_osd_union,56,0,1,1,56,56,56,56,1792,56,1,0.004245845950208604,1.0
PF32_SPARSE_EARLY,PF32_SPARSE_EARLY_c0_t11,32,20,0.625,sparse,7.0,1.0,0.5,0.2,0.0,0.0,0.0,0.0,slip_3_1,True,31,0,11,927321150,lsgrand_certified_v1_bound,True,927321150,True,True,False,strict_unseen_codeword_certificate,32,32,31,31,1,1,0,32,1024,0,31,0.002164378995075822,1.0
PF32_SPARSE_EARLY,PF32_SPARSE_EARLY_c0_t12,32,20,0.625,sparse,7.0,1.0,0.5,0.2,0.0,0.0,0.0,0.0,slip_3_1,True,31,0,12,1497781878,ls_first_valid,True,1497781878,True,False,False,valid_list_complete,6,6,31,6,1,1,0,0,0,0,31,0.0012601480120792985,0.1935483870967742
PF32_SPARSE_EARLY,PF32_SPARSE_EARLY_c0_t12,32,20,0.625,sparse,7.0,1.0,0.5,0.2,0.0,0.0,0.0,0.0,slip_3_1,True,31,0,12,1497781878,ls_list_marginal_L2,True,1497781878,True,False,False,valid_list_complete,1054,947,31,31,2,2,2,62,1984,0,62,0.01554629800375551,1.0
PF32_SPARSE_EARLY,PF32_SPARSE_EARLY_c0_t12,32,20,0.625,sparse,7.0,1.0,0.5,0.2,0.0,0.0,0.0,0.0,slip_3_1,True,31,0,12,1497781878,ls_list_marginal_L4,True,1497781878,True,False,False,valid_list_complete,4008,3455,31,31,5,4,4,124,3968,0,62,0.05149776802863926,1.0
PF32_SPARSE_EARLY,PF32_SPARSE_EARLY_c0_t12,32,20,0.625,sparse,7.0,1.0,0.5,0.2,0.0,0.0,0.0,0.0,slip_3_1,True,31,0,12,1497781878,ls_list_marginal_L8,True,1497781878,True,False,False,valid_list_complete,8400,7072,31,31,10,8,8,248,7936,0,62,0.11993007501587272,1.0
PF32_SPARSE_EARLY,PF32_SPARSE_EARLY_c0_t12,32,20,0.625,sparse,7.0,1.0,0.5,0.2,0.0,0.0,0.0,0.0,slip_3_1,True,31,0,12,1497781878,latent_osd_batch_o2_s31,True,1497781878,True,False,False,best_marginal_in_osd_union,1736,0,31,31,1007,1007,1007,31217,998944,1736,31,0.11651178495958447,1.0
PF32_SPARSE_EARLY,PF32_SPARSE_EARLY_c0_t12,32,20,0.625,sparse,7.0,1.0,0.5,0.2,0.0,0.0,0.0,0.0,slip_3_1,True,31,0,12,1497781878,plain_osd_batch_o2,False,942343681,True,False,False,best_marginal_in_osd_union,56,0,1,1,56,56,56,56,1792,56,1,0.0032856439938768744,1.0
PF32_SPARSE_EARLY,PF32_SPARSE_EARLY_c0_t12,32,20,0.625,sparse,7.0,1.0,0.5,0.2,0.0,0.0,0.0,0.0,slip_3_1,True,31,0,12,1497781878,lsgrand_certified_v1_bound,True,1497781878,True,True,False,strict_unseen_codeword_certificate,32,32,31,31,1,1,0,32,1024,0,31,0.0017592250369489193,1.0
PF32_SPARSE_EARLY,PF32_SPARSE_EARLY_c0_t13,32,20,0.625,sparse,7.0,1.0,0.5,0.2,0.0,0.0,0.0,0.0,slip_3_1,True,31,0,13,3323562715,ls_first_valid,True,3323562715,True,False,False,valid_list_complete,7,7,31,6,1,1,0,0,0,0,31,0.0012466500047594309,0.1935483870967742
PF32_SPARSE_EARLY,PF32_SPARSE_EARLY_c0_t13,32,20,0.625,sparse,7.0,1.0,0.5,0.2,0.0,0.0,0.0,0.0,slip_3_1,True,31,0,13,3323562715,ls_list_marginal_L2,True,3323562715,True,False,False,valid_list_complete,728,661,31,31,3,2,2,62,1984,0,62,0.01223467302042991,1.0
PF32_SPARSE_EARLY,PF32_SPARSE_EARLY_c0_t13,32,20,0.625,sparse,7.0,1.0,0.5,0.2,0.0,0.0,0.0,0.0,slip_3_1,True,31,0,13,3323562715,ls_list_marginal_L4,True,3323562715,True,False,False,valid_list_complete,1997,1749,31,31,5,4,4,124,3968,0,62,0.029161656042560935,1.0
PF32_SPARSE_EARLY,PF32_SPARSE_EARLY_c0_t13,32,20,0.625,sparse,7.0,1.0,0.5,0.2,0.0,0.0,0.0,0.0,slip_3_1,True,31,0,13,3323562715,ls_list_marginal_L8,True,3323562715,True,False,False,valid_list_complete,6936,5818,31,31,10,8,8,248,7936,0,62,0.11198706098366529,1.0
PF32_SPARSE_EARLY,PF32_SPARSE_EARLY_c0_t13,32,20,0.625,sparse,7.0,1.0,0.5,0.2,0.0,0.0,0.0,0.0,slip_3_1,True,31,0,13,3323562715,latent_osd_batch_o2_s31,True,3323562715,True,False,False,best_marginal_in_osd_union,1736,0,31,31,916,916,916,28396,908672,1736,31,0.12623169494327158,1.0
PF32_SPARSE_EARLY,PF32_SPARSE_EARLY_c0_t13,32,20,0.625,sparse,7.0,1.0,0.5,0.2,0.0,0.0,0.0,0.0,slip_3_1,True,31,0,13,3323562715,plain_osd_batch_o2,False,3549359693,True,False,False,best_marginal_in_osd_union,56,0,1,1,56,56,56,56,1792,56,1,0.005202468950301409,1.0
PF32_SPARSE_EARLY,PF32_SPARSE_EARLY_c0_t13,32,20,0.625,sparse,7.0,1.0,0.5,0.2,0.0,0.0,0.0,0.0,slip_3_1,True,31,0,13,3323562715,lsgrand_certified_v1_bound,True,3323562715,True,True,False,strict_unseen_codeword_certificate,64,64,31,31,1,1,0,64,2048,0,31,0.002789461985230446,1.0
PF32_SPARSE_EARLY,PF32_SPARSE_EARLY_c0_t14,32,20,0.625,sparse,7.0,1.0,0.5,0.2,0.0,0.0,0.0,0.0,slip_3_3,True,31,0,14,2867786275,ls_first_valid,True,2867786275,True,False,False,valid_list_complete,40,39,31,31,1,1,0,0,0,0,31,0.002798484987579286,1.0
PF32_SPARSE_EARLY,PF32_SPARSE_EARLY_c0_t14,32,20,0.625,sparse,7.0,1.0,0.5,0.2,0.0,0.0,0.0,0.0,slip_3_3,True,31,0,14,2867786275,ls_list_marginal_L2,True,2867786275,True,False,False,valid_list_complete,839,743,31,31,3,2,2,62,1984,0,62,0.013069770997390151,1.0
PF32_SPARSE_EARLY,PF32_SPARSE_EARLY_c0_t14,32,20,0.625,sparse,7.0,1.0,0.5,0.2,0.0,0.0,0.0,0.0,slip_3_3,True,31,0,14,2867786275,ls_list_marginal_L4,True,2867786275,True,False,False,valid_list_complete,5320,4456,31,31,5,4,4,124,3968,0,62,0.08301592397037894,1.0
PF32_SPARSE_EARLY,PF32_SPARSE_EARLY_c0_t14,32,20,0.625,sparse,7.0,1.0,0.5,0.2,0.0,0.0,0.0,0.0,slip_3_3,True,31,0,14,2867786275,ls_list_marginal_L8,True,2867786275,True,False,False,valid_list_complete,13081,10658,31,31,12,8,8,248,7936,0,62,0.17516442702617496,1.0
PF32_SPARSE_EARLY,PF32_SPARSE_EARLY_c0_t14,32,20,0.625,sparse,7.0,1.0,0.5,0.2,0.0,0.0,0.0,0.0,slip_3_3,True,31,0,14,2867786275,latent_osd_batch_o2_s31,True,2867786275,True,False,False,best_marginal_in_osd_union,1736,0,31,31,945,945,945,29295,937440,1736,31,0.08318267797585577,1.0
PF32_SPARSE_EARLY,PF32_SPARSE_EARLY_c0_t14,32,20,0.625,sparse,7.0,1.0,0.5,0.2,0.0,0.0,0.0,0.0,slip_3_3,True,31,0,14,2867786275,plain_osd_batch_o2,False,547926086,True,False,False,best_marginal_in_osd_union,56,0,1,1,56,56,56,56,1792,56,1,0.002932681003585458,1.0
PF32_SPARSE_EARLY,PF32_SPARSE_EARLY_c0_t14,32,20,0.625,sparse,7.0,1.0,0.5,0.2,0.0,0.0,0.0,0.0,slip_3_3,True,31,0,14,2867786275,lsgrand_certified_v1_bound,True,2867786275,True,True,False,strict_unseen_codeword_certificate,160,160,31,31,1,1,0,160,5120,0,31,0.0040476140566170216,1.0
PF32_SPARSE_EARLY,PF32_SPARSE_EARLY_c0_t15,32,20,0.625,sparse,7.0,1.0,0.5,0.2,0.0,0.0,0.0,0.0,slip_3_1,True,31,0,15,2975476856,ls_first_valid,True,2975476856,True,False,False,valid_list_complete,6,6,31,6,1,1,0,0,0,0,31,0.0016654189676046371,0.1935483870967742
PF32_SPARSE_EARLY,PF32_SPARSE_EARLY_c0_t15,32,20,0.625,sparse,7.0,1.0,0.5,0.2,0.0,0.0,0.0,0.0,slip_3_1,True,31,0,15,2975476856,ls_list_marginal_L2,True,2975476856,True,False,False,valid_list_complete,1077,986,31,31,3,2,2,62,1984,0,62,0.018756381003186107,1.0
PF32_SPARSE_EARLY,PF32_SPARSE_EARLY_c0_t15,32,20,0.625,sparse,7.0,1.0,0.5,0.2,0.0,0.0,0.0,0.0,slip_3_1,True,31,0,15,2975476856,ls_list_marginal_L4,True,2975476856,True,False,False,valid_list_complete,1342,1221,31,31,5,4,4,124,3968,0,62,0.01812472997698933,1.0
PF32_SPARSE_EARLY,PF32_SPARSE_EARLY_c0_t15,32,20,0.625,sparse,7.0,1.0,0.5,0.2,0.0,0.0,0.0,0.0,slip_3_1,True,31,0,15,2975476856,ls_list_marginal_L8,True,2975476856,True,False,False,valid_list_complete,5911,5117,31,31,9,8,8,248,7936,0,62,0.058385230018757284,1.0
PF32_SPARSE_EARLY,PF32_SPARSE_EARLY_c0_t15,32,20,0.625,sparse,7.0,1.0,0.5,0.2,0.0,0.0,0.0,0.0,slip_3_1,True,31,0,15,2975476856,latent_osd_batch_o2_s31,True,2975476856,True,False,False,best_marginal_in_osd_union,1736,0,31,31,960,960,960,29760,952320,1736,31,0.13883617904502898,1.0
PF32_SPARSE_EARLY,PF32_SPARSE_EARLY_c0_t15,32,20,0.625,sparse,7.0,1.0,0.5,0.2,0.0,0.0,0.0,0.0,slip_3_1,True,31,0,15,2975476856,plain_osd_batch_o2,False,2953657878,True,False,False,best_marginal_in_osd_union,56,0,1,1,56,56,56,56,1792,56,1,0.004166760016232729,1.0
PF32_SPARSE_EARLY,PF32_SPARSE_EARLY_c0_t15,32,20,0.625,sparse,7.0,1.0,0.5,0.2,0.0,0.0,0.0,0.0,slip_3_1,True,31,0,15,2975476856,lsgrand_certified_v1_bound,True,2975476856,True,True,False,strict_unseen_codeword_certificate,32,32,31,31,1,1,0,32,1024,0,31,0.0017677480354905128,1.0
PF32_SPARSE_EARLY,PF32_SPARSE_EARLY_c0_t16,32,20,0.625,sparse,7.0,1.0,0.5,0.2,0.0,0.0,0.0,0.0,slip_3_3,True,31,0,16,156561649,ls_first_valid,True,156561649,True,False,False,valid_list_complete,11,11,31,7,1,1,0,0,0,0,31,0.0020539190154522657,0.22580645161290322
PF32_SPARSE_EARLY,PF32_SPARSE_EARLY_c0_t16,32,20,0.625,sparse,7.0,1.0,0.5,0.2,0.0,0.0,0.0,0.0,slip_3_3,True,31,0,16,156561649,ls_list_marginal_L2,True,156561649,True,False,False,valid_list_complete,2111,1855,31,31,4,2,2,62,1984,0,62,0.03622723603621125,1.0
PF32_SPARSE_EARLY,PF32_SPARSE_EARLY_c0_t16,32,20,0.625,sparse,7.0,1.0,0.5,0.2,0.0,0.0,0.0,0.0,slip_3_3,True,31,0,16,156561649,ls_list_marginal_L4,True,156561649,True,False,False,valid_list_complete,2929,2550,31,31,6,4,4,124,3968,0,62,0.05082130804657936,1.0
PF32_SPARSE_EARLY,PF32_SPARSE_EARLY_c0_t16,32,20,0.625,sparse,7.0,1.0,0.5,0.2,0.0,0.0,0.0,0.0,slip_3_3,True,31,0,16,156561649,ls_list_marginal_L8,True,156561649,True,False,False,valid_list_complete,12544,10444,31,31,11,8,8,248,7936,0,62,0.19434427004307508,1.0
PF32_SPARSE_EARLY,PF32_SPARSE_EARLY_c0_t16,32,20,0.625,sparse,7.0,1.0,0.5,0.2,0.0,0.0,0.0,0.0,slip_3_3,True,31,0,16,156561649,latent_osd_batch_o2_s31,True,156561649,True,False,False,best_marginal_in_osd_union,1736,0,31,31,905,905,905,28055,897760,1736,31,0.11159890505950898,1.0
PF32_SPARSE_EARLY,PF32_SPARSE_EARLY_c0_t16,32,20,0.625,sparse,7.0,1.0,0.5,0.2,0.0,0.0,0.0,0.0,slip_3_3,True,31,0,16,156561649,plain_osd_batch_o2,False,803021223,True,False,False,best_marginal_in_osd_union,56,0,1,1,56,56,56,56,1792,56,1,0.00655973597895354,1.0
PF32_SPARSE_EARLY,PF32_SPARSE_EARLY_c0_t16,32,20,0.625,sparse,7.0,1.0,0.5,0.2,0.0,0.0,0.0,0.0,slip_3_3,True,31,0,16,156561649,lsgrand_certified_v1_bound,True,156561649,True,True,False,strict_unseen_codeword_certificate,160,160,31,31,1,1,0,160,5120,0,31,0.004523343057371676,1.0
PF32_SPARSE_EARLY,PF32_SPARSE_EARLY_c0_t17,32,20,0.625,sparse,7.0,1.0,0.5,0.2,0.0,0.0,0.0,0.0,slip_3_1,True,31,0,17,4058414305,ls_first_valid,True,4058414305,True,False,False,valid_list_complete,6,6,31,6,1,1,0,0,0,0,31,0.0034886199282482266,0.1935483870967742
PF32_SPARSE_EARLY,PF32_SPARSE_EARLY_c0_t17,32,20,0.625,sparse,7.0,1.0,0.5,0.2,0.0,0.0,0.0,0.0,slip_3_1,True,31,0,17,4058414305,ls_list_marginal_L2,True,4058414305,True,False,False,valid_list_complete,44,44,31,31,2,2,2,62,1984,0,62,0.0026117439847439528,1.0
PF32_SPARSE_EARLY,PF32_SPARSE_EARLY_c0_t17,32,20,0.625,sparse,7.0,1.0,0.5,0.2,0.0,0.0,0.0,0.0,slip_3_1,True,31,0,17,4058414305,ls_list_marginal_L4,True,4058414305,True,False,False,valid_list_complete,1672,1514,31,31,6,4,4,124,3968,0,62,0.030450614052824676,1.0
PF32_SPARSE_EARLY,PF32_SPARSE_EARLY_c0_t17,32,20,0.625,sparse,7.0,1.0,0.5,0.2,0.0,0.0,0.0,0.0,slip_3_1,True,31,0,17,4058414305,ls_list_marginal_L8,True,4058414305,True,False,False,valid_list_complete,2803,2507,31,31,11,8,8,248,7936,0,62,0.04901100893039256,1.0
PF32_SPARSE_EARLY,PF32_SPARSE_EARLY_c0_t17,32,20,0.625,sparse,7.0,1.0,0.5,0.2,0.0,0.0,0.0,0.0,slip_3_1,True,31,0,17,4058414305,latent_osd_batch_o2_s31,True,4058414305,True,False,False,best_marginal_in_osd_union,1736,0,31,31,954,954,954,29574,946368,1736,31,0.12132512591779232,1.0
PF32_SPARSE_EARLY,PF32_SPARSE_EARLY_c0_t17,32,20,0.625,sparse,7.0,1.0,0.5,0.2,0.0,0.0,0.0,0.0,slip_3_1,True,31,0,17,4058414305,plain_osd_batch_o2,False,2968597628,True,False,False,best_marginal_in_osd_union,56,0,1,1,56,56,56,56,1792,56,1,0.004072308074682951,1.0
PF32_SPARSE_EARLY,PF32_SPARSE_EARLY_c0_t17,32,20,0.625,sparse,7.0,1.0,0.5,0.2,0.0,0.0,0.0,0.0,slip_3_1,True,31,0,17,4058414305,lsgrand_certified_v1_bound,True,4058414305,True,True,False,strict_unseen_codeword_certificate,44,44,31,31,2,2,0,44,1408,0,31,0.0019543919479474425,1.0
PF32_SPARSE_EARLY,PF32_SPARSE_EARLY_c0_t18,32,20,0.625,sparse,7.0,1.0,0.5,0.2,0.0,0.0,0.0,0.0,slip_3_3,True,31,0,18,3459463646,ls_first_valid,True,3459463646,True,False,False,valid_list_complete,8,8,31,7,1,1,0,0,0,0,31,0.001207911060191691,0.22580645161290322
PF32_SPARSE_EARLY,PF32_SPARSE_EARLY_c0_t18,32,20,0.625,sparse,7.0,1.0,0.5,0.2,0.0,0.0,0.0,0.0,slip_3_3,True,31,0,18,3459463646,ls_list_marginal_L2,True,3459463646,True,False,False,valid_list_complete,1362,1240,31,31,4,2,2,62,1984,0,62,0.020058257970958948,1.0
PF32_SPARSE_EARLY,PF32_SPARSE_EARLY_c0_t18,32,20,0.625,sparse,7.0,1.0,0.5,0.2,0.0,0.0,0.0,0.0,slip_3_3,True,31,0,18,3459463646,ls_list_marginal_L4,True,3459463646,True,False,False,valid_list_complete,3272,2891,31,31,6,4,4,124,3968,0,62,0.05385323998052627,1.0
PF32_SPARSE_EARLY,PF32_SPARSE_EARLY_c0_t18,32,20,0.625,sparse,7.0,1.0,0.5,0.2,0.0,0.0,0.0,0.0,slip_3_3,True,31,0,18,3459463646,ls_list_marginal_L8,True,3459463646,True,False,False,valid_list_complete,9637,8196,31,31,11,8,8,248,7936,0,62,0.13051569904200733,1.0
PF32_SPARSE_EARLY,PF32_SPARSE_EARLY_c0_t18,32,20,0.625,sparse,7.0,1.0,0.5,0.2,0.0,0.0,0.0,0.0,slip_3_3,True,31,0,18,3459463646,latent_osd_batch_o2_s31,True,3459463646,True,False,False,best_marginal_in_osd_union,1736,0,31,31,920,920,920,28520,912640,1736,31,0.13894985907245427,1.0
PF32_SPARSE_EARLY,PF32_SPARSE_EARLY_c0_t18,32,20,0.625,sparse,7.0,1.0,0.5,0.2,0.0,0.0,0.0,0.0,slip_3_3,True,31,0,18,3459463646,plain_osd_batch_o2,False,1835426488,True,False,False,best_marginal_in_osd_union,56,0,1,1,56,56,56,56,1792,56,1,0.0031461609760299325,1.0
PF32_SPARSE_EARLY,PF32_SPARSE_EARLY_c0_t18,32,20,0.625,sparse,7.0,1.0,0.5,0.2,0.0,0.0,0.0,0.0,slip_3_3,True,31,0,18,3459463646,lsgrand_certified_v1_bound,True,3459463646,True,True,False,strict_unseen_codeword_certificate,64,64,31,31,1,1,0,64,2048,0,31,0.002283880952745676,1.0
PF32_SPARSE_EARLY,PF32_SPARSE_EARLY_c0_t19,32,20,0.625,sparse,7.0,1.0,0.5,0.2,0.0,0.0,0.0,0.0,slip_3_1,True,31,0,19,4170513934,ls_first_valid,True,4170513934,True,False,False,valid_list_complete,210,196,31,31,1,1,0,0,0,0,31,0.003827893058769405,1.0
PF32_SPARSE_EARLY,PF32_SPARSE_EARLY_c0_t19,32,20,0.625,sparse,7.0,1.0,0.5,0.2,0.0,0.0,0.0,0.0,slip_3_1,True,31,0,19,4170513934,ls_list_marginal_L2,True,4170513934,True,False,False,valid_list_complete,9301,7795,31,31,4,2,2,62,1984,0,62,0.14607383904512972,1.0
PF32_SPARSE_EARLY,PF32_SPARSE_EARLY_c0_t19,32,20,0.625,sparse,7.0,1.0,0.5,0.2,0.0,0.0,0.0,0.0,slip_3_1,True,31,0,19,4170513934,ls_list_marginal_L4,True,4170513934,True,False,False,valid_list_complete,22182,18034,31,31,6,4,4,124,3968,0,62,0.3373494769912213,1.0
PF32_SPARSE_EARLY,PF32_SPARSE_EARLY_c0_t19,32,20,0.625,sparse,7.0,1.0,0.5,0.2,0.0,0.0,0.0,0.0,slip_3_1,True,31,0,19,4170513934,ls_list_marginal_L8,True,4170513934,True,False,True,query_cap_before_list,25000,20216,31,31,6,4,4,124,3968,0,62,0.4507734220242128,1.0
PF32_SPARSE_EARLY,PF32_SPARSE_EARLY_c0_t19,32,20,0.625,sparse,7.0,1.0,0.5,0.2,0.0,0.0,0.0,0.0,slip_3_1,True,31,0,19,4170513934,latent_osd_batch_o2_s31,True,4170513934,True,False,False,best_marginal_in_osd_union,1736,0,31,31,968,968,968,30008,960256,1736,31,0.10035228705964983,1.0
PF32_SPARSE_EARLY,PF32_SPARSE_EARLY_c0_t19,32,20,0.625,sparse,7.0,1.0,0.5,0.2,0.0,0.0,0.0,0.0,slip_3_1,True,31,0,19,4170513934,plain_osd_batch_o2,False,4039202725,True,False,False,best_marginal_in_osd_union,56,0,1,1,56,56,56,56,1792,56,1,0.004708879045210779,1.0
PF32_SPARSE_EARLY,PF32_SPARSE_EARLY_c0_t19,32,20,0.625,sparse,7.0,1.0,0.5,0.2,0.0,0.0,0.0,0.0,slip_3_1,True,31,0,19,4170513934,lsgrand_certified_v1_bound,True,4170513934,True,True,False,strict_unseen_codeword_certificate,832,832,31,31,1,1,0,832,26624,0,31,0.013718493981286883,1.0
PF32_SPARSE_EARLY,PF32_SPARSE_EARLY_c0_t20,32,20,0.625,sparse,7.0,1.0,0.5,0.2,0.0,0.0,0.0,0.0,slip_3_3,True,31,0,20,1297907746,ls_first_valid,True,1297907746,True,False,False,valid_list_complete,13,13,31,7,1,1,0,0,0,0,31,0.001515435054898262,0.22580645161290322
PF32_SPARSE_EARLY,PF32_SPARSE_EARLY_c0_t20,32,20,0.625,sparse,7.0,1.0,0.5,0.2,0.0,0.0,0.0,0.0,slip_3_3,True,31,0,20,1297907746,ls_list_marginal_L2,True,1297907746,True,False,False,valid_list_complete,55,54,31,31,2,2,2,62,1984,0,62,0.002736818976700306,1.0
PF32_SPARSE_EARLY,PF32_SPARSE_EARLY_c0_t20,32,20,0.625,sparse,7.0,1.0,0.5,0.2,0.0,0.0,0.0,0.0,slip_3_3,True,31,0,20,1297907746,ls_list_marginal_L4,True,1297907746,True,False,False,valid_list_complete,192,176,31,31,5,4,4,124,3968,0,62,0.004335090983659029,1.0
PF32_SPARSE_EARLY,PF32_SPARSE_EARLY_c0_t20,32,20,0.625,sparse,7.0,1.0,0.5,0.2,0.0,0.0,0.0,0.0,slip_3_3,True,31,0,20,1297907746,ls_list_marginal_L8,True,1297907746,True,False,False,valid_list_complete,1459,1258,31,31,13,8,8,248,7936,0,62,0.024683633004315197,1.0
PF32_SPARSE_EARLY,PF32_SPARSE_EARLY_c0_t20,32,20,0.625,sparse,7.0,1.0,0.5,0.2,0.0,0.0,0.0,0.0,slip_3_3,True,31,0,20,1297907746,latent_osd_batch_o2_s31,True,1297907746,True,False,False,best_marginal_in_osd_union,1736,0,31,31,1029,1029,1029,31899,1020768,1736,31,0.09158355207182467,1.0
PF32_SPARSE_EARLY,PF32_SPARSE_EARLY_c0_t20,32,20,0.625,sparse,7.0,1.0,0.5,0.2,0.0,0.0,0.0,0.0,slip_3_3,True,31,0,20,1297907746,plain_osd_batch_o2,False,1605907784,True,False,False,best_marginal_in_osd_union,56,0,1,1,56,56,56,56,1792,56,1,0.0038374760188162327,1.0
PF32_SPARSE_EARLY,PF32_SPARSE_EARLY_c0_t20,32,20,0.625,sparse,7.0,1.0,0.5,0.2,0.0,0.0,0.0,0.0,slip_3_3,True,31,0,20,1297907746,lsgrand_certified_v1_bound,True,1297907746,True,True,False,strict_unseen_codeword_certificate,384,384,31,31,5,4,0,384,12288,0,31,0.008364888955838978,1.0
PF32_SPARSE_EARLY,PF32_SPARSE_EARLY_c0_t21,32,20,0.625,sparse,7.0,1.0,0.5,0.2,0.0,0.0,0.0,0.0,slip_3_3,True,31,0,21,3155509151,ls_first_valid,True,3155509151,True,False,False,valid_list_complete,13,13,31,7,1,1,0,0,0,0,31,0.0017077539814636111,0.22580645161290322
PF32_SPARSE_EARLY,PF32_SPARSE_EARLY_c0_t21,32,20,0.625,sparse,7.0,1.0,0.5,0.2,0.0,0.0,0.0,0.0,slip_3_3,True,31,0,21,3155509151,ls_list_marginal_L2,True,3155509151,True,False,False,valid_list_complete,573,527,31,31,3,2,2,62,1984,0,62,0.010693190968595445,1.0
PF32_SPARSE_EARLY,PF32_SPARSE_EARLY_c0_t21,32,20,0.625,sparse,7.0,1.0,0.5,0.2,0.0,0.0,0.0,0.0,slip_3_3,True,31,0,21,3155509151,ls_list_marginal_L4,True,3155509151,True,False,False,valid_list_complete,1901,1682,31,31,5,4,4,124,3968,0,62,0.03502180799841881,1.0
PF32_SPARSE_EARLY,PF32_SPARSE_EARLY_c0_t21,32,20,0.625,sparse,7.0,1.0,0.5,0.2,0.0,0.0,0.0,0.0,slip_3_3,True,31,0,21,3155509151,ls_list_marginal_L8,True,3155509151,True,False,False,valid_list_complete,11052,9254,31,31,14,8,8,248,7936,0,62,0.14373897307086736,1.0
PF32_SPARSE_EARLY,PF32_SPARSE_EARLY_c0_t21,32,20,0.625,sparse,7.0,1.0,0.5,0.2,0.0,0.0,0.0,0.0,slip_3_3,True,31,0,21,3155509151,latent_osd_batch_o2_s31,True,3155509151,True,False,False,best_marginal_in_osd_union,1736,0,31,31,942,942,942,29202,934464,1736,31,0.12779886508360505,1.0
PF32_SPARSE_EARLY,PF32_SPARSE_EARLY_c0_t21,32,20,0.625,sparse,7.0,1.0,0.5,0.2,0.0,0.0,0.0,0.0,slip_3_3,True,31,0,21,3155509151,plain_osd_batch_o2,False,1820289080,True,False,False,best_marginal_in_osd_union,56,0,1,1,56,56,56,56,1792,56,1,0.006053398014046252,1.0
PF32_SPARSE_EARLY,PF32_SPARSE_EARLY_c0_t21,32,20,0.625,sparse,7.0,1.0,0.5,0.2,0.0,0.0,0.0,0.0,slip_3_3,True,31,0,21,3155509151,lsgrand_certified_v1_bound,True,3155509151,True,True,False,strict_unseen_codeword_certificate,224,224,31,31,1,1,0,224,7168,0,31,0.00575272599235177,1.0
PF32_SPARSE_EARLY,PF32_SPARSE_EARLY_c0_t22,32,20,0.625,sparse,7.0,1.0,0.5,0.2,0.0,0.0,0.0,0.0,slip_3_3,True,31,0,22,1681998845,ls_first_valid,True,1681998845,True,False,False,valid_list_complete,12,12,31,7,1,1,0,0,0,0,31,0.0016808189684525132,0.22580645161290322
PF32_SPARSE_EARLY,PF32_SPARSE_EARLY_c0_t22,32,20,0.625,sparse,7.0,1.0,0.5,0.2,0.0,0.0,0.0,0.0,slip_3_3,True,31,0,22,1681998845,ls_list_marginal_L2,True,1681998845,True,False,False,valid_list_complete,311,286,31,31,2,2,2,62,1984,0,62,0.006366444053128362,1.0
PF32_SPARSE_EARLY,PF32_SPARSE_EARLY_c0_t22,32,20,0.625,sparse,7.0,1.0,0.5,0.2,0.0,0.0,0.0,0.0,slip_3_3,True,31,0,22,1681998845,ls_list_marginal_L4,True,1681998845,True,False,False,valid_list_complete,2785,2392,31,31,6,4,4,124,3968,0,62,0.042637915001250803,1.0
PF32_SPARSE_EARLY,PF32_SPARSE_EARLY_c0_t22,32,20,0.625,sparse,7.0,1.0,0.5,0.2,0.0,0.0,0.0,0.0,slip_3_3,True,31,0,22,1681998845,ls_list_marginal_L8,True,1681998845,True,False,False,valid_list_complete,4173,3550,31,31,10,8,8,248,7936,0,62,0.05738323600962758,1.0
PF32_SPARSE_EARLY,PF32_SPARSE_EARLY_c0_t22,32,20,0.625,sparse,7.0,1.0,0.5,0.2,0.0,0.0,0.0,0.0,slip_3_3,True,31,0,22,1681998845,latent_osd_batch_o2_s31,True,1681998845,True,False,False,best_marginal_in_osd_union,1736,0,31,31,969,969,969,30039,961248,1736,31,0.12271005194634199,1.0
PF32_SPARSE_EARLY,PF32_SPARSE_EARLY_c0_t22,32,20,0.625,sparse,7.0,1.0,0.5,0.2,0.0,0.0,0.0,0.0,slip_3_3,True,31,0,22,1681998845,plain_osd_batch_o2,False,3856126635,True,False,False,best_marginal_in_osd_union,56,0,1,1,56,56,56,56,1792,56,1,0.003756467020139098,1.0
PF32_SPARSE_EARLY,PF32_SPARSE_EARLY_c0_t22,32,20,0.625,sparse,7.0,1.0,0.5,0.2,0.0,0.0,0.0,0.0,slip_3_3,True,31,0,22,1681998845,lsgrand_certified_v1_bound,True,1681998845,True,True,False,strict_unseen_codeword_certificate,224,224,31,31,1,1,0,224,7168,0,31,0.004346130997873843,1.0
PF32_SPARSE_EARLY,PF32_SPARSE_EARLY_c0_t23,32,20,0.625,sparse,7.0,1.0,0.5,0.2,0.0,0.0,0.0,0.0,slip_3_3,True,31,0,23,1740089545,ls_first_valid,True,1740089545,True,False,False,valid_list_complete,8,8,31,7,1,1,0,0,0,0,31,0.0012476181145757437,0.22580645161290322
PF32_SPARSE_EARLY,PF32_SPARSE_EARLY_c0_t23,32,20,0.625,sparse,7.0,1.0,0.5,0.2,0.0,0.0,0.0,0.0,slip_3_3,True,31,0,23,1740089545,ls_list_marginal_L2,True,1740089545,True,False,False,valid_list_complete,1199,1073,31,31,2,2,2,62,1984,0,62,0.019259501015767455,1.0
PF32_SPARSE_EARLY,PF32_SPARSE_EARLY_c0_t23,32,20,0.625,sparse,7.0,1.0,0.5,0.2,0.0,0.0,0.0,0.0,slip_3_3,True,31,0,23,1740089545,ls_list_marginal_L4,True,1740089545,True,False,False,valid_list_complete,2240,1975,31,31,6,4,4,124,3968,0,62,0.03545927698723972,1.0
PF32_SPARSE_EARLY,PF32_SPARSE_EARLY_c0_t23,32,20,0.625,sparse,7.0,1.0,0.5,0.2,0.0,0.0,0.0,0.0,slip_3_3,True,31,0,23,1740089545,ls_list_marginal_L8,True,1740089545,True,False,False,valid_list_complete,3465,3002,31,31,10,8,8,248,7936,0,62,0.05423662799876183,1.0
PF32_SPARSE_EARLY,PF32_SPARSE_EARLY_c0_t23,32,20,0.625,sparse,7.0,1.0,0.5,0.2,0.0,0.0,0.0,0.0,slip_3_3,True,31,0,23,1740089545,latent_osd_batch_o2_s31,True,1740089545,True,False,False,best_marginal_in_osd_union,1736,0,31,31,1125,1125,1125,34875,1116000,1736,31,0.11083402705844492,1.0
PF32_SPARSE_EARLY,PF32_SPARSE_EARLY_c0_t23,32,20,0.625,sparse,7.0,1.0,0.5,0.2,0.0,0.0,0.0,0.0,slip_3_3,True,31,0,23,1740089545,plain_osd_batch_o2,False,3828319131,True,False,False,best_marginal_in_osd_union,56,0,1,1,56,56,56,56,1792,56,1,0.004036865080706775,1.0
PF32_SPARSE_EARLY,PF32_SPARSE_EARLY_c0_t23,32,20,0.625,sparse,7.0,1.0,0.5,0.2,0.0,0.0,0.0,0.0,slip_3_3,True,31,0,23,1740089545,lsgrand_certified_v1_bound,True,1740089545,True,True,False,strict_unseen_codeword_certificate,96,96,31,31,1,1,0,96,3072,0,31,0.003563862992450595,1.0
PF32_SPARSE_EARLY,PF32_SPARSE_EARLY_c0_t24,32,20,0.625,sparse,7.0,1.0,0.5,0.2,0.0,0.0,0.0,0.0,slip_3_1,True,31,0,24,4055512785,ls_first_valid,True,4055512785,True,False,False,valid_list_complete,7,7,31,6,1,1,0,0,0,0,31,0.0013628280721604824,0.1935483870967742
PF32_SPARSE_EARLY,PF32_SPARSE_EARLY_c0_t24,32,20,0.625,sparse,7.0,1.0,0.5,0.2,0.0,0.0,0.0,0.0,slip_3_1,True,31,0,24,4055512785,ls_list_marginal_L2,True,4055512785,True,False,False,valid_list_complete,210,197,31,31,3,2,2,62,1984,0,62,0.005360604962334037,1.0
PF32_SPARSE_EARLY,PF32_SPARSE_EARLY_c0_t24,32,20,0.625,sparse,7.0,1.0,0.5,0.2,0.0,0.0,0.0,0.0,slip_3_1,True,31,0,24,4055512785,ls_list_marginal_L4,True,4055512785,True,False,False,valid_list_complete,1416,1259,31,31,6,4,4,124,3968,0,62,0.02235278091393411,1.0
PF32_SPARSE_EARLY,PF32_SPARSE_EARLY_c0_t24,32,20,0.625,sparse,7.0,1.0,0.5,0.2,0.0,0.0,0.0,0.0,slip_3_1,True,31,0,24,4055512785,ls_list_marginal_L8,True,4055512785,True,False,False,valid_list_complete,4678,3979,31,31,12,8,8,248,7936,0,62,0.0664571130182594,1.0
PF32_SPARSE_EARLY,PF32_SPARSE_EARLY_c0_t24,32,20,0.625,sparse,7.0,1.0,0.5,0.2,0.0,0.0,0.0,0.0,slip_3_1,True,31,0,24,4055512785,latent_osd_batch_o2_s31,True,4055512785,True,False,False,best_marginal_in_osd_union,1736,0,31,31,822,822,822,25482,815424,1736,31,0.13101172796450555,1.0
PF32_SPARSE_EARLY,PF32_SPARSE_EARLY_c0_t24,32,20,0.625,sparse,7.0,1.0,0.5,0.2,0.0,0.0,0.0,0.0,slip_3_1,True,31,0,24,4055512785,plain_osd_batch_o2,False,4046444361,True,False,False,best_marginal_in_osd_union,56,0,1,1,56,56,56,56,1792,56,1,0.004132710979320109,1.0
PF32_SPARSE_EARLY,PF32_SPARSE_EARLY_c0_t24,32,20,0.625,sparse,7.0,1.0,0.5,0.2,0.0,0.0,0.0,0.0,slip_3_1,True,31,0,24,4055512785,lsgrand_certified_v1_bound,True,4055512785,True,True,False,strict_unseen_codeword_certificate,76,76,31,31,2,1,0,76,2432,0,31,0.0024053610395640135,1.0
PF32_SPARSE_EARLY,PF32_SPARSE_EARLY_c0_t25,32,20,0.625,sparse,7.0,1.0,0.5,0.2,0.0,0.0,0.0,0.0,slip_3_1,True,31,0,25,2518290140,ls_first_valid,True,2518290140,True,False,False,valid_list_complete,7,7,31,6,1,1,0,0,0,0,31,0.0012931720120832324,0.1935483870967742
PF32_SPARSE_EARLY,PF32_SPARSE_EARLY_c0_t25,32,20,0.625,sparse,7.0,1.0,0.5,0.2,0.0,0.0,0.0,0.0,slip_3_1,True,31,0,25,2518290140,ls_list_marginal_L2,True,2518290140,True,False,False,valid_list_complete,90,87,31,31,2,2,2,62,1984,0,62,0.0038423119112849236,1.0
PF32_SPARSE_EARLY,PF32_SPARSE_EARLY_c0_t25,32,20,0.625,sparse,7.0,1.0,0.5,0.2,0.0,0.0,0.0,0.0,slip_3_1,True,31,0,25,2518290140,ls_list_marginal_L4,True,2518290140,True,False,False,valid_list_complete,635,564,31,31,6,4,4,124,3968,0,62,0.010267823003232479,1.0
PF32_SPARSE_EARLY,PF32_SPARSE_EARLY_c0_t25,32,20,0.625,sparse,7.0,1.0,0.5,0.2,0.0,0.0,0.0,0.0,slip_3_1,True,31,0,25,2518290140,ls_list_marginal_L8,True,2518290140,True,False,False,valid_list_complete,1224,1067,31,31,11,8,8,248,7936,0,62,0.01894089300185442,1.0
PF32_SPARSE_EARLY,PF32_SPARSE_EARLY_c0_t25,32,20,0.625,sparse,7.0,1.0,0.5,0.2,0.0,0.0,0.0,0.0,slip_3_1,True,31,0,25,2518290140,latent_osd_batch_o2_s31,True,2518290140,True,False,False,best_marginal_in_osd_union,1736,0,31,31,876,876,876,27156,868992,1736,31,0.09880451706703752,1.0
PF32_SPARSE_EARLY,PF32_SPARSE_EARLY_c0_t25,32,20,0.625,sparse,7.0,1.0,0.5,0.2,0.0,0.0,0.0,0.0,slip_3_1,True,31,0,25,2518290140,plain_osd_batch_o2,False,2525488964,True,False,False,best_marginal_in_osd_union,56,0,1,1,56,56,56,56,1792,56,1,0.005957604036666453,1.0
PF32_SPARSE_EARLY,PF32_SPARSE_EARLY_c0_t25,32,20,0.625,sparse,7.0,1.0,0.5,0.2,0.0,0.0,0.0,0.0,slip_3_1,True,31,0,25,2518290140,lsgrand_certified_v1_bound,True,2518290140,True,True,False,strict_unseen_codeword_certificate,64,64,31,31,1,1,0,64,2048,0,31,0.003066338016651571,1.0
PF32_SPARSE_EARLY,PF32_SPARSE_EARLY_c0_t26,32,20,0.625,sparse,7.0,1.0,0.5,0.2,0.0,0.0,0.0,0.0,slip_3_3,True,31,0,26,1681361035,ls_first_valid,True,1681361035,True,False,False,valid_list_complete,8,8,31,7,1,1,0,0,0,0,31,0.001825778977945447,0.22580645161290322
PF32_SPARSE_EARLY,PF32_SPARSE_EARLY_c0_t26,32,20,0.625,sparse,7.0,1.0,0.5,0.2,0.0,0.0,0.0,0.0,slip_3_3,True,31,0,26,1681361035,ls_list_marginal_L2,True,1681361035,True,False,False,valid_list_complete,181,170,31,31,2,2,2,62,1984,0,62,0.0052276840433478355,1.0
PF32_SPARSE_EARLY,PF32_SPARSE_EARLY_c0_t26,32,20,0.625,sparse,7.0,1.0,0.5,0.2,0.0,0.0,0.0,0.0,slip_3_3,True,31,0,26,1681361035,ls_list_marginal_L4,True,1681361035,True,False,False,valid_list_complete,276,258,31,31,4,4,4,124,3968,0,62,0.005586474086157978,1.0
PF32_SPARSE_EARLY,PF32_SPARSE_EARLY_c0_t26,32,20,0.625,sparse,7.0,1.0,0.5,0.2,0.0,0.0,0.0,0.0,slip_3_3,True,31,0,26,1681361035,ls_list_marginal_L8,True,1681361035,True,False,False,valid_list_complete,3727,3215,31,31,12,8,8,248,7936,0,62,0.05556833802256733,1.0
PF32_SPARSE_EARLY,PF32_SPARSE_EARLY_c0_t26,32,20,0.625,sparse,7.0,1.0,0.5,0.2,0.0,0.0,0.0,0.0,slip_3_3,True,31,0,26,1681361035,latent_osd_batch_o2_s31,True,1681361035,True,False,False,best_marginal_in_osd_union,1736,0,31,31,980,980,980,30380,972160,1736,31,0.0964528420008719,1.0
PF32_SPARSE_EARLY,PF32_SPARSE_EARLY_c0_t26,32,20,0.625,sparse,7.0,1.0,0.5,0.2,0.0,0.0,0.0,0.0,slip_3_3,True,31,0,26,1681361035,plain_osd_batch_o2,False,23875890,True,False,False,best_marginal_in_osd_union,56,0,1,1,56,56,56,56,1792,56,1,0.0032273740507662296,1.0
PF32_SPARSE_EARLY,PF32_SPARSE_EARLY_c0_t26,32,20,0.625,sparse,7.0,1.0,0.5,0.2,0.0,0.0,0.0,0.0,slip_3_3,True,31,0,26,1681361035,lsgrand_certified_v1_bound,True,1681361035,True,True,False,strict_unseen_codeword_certificate,64,64,31,31,1,1,0,64,2048,0,31,0.0029404700035229325,1.0
PF32_SPARSE_EARLY,PF32_SPARSE_EARLY_c0_t27,32,20,0.625,sparse,7.0,1.0,0.5,0.2,0.0,0.0,0.0,0.0,slip_3_1,True,31,0,27,816902044,ls_first_valid,True,816902044,True,False,False,valid_list_complete,12,12,31,6,1,1,0,0,0,0,31,0.0014701590407639742,0.1935483870967742
PF32_SPARSE_EARLY,PF32_SPARSE_EARLY_c0_t27,32,20,0.625,sparse,7.0,1.0,0.5,0.2,0.0,0.0,0.0,0.0,slip_3_1,True,31,0,27,816902044,ls_list_marginal_L2,True,816902044,True,False,False,valid_list_complete,325,296,31,31,2,2,2,62,1984,0,62,0.0061847049510106444,1.0
PF32_SPARSE_EARLY,PF32_SPARSE_EARLY_c0_t27,32,20,0.625,sparse,7.0,1.0,0.5,0.2,0.0,0.0,0.0,0.0,slip_3_1,True,31,0,27,816902044,ls_list_marginal_L4,True,816902044,True,False,False,valid_list_complete,1309,1148,31,31,5,4,4,124,3968,0,62,0.01932433305773884,1.0
PF32_SPARSE_EARLY,PF32_SPARSE_EARLY_c0_t27,32,20,0.625,sparse,7.0,1.0,0.5,0.2,0.0,0.0,0.0,0.0,slip_3_1,True,31,0,27,816902044,ls_list_marginal_L8,True,816902044,True,False,False,valid_list_complete,7096,5893,31,31,13,8,8,248,7936,0,62,0.12041215400677174,1.0
PF32_SPARSE_EARLY,PF32_SPARSE_EARLY_c0_t27,32,20,0.625,sparse,7.0,1.0,0.5,0.2,0.0,0.0,0.0,0.0,slip_3_1,True,31,0,27,816902044,latent_osd_batch_o2_s31,True,816902044,True,False,False,best_marginal_in_osd_union,1736,0,31,31,962,962,962,29822,954304,1736,31,0.12102964101359248,1.0
PF32_SPARSE_EARLY,PF32_SPARSE_EARLY_c0_t27,32,20,0.625,sparse,7.0,1.0,0.5,0.2,0.0,0.0,0.0,0.0,slip_3_1,True,31,0,27,816902044,plain_osd_batch_o2,False,311846366,True,False,False,best_marginal_in_osd_union,56,0,1,1,56,56,56,56,1792,56,1,0.004728143918327987,1.0
PF32_SPARSE_EARLY,PF32_SPARSE_EARLY_c0_t27,32,20,0.625,sparse,7.0,1.0,0.5,0.2,0.0,0.0,0.0,0.0,slip_3_1,True,31,0,27,816902044,lsgrand_certified_v1_bound,True,816902044,True,True,False,strict_unseen_codeword_certificate,224,224,31,31,1,1,0,224,7168,0,31,0.005453869001939893,1.0
PF32_SPARSE_EARLY,PF32_SPARSE_EARLY_c0_t28,32,20,0.625,sparse,7.0,1.0,0.5,0.2,0.0,0.0,0.0,0.0,slip_3_3,True,31,0,28,683372889,ls_first_valid,True,683372889,True,False,False,valid_list_complete,8,8,31,7,1,1,0,0,0,0,31,0.0013482350623235106,0.22580645161290322
PF32_SPARSE_EARLY,PF32_SPARSE_EARLY_c0_t28,32,20,0.625,sparse,7.0,1.0,0.5,0.2,0.0,0.0,0.0,0.0,slip_3_3,True,31,0,28,683372889,ls_list_marginal_L2,True,683372889,True,False,False,valid_list_complete,86,84,31,31,2,2,2,62,1984,0,62,0.00307691702619195,1.0
PF32_SPARSE_EARLY,PF32_SPARSE_EARLY_c0_t28,32,20,0.625,sparse,7.0,1.0,0.5,0.2,0.0,0.0,0.0,0.0,slip_3_3,True,31,0,28,683372889,ls_list_marginal_L4,True,683372889,True,False,False,valid_list_complete,2238,1982,31,31,5,4,4,124,3968,0,62,0.036591936950571835,1.0
PF32_SPARSE_EARLY,PF32_SPARSE_EARLY_c0_t28,32,20,0.625,sparse,7.0,1.0,0.5,0.2,0.0,0.0,0.0,0.0,slip_3_3,True,31,0,28,683372889,ls_list_marginal_L8,True,683372889,True,False,False,valid_list_complete,3637,3177,31,31,10,8,8,248,7936,0,62,0.0572932839859277,1.0
PF32_SPARSE_EARLY,PF32_SPARSE_EARLY_c0_t28,32,20,0.625,sparse,7.0,1.0,0.5,0.2,0.0,0.0,0.0,0.0,slip_3_3,True,31,0,28,683372889,latent_osd_batch_o2_s31,True,683372889,True,False,False,best_marginal_in_osd_union,1736,0,31,31,984,984,984,30504,976128,1736,31,0.11810602305922657,1.0
PF32_SPARSE_EARLY,PF32_SPARSE_EARLY_c0_t28,32,20,0.625,sparse,7.0,1.0,0.5,0.2,0.0,0.0,0.0,0.0,slip_3_3,True,31,0,28,683372889,plain_osd_batch_o2,False,690125787,True,False,False,best_marginal_in_osd_union,56,0,1,1,56,56,56,56,1792,56,1,0.0033845959696918726,1.0
PF32_SPARSE_EARLY,PF32_SPARSE_EARLY_c0_t28,32,20,0.625,sparse,7.0,1.0,0.5,0.2,0.0,0.0,0.0,0.0,slip_3_3,True,31,0,28,683372889,lsgrand_certified_v1_bound,True,683372889,True,True,False,strict_unseen_codeword_certificate,64,64,31,31,1,1,0,64,2048,0,31,0.002196901012212038,1.0
PF32_SPARSE_EARLY,PF32_SPARSE_EARLY_c0_t29,32,20,0.625,sparse,7.0,1.0,0.5,0.2,0.0,0.0,0.0,0.0,slip_3_3,True,31,0,29,2599470881,ls_first_valid,True,2599470881,True,False,False,valid_list_complete,7,7,31,7,1,1,0,0,0,0,31,0.0012301020324230194,0.22580645161290322
PF32_SPARSE_EARLY,PF32_SPARSE_EARLY_c0_t29,32,20,0.625,sparse,7.0,1.0,0.5,0.2,0.0,0.0,0.0,0.0,slip_3_3,True,31,0,29,2599470881,ls_list_marginal_L2,True,2599470881,True,False,False,valid_list_complete,45,45,31,31,2,2,2,62,1984,0,62,0.003206016030162573,1.0
PF32_SPARSE_EARLY,PF32_SPARSE_EARLY_c0_t29,32,20,0.625,sparse,7.0,1.0,0.5,0.2,0.0,0.0,0.0,0.0,slip_3_3,True,31,0,29,2599470881,ls_list_marginal_L4,True,2599470881,True,False,False,valid_list_complete,560,518,31,31,7,4,4,124,3968,0,62,0.009325423976406455,1.0
PF32_SPARSE_EARLY,PF32_SPARSE_EARLY_c0_t29,32,20,0.625,sparse,7.0,1.0,0.5,0.2,0.0,0.0,0.0,0.0,slip_3_3,True,31,0,29,2599470881,ls_list_marginal_L8,True,2599470881,True,False,False,valid_list_complete,4286,3711,31,31,17,8,8,248,7936,0,62,0.06410631397739053,1.0
PF32_SPARSE_EARLY,PF32_SPARSE_EARLY_c0_t29,32,20,0.625,sparse,7.0,1.0,0.5,0.2,0.0,0.0,0.0,0.0,slip_3_3,True,31,0,29,2599470881,latent_osd_batch_o2_s31,True,2599470881,True,False,False,best_marginal_in_osd_union,1736,0,31,31,974,974,974,30194,966208,1736,31,0.10394485003780574,1.0
PF32_SPARSE_EARLY,PF32_SPARSE_EARLY_c0_t29,32,20,0.625,sparse,7.0,1.0,0.5,0.2,0.0,0.0,0.0,0.0,slip_3_3,True,31,0,29,2599470881,plain_osd_batch_o2,False,2562133591,True,False,False,best_marginal_in_osd_union,56,0,1,1,56,56,56,56,1792,56,1,0.0033496200339868665,1.0
PF32_SPARSE_EARLY,PF32_SPARSE_EARLY_c0_t29,32,20,0.625,sparse,7.0,1.0,0.5,0.2,0.0,0.0,0.0,0.0,slip_3_3,True,31,0,29,2599470881,lsgrand_certified_v1_bound,True,2599470881,True,True,False,strict_unseen_codeword_certificate,32,32,31,31,1,1,0,32,1024,0,31,0.0014304989017546177,1.0
PF32_SPARSE_EARLY,PF32_SPARSE_EARLY_c1_t0,32,20,0.625,sparse,7.0,1.0,0.5,0.2,0.0,0.0,0.0,0.0,slip_3_1,True,31,1,0,3480605006,ls_first_valid,True,3480605006,True,False,False,valid_list_complete,7,7,31,6,1,1,0,0,0,0,31,0.0013168210862204432,0.1935483870967742
PF32_SPARSE_EARLY,PF32_SPARSE_EARLY_c1_t0,32,20,0.625,sparse,7.0,1.0,0.5,0.2,0.0,0.0,0.0,0.0,slip_3_1,True,31,1,0,3480605006,ls_list_marginal_L2,True,3480605006,True,False,False,valid_list_complete,589,554,31,31,2,2,2,62,1984,0,62,0.00741529802326113,1.0
PF32_SPARSE_EARLY,PF32_SPARSE_EARLY_c1_t0,32,20,0.625,sparse,7.0,1.0,0.5,0.2,0.0,0.0,0.0,0.0,slip_3_1,True,31,1,0,3480605006,ls_list_marginal_L4,True,3480605006,True,False,False,valid_list_complete,2031,1846,31,31,5,4,4,124,3968,0,62,0.032830207026563585,1.0
PF32_SPARSE_EARLY,PF32_SPARSE_EARLY_c1_t0,32,20,0.625,sparse,7.0,1.0,0.5,0.2,0.0,0.0,0.0,0.0,slip_3_1,True,31,1,0,3480605006,ls_list_marginal_L8,True,3480605006,True,False,False,valid_list_complete,3161,2833,31,31,10,8,8,248,7936,0,62,0.04688235092908144,1.0
PF32_SPARSE_EARLY,PF32_SPARSE_EARLY_c1_t0,32,20,0.625,sparse,7.0,1.0,0.5,0.2,0.0,0.0,0.0,0.0,slip_3_1,True,31,1,0,3480605006,latent_osd_batch_o2_s31,True,3480605006,True,False,False,best_marginal_in_osd_union,1736,0,31,31,1028,1028,1028,31868,1019776,1736,31,0.10561878303997219,1.0
PF32_SPARSE_EARLY,PF32_SPARSE_EARLY_c1_t0,32,20,0.625,sparse,7.0,1.0,0.5,0.2,0.0,0.0,0.0,0.0,slip_3_1,True,31,1,0,3480605006,plain_osd_batch_o2,False,219171398,True,False,False,best_marginal_in_osd_union,56,0,1,1,56,56,56,56,1792,56,1,0.002614791039377451,1.0
PF32_SPARSE_EARLY,PF32_SPARSE_EARLY_c1_t0,32,20,0.625,sparse,7.0,1.0,0.5,0.2,0.0,0.0,0.0,0.0,slip_3_1,True,31,1,0,3480605006,lsgrand_certified_v1_bound,True,3480605006,True,True,False,strict_unseen_codeword_certificate,96,96,31,31,1,1,0,96,3072,0,31,0.002014012075960636,1.0
PF32_SPARSE_EARLY,PF32_SPARSE_EARLY_c1_t1,32,20,0.625,sparse,7.0,1.0,0.5,0.2,0.0,0.0,0.0,0.0,slip_3_1,True,31,1,1,686697657,ls_first_valid,True,686697657,True,False,False,valid_list_complete,6,6,31,6,1,1,0,0,0,0,31,0.0009189980337396264,0.1935483870967742
PF32_SPARSE_EARLY,PF32_SPARSE_EARLY_c1_t1,32,20,0.625,sparse,7.0,1.0,0.5,0.2,0.0,0.0,0.0,0.0,slip_3_1,True,31,1,1,686697657,ls_list_marginal_L2,True,686697657,True,False,False,valid_list_complete,436,411,31,31,2,2,2,62,1984,0,62,0.006080340943299234,1.0
PF32_SPARSE_EARLY,PF32_SPARSE_EARLY_c1_t1,32,20,0.625,sparse,7.0,1.0,0.5,0.2,0.0,0.0,0.0,0.0,slip_3_1,True,31,1,1,686697657,ls_list_marginal_L4,True,686697657,True,False,False,valid_list_complete,1181,1082,31,31,4,4,4,124,3968,0,62,0.014470322988927364,1.0
PF32_SPARSE_EARLY,PF32_SPARSE_EARLY_c1_t1,32,20,0.625,sparse,7.0,1.0,0.5,0.2,0.0,0.0,0.0,0.0,slip_3_1,True,31,1,1,686697657,ls_list_marginal_L8,True,686697657,True,False,False,valid_list_complete,3515,3123,31,31,10,8,8,248,7936,0,62,0.054094496998004615,1.0
PF32_SPARSE_EARLY,PF32_SPARSE_EARLY_c1_t1,32,20,0.625,sparse,7.0,1.0,0.5,0.2,0.0,0.0,0.0,0.0,slip_3_1,True,31,1,1,686697657,latent_osd_batch_o2_s31,True,686697657,True,False,False,best_marginal_in_osd_union,1736,0,31,31,981,981,981,30411,973152,1736,31,0.10033203102648258,1.0
PF32_SPARSE_EARLY,PF32_SPARSE_EARLY_c1_t1,32,20,0.625,sparse,7.0,1.0,0.5,0.2,0.0,0.0,0.0,0.0,slip_3_1,True,31,1,1,686697657,plain_osd_batch_o2,False,712881918,True,False,False,best_marginal_in_osd_union,56,0,1,1,56,56,56,56,1792,56,1,0.00423000892624259,1.0
PF32_SPARSE_EARLY,PF32_SPARSE_EARLY_c1_t1,32,20,0.625,sparse,7.0,1.0,0.5,0.2,0.0,0.0,0.0,0.0,slip_3_1,True,31,1,1,686697657,lsgrand_certified_v1_bound,True,686697657,True,True,False,strict_unseen_codeword_certificate,32,32,31,31,1,1,0,32,1024,0,31,0.0019359909929335117,1.0
PF32_SPARSE_EARLY,PF32_SPARSE_EARLY_c1_t2,32,20,0.625,sparse,7.0,1.0,0.5,0.2,0.0,0.0,0.0,0.0,slip_3_3,True,31,1,2,1628354352,ls_first_valid,True,1628354352,True,False,False,valid_list_complete,9,9,31,7,1,1,0,0,0,0,31,0.0015054139075800776,0.22580645161290322
PF32_SPARSE_EARLY,PF32_SPARSE_EARLY_c1_t2,32,20,0.625,sparse,7.0,1.0,0.5,0.2,0.0,0.0,0.0,0.0,slip_3_3,True,31,1,2,1628354352,ls_list_marginal_L2,True,1628354352,True,False,False,valid_list_complete,412,380,31,31,3,2,2,62,1984,0,62,0.008206405909731984,1.0
PF32_SPARSE_EARLY,PF32_SPARSE_EARLY_c1_t2,32,20,0.625,sparse,7.0,1.0,0.5,0.2,0.0,0.0,0.0,0.0,slip_3_3,True,31,1,2,1628354352,ls_list_marginal_L4,True,1628354352,True,False,False,valid_list_complete,870,781,31,31,7,4,4,124,3968,0,62,0.013651641900651157,1.0
PF32_SPARSE_EARLY,PF32_SPARSE_EARLY_c1_t2,32,20,0.625,sparse,7.0,1.0,0.5,0.2,0.0,0.0,0.0,0.0,slip_3_3,True,31,1,2,1628354352,ls_list_marginal_L8,True,1628354352,True,False,False,valid_list_complete,5267,4476,31,31,16,8,8,248,7936,0,62,0.08033643395174295,1.0
PF32_SPARSE_EARLY,PF32_SPARSE_EARLY_c1_t2,32,20,0.625,sparse,7.0,1.0,0.5,0.2,0.0,0.0,0.0,0.0,slip_3_3,True,31,1,2,1628354352,latent_osd_batch_o2_s31,True,1628354352,True,False,False,best_marginal_in_osd_union,1736,0,31,31,966,966,966,29946,958272,1736,31,0.11447487398982048,1.0
PF32_SPARSE_EARLY,PF32_SPARSE_EARLY_c1_t2,32,20,0.625,sparse,7.0,1.0,0.5,0.2,0.0,0.0,0.0,0.0,slip_3_3,True,31,1,2,1628354352,plain_osd_batch_o2,False,1800956519,True,False,False,best_marginal_in_osd_union,56,0,1,1,56,56,56,56,1792,56,1,0.0037730749463662505,1.0
PF32_SPARSE_EARLY,PF32_SPARSE_EARLY_c1_t2,32,20,0.625,sparse,7.0,1.0,0.5,0.2,0.0,0.0,0.0,0.0,slip_3_3,True,31,1,2,1628354352,lsgrand_certified_v1_bound,True,1628354352,True,True,False,strict_unseen_codeword_certificate,96,96,31,31,2,1,0,96,3072,0,31,0.0027626740047708154,1.0
PF32_SPARSE_EARLY,PF32_SPARSE_EARLY_c1_t3,32,20,0.625,sparse,7.0,1.0,0.5,0.2,0.0,0.0,0.0,0.0,slip_3_3,True,31,1,3,858479144,ls_first_valid,True,858479144,True,False,False,valid_list_complete,8,8,31,7,1,1,0,0,0,0,31,0.0012971931137144566,0.22580645161290322
PF32_SPARSE_EARLY,PF32_SPARSE_EARLY_c1_t3,32,20,0.625,sparse,7.0,1.0,0.5,0.2,0.0,0.0,0.0,0.0,slip_3_3,True,31,1,3,858479144,ls_list_marginal_L2,True,858479144,True,False,False,valid_list_complete,768,682,31,31,2,2,2,62,1984,0,62,0.01545306493062526,1.0
PF32_SPARSE_EARLY,PF32_SPARSE_EARLY_c1_t3,32,20,0.625,sparse,7.0,1.0,0.5,0.2,0.0,0.0,0.0,0.0,slip_3_3,True,31,1,3,858479144,ls_list_marginal_L4,True,858479144,True,False,False,valid_list_complete,2532,2168,31,31,4,4,4,124,3968,0,62,0.0433206899324432,1.0
PF32_SPARSE_EARLY,PF32_SPARSE_EARLY_c1_t3,32,20,0.625,sparse,7.0,1.0,0.5,0.2,0.0,0.0,0.0,0.0,slip_3_3,True,31,1,3,858479144,ls_list_marginal_L8,True,858479144,True,False,False,valid_list_complete,7540,6224,31,31,10,8,8,248,7936,0,62,0.12061738094780594,1.0
PF32_SPARSE_EARLY,PF32_SPARSE_EARLY_c1_t3,32,20,0.625,sparse,7.0,1.0,0.5,0.2,0.0,0.0,0.0,0.0,slip_3_3,True,31,1,3,858479144,latent_osd_batch_o2_s31,True,858479144,True,False,False,best_marginal_in_osd_union,1736,0,31,31,956,956,956,29636,948352,1736,31,0.12178951303940266,1.0
PF32_SPARSE_EARLY,PF32_SPARSE_EARLY_c1_t3,32,20,0.625,sparse,7.0,1.0,0.5,0.2,0.0,0.0,0.0,0.0,slip_3_3,True,31,1,3,858479144,plain_osd_batch_o2,False,1648554181,True,False,False,best_marginal_in_osd_union,56,0,1,1,56,56,56,56,1792,56,1,0.003324744990095496,1.0
PF32_SPARSE_EARLY,PF32_SPARSE_EARLY_c1_t3,32,20,0.625,sparse,7.0,1.0,0.5,0.2,0.0,0.0,0.0,0.0,slip_3_3,True,31,1,3,858479144,lsgrand_certified_v1_bound,True,858479144,True,True,False,strict_unseen_codeword_certificate,64,64,31,31,1,1,0,64,2048,0,31,0.0022338980343192816,1.0
PF32_SPARSE_EARLY,PF32_SPARSE_EARLY_c1_t4,32,20,0.625,sparse,7.0,1.0,0.5,0.2,0.0,0.0,0.0,0.0,slip_3_1,True,31,1,4,3527571201,ls_first_valid,True,3527571201,True,False,False,valid_list_complete,7,7,31,6,1,1,0,0,0,0,31,0.001234928029589355,0.1935483870967742
PF32_SPARSE_EARLY,PF32_SPARSE_EARLY_c1_t4,32,20,0.625,sparse,7.0,1.0,0.5,0.2,0.0,0.0,0.0,0.0,slip_3_1,True,31,1,4,3527571201,ls_list_marginal_L2,True,3527571201,True,False,False,valid_list_complete,136,130,31,31,3,2,2,62,1984,0,62,0.003705893992446363,1.0
PF32_SPARSE_EARLY,PF32_SPARSE_EARLY_c1_t4,32,20,0.625,sparse,7.0,1.0,0.5,0.2,0.0,0.0,0.0,0.0,slip_3_1,True,31,1,4,3527571201,ls_list_marginal_L4,True,3527571201,True,False,False,valid_list_complete,1176,1059,31,31,6,4,4,124,3968,0,62,0.017378106014803052,1.0
PF32_SPARSE_EARLY,PF32_SPARSE_EARLY_c1_t4,32,20,0.625,sparse,7.0,1.0,0.5,0.2,0.0,0.0,0.0,0.0,slip_3_1,True,31,1,4,3527571201,ls_list_marginal_L8,True,3527571201,True,False,False,valid_list_complete,4593,3965,31,31,12,8,8,248,7936,0,62,0.06620174506679177,1.0
PF32_SPARSE_EARLY,PF32_SPARSE_EARLY_c1_t4,32,20,0.625,sparse,7.0,1.0,0.5,0.2,0.0,0.0,0.0,0.0,slip_3_1,True,31,1,4,3527571201,latent_osd_batch_o2_s31,True,3527571201,True,False,False,best_marginal_in_osd_union,1736,0,31,31,863,863,863,26753,856096,1736,31,0.12034362100530416,1.0
PF32_SPARSE_EARLY,PF32_SPARSE_EARLY_c1_t4,32,20,0.625,sparse,7.0,1.0,0.5,0.2,0.0,0.0,0.0,0.0,slip_3_1,True,31,1,4,3527571201,plain_osd_batch_o2,False,2477658604,True,False,False,best_marginal_in_osd_union,56,0,1,1,56,56,56,56,1792,56,1,0.0034631500020623207,1.0
PF32_SPARSE_EARLY,PF32_SPARSE_EARLY_c1_t4,32,20,0.625,sparse,7.0,1.0,0.5,0.2,0.0,0.0,0.0,0.0,slip_3_1,True,31,1,4,3527571201,lsgrand_certified_v1_bound,True,3527571201,True,True,False,strict_unseen_codeword_certificate,64,64,31,31,1,1,0,64,2048,0,31,0.0023236949928104877,1.0
PF32_SPARSE_EARLY,PF32_SPARSE_EARLY_c1_t5,32,20,0.625,sparse,7.0,1.0,0.5,0.2,0.0,0.0,0.0,0.0,slip_3_3,True,31,1,5,2548729716,ls_first_valid,True,2548729716,True,False,False,valid_list_complete,11,11,31,7,1,1,0,0,0,0,31,0.0013157579815015197,0.22580645161290322
PF32_SPARSE_EARLY,PF32_SPARSE_EARLY_c1_t5,32,20,0.625,sparse,7.0,1.0,0.5,0.2,0.0,0.0,0.0,0.0,slip_3_3,True,31,1,5,2548729716,ls_list_marginal_L2,True,2548729716,True,False,False,valid_list_complete,577,518,31,31,4,2,2,62,1984,0,62,0.009311910020187497,1.0
PF32_SPARSE_EARLY,PF32_SPARSE_EARLY_c1_t5,32,20,0.625,sparse,7.0,1.0,0.5,0.2,0.0,0.0,0.0,0.0,slip_3_3,True,31,1,5,2548729716,ls_list_marginal_L4,True,2548729716,True,False,False,valid_list_complete,778,691,31,31,6,4,4,124,3968,0,62,0.011953707900829613,1.0
PF32_SPARSE_EARLY,PF32_SPARSE_EARLY_c1_t5,32,20,0.625,sparse,7.0,1.0,0.5,0.2,0.0,0.0,0.0,0.0,slip_3_3,True,31,1,5,2548729716,ls_list_marginal_L8,True,2548729716,True,False,False,valid_list_complete,2954,2500,31,31,14,8,8,248,7936,0,62,0.03390927007421851,1.0
PF32_SPARSE_EARLY,PF32_SPARSE_EARLY_c1_t5,32,20,0.625,sparse,7.0,1.0,0.5,0.2,0.0,0.0,0.0,0.0,slip_3_3,True,31,1,5,2548729716,latent_osd_batch_o2_s31,True,2548729716,True,False,False,best_marginal_in_osd_union,1736,0,31,31,884,884,884,27404,876928,1736,31,0.09316835401114076,1.0
PF32_SPARSE_EARLY,PF32_SPARSE_EARLY_c1_t5,32,20,0.625,sparse,7.0,1.0,0.5,0.2,0.0,0.0,0.0,0.0,slip_3_3,True,31,1,5,2548729716,plain_osd_batch_o2,False,2517653191,True,False,False,best_marginal_in_osd_union,56,0,1,1,56,56,56,56,1792,56,1,0.003950997022911906,1.0
PF32_SPARSE_EARLY,PF32_SPARSE_EARLY_c1_t5,32,20,0.625,sparse,7.0,1.0,0.5,0.2,0.0,0.0,0.0,0.0,slip_3_3,True,31,1,5,2548729716,lsgrand_certified_v1_bound,True,2548729716,True,True,False,strict_unseen_codeword_certificate,160,160,31,31,2,1,0,160,5120,0,31,0.0036080479621887207,1.0
PF32_SPARSE_EARLY,PF32_SPARSE_EARLY_c1_t6,32,20,0.625,sparse,7.0,1.0,0.5,0.2,0.0,0.0,0.0,0.0,slip_3_3,True,31,1,6,1245026142,ls_first_valid,True,1245026142,True,False,False,valid_list_complete,140,132,31,31,1,1,0,0,0,0,31,0.0029390169074758887,1.0
PF32_SPARSE_EARLY,PF32_SPARSE_EARLY_c1_t6,32,20,0.625,sparse,7.0,1.0,0.5,0.2,0.0,0.0,0.0,0.0,slip_3_3,True,31,1,6,1245026142,ls_list_marginal_L2,True,1245026142,True,False,False,valid_list_complete,856,756,31,31,3,2,2,62,1984,0,62,0.010979253915138543,1.0
PF32_SPARSE_EARLY,PF32_SPARSE_EARLY_c1_t6,32,20,0.625,sparse,7.0,1.0,0.5,0.2,0.0,0.0,0.0,0.0,slip_3_3,True,31,1,6,1245026142,ls_list_marginal_L4,True,1245026142,True,False,False,valid_list_complete,3214,2702,31,31,8,4,4,124,3968,0,62,0.043941226904280484,1.0
PF32_SPARSE_EARLY,PF32_SPARSE_EARLY_c1_t6,32,20,0.625,sparse,7.0,1.0,0.5,0.2,0.0,0.0,0.0,0.0,slip_3_3,True,31,1,6,1245026142,ls_list_marginal_L8,True,1245026142,True,False,False,valid_list_complete,9857,7993,31,31,12,8,8,248,7936,0,62,0.13535113295074552,1.0
PF32_SPARSE_EARLY,PF32_SPARSE_EARLY_c1_t6,32,20,0.625,sparse,7.0,1.0,0.5,0.2,0.0,0.0,0.0,0.0,slip_3_3,True,31,1,6,1245026142,latent_osd_batch_o2_s31,True,1245026142,True,False,False,best_marginal_in_osd_union,1736,0,31,31,1114,1114,1114,34534,1105088,1736,31,0.10306029010098428,1.0
PF32_SPARSE_EARLY,PF32_SPARSE_EARLY_c1_t6,32,20,0.625,sparse,7.0,1.0,0.5,0.2,0.0,0.0,0.0,0.0,slip_3_3,True,31,1,6,1245026142,plain_osd_batch_o2,False,1182744490,True,False,False,best_marginal_in_osd_union,56,0,1,1,56,56,56,56,1792,56,1,0.002886360976845026,1.0
PF32_SPARSE_EARLY,PF32_SPARSE_EARLY_c1_t6,32,20,0.625,sparse,7.0,1.0,0.5,0.2,0.0,0.0,0.0,0.0,slip_3_3,True,31,1,6,1245026142,lsgrand_certified_v1_bound,True,1245026142,True,True,False,strict_unseen_codeword_certificate,512,512,31,31,2,1,0,512,16384,0,31,0.009956667898222804,1.0
PF32_SPARSE_EARLY,PF32_SPARSE_EARLY_c1_t7,32,20,0.625,sparse,7.0,1.0,0.5,0.2,0.0,0.0,0.0,0.0,slip_3_3,True,31,1,7,3664991822,ls_first_valid,True,3664991822,True,False,False,valid_list_complete,8,8,31,7,1,1,0,0,0,0,31,0.0018642119830474257,0.22580645161290322
PF32_SPARSE_EARLY,PF32_SPARSE_EARLY_c1_t7,32,20,0.625,sparse,7.0,1.0,0.5,0.2,0.0,0.0,0.0,0.0,slip_3_3,True,31,1,7,3664991822,ls_list_marginal_L2,True,3664991822,True,False,False,valid_list_complete,140,133,31,31,3,2,2,62,1984,0,62,0.006186060956679285,1.0
PF32_SPARSE_EARLY,PF32_SPARSE_EARLY_c1_t7,32,20,0.625,sparse,7.0,1.0,0.5,0.2,0.0,0.0,0.0,0.0,slip_3_3,True,31,1,7,3664991822,ls_list_marginal_L4,True,3664991822,True,False,False,valid_list_complete,1265,1145,31,31,7,4,4,124,3968,0,62,0.023570472956635058,1.0
PF32_SPARSE_EARLY,PF32_SPARSE_EARLY_c1_t7,32,20,0.625,sparse,7.0,1.0,0.5,0.2,0.0,0.0,0.0,0.0,slip_3_3,True,31,1,7,3664991822,ls_list_marginal_L8,True,3664991822,True,False,False,valid_list_complete,2622,2307,31,31,11,8,8,248,7936,0,62,0.039402671973221004,1.0
PF32_SPARSE_EARLY,PF32_SPARSE_EARLY_c1_t7,32,20,0.625,sparse,7.0,1.0,0.5,0.2,0.0,0.0,0.0,0.0,slip_3_3,True,31,1,7,3664991822,latent_osd_batch_o2_s31,True,3664991822,True,False,False,best_marginal_in_osd_union,1736,0,31,31,928,928,928,28768,920576,1736,31,0.12642598908860236,1.0
PF32_SPARSE_EARLY,PF32_SPARSE_EARLY_c1_t7,32,20,0.625,sparse,7.0,1.0,0.5,0.2,0.0,0.0,0.0,0.0,slip_3_3,True,31,1,7,3664991822,plain_osd_batch_o2,False,3638999049,True,False,False,best_marginal_in_osd_union,56,0,1,1,56,56,56,56,1792,56,1,0.003305091056972742,1.0
PF32_SPARSE_EARLY,PF32_SPARSE_EARLY_c1_t7,32,20,0.625,sparse,7.0,1.0,0.5,0.2,0.0,0.0,0.0,0.0,slip_3_3,True,31,1,7,3664991822,lsgrand_certified_v1_bound,True,3664991822,True,True,False,strict_unseen_codeword_certificate,64,64,31,31,1,1,0,64,2048,0,31,0.0022222509142011404,1.0
PF32_SPARSE_EARLY,PF32_SPARSE_EARLY_c1_t8,32,20,0.625,sparse,7.0,1.0,0.5,0.2,0.0,0.0,0.0,0.0,slip_3_3,True,31,1,8,1114284396,ls_first_valid,True,1114284396,True,False,False,valid_list_complete,14,14,31,7,1,1,0,0,0,0,31,0.001259466982446611,0.22580645161290322
PF32_SPARSE_EARLY,PF32_SPARSE_EARLY_c1_t8,32,20,0.625,sparse,7.0,1.0,0.5,0.2,0.0,0.0,0.0,0.0,slip_3_3,True,31,1,8,1114284396,ls_list_marginal_L2,True,1114284396,True,False,False,valid_list_complete,20,20,31,13,2,2,2,62,1984,0,62,0.002545178052969277,0.41935483870967744
PF32_SPARSE_EARLY,PF32_SPARSE_EARLY_c1_t8,32,20,0.625,sparse,7.0,1.0,0.5,0.2,0.0,0.0,0.0,0.0,slip_3_3,True,31,1,8,1114284396,ls_list_marginal_L4,True,1114284396,True,False,False,valid_list_complete,1211,1060,31,31,6,4,4,124,3968,0,62,0.01934582192916423,1.0
PF32_SPARSE_EARLY,PF32_SPARSE_EARLY_c1_t8,32,20,0.625,sparse,7.0,1.0,0.5,0.2,0.0,0.0,0.0,0.0,slip_3_3,True,31,1,8,1114284396,ls_list_marginal_L8,True,1114284396,True,False,False,valid_list_complete,2516,2137,31,31,11,8,8,248,7936,0,62,0.03825940296519548,1.0
PF32_SPARSE_EARLY,PF32_SPARSE_EARLY_c1_t8,32,20,0.625,sparse,7.0,1.0,0.5,0.2,0.0,0.0,0.0,0.0,slip_3_3,True,31,1,8,1114284396,latent_osd_batch_o2_s31,True,1114284396,True,False,False,best_marginal_in_osd_union,1736,0,31,31,853,853,853,26443,846176,1736,31,0.10611519101075828,1.0
PF32_SPARSE_EARLY,PF32_SPARSE_EARLY_c1_t8,32,20,0.625,sparse,7.0,1.0,0.5,0.2,0.0,0.0,0.0,0.0,slip_3_3,True,31,1,8,1114284396,plain_osd_batch_o2,False,1187517413,True,False,False,best_marginal_in_osd_union,56,0,1,1,56,56,56,56,1792,56,1,0.004856929997913539,1.0
PF32_SPARSE_EARLY,PF32_SPARSE_EARLY_c1_t8,32,20,0.625,sparse,7.0,1.0,0.5,0.2,0.0,0.0,0.0,0.0,slip_3_3,True,31,1,8,1114284396,lsgrand_certified_v1_bound,True,1114284396,True,True,False,strict_unseen_codeword_certificate,3392,3392,31,31,11,8,0,3392,108544,0,31,0.0774445190327242,1.0
PF32_SPARSE_EARLY,PF32_SPARSE_EARLY_c1_t9,32,20,0.625,sparse,7.0,1.0,0.5,0.2,0.0,0.0,0.0,0.0,slip_3_1,True,31,1,9,64187351,ls_first_valid,True,64187351,True,False,False,valid_list_complete,12,12,31,6,1,1,0,0,0,0,31,0.002289774944074452,0.1935483870967742
PF32_SPARSE_EARLY,PF32_SPARSE_EARLY_c1_t9,32,20,0.625,sparse,7.0,1.0,0.5,0.2,0.0,0.0,0.0,0.0,slip_3_1,True,31,1,9,64187351,ls_list_marginal_L2,True,64187351,True,False,False,valid_list_complete,53,53,31,31,2,2,2,62,1984,0,62,0.0034333120565861464,1.0
PF32_SPARSE_EARLY,PF32_SPARSE_EARLY_c1_t9,32,20,0.625,sparse,7.0,1.0,0.5,0.2,0.0,0.0,0.0,0.0,slip_3_1,True,31,1,9,64187351,ls_list_marginal_L4,True,64187351,True,False,False,valid_list_complete,586,544,31,31,5,4,4,124,3968,0,62,0.011770760989747941,1.0
PF32_SPARSE_EARLY,PF32_SPARSE_EARLY_c1_t9,32,20,0.625,sparse,7.0,1.0,0.5,0.2,0.0,0.0,0.0,0.0,slip_3_1,True,31,1,9,64187351,ls_list_marginal_L8,True,64187351,True,False,False,valid_list_complete,2964,2578,31,31,11,8,8,248,7936,0,62,0.04205366596579552,1.0
PF32_SPARSE_EARLY,PF32_SPARSE_EARLY_c1_t9,32,20,0.625,sparse,7.0,1.0,0.5,0.2,0.0,0.0,0.0,0.0,slip_3_1,True,31,1,9,64187351,latent_osd_batch_o2_s31,True,64187351,True,False,False,best_marginal_in_osd_union,1736,0,31,31,978,978,978,30318,970176,1736,31,0.10610393492970616,1.0
PF32_SPARSE_EARLY,PF32_SPARSE_EARLY_c1_t9,32,20,0.625,sparse,7.0,1.0,0.5,0.2,0.0,0.0,0.0,0.0,slip_3_1,True,31,1,9,64187351,plain_osd_batch_o2,False,2154376565,True,False,False,best_marginal_in_osd_union,56,0,1,1,56,56,56,56,1792,56,1,0.0024057719856500626,1.0
PF32_SPARSE_EARLY,PF32_SPARSE_EARLY_c1_t9,32,20,0.625,sparse,7.0,1.0,0.5,0.2,0.0,0.0,0.0,0.0,slip_3_1,True,31,1,9,64187351,lsgrand_certified_v1_bound,True,64187351,True,True,False,strict_unseen_codeword_certificate,288,288,31,31,3,2,0,288,9216,0,31,0.004533706931397319,1.0
PF32_SPARSE_EARLY,PF32_SPARSE_EARLY_c1_t10,32,20,0.625,sparse,7.0,1.0,0.5,0.2,0.0,0.0,0.0,0.0,slip_3_1,True,31,1,10,1187000969,ls_first_valid,False,1131058156,True,False,False,valid_list_complete,7,7,31,1,1,1,0,0,0,0,31,0.001557540032081306,0.03225806451612903
PF32_SPARSE_EARLY,PF32_SPARSE_EARLY_c1_t10,32,20,0.625,sparse,7.0,1.0,0.5,0.2,0.0,0.0,0.0,0.0,slip_3_1,True,31,1,10,1187000969,ls_list_marginal_L2,False,1131058156,True,False,False,valid_list_complete,16,16,31,6,2,2,2,62,1984,0,62,0.002405325067229569,0.1935483870967742
PF32_SPARSE_EARLY,PF32_SPARSE_EARLY_c1_t10,32,20,0.625,sparse,7.0,1.0,0.5,0.2,0.0,0.0,0.0,0.0,slip_3_1,True,31,1,10,1187000969,ls_list_marginal_L4,False,1131058156,True,False,False,valid_list_complete,158,148,31,31,5,4,4,124,3968,0,62,0.003915301989763975,1.0
PF32_SPARSE_EARLY,PF32_SPARSE_EARLY_c1_t10,32,20,0.625,sparse,7.0,1.0,0.5,0.2,0.0,0.0,0.0,0.0,slip_3_1,True,31,1,10,1187000969,ls_list_marginal_L8,False,1131058156,True,False,False,valid_list_complete,687,624,31,31,11,8,8,248,7936,0,62,0.01072416896931827,1.0
PF32_SPARSE_EARLY,PF32_SPARSE_EARLY_c1_t10,32,20,0.625,sparse,7.0,1.0,0.5,0.2,0.0,0.0,0.0,0.0,slip_3_1,True,31,1,10,1187000969,latent_osd_batch_o2_s31,False,1131058156,True,False,False,best_marginal_in_osd_union,1736,0,31,31,893,893,893,27683,885856,1736,31,0.11811614199541509,1.0
PF32_SPARSE_EARLY,PF32_SPARSE_EARLY_c1_t10,32,20,0.625,sparse,7.0,1.0,0.5,0.2,0.0,0.0,0.0,0.0,slip_3_1,True,31,1,10,1187000969,plain_osd_batch_o2,False,1131058156,True,False,False,best_marginal_in_osd_union,56,0,1,1,56,56,56,56,1792,56,1,0.0040898589650169015,1.0
PF32_SPARSE_EARLY,PF32_SPARSE_EARLY_c1_t10,32,20,0.625,sparse,7.0,1.0,0.5,0.2,0.0,0.0,0.0,0.0,slip_3_1,True,31,1,10,1187000969,lsgrand_certified_v1_bound,False,1131058156,True,True,False,strict_unseen_codeword_certificate,288,288,31,31,6,5,0,288,9216,0,31,0.006714754970744252,1.0
PF32_SPARSE_EARLY,PF32_SPARSE_EARLY_c1_t11,32,20,0.625,sparse,7.0,1.0,0.5,0.2,0.0,0.0,0.0,0.0,slip_3_3,True,31,1,11,901383143,ls_first_valid,True,901383143,True,False,False,valid_list_complete,11,11,31,7,1,1,0,0,0,0,31,0.0012241010554134846,0.22580645161290322
PF32_SPARSE_EARLY,PF32_SPARSE_EARLY_c1_t11,32,20,0.625,sparse,7.0,1.0,0.5,0.2,0.0,0.0,0.0,0.0,slip_3_3,True,31,1,11,901383143,ls_list_marginal_L2,True,901383143,True,False,False,valid_list_complete,145,133,31,31,2,2,2,62,1984,0,62,0.0037556960014626384,1.0
PF32_SPARSE_EARLY,PF32_SPARSE_EARLY_c1_t11,32,20,0.625,sparse,7.0,1.0,0.5,0.2,0.0,0.0,0.0,0.0,slip_3_3,True,31,1,11,901383143,ls_list_marginal_L4,True,901383143,True,False,False,valid_list_complete,1225,1065,31,31,5,4,4,124,3968,0,62,0.018731434014625847,1.0
PF32_SPARSE_EARLY,PF32_SPARSE_EARLY_c1_t11,32,20,0.625,sparse,7.0,1.0,0.5,0.2,0.0,0.0,0.0,0.0,slip_3_3,True,31,1,11,901383143,ls_list_marginal_L8,True,901383143,True,False,False,valid_list_complete,4337,3632,31,31,11,8,8,248,7936,0,62,0.06007086590398103,1.0
PF32_SPARSE_EARLY,PF32_SPARSE_EARLY_c1_t11,32,20,0.625,sparse,7.0,1.0,0.5,0.2,0.0,0.0,0.0,0.0,slip_3_3,True,31,1,11,901383143,latent_osd_batch_o2_s31,True,901383143,True,False,False,best_marginal_in_osd_union,1736,0,31,31,979,979,979,30349,971168,1736,31,0.12608667195308954,1.0
PF32_SPARSE_EARLY,PF32_SPARSE_EARLY_c1_t11,32,20,0.625,sparse,7.0,1.0,0.5,0.2,0.0,0.0,0.0,0.0,slip_3_3,True,31,1,11,901383143,plain_osd_batch_o2,False,925128396,True,False,False,best_marginal_in_osd_union,56,0,1,1,56,56,56,56,1792,56,1,0.005009504035115242,1.0
PF32_SPARSE_EARLY,PF32_SPARSE_EARLY_c1_t11,32,20,0.625,sparse,7.0,1.0,0.5,0.2,0.0,0.0,0.0,0.0,slip_3_3,True,31,1,11,901383143,lsgrand_certified_v1_bound,True,901383143,True,True,False,strict_unseen_codeword_certificate,145,145,31,31,2,2,0,145,4640,0,31,0.004692966933362186,1.0
PF32_SPARSE_EARLY,PF32_SPARSE_EARLY_c1_t12,32,20,0.625,sparse,7.0,1.0,0.5,0.2,0.0,0.0,0.0,0.0,slip_3_1,True,31,1,12,1445209744,ls_first_valid,True,1445209744,True,False,False,valid_list_complete,8,8,31,6,1,1,0,0,0,0,31,0.002332111936993897,0.1935483870967742
PF32_SPARSE_EARLY,PF32_SPARSE_EARLY_c1_t12,32,20,0.625,sparse,7.0,1.0,0.5,0.2,0.0,0.0,0.0,0.0,slip_3_1,True,31,1,12,1445209744,ls_list_marginal_L2,True,1445209744,True,False,False,valid_list_complete,413,389,31,31,3,2,2,62,1984,0,62,0.009667315054684877,1.0
PF32_SPARSE_EARLY,PF32_SPARSE_EARLY_c1_t12,32,20,0.625,sparse,7.0,1.0,0.5,0.2,0.0,0.0,0.0,0.0,slip_3_1,True,31,1,12,1445209744,ls_list_marginal_L4,True,1445209744,True,False,False,valid_list_complete,2554,2264,31,31,5,4,4,124,3968,0,62,0.0407356780488044,1.0
PF32_SPARSE_EARLY,PF32_SPARSE_EARLY_c1_t12,32,20,0.625,sparse,7.0,1.0,0.5,0.2,0.0,0.0,0.0,0.0,slip_3_1,True,31,1,12,1445209744,ls_list_marginal_L8,True,1445209744,True,False,False,valid_list_complete,4812,4178,31,31,9,8,8,248,7936,0,62,0.06422619300428778,1.0
PF32_SPARSE_EARLY,PF32_SPARSE_EARLY_c1_t12,32,20,0.625,sparse,7.0,1.0,0.5,0.2,0.0,0.0,0.0,0.0,slip_3_1,True,31,1,12,1445209744,latent_osd_batch_o2_s31,True,1445209744,True,False,False,best_marginal_in_osd_union,1736,0,31,31,1025,1025,1025,31775,1016800,1736,31,0.11143408296629786,1.0
PF32_SPARSE_EARLY,PF32_SPARSE_EARLY_c1_t12,32,20,0.625,sparse,7.0,1.0,0.5,0.2,0.0,0.0,0.0,0.0,slip_3_1,True,31,1,12,1445209744,plain_osd_batch_o2,False,934457738,True,False,False,best_marginal_in_osd_union,56,0,1,1,56,56,56,56,1792,56,1,0.0036848828895017505,1.0
PF32_SPARSE_EARLY,PF32_SPARSE_EARLY_c1_t12,32,20,0.625,sparse,7.0,1.0,0.5,0.2,0.0,0.0,0.0,0.0,slip_3_1,True,31,1,12,1445209744,lsgrand_certified_v1_bound,True,1445209744,True,True,False,strict_unseen_codeword_certificate,96,96,31,31,1,1,0,96,3072,0,31,0.0031914259307086468,1.0
PF32_SPARSE_EARLY,PF32_SPARSE_EARLY_c1_t13,32,20,0.625,sparse,7.0,1.0,0.5,0.2,0.0,0.0,0.0,0.0,slip_3_1,True,31,1,13,2624736479,ls_first_valid,True,2624736479,True,False,False,valid_list_complete,6,6,31,6,1,1,0,0,0,0,31,0.0012119360035285354,0.1935483870967742
PF32_SPARSE_EARLY,PF32_SPARSE_EARLY_c1_t13,32,20,0.625,sparse,7.0,1.0,0.5,0.2,0.0,0.0,0.0,0.0,slip_3_1,True,31,1,13,2624736479,ls_list_marginal_L2,True,2624736479,True,False,False,valid_list_complete,257,240,31,31,2,2,2,62,1984,0,62,0.00601992302108556,1.0
PF32_SPARSE_EARLY,PF32_SPARSE_EARLY_c1_t13,32,20,0.625,sparse,7.0,1.0,0.5,0.2,0.0,0.0,0.0,0.0,slip_3_1,True,31,1,13,2624736479,ls_list_marginal_L4,True,2624736479,True,False,False,valid_list_complete,856,770,31,31,5,4,4,124,3968,0,62,0.014059728011488914,1.0
PF32_SPARSE_EARLY,PF32_SPARSE_EARLY_c1_t13,32,20,0.625,sparse,7.0,1.0,0.5,0.2,0.0,0.0,0.0,0.0,slip_3_1,True,31,1,13,2624736479,ls_list_marginal_L8,True,2624736479,True,False,False,valid_list_complete,1896,1654,31,31,11,8,8,248,7936,0,62,0.022283690981566906,1.0
PF32_SPARSE_EARLY,PF32_SPARSE_EARLY_c1_t13,32,20,0.625,sparse,7.0,1.0,0.5,0.2,0.0,0.0,0.0,0.0,slip_3_1,True,31,1,13,2624736479,latent_osd_batch_o2_s31,True,2624736479,True,False,False,best_marginal_in_osd_union,1736,0,31,31,1007,1007,1007,31217,998944,1736,31,0.10151962994132191,1.0
PF32_SPARSE_EARLY,PF32_SPARSE_EARLY_c1_t13,32,20,0.625,sparse,7.0,1.0,0.5,0.2,0.0,0.0,0.0,0.0,slip_3_1,True,31,1,13,2624736479,plain_osd_batch_o2,False,2652055239,True,False,False,best_marginal_in_osd_union,56,0,1,1,56,56,56,56,1792,56,1,0.004651763942092657,1.0
PF32_SPARSE_EARLY,PF32_SPARSE_EARLY_c1_t13,32,20,0.625,sparse,7.0,1.0,0.5,0.2,0.0,0.0,0.0,0.0,slip_3_1,True,31,1,13,2624736479,lsgrand_certified_v1_bound,True,2624736479,True,True,False,strict_unseen_codeword_certificate,32,32,31,31,1,1,0,32,1024,0,31,0.0027105960762128234,1.0
PF32_SPARSE_EARLY,PF32_SPARSE_EARLY_c1_t14,32,20,0.625,sparse,7.0,1.0,0.5,0.2,0.0,0.0,0.0,0.0,slip_3_1,True,31,1,14,92443400,ls_first_valid,True,92443400,True,False,False,valid_list_complete,9,9,31,6,1,1,0,0,0,0,31,0.002422738936729729,0.1935483870967742
PF32_SPARSE_EARLY,PF32_SPARSE_EARLY_c1_t14,32,20,0.625,sparse,7.0,1.0,0.5,0.2,0.0,0.0,0.0,0.0,slip_3_1,True,31,1,14,92443400,ls_list_marginal_L2,True,92443400,True,False,False,valid_list_complete,898,798,31,31,2,2,2,62,1984,0,62,0.017456462024711072,1.0
PF32_SPARSE_EARLY,PF32_SPARSE_EARLY_c1_t14,32,20,0.625,sparse,7.0,1.0,0.5,0.2,0.0,0.0,0.0,0.0,slip_3_1,True,31,1,14,92443400,ls_list_marginal_L4,True,92443400,True,False,False,valid_list_complete,1953,1700,31,31,5,4,4,124,3968,0,62,0.02738691703416407,1.0
PF32_SPARSE_EARLY,PF32_SPARSE_EARLY_c1_t14,32,20,0.625,sparse,7.0,1.0,0.5,0.2,0.0,0.0,0.0,0.0,slip_3_1,True,31,1,14,92443400,ls_list_marginal_L8,True,92443400,True,False,False,valid_list_complete,7112,5904,31,31,15,8,8,248,7936,0,62,0.08925278508104384,1.0
PF32_SPARSE_EARLY,PF32_SPARSE_EARLY_c1_t14,32,20,0.625,sparse,7.0,1.0,0.5,0.2,0.0,0.0,0.0,0.0,slip_3_1,True,31,1,14,92443400,latent_osd_batch_o2_s31,True,92443400,True,False,False,best_marginal_in_osd_union,1736,0,31,31,924,924,924,28644,916608,1736,31,0.1217744869645685,1.0
PF32_SPARSE_EARLY,PF32_SPARSE_EARLY_c1_t14,32,20,0.625,sparse,7.0,1.0,0.5,0.2,0.0,0.0,0.0,0.0,slip_3_1,True,31,1,14,92443400,plain_osd_batch_o2,False,111922156,True,False,False,best_marginal_in_osd_union,56,0,1,1,56,56,56,56,1792,56,1,0.0038271970115602016,1.0
PF32_SPARSE_EARLY,PF32_SPARSE_EARLY_c1_t14,32,20,0.625,sparse,7.0,1.0,0.5,0.2,0.0,0.0,0.0,0.0,slip_3_1,True,31,1,14,92443400,lsgrand_certified_v1_bound,True,92443400,True,True,False,strict_unseen_codeword_certificate,128,128,31,31,1,1,0,128,4096,0,31,0.0030964750330895185,1.0
PF32_SPARSE_EARLY,PF32_SPARSE_EARLY_c1_t15,32,20,0.625,sparse,7.0,1.0,0.5,0.2,0.0,0.0,0.0,0.0,slip_3_3,True,31,1,15,359860823,ls_first_valid,True,359860823,True,False,False,valid_list_complete,44,44,31,31,1,1,0,0,0,0,31,0.0016325860051438212,1.0
PF32_SPARSE_EARLY,PF32_SPARSE_EARLY_c1_t15,32,20,0.625,sparse,7.0,1.0,0.5,0.2,0.0,0.0,0.0,0.0,slip_3_3,True,31,1,15,359860823,ls_list_marginal_L2,True,359860823,True,False,False,valid_list_complete,238,217,31,31,2,2,2,62,1984,0,62,0.005488068098202348,1.0
PF32_SPARSE_EARLY,PF32_SPARSE_EARLY_c1_t15,32,20,0.625,sparse,7.0,1.0,0.5,0.2,0.0,0.0,0.0,0.0,slip_3_3,True,31,1,15,359860823,ls_list_marginal_L4,True,359860823,True,False,False,valid_list_complete,334,300,31,31,4,4,4,124,3968,0,62,0.006370677030645311,1.0
PF32_SPARSE_EARLY,PF32_SPARSE_EARLY_c1_t15,32,20,0.625,sparse,7.0,1.0,0.5,0.2,0.0,0.0,0.0,0.0,slip_3_3,True,31,1,15,359860823,ls_list_marginal_L8,True,359860823,True,False,False,valid_list_complete,1657,1410,31,31,8,8,8,248,7936,0,62,0.023481289972551167,1.0
PF32_SPARSE_EARLY,PF32_SPARSE_EARLY_c1_t15,32,20,0.625,sparse,7.0,1.0,0.5,0.2,0.0,0.0,0.0,0.0,slip_3_3,True,31,1,15,359860823,latent_osd_batch_o2_s31,True,359860823,True,False,False,best_marginal_in_osd_union,1736,0,31,31,996,996,996,30876,988032,1736,31,0.1419580860529095,1.0
PF32_SPARSE_EARLY,PF32_SPARSE_EARLY_c1_t15,32,20,0.625,sparse,7.0,1.0,0.5,0.2,0.0,0.0,0.0,0.0,slip_3_3,True,31,1,15,359860823,plain_osd_batch_o2,False,384446708,True,False,False,best_marginal_in_osd_union,56,0,1,1,56,56,56,56,1792,56,1,0.004336418001912534,1.0
PF32_SPARSE_EARLY,PF32_SPARSE_EARLY_c1_t15,32,20,0.625,sparse,7.0,1.0,0.5,0.2,0.0,0.0,0.0,0.0,slip_3_3,True,31,1,15,359860823,lsgrand_certified_v1_bound,True,359860823,True,True,False,strict_unseen_codeword_certificate,256,256,31,31,2,2,0,256,8192,0,31,0.004881242988631129,1.0
PF32_SPARSE_EARLY,PF32_SPARSE_EARLY_c1_t16,32,20,0.625,sparse,7.0,1.0,0.5,0.2,0.0,0.0,0.0,0.0,slip_3_3,True,31,1,16,678233273,ls_first_valid,True,678233273,True,False,False,valid_list_complete,9,9,31,7,1,1,0,0,0,0,31,0.001276151044294238,0.22580645161290322
PF32_SPARSE_EARLY,PF32_SPARSE_EARLY_c1_t16,32,20,0.625,sparse,7.0,1.0,0.5,0.2,0.0,0.0,0.0,0.0,slip_3_3,True,31,1,16,678233273,ls_list_marginal_L2,True,678233273,True,False,False,valid_list_complete,41,41,31,31,2,2,2,62,1984,0,62,0.002438385970890522,1.0
PF32_SPARSE_EARLY,PF32_SPARSE_EARLY_c1_t16,32,20,0.625,sparse,7.0,1.0,0.5,0.2,0.0,0.0,0.0,0.0,slip_3_3,True,31,1,16,678233273,ls_list_marginal_L4,True,678233273,True,False,False,valid_list_complete,494,456,31,31,5,4,4,124,3968,0,62,0.008462587953545153,1.0
PF32_SPARSE_EARLY,PF32_SPARSE_EARLY_c1_t16,32,20,0.625,sparse,7.0,1.0,0.5,0.2,0.0,0.0,0.0,0.0,slip_3_3,True,31,1,16,678233273,ls_list_marginal_L8,True,678233273,True,False,False,valid_list_complete,2172,1915,31,31,12,8,8,248,7936,0,62,0.03480813396163285,1.0
PF32_SPARSE_EARLY,PF32_SPARSE_EARLY_c1_t16,32,20,0.625,sparse,7.0,1.0,0.5,0.2,0.0,0.0,0.0,0.0,slip_3_3,True,31,1,16,678233273,latent_osd_batch_o2_s31,True,678233273,True,False,False,best_marginal_in_osd_union,1736,0,31,31,832,832,832,25792,825344,1736,31,0.10282129305414855,1.0
PF32_SPARSE_EARLY,PF32_SPARSE_EARLY_c1_t16,32,20,0.625,sparse,7.0,1.0,0.5,0.2,0.0,0.0,0.0,0.0,slip_3_3,True,31,1,16,678233273,plain_osd_batch_o2,False,565173537,True,False,False,best_marginal_in_osd_union,56,0,1,1,56,56,56,56,1792,56,1,0.0029373280704021454,1.0
PF32_SPARSE_EARLY,PF32_SPARSE_EARLY_c1_t16,32,20,0.625,sparse,7.0,1.0,0.5,0.2,0.0,0.0,0.0,0.0,slip_3_3,True,31,1,16,678233273,lsgrand_certified_v1_bound,True,678233273,True,True,False,strict_unseen_codeword_certificate,96,96,31,31,4,3,0,96,3072,0,31,0.003735954058356583,1.0
PF32_SPARSE_EARLY,PF32_SPARSE_EARLY_c1_t17,32,20,0.625,sparse,7.0,1.0,0.5,0.2,0.0,0.0,0.0,0.0,slip_3_1,True,31,1,17,3811328824,ls_first_valid,True,3811328824,True,False,False,valid_list_complete,6,6,31,6,1,1,0,0,0,0,31,0.0012450029607862234,0.1935483870967742
PF32_SPARSE_EARLY,PF32_SPARSE_EARLY_c1_t17,32,20,0.625,sparse,7.0,1.0,0.5,0.2,0.0,0.0,0.0,0.0,slip_3_1,True,31,1,17,3811328824,ls_list_marginal_L2,True,3811328824,True,False,False,valid_list_complete,854,781,31,31,2,2,2,62,1984,0,62,0.01491086301393807,1.0
PF32_SPARSE_EARLY,PF32_SPARSE_EARLY_c1_t17,32,20,0.625,sparse,7.0,1.0,0.5,0.2,0.0,0.0,0.0,0.0,slip_3_1,True,31,1,17,3811328824,ls_list_marginal_L4,True,3811328824,True,False,False,valid_list_complete,1564,1409,31,31,4,4,4,124,3968,0,62,0.023352360003627837,1.0
PF32_SPARSE_EARLY,PF32_SPARSE_EARLY_c1_t17,32,20,0.625,sparse,7.0,1.0,0.5,0.2,0.0,0.0,0.0,0.0,slip_3_1,True,31,1,17,3811328824,ls_list_marginal_L8,True,3811328824,True,False,False,valid_list_complete,3548,3112,31,31,10,8,8,248,7936,0,62,0.060180086991749704,1.0
PF32_SPARSE_EARLY,PF32_SPARSE_EARLY_c1_t17,32,20,0.625,sparse,7.0,1.0,0.5,0.2,0.0,0.0,0.0,0.0,slip_3_1,True,31,1,17,3811328824,latent_osd_batch_o2_s31,True,3811328824,True,False,False,best_marginal_in_osd_union,1736,0,31,31,919,919,919,28489,911648,1736,31,0.12138770997989923,1.0
PF32_SPARSE_EARLY,PF32_SPARSE_EARLY_c1_t17,32,20,0.625,sparse,7.0,1.0,0.5,0.2,0.0,0.0,0.0,0.0,slip_3_1,True,31,1,17,3811328824,plain_osd_batch_o2,False,3851813274,True,False,False,best_marginal_in_osd_union,56,0,1,1,56,56,56,56,1792,56,1,0.0042000089306384325,1.0
PF32_SPARSE_EARLY,PF32_SPARSE_EARLY_c1_t17,32,20,0.625,sparse,7.0,1.0,0.5,0.2,0.0,0.0,0.0,0.0,slip_3_1,True,31,1,17,3811328824,lsgrand_certified_v1_bound,True,3811328824,True,True,False,strict_unseen_codeword_certificate,32,32,31,31,1,1,0,32,1024,0,31,0.0017724630888551474,1.0
PF32_SPARSE_EARLY,PF32_SPARSE_EARLY_c1_t18,32,20,0.625,sparse,7.0,1.0,0.5,0.2,0.0,0.0,0.0,0.0,slip_3_3,True,31,1,18,3078973893,ls_first_valid,True,3078973893,True,False,False,valid_list_complete,44,44,31,31,1,1,0,0,0,0,31,0.0017296390142291784,1.0
PF32_SPARSE_EARLY,PF32_SPARSE_EARLY_c1_t18,32,20,0.625,sparse,7.0,1.0,0.5,0.2,0.0,0.0,0.0,0.0,slip_3_3,True,31,1,18,3078973893,ls_list_marginal_L2,True,3078973893,True,False,False,valid_list_complete,813,737,31,31,2,2,2,62,1984,0,62,0.01361636200454086,1.0
PF32_SPARSE_EARLY,PF32_SPARSE_EARLY_c1_t18,32,20,0.625,sparse,7.0,1.0,0.5,0.2,0.0,0.0,0.0,0.0,slip_3_3,True,31,1,18,3078973893,ls_list_marginal_L4,True,3078973893,True,False,False,valid_list_complete,2070,1847,31,31,4,4,4,124,3968,0,62,0.025391545961610973,1.0
PF32_SPARSE_EARLY,PF32_SPARSE_EARLY_c1_t18,32,20,0.625,sparse,7.0,1.0,0.5,0.2,0.0,0.0,0.0,0.0,slip_3_3,True,31,1,18,3078973893,ls_list_marginal_L8,True,3078973893,True,False,False,valid_list_complete,13835,11507,31,31,10,8,8,248,7936,0,62,0.21462410397361964,1.0
PF32_SPARSE_EARLY,PF32_SPARSE_EARLY_c1_t18,32,20,0.625,sparse,7.0,1.0,0.5,0.2,0.0,0.0,0.0,0.0,slip_3_3,True,31,1,18,3078973893,latent_osd_batch_o2_s31,True,3078973893,True,False,False,best_marginal_in_osd_union,1736,0,31,31,1019,1019,1019,31589,1010848,1736,31,0.10920160298701376,1.0
PF32_SPARSE_EARLY,PF32_SPARSE_EARLY_c1_t18,32,20,0.625,sparse,7.0,1.0,0.5,0.2,0.0,0.0,0.0,0.0,slip_3_3,True,31,1,18,3078973893,plain_osd_batch_o2,False,4204758015,True,False,False,best_marginal_in_osd_union,56,0,1,1,56,56,56,56,1792,56,1,0.0038663579616695642,1.0
PF32_SPARSE_EARLY,PF32_SPARSE_EARLY_c1_t18,32,20,0.625,sparse,7.0,1.0,0.5,0.2,0.0,0.0,0.0,0.0,slip_3_3,True,31,1,18,3078973893,lsgrand_certified_v1_bound,True,3078973893,True,True,False,strict_unseen_codeword_certificate,256,256,31,31,1,1,0,256,8192,0,31,0.00539206201210618,1.0
PF32_SPARSE_EARLY,PF32_SPARSE_EARLY_c1_t19,32,20,0.625,sparse,7.0,1.0,0.5,0.2,0.0,0.0,0.0,0.0,slip_3_3,True,31,1,19,743290680,ls_first_valid,True,743290680,True,False,False,valid_list_complete,7,7,31,7,1,1,0,0,0,0,31,0.0013918810291215777,0.22580645161290322
PF32_SPARSE_EARLY,PF32_SPARSE_EARLY_c1_t19,32,20,0.625,sparse,7.0,1.0,0.5,0.2,0.0,0.0,0.0,0.0,slip_3_3,True,31,1,19,743290680,ls_list_marginal_L2,True,743290680,True,False,False,valid_list_complete,139,133,31,31,3,2,2,62,1984,0,62,0.004417036892846227,1.0
PF32_SPARSE_EARLY,PF32_SPARSE_EARLY_c1_t19,32,20,0.625,sparse,7.0,1.0,0.5,0.2,0.0,0.0,0.0,0.0,slip_3_3,True,31,1,19,743290680,ls_list_marginal_L4,True,743290680,True,False,False,valid_list_complete,1590,1411,31,31,6,4,4,124,3968,0,62,0.02684330299962312,1.0
PF32_SPARSE_EARLY,PF32_SPARSE_EARLY_c1_t19,32,20,0.625,sparse,7.0,1.0,0.5,0.2,0.0,0.0,0.0,0.0,slip_3_3,True,31,1,19,743290680,ls_list_marginal_L8,True,743290680,True,False,False,valid_list_complete,4049,3483,31,31,11,8,8,248,7936,0,62,0.05576062994077802,1.0
PF32_SPARSE_EARLY,PF32_SPARSE_EARLY_c1_t19,32,20,0.625,sparse,7.0,1.0,0.5,0.2,0.0,0.0,0.0,0.0,slip_3_3,True,31,1,19,743290680,latent_osd_batch_o2_s31,True,743290680,True,False,False,best_marginal_in_osd_union,1736,0,31,31,912,912,912,28272,904704,1736,31,0.10555824090261012,1.0
PF32_SPARSE_EARLY,PF32_SPARSE_EARLY_c1_t19,32,20,0.625,sparse,7.0,1.0,0.5,0.2,0.0,0.0,0.0,0.0,slip_3_3,True,31,1,19,743290680,plain_osd_batch_o2,False,617557040,True,False,False,best_marginal_in_osd_union,56,0,1,1,56,56,56,56,1792,56,1,0.0021350219612941146,1.0
PF32_SPARSE_EARLY,PF32_SPARSE_EARLY_c1_t19,32,20,0.625,sparse,7.0,1.0,0.5,0.2,0.0,0.0,0.0,0.0,slip_3_3,True,31,1,19,743290680,lsgrand_certified_v1_bound,True,743290680,True,True,False,strict_unseen_codeword_certificate,48,48,31,31,2,1,0,48,1536,0,31,0.0015935240080580115,1.0
PF32_SPARSE_EARLY,PF32_SPARSE_EARLY_c1_t20,32,20,0.625,sparse,7.0,1.0,0.5,0.2,0.0,0.0,0.0,0.0,slip_3_1,True,31,1,20,2468845960,ls_first_valid,True,2468845960,True,False,False,valid_list_complete,6,6,31,6,1,1,0,0,0,0,31,0.0009761580731719732,0.1935483870967742
PF32_SPARSE_EARLY,PF32_SPARSE_EARLY_c1_t20,32,20,0.625,sparse,7.0,1.0,0.5,0.2,0.0,0.0,0.0,0.0,slip_3_1,True,31,1,20,2468845960,ls_list_marginal_L2,True,2468845960,True,False,False,valid_list_complete,742,674,31,31,3,2,2,62,1984,0,62,0.010834869928658009,1.0
PF32_SPARSE_EARLY,PF32_SPARSE_EARLY_c1_t20,32,20,0.625,sparse,7.0,1.0,0.5,0.2,0.0,0.0,0.0,0.0,slip_3_1,True,31,1,20,2468845960,ls_list_marginal_L4,True,2468845960,True,False,False,valid_list_complete,1065,960,31,31,5,4,4,124,3968,0,62,0.020170798990875483,1.0
PF32_SPARSE_EARLY,PF32_SPARSE_EARLY_c1_t20,32,20,0.625,sparse,7.0,1.0,0.5,0.2,0.0,0.0,0.0,0.0,slip_3_1,True,31,1,20,2468845960,ls_list_marginal_L8,True,2468845960,True,False,False,valid_list_complete,4712,4057,31,31,11,8,8,248,7936,0,62,0.07652250397950411,1.0
PF32_SPARSE_EARLY,PF32_SPARSE_EARLY_c1_t20,32,20,0.625,sparse,7.0,1.0,0.5,0.2,0.0,0.0,0.0,0.0,slip_3_1,True,31,1,20,2468845960,latent_osd_batch_o2_s31,True,2468845960,True,False,False,best_marginal_in_osd_union,1736,0,31,31,1095,1095,1095,33945,1086240,1736,31,0.10502667701803148,1.0
PF32_SPARSE_EARLY,PF32_SPARSE_EARLY_c1_t20,32,20,0.625,sparse,7.0,1.0,0.5,0.2,0.0,0.0,0.0,0.0,slip_3_1,True,31,1,20,2468845960,plain_osd_batch_o2,False,2965097711,True,False,False,best_marginal_in_osd_union,56,0,1,1,56,56,56,56,1792,56,1,0.0038830379489809275,1.0
PF32_SPARSE_EARLY,PF32_SPARSE_EARLY_c1_t20,32,20,0.625,sparse,7.0,1.0,0.5,0.2,0.0,0.0,0.0,0.0,slip_3_1,True,31,1,20,2468845960,lsgrand_certified_v1_bound,True,2468845960,True,True,False,strict_unseen_codeword_certificate,32,32,31,31,1,1,0,32,1024,0,31,0.0019688260508701205,1.0
PF32_SPARSE_EARLY,PF32_SPARSE_EARLY_c1_t21,32,20,0.625,sparse,7.0,1.0,0.5,0.2,0.0,0.0,0.0,0.0,slip_3_3,True,31,1,21,4286309862,ls_first_valid,True,4286309862,True,False,False,valid_list_complete,219,205,31,31,1,1,0,0,0,0,31,0.004023629007861018,1.0
PF32_SPARSE_EARLY,PF32_SPARSE_EARLY_c1_t21,32,20,0.625,sparse,7.0,1.0,0.5,0.2,0.0,0.0,0.0,0.0,slip_3_3,True,31,1,21,4286309862,ls_list_marginal_L2,True,4286309862,True,False,False,valid_list_complete,278,254,31,31,2,2,2,62,1984,0,62,0.005586093990132213,1.0
PF32_SPARSE_EARLY,PF32_SPARSE_EARLY_c1_t21,32,20,0.625,sparse,7.0,1.0,0.5,0.2,0.0,0.0,0.0,0.0,slip_3_3,True,31,1,21,4286309862,ls_list_marginal_L4,True,4286309862,True,False,False,valid_list_complete,3591,3107,31,31,5,4,4,124,3968,0,62,0.04190078901592642,1.0
PF32_SPARSE_EARLY,PF32_SPARSE_EARLY_c1_t21,32,20,0.625,sparse,7.0,1.0,0.5,0.2,0.0,0.0,0.0,0.0,slip_3_3,True,31,1,21,4286309862,ls_list_marginal_L8,True,4286309862,True,False,False,valid_list_complete,6361,5360,31,31,9,8,8,248,7936,0,62,0.09581189695745707,1.0
PF32_SPARSE_EARLY,PF32_SPARSE_EARLY_c1_t21,32,20,0.625,sparse,7.0,1.0,0.5,0.2,0.0,0.0,0.0,0.0,slip_3_3,True,31,1,21,4286309862,latent_osd_batch_o2_s31,True,4286309862,True,False,False,best_marginal_in_osd_union,1736,0,31,31,940,940,940,29140,932480,1736,31,0.12037345604039729,1.0
PF32_SPARSE_EARLY,PF32_SPARSE_EARLY_c1_t21,32,20,0.625,sparse,7.0,1.0,0.5,0.2,0.0,0.0,0.0,0.0,slip_3_3,True,31,1,21,4286309862,plain_osd_batch_o2,False,4276129612,True,False,False,best_marginal_in_osd_union,56,0,1,1,56,56,56,56,1792,56,1,0.004645072971470654,1.0
PF32_SPARSE_EARLY,PF32_SPARSE_EARLY_c1_t21,32,20,0.625,sparse,7.0,1.0,0.5,0.2,0.0,0.0,0.0,0.0,slip_3_3,True,31,1,21,4286309862,lsgrand_certified_v1_bound,True,4286309862,True,True,False,strict_unseen_codeword_certificate,1568,1568,31,31,3,3,0,1568,50176,0,31,0.030803158995695412,1.0
PF32_SPARSE_EARLY,PF32_SPARSE_EARLY_c1_t22,32,20,0.625,sparse,7.0,1.0,0.5,0.2,0.0,0.0,0.0,0.0,slip_3_1,True,31,1,22,2825441209,ls_first_valid,True,2825441209,True,False,False,valid_list_complete,9,9,31,6,1,1,0,0,0,0,31,0.002438326016999781,0.1935483870967742
PF32_SPARSE_EARLY,PF32_SPARSE_EARLY_c1_t22,32,20,0.625,sparse,7.0,1.0,0.5,0.2,0.0,0.0,0.0,0.0,slip_3_1,True,31,1,22,2825441209,ls_list_marginal_L2,True,2825441209,True,False,False,valid_list_complete,185,173,31,31,4,2,2,62,1984,0,62,0.005402106908150017,1.0
PF32_SPARSE_EARLY,PF32_SPARSE_EARLY_c1_t22,32,20,0.625,sparse,7.0,1.0,0.5,0.2,0.0,0.0,0.0,0.0,slip_3_1,True,31,1,22,2825441209,ls_list_marginal_L4,True,2825441209,True,False,False,valid_list_complete,2863,2488,31,31,8,4,4,124,3968,0,62,0.04455430503003299,1.0
PF32_SPARSE_EARLY,PF32_SPARSE_EARLY_c1_t22,32,20,0.625,sparse,7.0,1.0,0.5,0.2,0.0,0.0,0.0,0.0,slip_3_1,True,31,1,22,2825441209,ls_list_marginal_L8,True,2825441209,True,False,False,valid_list_complete,9905,8207,31,31,15,8,8,248,7936,0,62,0.15129476902075112,1.0
PF32_SPARSE_EARLY,PF32_SPARSE_EARLY_c1_t22,32,20,0.625,sparse,7.0,1.0,0.5,0.2,0.0,0.0,0.0,0.0,slip_3_1,True,31,1,22,2825441209,latent_osd_batch_o2_s31,True,2825441209,True,False,False,best_marginal_in_osd_union,1736,0,31,31,993,993,993,30783,985056,1736,31,0.1125418790616095,1.0
PF32_SPARSE_EARLY,PF32_SPARSE_EARLY_c1_t22,32,20,0.625,sparse,7.0,1.0,0.5,0.2,0.0,0.0,0.0,0.0,slip_3_1,True,31,1,22,2825441209,plain_osd_batch_o2,False,2854711756,True,False,False,best_marginal_in_osd_union,56,0,1,1,56,56,56,56,1792,56,1,0.004414513008669019,1.0
PF32_SPARSE_EARLY,PF32_SPARSE_EARLY_c1_t22,32,20,0.625,sparse,7.0,1.0,0.5,0.2,0.0,0.0,0.0,0.0,slip_3_1,True,31,1,22,2825441209,lsgrand_certified_v1_bound,True,2825441209,True,True,False,strict_unseen_codeword_certificate,128,128,31,31,2,1,0,128,4096,0,31,0.004129940993152559,1.0
PF32_SPARSE_EARLY,PF32_SPARSE_EARLY_c1_t23,32,20,0.625,sparse,7.0,1.0,0.5,0.2,0.0,0.0,0.0,0.0,slip_3_1,True,31,1,23,3196010870,ls_first_valid,True,3196010870,True,False,False,valid_list_complete,6,6,31,6,1,1,0,0,0,0,31,0.001804449944756925,0.1935483870967742
PF32_SPARSE_EARLY,PF32_SPARSE_EARLY_c1_t23,32,20,0.625,sparse,7.0,1.0,0.5,0.2,0.0,0.0,0.0,0.0,slip_3_1,True,31,1,23,3196010870,ls_list_marginal_L2,True,3196010870,True,False,False,valid_list_complete,43,42,31,31,2,2,2,62,1984,0,62,0.0035102179972454906,1.0
PF32_SPARSE_EARLY,PF32_SPARSE_EARLY_c1_t23,32,20,0.625,sparse,7.0,1.0,0.5,0.2,0.0,0.0,0.0,0.0,slip_3_1,True,31,1,23,3196010870,ls_list_marginal_L4,True,3196010870,True,False,False,valid_list_complete,368,343,31,31,4,4,4,124,3968,0,62,0.008811042993329465,1.0
PF32_SPARSE_EARLY,PF32_SPARSE_EARLY_c1_t23,32,20,0.625,sparse,7.0,1.0,0.5,0.2,0.0,0.0,0.0,0.0,slip_3_1,True,31,1,23,3196010870,ls_list_marginal_L8,True,3196010870,True,False,False,valid_list_complete,3496,3039,31,31,14,8,8,248,7936,0,62,0.05117888003587723,1.0
PF32_SPARSE_EARLY,PF32_SPARSE_EARLY_c1_t23,32,20,0.625,sparse,7.0,1.0,0.5,0.2,0.0,0.0,0.0,0.0,slip_3_1,True,31,1,23,3196010870,latent_osd_batch_o2_s31,True,3196010870,True,False,False,best_marginal_in_osd_union,1736,0,31,31,1013,1013,1013,31403,1004896,1736,31,0.10625109309330583,1.0
PF32_SPARSE_EARLY,PF32_SPARSE_EARLY_c1_t23,32,20,0.625,sparse,7.0,1.0,0.5,0.2,0.0,0.0,0.0,0.0,slip_3_1,True,31,1,23,3196010870,plain_osd_batch_o2,False,3994298387,True,False,False,best_marginal_in_osd_union,56,0,1,1,56,56,56,56,1792,56,1,0.0033456359524279833,1.0
PF32_SPARSE_EARLY,PF32_SPARSE_EARLY_c1_t23,32,20,0.625,sparse,7.0,1.0,0.5,0.2,0.0,0.0,0.0,0.0,slip_3_1,True,31,1,23,3196010870,lsgrand_certified_v1_bound,True,3196010870,True,True,False,strict_unseen_codeword_certificate,32,32,31,31,1,1,0,32,1024,0,31,0.001715661957859993,1.0
PF32_SPARSE_EARLY,PF32_SPARSE_EARLY_c1_t24,32,20,0.625,sparse,7.0,1.0,0.5,0.2,0.0,0.0,0.0,0.0,slip_3_1,True,31,1,24,2433449708,ls_first_valid,True,2433449708,True,False,False,valid_list_complete,9,9,31,6,1,1,0,0,0,0,31,0.0012906340416520834,0.1935483870967742
PF32_SPARSE_EARLY,PF32_SPARSE_EARLY_c1_t24,32,20,0.625,sparse,7.0,1.0,0.5,0.2,0.0,0.0,0.0,0.0,slip_3_1,True,31,1,24,2433449708,ls_list_marginal_L2,True,2433449708,True,False,False,valid_list_complete,37,37,31,31,2,2,2,62,1984,0,62,0.002735024900175631,1.0
PF32_SPARSE_EARLY,PF32_SPARSE_EARLY_c1_t24,32,20,0.625,sparse,7.0,1.0,0.5,0.2,0.0,0.0,0.0,0.0,slip_3_1,True,31,1,24,2433449708,ls_list_marginal_L4,True,2433449708,True,False,False,valid_list_complete,977,875,31,31,5,4,4,124,3968,0,62,0.02049275697208941,1.0
PF32_SPARSE_EARLY,PF32_SPARSE_EARLY_c1_t24,32,20,0.625,sparse,7.0,1.0,0.5,0.2,0.0,0.0,0.0,0.0,slip_3_1,True,31,1,24,2433449708,ls_list_marginal_L8,True,2433449708,True,False,False,valid_list_complete,4671,3949,31,31,13,8,8,248,7936,0,62,0.07368502300232649,1.0
PF32_SPARSE_EARLY,PF32_SPARSE_EARLY_c1_t24,32,20,0.625,sparse,7.0,1.0,0.5,0.2,0.0,0.0,0.0,0.0,slip_3_1,True,31,1,24,2433449708,latent_osd_batch_o2_s31,True,2433449708,True,False,False,best_marginal_in_osd_union,1736,0,31,31,848,848,848,26288,841216,1736,31,0.11476828902959824,1.0
PF32_SPARSE_EARLY,PF32_SPARSE_EARLY_c1_t24,32,20,0.625,sparse,7.0,1.0,0.5,0.2,0.0,0.0,0.0,0.0,slip_3_1,True,31,1,24,2433449708,plain_osd_batch_o2,False,313284452,True,False,False,best_marginal_in_osd_union,56,0,1,1,56,56,56,56,1792,56,1,0.0035480649676173925,1.0
PF32_SPARSE_EARLY,PF32_SPARSE_EARLY_c1_t24,32,20,0.625,sparse,7.0,1.0,0.5,0.2,0.0,0.0,0.0,0.0,slip_3_1,True,31,1,24,2433449708,lsgrand_certified_v1_bound,True,2433449708,True,True,False,strict_unseen_codeword_certificate,128,128,31,31,2,2,0,128,4096,0,31,0.0026404199888929725,1.0
PF32_SPARSE_EARLY,PF32_SPARSE_EARLY_c1_t25,32,20,0.625,sparse,7.0,1.0,0.5,0.2,0.0,0.0,0.0,0.0,slip_3_3,True,31,1,25,3829405516,ls_first_valid,True,3829405516,True,False,False,valid_list_complete,11,11,31,7,1,1,0,0,0,0,31,0.0009624550584703684,0.22580645161290322
PF32_SPARSE_EARLY,PF32_SPARSE_EARLY_c1_t25,32,20,0.625,sparse,7.0,1.0,0.5,0.2,0.0,0.0,0.0,0.0,slip_3_3,True,31,1,25,3829405516,ls_list_marginal_L2,True,3829405516,True,False,False,valid_list_complete,73,71,31,31,2,2,2,62,1984,0,62,0.002201596973463893,1.0
PF32_SPARSE_EARLY,PF32_SPARSE_EARLY_c1_t25,32,20,0.625,sparse,7.0,1.0,0.5,0.2,0.0,0.0,0.0,0.0,slip_3_3,True,31,1,25,3829405516,ls_list_marginal_L4,True,3829405516,True,False,False,valid_list_complete,412,376,31,31,5,4,4,124,3968,0,62,0.00573054701089859,1.0
PF32_SPARSE_EARLY,PF32_SPARSE_EARLY_c1_t25,32,20,0.625,sparse,7.0,1.0,0.5,0.2,0.0,0.0,0.0,0.0,slip_3_3,True,31,1,25,3829405516,ls_list_marginal_L8,True,3829405516,True,False,False,valid_list_complete,1093,978,31,31,10,8,8,248,7936,0,62,0.012624323018826544,1.0
PF32_SPARSE_EARLY,PF32_SPARSE_EARLY_c1_t25,32,20,0.625,sparse,7.0,1.0,0.5,0.2,0.0,0.0,0.0,0.0,slip_3_3,True,31,1,25,3829405516,latent_osd_batch_o2_s31,True,3829405516,True,False,False,best_marginal_in_osd_union,1736,0,31,31,854,854,854,26474,847168,1736,31,0.09968735300935805,1.0
PF32_SPARSE_EARLY,PF32_SPARSE_EARLY_c1_t25,32,20,0.625,sparse,7.0,1.0,0.5,0.2,0.0,0.0,0.0,0.0,slip_3_3,True,31,1,25,3829405516,plain_osd_batch_o2,False,1737850011,True,False,False,best_marginal_in_osd_union,56,0,1,1,56,56,56,56,1792,56,1,0.0024028990883380175,1.0
PF32_SPARSE_EARLY,PF32_SPARSE_EARLY_c1_t25,32,20,0.625,sparse,7.0,1.0,0.5,0.2,0.0,0.0,0.0,0.0,slip_3_3,True,31,1,25,3829405516,lsgrand_certified_v1_bound,True,3829405516,True,True,False,strict_unseen_codeword_certificate,192,192,31,31,2,2,0,192,6144,0,31,0.0032023460371419787,1.0
PF32_SPARSE_EARLY,PF32_SPARSE_EARLY_c1_t26,32,20,0.625,sparse,7.0,1.0,0.5,0.2,0.0,0.0,0.0,0.0,slip_3_1,True,31,1,26,1219839839,ls_first_valid,True,1219839839,True,False,False,valid_list_complete,9,9,31,6,1,1,0,0,0,0,31,0.0011324580991640687,0.1935483870967742
PF32_SPARSE_EARLY,PF32_SPARSE_EARLY_c1_t26,32,20,0.625,sparse,7.0,1.0,0.5,0.2,0.0,0.0,0.0,0.0,slip_3_1,True,31,1,26,1219839839,ls_list_marginal_L2,True,1219839839,True,False,False,valid_list_complete,644,584,31,31,5,2,2,62,1984,0,62,0.008036238956265152,1.0
PF32_SPARSE_EARLY,PF32_SPARSE_EARLY_c1_t26,32,20,0.625,sparse,7.0,1.0,0.5,0.2,0.0,0.0,0.0,0.0,slip_3_1,True,31,1,26,1219839839,ls_list_marginal_L4,True,1219839839,True,False,False,valid_list_complete,742,671,31,31,7,4,4,124,3968,0,62,0.01043981104157865,1.0
PF32_SPARSE_EARLY,PF32_SPARSE_EARLY_c1_t26,32,20,0.625,sparse,7.0,1.0,0.5,0.2,0.0,0.0,0.0,0.0,slip_3_1,True,31,1,26,1219839839,ls_list_marginal_L8,True,1219839839,True,False,False,valid_list_complete,2824,2449,31,31,11,8,8,248,7936,0,62,0.0404921070439741,1.0
PF32_SPARSE_EARLY,PF32_SPARSE_EARLY_c1_t26,32,20,0.625,sparse,7.0,1.0,0.5,0.2,0.0,0.0,0.0,0.0,slip_3_1,True,31,1,26,1219839839,latent_osd_batch_o2_s31,True,1219839839,True,False,False,best_marginal_in_osd_union,1736,0,31,31,918,918,918,28458,910656,1736,31,0.10753169597592205,1.0
PF32_SPARSE_EARLY,PF32_SPARSE_EARLY_c1_t26,32,20,0.625,sparse,7.0,1.0,0.5,0.2,0.0,0.0,0.0,0.0,slip_3_1,True,31,1,26,1219839839,plain_osd_batch_o2,False,1254107401,True,False,False,best_marginal_in_osd_union,56,0,1,1,56,56,56,56,1792,56,1,0.003545772982761264,1.0
PF32_SPARSE_EARLY,PF32_SPARSE_EARLY_c1_t26,32,20,0.625,sparse,7.0,1.0,0.5,0.2,0.0,0.0,0.0,0.0,slip_3_1,True,31,1,26,1219839839,lsgrand_certified_v1_bound,True,1219839839,True,True,False,strict_unseen_codeword_certificate,160,160,31,31,1,1,0,160,5120,0,31,0.003697542008012533,1.0
PF32_SPARSE_EARLY,PF32_SPARSE_EARLY_c1_t27,32,20,0.625,sparse,7.0,1.0,0.5,0.2,0.0,0.0,0.0,0.0,slip_3_1,True,31,1,27,262783844,ls_first_valid,True,262783844,True,False,False,valid_list_complete,7,7,31,6,1,1,0,0,0,0,31,0.001776317018084228,0.1935483870967742
PF32_SPARSE_EARLY,PF32_SPARSE_EARLY_c1_t27,32,20,0.625,sparse,7.0,1.0,0.5,0.2,0.0,0.0,0.0,0.0,slip_3_1,True,31,1,27,262783844,ls_list_marginal_L2,True,262783844,True,False,False,valid_list_complete,72,70,31,31,2,2,2,62,1984,0,62,0.0029682409949600697,1.0
PF32_SPARSE_EARLY,PF32_SPARSE_EARLY_c1_t27,32,20,0.625,sparse,7.0,1.0,0.5,0.2,0.0,0.0,0.0,0.0,slip_3_1,True,31,1,27,262783844,ls_list_marginal_L4,True,262783844,True,False,False,valid_list_complete,1338,1191,31,31,7,4,4,124,3968,0,62,0.0200415700674057,1.0
PF32_SPARSE_EARLY,PF32_SPARSE_EARLY_c1_t27,32,20,0.625,sparse,7.0,1.0,0.5,0.2,0.0,0.0,0.0,0.0,slip_3_1,True,31,1,27,262783844,ls_list_marginal_L8,True,262783844,True,False,False,valid_list_complete,3696,3180,31,31,12,8,8,248,7936,0,62,0.05549690104089677,1.0
PF32_SPARSE_EARLY,PF32_SPARSE_EARLY_c1_t27,32,20,0.625,sparse,7.0,1.0,0.5,0.2,0.0,0.0,0.0,0.0,slip_3_1,True,31,1,27,262783844,latent_osd_batch_o2_s31,True,262783844,True,False,False,best_marginal_in_osd_union,1736,0,31,31,972,972,972,30132,964224,1736,31,0.10347061895299703,1.0
PF32_SPARSE_EARLY,PF32_SPARSE_EARLY_c1_t27,32,20,0.625,sparse,7.0,1.0,0.5,0.2,0.0,0.0,0.0,0.0,slip_3_1,True,31,1,27,262783844,plain_osd_batch_o2,False,268201778,True,False,False,best_marginal_in_osd_union,56,0,1,1,56,56,56,56,1792,56,1,0.00473366305232048,1.0
PF32_SPARSE_EARLY,PF32_SPARSE_EARLY_c1_t27,32,20,0.625,sparse,7.0,1.0,0.5,0.2,0.0,0.0,0.0,0.0,slip_3_1,True,31,1,27,262783844,lsgrand_certified_v1_bound,True,262783844,True,True,False,strict_unseen_codeword_certificate,72,72,31,31,2,2,0,72,2304,0,31,0.004383063060231507,1.0
PF32_SPARSE_EARLY,PF32_SPARSE_EARLY_c1_t28,32,20,0.625,sparse,7.0,1.0,0.5,0.2,0.0,0.0,0.0,0.0,slip_3_1,True,31,1,28,4134449184,ls_first_valid,True,4134449184,True,False,False,valid_list_complete,7,7,31,6,1,1,0,0,0,0,31,0.001779985032044351,0.1935483870967742
PF32_SPARSE_EARLY,PF32_SPARSE_EARLY_c1_t28,32,20,0.625,sparse,7.0,1.0,0.5,0.2,0.0,0.0,0.0,0.0,slip_3_1,True,31,1,28,4134449184,ls_list_marginal_L2,True,4134449184,True,False,False,valid_list_complete,502,477,31,31,2,2,2,62,1984,0,62,0.011532717966474593,1.0
PF32_SPARSE_EARLY,PF32_SPARSE_EARLY_c1_t28,32,20,0.625,sparse,7.0,1.0,0.5,0.2,0.0,0.0,0.0,0.0,slip_3_1,True,31,1,28,4134449184,ls_list_marginal_L4,True,4134449184,True,False,False,valid_list_complete,837,776,31,31,6,4,4,124,3968,0,62,0.01459692302159965,1.0
PF32_SPARSE_EARLY,PF32_SPARSE_EARLY_c1_t28,32,20,0.625,sparse,7.0,1.0,0.5,0.2,0.0,0.0,0.0,0.0,slip_3_1,True,31,1,28,4134449184,ls_list_marginal_L8,True,4134449184,True,False,False,valid_list_complete,3153,2837,31,31,10,8,8,248,7936,0,62,0.054481240920722485,1.0
PF32_SPARSE_EARLY,PF32_SPARSE_EARLY_c1_t28,32,20,0.625,sparse,7.0,1.0,0.5,0.2,0.0,0.0,0.0,0.0,slip_3_1,True,31,1,28,4134449184,latent_osd_batch_o2_s31,True,4134449184,True,False,False,best_marginal_in_osd_union,1736,0,31,31,993,993,993,30783,985056,1736,31,0.12232518300879747,1.0
PF32_SPARSE_EARLY,PF32_SPARSE_EARLY_c1_t28,32,20,0.625,sparse,7.0,1.0,0.5,0.2,0.0,0.0,0.0,0.0,slip_3_1,True,31,1,28,4134449184,plain_osd_batch_o2,False,4155890330,True,False,False,best_marginal_in_osd_union,56,0,1,1,56,56,56,56,1792,56,1,0.0036060629645362496,1.0
PF32_SPARSE_EARLY,PF32_SPARSE_EARLY_c1_t28,32,20,0.625,sparse,7.0,1.0,0.5,0.2,0.0,0.0,0.0,0.0,slip_3_1,True,31,1,28,4134449184,lsgrand_certified_v1_bound,True,4134449184,True,True,False,strict_unseen_codeword_certificate,64,64,31,31,1,1,0,64,2048,0,31,0.0022128979908302426,1.0
PF32_SPARSE_EARLY,PF32_SPARSE_EARLY_c1_t29,32,20,0.625,sparse,7.0,1.0,0.5,0.2,0.0,0.0,0.0,0.0,slip_3_1,True,31,1,29,3684131287,ls_first_valid,True,3684131287,True,False,False,valid_list_complete,37,37,31,31,1,1,0,0,0,0,31,0.0015019531128928065,1.0
PF32_SPARSE_EARLY,PF32_SPARSE_EARLY_c1_t29,32,20,0.625,sparse,7.0,1.0,0.5,0.2,0.0,0.0,0.0,0.0,slip_3_1,True,31,1,29,3684131287,ls_list_marginal_L2,True,3684131287,True,False,False,valid_list_complete,748,680,31,31,2,2,2,62,1984,0,62,0.011997801950201392,1.0
PF32_SPARSE_EARLY,PF32_SPARSE_EARLY_c1_t29,32,20,0.625,sparse,7.0,1.0,0.5,0.2,0.0,0.0,0.0,0.0,slip_3_1,True,31,1,29,3684131287,ls_list_marginal_L4,True,3684131287,True,False,False,valid_list_complete,1703,1512,31,31,4,4,4,124,3968,0,62,0.022870443062856793,1.0
PF32_SPARSE_EARLY,PF32_SPARSE_EARLY_c1_t29,32,20,0.625,sparse,7.0,1.0,0.5,0.2,0.0,0.0,0.0,0.0,slip_3_1,True,31,1,29,3684131287,ls_list_marginal_L8,True,3684131287,True,False,False,valid_list_complete,3100,2671,31,31,9,8,8,248,7936,0,62,0.05361840198747814,1.0
PF32_SPARSE_EARLY,PF32_SPARSE_EARLY_c1_t29,32,20,0.625,sparse,7.0,1.0,0.5,0.2,0.0,0.0,0.0,0.0,slip_3_1,True,31,1,29,3684131287,latent_osd_batch_o2_s31,True,3684131287,True,False,False,best_marginal_in_osd_union,1736,0,31,31,970,970,970,30070,962240,1736,31,0.11656500899698585,1.0
PF32_SPARSE_EARLY,PF32_SPARSE_EARLY_c1_t29,32,20,0.625,sparse,7.0,1.0,0.5,0.2,0.0,0.0,0.0,0.0,slip_3_1,True,31,1,29,3684131287,plain_osd_batch_o2,False,1347500102,True,False,False,best_marginal_in_osd_union,56,0,1,1,56,56,56,56,1792,56,1,0.005873312009498477,1.0
PF32_SPARSE_EARLY,PF32_SPARSE_EARLY_c1_t29,32,20,0.625,sparse,7.0,1.0,0.5,0.2,0.0,0.0,0.0,0.0,slip_3_1,True,31,1,29,3684131287,lsgrand_certified_v1_bound,True,3684131287,True,True,False,strict_unseen_codeword_certificate,64,64,31,31,1,1,0,64,2048,0,31,0.0029118770034983754,1.0
PF64_DENSE_EARLY,PF64_DENSE_EARLY_c0_t0,64,48,0.75,dense,8.0,1.0,0.5,0.2,0.0,0.0,0.0,0.0,slip_6_3,True,63,0,0,15178931492266125090,ls_first_valid,True,15178931492266125090,True,False,False,valid_list_complete,1033,984,63,63,1,1,0,0,0,0,63,0.022742185974493623,1.0
PF64_DENSE_EARLY,PF64_DENSE_EARLY_c0_t0,64,48,0.75,dense,8.0,1.0,0.5,0.2,0.0,0.0,0.0,0.0,slip_6_3,True,63,0,0,15178931492266125090,ls_list_marginal_L2,True,15178931492266125090,True,False,True,query_cap_before_list,60000,54313,63,63,2,1,1,63,4032,0,126,0.9945493370760232,1.0
PF64_DENSE_EARLY,PF64_DENSE_EARLY_c0_t0,64,48,0.75,dense,8.0,1.0,0.5,0.2,0.0,0.0,0.0,0.0,slip_6_3,True,63,0,0,15178931492266125090,ls_list_marginal_L4,True,15178931492266125090,True,False,True,query_cap_before_list,60000,54313,63,63,2,1,1,63,4032,0,126,1.0414350809296593,1.0
PF64_DENSE_EARLY,PF64_DENSE_EARLY_c0_t0,64,48,0.75,dense,8.0,1.0,0.5,0.2,0.0,0.0,0.0,0.0,slip_6_3,True,63,0,0,15178931492266125090,ls_list_marginal_L8,True,15178931492266125090,True,False,True,query_cap_before_list,60000,54313,63,63,2,1,1,63,4032,0,126,1.0126690689940006,1.0
PF64_DENSE_EARLY,PF64_DENSE_EARLY_c0_t0,64,48,0.75,dense,8.0,1.0,0.5,0.2,0.0,0.0,0.0,0.0,slip_6_3,True,63,0,0,15178931492266125090,latent_osd_batch_o2_s63,True,15178931492266125090,True,False,False,best_marginal_in_osd_union,3528,0,63,63,2586,2586,2586,162918,10426752,3528,63,1.5198144339956343,1.0
PF64_DENSE_EARLY,PF64_DENSE_EARLY_c0_t0,64,48,0.75,dense,8.0,1.0,0.5,0.2,0.0,0.0,0.0,0.0,slip_6_3,True,63,0,0,15178931492266125090,plain_osd_batch_o2,False,15612871187855990340,True,False,False,best_marginal_in_osd_union,56,0,1,1,56,56,56,56,3584,56,1,0.02068361104466021,1.0
PF64_DENSE_EARLY,PF64_DENSE_EARLY_c0_t0,64,48,0.75,dense,8.0,1.0,0.5,0.2,0.0,0.0,0.0,0.0,slip_6_3,True,63,0,0,15178931492266125090,lsgrand_certified_v1_bound,True,15178931492266125090,True,True,False,strict_unseen_codeword_certificate,6048,6048,63,63,1,1,0,6048,387072,0,63,0.11061242700088769,1.0
PF64_DENSE_EARLY,PF64_DENSE_EARLY_c0_t1,64,48,0.75,dense,8.0,1.0,0.5,0.2,0.0,0.0,0.0,0.0,slip_6_1,True,63,0,1,18241979162147703117,ls_first_valid,True,18241979162147703117,True,False,False,valid_list_complete,15,15,63,12,1,1,0,0,0,0,63,0.002603819011710584,0.19047619047619047
PF64_DENSE_EARLY,PF64_DENSE_EARLY_c0_t1,64,48,0.75,dense,8.0,1.0,0.5,0.2,0.0,0.0,0.0,0.0,slip_6_1,True,63,0,1,18241979162147703117,ls_list_marginal_L2,True,18241979162147703117,True,False,False,valid_list_complete,8919,8360,63,63,2,2,2,126,8064,0,126,0.14407194196246564,1.0
PF64_DENSE_EARLY,PF64_DENSE_EARLY_c0_t1,64,48,0.75,dense,8.0,1.0,0.5,0.2,0.0,0.0,0.0,0.0,slip_6_1,True,63,0,1,18241979162147703117,ls_list_marginal_L4,True,18241979162147703117,True,False,True,query_cap_before_list,60000,54803,63,63,4,2,2,126,8064,0,126,0.9344064999604598,1.0
PF64_DENSE_EARLY,PF64_DENSE_EARLY_c0_t1,64,48,0.75,dense,8.0,1.0,0.5,0.2,0.0,0.0,0.0,0.0,slip_6_1,True,63,0,1,18241979162147703117,ls_list_marginal_L8,True,18241979162147703117,True,False,True,query_cap_before_list,60000,54803,63,63,4,2,2,126,8064,0,126,1.1257704199524596,1.0
PF64_DENSE_EARLY,PF64_DENSE_EARLY_c0_t1,64,48,0.75,dense,8.0,1.0,0.5,0.2,0.0,0.0,0.0,0.0,slip_6_1,True,63,0,1,18241979162147703117,latent_osd_batch_o2_s63,True,18241979162147703117,True,False,False,best_marginal_in_osd_union,3528,0,63,63,2539,2539,2539,159957,10237248,3528,63,1.4590992289595306,1.0
PF64_DENSE_EARLY,PF64_DENSE_EARLY_c0_t1,64,48,0.75,dense,8.0,1.0,0.5,0.2,0.0,0.0,0.0,0.0,slip_6_1,True,63,0,1,18241979162147703117,plain_osd_batch_o2,False,18244048247300730084,True,False,False,best_marginal_in_osd_union,56,0,1,1,56,56,56,56,3584,56,1,0.02142617106437683,1.0
PF64_DENSE_EARLY,PF64_DENSE_EARLY_c0_t1,64,48,0.75,dense,8.0,1.0,0.5,0.2,0.0,0.0,0.0,0.0,slip_6_1,True,63,0,1,18241979162147703117,lsgrand_certified_v1_bound,True,18241979162147703117,True,True,False,strict_unseen_codeword_certificate,256,256,63,63,1,1,0,256,16384,0,63,0.007182463072240353,1.0
PF64_DENSE_EARLY,PF64_DENSE_EARLY_c0_t2,64,48,0.75,dense,8.0,1.0,0.5,0.2,0.0,0.0,0.0,0.0,slip_6_1,True,63,0,2,6667115127462678253,ls_first_valid,True,6667115127462678253,True,False,False,valid_list_complete,14,14,63,12,1,1,0,0,0,0,63,0.0033366039860993624,0.19047619047619047
PF64_DENSE_EARLY,PF64_DENSE_EARLY_c0_t2,64,48,0.75,dense,8.0,1.0,0.5,0.2,0.0,0.0,0.0,0.0,slip_6_1,True,63,0,2,6667115127462678253,ls_list_marginal_L2,True,6667115127462678253,True,False,True,query_cap_before_list,60000,54746,63,63,3,1,1,63,4032,0,126,0.9610990269575268,1.0
PF64_DENSE_EARLY,PF64_DENSE_EARLY_c0_t2,64,48,0.75,dense,8.0,1.0,0.5,0.2,0.0,0.0,0.0,0.0,slip_6_1,True,63,0,2,6667115127462678253,ls_list_marginal_L4,True,6667115127462678253,True,False,True,query_cap_before_list,60000,54746,63,63,3,1,1,63,4032,0,126,0.971106288023293,1.0
PF64_DENSE_EARLY,PF64_DENSE_EARLY_c0_t2,64,48,0.75,dense,8.0,1.0,0.5,0.2,0.0,0.0,0.0,0.0,slip_6_1,True,63,0,2,6667115127462678253,ls_list_marginal_L8,True,6667115127462678253,True,False,True,query_cap_before_list,60000,54746,63,63,3,1,1,63,4032,0,126,1.0657670539803803,1.0
PF64_DENSE_EARLY,PF64_DENSE_EARLY_c0_t2,64,48,0.75,dense,8.0,1.0,0.5,0.2,0.0,0.0,0.0,0.0,slip_6_1,True,63,0,2,6667115127462678253,latent_osd_batch_o2_s63,True,6667115127462678253,True,False,False,best_marginal_in_osd_union,3528,0,63,63,2466,2466,2466,155358,9942912,3528,63,1.643708607996814,1.0
PF64_DENSE_EARLY,PF64_DENSE_EARLY_c0_t2,64,48,0.75,dense,8.0,1.0,0.5,0.2,0.0,0.0,0.0,0.0,slip_6_1,True,63,0,2,6667115127462678253,plain_osd_batch_o2,False,6666185550505273204,True,False,False,best_marginal_in_osd_union,56,0,1,1,56,56,56,56,3584,56,1,0.029243433033116162,1.0
PF64_DENSE_EARLY,PF64_DENSE_EARLY_c0_t2,64,48,0.75,dense,8.0,1.0,0.5,0.2,0.0,0.0,0.0,0.0,slip_6_1,True,63,0,2,6667115127462678253,lsgrand_certified_v1_bound,True,6667115127462678253,True,True,False,strict_unseen_codeword_certificate,192,192,63,63,1,1,0,192,12288,0,63,0.011618286021985114,1.0
PF64_DENSE_EARLY,PF64_DENSE_EARLY_c0_t3,64,48,0.75,dense,8.0,1.0,0.5,0.2,0.0,0.0,0.0,0.0,slip_6_3,True,63,0,3,2307053505311390412,ls_first_valid,True,2307053505311390412,True,False,False,valid_list_complete,17,17,63,13,1,1,0,0,0,0,63,0.003916187095455825,0.20634920634920634
PF64_DENSE_EARLY,PF64_DENSE_EARLY_c0_t3,64,48,0.75,dense,8.0,1.0,0.5,0.2,0.0,0.0,0.0,0.0,slip_6_3,True,63,0,3,2307053505311390412,ls_list_marginal_L2,True,2307053505311390412,True,False,False,valid_list_complete,56618,50940,63,63,4,2,2,126,8064,0,126,1.105924058938399,1.0
PF64_DENSE_EARLY,PF64_DENSE_EARLY_c0_t3,64,48,0.75,dense,8.0,1.0,0.5,0.2,0.0,0.0,0.0,0.0,slip_6_3,True,63,0,3,2307053505311390412,ls_list_marginal_L4,True,2307053505311390412,True,False,True,query_cap_before_list,60000,53931,63,63,4,2,2,126,8064,0,126,1.0640389539767057,1.0
PF64_DENSE_EARLY,PF64_DENSE_EARLY_c0_t3,64,48,0.75,dense,8.0,1.0,0.5,0.2,0.0,0.0,0.0,0.0,slip_6_3,True,63,0,3,2307053505311390412,ls_list_marginal_L8,True,2307053505311390412,True,False,True,query_cap_before_list,60000,53931,63,63,4,2,2,126,8064,0,126,1.079724867013283,1.0
PF64_DENSE_EARLY,PF64_DENSE_EARLY_c0_t3,64,48,0.75,dense,8.0,1.0,0.5,0.2,0.0,0.0,0.0,0.0,slip_6_3,True,63,0,3,2307053505311390412,latent_osd_batch_o2_s63,True,2307053505311390412,True,False,False,best_marginal_in_osd_union,3528,0,63,63,2553,2553,2553,160839,10293696,3528,63,1.1936052850214764,1.0
PF64_DENSE_EARLY,PF64_DENSE_EARLY_c0_t3,64,48,0.75,dense,8.0,1.0,0.5,0.2,0.0,0.0,0.0,0.0,slip_6_3,True,63,0,3,2307053505311390412,plain_osd_batch_o2,False,2309670053773979675,True,False,False,best_marginal_in_osd_union,56,0,1,1,56,56,56,56,3584,56,1,0.022051129024475813,1.0
PF64_DENSE_EARLY,PF64_DENSE_EARLY_c0_t3,64,48,0.75,dense,8.0,1.0,0.5,0.2,0.0,0.0,0.0,0.0,slip_6_3,True,63,0,3,2307053505311390412,lsgrand_certified_v1_bound,True,2307053505311390412,True,True,False,strict_unseen_codeword_certificate,320,320,63,63,2,1,0,320,20480,0,63,0.008014063932932913,1.0
PF64_DENSE_EARLY,PF64_DENSE_EARLY_c0_t4,64,48,0.75,dense,8.0,1.0,0.5,0.2,0.0,0.0,0.0,0.0,slip_6_3,True,63,0,4,1098519522050023012,ls_first_valid,True,1098519522050023012,True,False,False,valid_list_complete,26,26,63,13,1,1,0,0,0,0,63,0.0056078999768942595,0.20634920634920634
PF64_DENSE_EARLY,PF64_DENSE_EARLY_c0_t4,64,48,0.75,dense,8.0,1.0,0.5,0.2,0.0,0.0,0.0,0.0,slip_6_3,True,63,0,4,1098519522050023012,ls_list_marginal_L2,True,1098519522050023012,True,False,True,query_cap_before_list,60000,53618,63,63,2,1,1,63,4032,0,126,1.0370743189705536,1.0
PF64_DENSE_EARLY,PF64_DENSE_EARLY_c0_t4,64,48,0.75,dense,8.0,1.0,0.5,0.2,0.0,0.0,0.0,0.0,slip_6_3,True,63,0,4,1098519522050023012,ls_list_marginal_L4,True,1098519522050023012,True,False,True,query_cap_before_list,60000,53618,63,63,2,1,1,63,4032,0,126,0.9967544049723074,1.0
PF64_DENSE_EARLY,PF64_DENSE_EARLY_c0_t4,64,48,0.75,dense,8.0,1.0,0.5,0.2,0.0,0.0,0.0,0.0,slip_6_3,True,63,0,4,1098519522050023012,ls_list_marginal_L8,True,1098519522050023012,True,False,True,query_cap_before_list,60000,53618,63,63,2,1,1,63,4032,0,126,1.0124513539485633,1.0
PF64_DENSE_EARLY,PF64_DENSE_EARLY_c0_t4,64,48,0.75,dense,8.0,1.0,0.5,0.2,0.0,0.0,0.0,0.0,slip_6_3,True,63,0,4,1098519522050023012,latent_osd_batch_o2_s63,True,1098519522050023012,True,False,False,best_marginal_in_osd_union,3528,0,63,63,2557,2557,2557,161091,10309824,3528,63,1.3461844809353352,1.0
PF64_DENSE_EARLY,PF64_DENSE_EARLY_c0_t4,64,48,0.75,dense,8.0,1.0,0.5,0.2,0.0,0.0,0.0,0.0,slip_6_3,True,63,0,4,1098519522050023012,plain_osd_batch_o2,False,1115242386880608717,True,False,False,best_marginal_in_osd_union,56,0,1,1,56,56,56,56,3584,56,1,0.025466114981099963,1.0
PF64_DENSE_EARLY,PF64_DENSE_EARLY_c0_t4,64,48,0.75,dense,8.0,1.0,0.5,0.2,0.0,0.0,0.0,0.0,slip_6_3,True,63,0,4,1098519522050023012,lsgrand_certified_v1_bound,True,1098519522050023012,True,True,False,strict_unseen_codeword_certificate,928,928,63,63,1,1,0,928,59392,0,63,0.017729323008097708,1.0
PF64_DENSE_EARLY,PF64_DENSE_EARLY_c0_t5,64,48,0.75,dense,8.0,1.0,0.5,0.2,0.0,0.0,0.0,0.0,slip_6_1,True,63,0,5,10847214996491331939,ls_first_valid,True,10847214996491331939,True,False,False,valid_list_complete,79,79,63,63,1,1,0,0,0,0,63,0.0032552951015532017,1.0
PF64_DENSE_EARLY,PF64_DENSE_EARLY_c0_t5,64,48,0.75,dense,8.0,1.0,0.5,0.2,0.0,0.0,0.0,0.0,slip_6_1,True,63,0,5,10847214996491331939,ls_list_marginal_L2,True,10847214996491331939,True,False,True,query_cap_before_list,60000,55048,63,63,2,1,1,63,4032,0,126,0.9979121410287917,1.0
PF64_DENSE_EARLY,PF64_DENSE_EARLY_c0_t5,64,48,0.75,dense,8.0,1.0,0.5,0.2,0.0,0.0,0.0,0.0,slip_6_1,True,63,0,5,10847214996491331939,ls_list_marginal_L4,True,10847214996491331939,True,False,True,query_cap_before_list,60000,55048,63,63,2,1,1,63,4032,0,126,1.04140449303668,1.0
PF64_DENSE_EARLY,PF64_DENSE_EARLY_c0_t5,64,48,0.75,dense,8.0,1.0,0.5,0.2,0.0,0.0,0.0,0.0,slip_6_1,True,63,0,5,10847214996491331939,ls_list_marginal_L8,True,10847214996491331939,True,False,True,query_cap_before_list,60000,55048,63,63,2,1,1,63,4032,0,126,0.9798319539986551,1.0
PF64_DENSE_EARLY,PF64_DENSE_EARLY_c0_t5,64,48,0.75,dense,8.0,1.0,0.5,0.2,0.0,0.0,0.0,0.0,slip_6_1,True,63,0,5,10847214996491331939,latent_osd_batch_o2_s63,True,10847214996491331939,True,False,False,best_marginal_in_osd_union,3528,0,63,63,2628,2628,2628,165564,10596096,3528,63,1.5075111018959433,1.0
PF64_DENSE_EARLY,PF64_DENSE_EARLY_c0_t5,64,48,0.75,dense,8.0,1.0,0.5,0.2,0.0,0.0,0.0,0.0,slip_6_1,True,63,0,5,10847214996491331939,plain_osd_batch_o2,False,10848228983014120505,True,False,False,best_marginal_in_osd_union,56,0,1,1,56,56,56,56,3584,56,1,0.024601166020147502,1.0
PF64_DENSE_EARLY,PF64_DENSE_EARLY_c0_t5,64,48,0.75,dense,8.0,1.0,0.5,0.2,0.0,0.0,0.0,0.0,slip_6_1,True,63,0,5,10847214996491331939,lsgrand_certified_v1_bound,True,10847214996491331939,True,True,False,strict_unseen_codeword_certificate,416,416,63,63,1,1,0,416,26624,0,63,0.00857835402712226,1.0
PF64_DENSE_EARLY,PF64_DENSE_EARLY_c0_t6,64,48,0.75,dense,8.0,1.0,0.5,0.2,0.0,0.0,0.0,0.0,slip_6_3,True,63,0,6,13532515445542223583,ls_first_valid,True,13532515445542223583,True,False,False,valid_list_complete,14,14,63,13,1,1,0,0,0,0,63,0.0026172350626438856,0.20634920634920634
PF64_DENSE_EARLY,PF64_DENSE_EARLY_c0_t6,64,48,0.75,dense,8.0,1.0,0.5,0.2,0.0,0.0,0.0,0.0,slip_6_3,True,63,0,6,13532515445542223583,ls_list_marginal_L2,True,13532515445542223583,True,False,True,query_cap_before_list,60000,55207,63,63,4,1,1,63,4032,0,126,0.983198756002821,1.0
PF64_DENSE_EARLY,PF64_DENSE_EARLY_c0_t6,64,48,0.75,dense,8.0,1.0,0.5,0.2,0.0,0.0,0.0,0.0,slip_6_3,True,63,0,6,13532515445542223583,ls_list_marginal_L4,True,13532515445542223583,True,False,True,query_cap_before_list,60000,55207,63,63,4,1,1,63,4032,0,126,1.1027739689452574,1.0
PF64_DENSE_EARLY,PF64_DENSE_EARLY_c0_t6,64,48,0.75,dense,8.0,1.0,0.5,0.2,0.0,0.0,0.0,0.0,slip_6_3,True,63,0,6,13532515445542223583,ls_list_marginal_L8,True,13532515445542223583,True,False,True,query_cap_before_list,60000,55207,63,63,4,1,1,63,4032,0,126,0.9240393949439749,1.0
PF64_DENSE_EARLY,PF64_DENSE_EARLY_c0_t6,64,48,0.75,dense,8.0,1.0,0.5,0.2,0.0,0.0,0.0,0.0,slip_6_3,True,63,0,6,13532515445542223583,latent_osd_batch_o2_s63,True,13532515445542223583,True,False,False,best_marginal_in_osd_union,3528,0,63,63,2620,2620,2620,165060,10563840,3528,63,1.177561808959581,1.0
PF64_DENSE_EARLY,PF64_DENSE_EARLY_c0_t6,64,48,0.75,dense,8.0,1.0,0.5,0.2,0.0,0.0,0.0,0.0,slip_6_3,True,63,0,6,13532515445542223583,plain_osd_batch_o2,False,13821369562452371626,True,False,False,best_marginal_in_osd_union,56,0,1,1,56,56,56,56,3584,56,1,0.0170246820198372,1.0
PF64_DENSE_EARLY,PF64_DENSE_EARLY_c0_t6,64,48,0.75,dense,8.0,1.0,0.5,0.2,0.0,0.0,0.0,0.0,slip_6_3,True,63,0,6,13532515445542223583,lsgrand_certified_v1_bound,True,13532515445542223583,True,True,False,strict_unseen_codeword_certificate,160,160,63,63,1,1,0,160,10240,0,63,0.004600889980792999,1.0
PF64_DENSE_EARLY,PF64_DENSE_EARLY_c0_t7,64,48,0.75,dense,8.0,1.0,0.5,0.2,0.0,0.0,0.0,0.0,slip_6_1,True,63,0,7,4070028991998314046,ls_first_valid,True,4070028991998314046,True,False,False,valid_list_complete,19,19,63,12,1,1,0,0,0,0,63,0.0019283749861642718,0.19047619047619047
PF64_DENSE_EARLY,PF64_DENSE_EARLY_c0_t7,64,48,0.75,dense,8.0,1.0,0.5,0.2,0.0,0.0,0.0,0.0,slip_6_1,True,63,0,7,4070028991998314046,ls_list_marginal_L2,True,4070028991998314046,True,False,False,valid_list_complete,304,296,63,63,2,2,2,126,8064,0,126,0.006207259022630751,1.0
PF64_DENSE_EARLY,PF64_DENSE_EARLY_c0_t7,64,48,0.75,dense,8.0,1.0,0.5,0.2,0.0,0.0,0.0,0.0,slip_6_1,True,63,0,7,4070028991998314046,ls_list_marginal_L4,True,4070028991998314046,True,False,True,query_cap_before_list,60000,54975,63,63,6,3,3,189,12096,0,126,0.9441348650725558,1.0
PF64_DENSE_EARLY,PF64_DENSE_EARLY_c0_t7,64,48,0.75,dense,8.0,1.0,0.5,0.2,0.0,0.0,0.0,0.0,slip_6_1,True,63,0,7,4070028991998314046,ls_list_marginal_L8,True,4070028991998314046,True,False,True,query_cap_before_list,60000,54975,63,63,6,3,3,189,12096,0,126,0.7926280740648508,1.0
PF64_DENSE_EARLY,PF64_DENSE_EARLY_c0_t7,64,48,0.75,dense,8.0,1.0,0.5,0.2,0.0,0.0,0.0,0.0,slip_6_1,True,63,0,7,4070028991998314046,latent_osd_batch_o2_s63,True,4070028991998314046,True,False,False,best_marginal_in_osd_union,3528,0,63,63,2578,2578,2578,162414,10394496,3528,63,1.404060727916658,1.0
PF64_DENSE_EARLY,PF64_DENSE_EARLY_c0_t7,64,48,0.75,dense,8.0,1.0,0.5,0.2,0.0,0.0,0.0,0.0,slip_6_1,True,63,0,7,4070028991998314046,plain_osd_batch_o2,False,17905736268278164375,True,False,False,best_marginal_in_osd_union,56,0,1,1,56,56,56,56,3584,56,1,0.022106981952674687,1.0
PF64_DENSE_EARLY,PF64_DENSE_EARLY_c0_t7,64,48,0.75,dense,8.0,1.0,0.5,0.2,0.0,0.0,0.0,0.0,slip_6_1,True,63,0,7,4070028991998314046,lsgrand_certified_v1_bound,True,4070028991998314046,True,True,False,strict_unseen_codeword_certificate,512,512,63,63,2,2,0,512,32768,0,63,0.009348073042929173,1.0
PF64_DENSE_EARLY,PF64_DENSE_EARLY_c0_t8,64,48,0.75,dense,8.0,1.0,0.5,0.2,0.0,0.0,0.0,0.0,slip_6_3,True,63,0,8,14436266271039070110,ls_first_valid,True,14436266271039070110,True,False,False,valid_list_complete,15,15,63,13,1,1,0,0,0,0,63,0.002496346947737038,0.20634920634920634
PF64_DENSE_EARLY,PF64_DENSE_EARLY_c0_t8,64,48,0.75,dense,8.0,1.0,0.5,0.2,0.0,0.0,0.0,0.0,slip_6_3,True,63,0,8,14436266271039070110,ls_list_marginal_L2,True,14436266271039070110,True,False,True,query_cap_before_list,60000,54553,63,63,3,1,1,63,4032,0,126,1.0336582559393719,1.0
PF64_DENSE_EARLY,PF64_DENSE_EARLY_c0_t8,64,48,0.75,dense,8.0,1.0,0.5,0.2,0.0,0.0,0.0,0.0,slip_6_3,True,63,0,8,14436266271039070110,ls_list_marginal_L4,True,14436266271039070110,True,False,True,query_cap_before_list,60000,54553,63,63,3,1,1,63,4032,0,126,0.8498064989689738,1.0
PF64_DENSE_EARLY,PF64_DENSE_EARLY_c0_t8,64,48,0.75,dense,8.0,1.0,0.5,0.2,0.0,0.0,0.0,0.0,slip_6_3,True,63,0,8,14436266271039070110,ls_list_marginal_L8,True,14436266271039070110,True,False,True,query_cap_before_list,60000,54553,63,63,3,1,1,63,4032,0,126,0.7787223359337077,1.0
PF64_DENSE_EARLY,PF64_DENSE_EARLY_c0_t8,64,48,0.75,dense,8.0,1.0,0.5,0.2,0.0,0.0,0.0,0.0,slip_6_3,True,63,0,8,14436266271039070110,latent_osd_batch_o2_s63,True,14436266271039070110,True,False,False,best_marginal_in_osd_union,3528,0,63,63,2562,2562,2562,161406,10329984,3528,63,1.2456649279920384,1.0
PF64_DENSE_EARLY,PF64_DENSE_EARLY_c0_t8,64,48,0.75,dense,8.0,1.0,0.5,0.2,0.0,0.0,0.0,0.0,slip_6_3,True,63,0,8,14436266271039070110,plain_osd_batch_o2,False,14798408704410073657,True,False,False,best_marginal_in_osd_union,56,0,1,1,56,56,56,56,3584,56,1,0.018300706055015326,1.0
PF64_DENSE_EARLY,PF64_DENSE_EARLY_c0_t8,64,48,0.75,dense,8.0,1.0,0.5,0.2,0.0,0.0,0.0,0.0,slip_6_3,True,63,0,8,14436266271039070110,lsgrand_certified_v1_bound,True,14436266271039070110,True,True,False,strict_unseen_codeword_certificate,192,192,63,63,1,1,0,192,12288,0,63,0.004437629017047584,1.0
PF64_DENSE_EARLY,PF64_DENSE_EARLY_c0_t9,64,48,0.75,dense,8.0,1.0,0.5,0.2,0.0,0.0,0.0,0.0,slip_6_3,True,63,0,9,7706160298695268500,ls_first_valid,True,7706160298695268500,True,False,False,valid_list_complete,20,20,63,13,1,1,0,0,0,0,63,0.005481600994244218,0.20634920634920634
PF64_DENSE_EARLY,PF64_DENSE_EARLY_c0_t9,64,48,0.75,dense,8.0,1.0,0.5,0.2,0.0,0.0,0.0,0.0,slip_6_3,True,63,0,9,7706160298695268500,ls_list_marginal_L2,True,7706160298695268500,True,False,False,valid_list_complete,3108,2930,63,63,3,2,2,126,8064,0,126,0.05065025296062231,1.0
PF64_DENSE_EARLY,PF64_DENSE_EARLY_c0_t9,64,48,0.75,dense,8.0,1.0,0.5,0.2,0.0,0.0,0.0,0.0,slip_6_3,True,63,0,9,7706160298695268500,ls_list_marginal_L4,True,7706160298695268500,True,False,True,query_cap_before_list,60000,54446,63,63,4,2,2,126,8064,0,126,0.8560235729673877,1.0
PF64_DENSE_EARLY,PF64_DENSE_EARLY_c0_t9,64,48,0.75,dense,8.0,1.0,0.5,0.2,0.0,0.0,0.0,0.0,slip_6_3,True,63,0,9,7706160298695268500,ls_list_marginal_L8,True,7706160298695268500,True,False,True,query_cap_before_list,60000,54446,63,63,4,2,2,126,8064,0,126,0.8067317890236154,1.0
PF64_DENSE_EARLY,PF64_DENSE_EARLY_c0_t9,64,48,0.75,dense,8.0,1.0,0.5,0.2,0.0,0.0,0.0,0.0,slip_6_3,True,63,0,9,7706160298695268500,latent_osd_batch_o2_s63,True,7706160298695268500,True,False,False,best_marginal_in_osd_union,3528,0,63,63,2530,2530,2530,159390,10200960,3528,63,1.338004564982839,1.0
PF64_DENSE_EARLY,PF64_DENSE_EARLY_c0_t9,64,48,0.75,dense,8.0,1.0,0.5,0.2,0.0,0.0,0.0,0.0,slip_6_3,True,63,0,9,7706160298695268500,plain_osd_batch_o2,False,7707804027071131965,True,False,False,best_marginal_in_osd_union,56,0,1,1,56,56,56,56,3584,56,1,0.022977143991738558,1.0
PF64_DENSE_EARLY,PF64_DENSE_EARLY_c0_t9,64,48,0.75,dense,8.0,1.0,0.5,0.2,0.0,0.0,0.0,0.0,slip_6_3,True,63,0,9,7706160298695268500,lsgrand_certified_v1_bound,True,7706160298695268500,True,True,False,strict_unseen_codeword_certificate,480,480,63,63,1,1,0,480,30720,0,63,0.008938519051298499,1.0
PF64_DENSE_EARLY,PF64_DENSE_EARLY_c0_t10,64,48,0.75,dense,8.0,1.0,0.5,0.2,0.0,0.0,0.0,0.0,slip_6_3,True,63,0,10,707971953791358517,ls_first_valid,True,707971953791358517,True,False,False,valid_list_complete,28,28,63,13,1,1,0,0,0,0,63,0.002172539010643959,0.20634920634920634
PF64_DENSE_EARLY,PF64_DENSE_EARLY_c0_t10,64,48,0.75,dense,8.0,1.0,0.5,0.2,0.0,0.0,0.0,0.0,slip_6_3,True,63,0,10,707971953791358517,ls_list_marginal_L2,True,707971953791358517,True,False,True,query_cap_before_list,60000,54161,63,63,2,1,1,63,4032,0,126,0.7919928570045158,1.0
PF64_DENSE_EARLY,PF64_DENSE_EARLY_c0_t10,64,48,0.75,dense,8.0,1.0,0.5,0.2,0.0,0.0,0.0,0.0,slip_6_3,True,63,0,10,707971953791358517,ls_list_marginal_L4,True,707971953791358517,True,False,True,query_cap_before_list,60000,54161,63,63,2,1,1,63,4032,0,126,0.8500286130001768,1.0
PF64_DENSE_EARLY,PF64_DENSE_EARLY_c0_t10,64,48,0.75,dense,8.0,1.0,0.5,0.2,0.0,0.0,0.0,0.0,slip_6_3,True,63,0,10,707971953791358517,ls_list_marginal_L8,True,707971953791358517,True,False,True,query_cap_before_list,60000,54161,63,63,2,1,1,63,4032,0,126,0.9762419819599018,1.0
PF64_DENSE_EARLY,PF64_DENSE_EARLY_c0_t10,64,48,0.75,dense,8.0,1.0,0.5,0.2,0.0,0.0,0.0,0.0,slip_6_3,True,63,0,10,707971953791358517,latent_osd_batch_o2_s63,True,707971953791358517,True,False,False,best_marginal_in_osd_union,3528,0,63,63,2625,2625,2625,165375,10584000,3528,63,1.3352678960654885,1.0
PF64_DENSE_EARLY,PF64_DENSE_EARLY_c0_t10,64,48,0.75,dense,8.0,1.0,0.5,0.2,0.0,0.0,0.0,0.0,slip_6_3,True,63,0,10,707971953791358517,plain_osd_batch_o2,False,672836387368140143,True,False,False,best_marginal_in_osd_union,56,0,1,1,56,56,56,56,3584,56,1,0.016508262022398412,1.0
PF64_DENSE_EARLY,PF64_DENSE_EARLY_c0_t10,64,48,0.75,dense,8.0,1.0,0.5,0.2,0.0,0.0,0.0,0.0,slip_6_3,True,63,0,10,707971953791358517,lsgrand_certified_v1_bound,True,707971953791358517,True,True,False,strict_unseen_codeword_certificate,1088,1088,63,63,1,1,0,1088,69632,0,63,0.014815160073339939,1.0
PF64_DENSE_EARLY,PF64_DENSE_EARLY_c0_t11,64,48,0.75,dense,8.0,1.0,0.5,0.2,0.0,0.0,0.0,0.0,slip_6_3,True,63,0,11,11060593623406248317,ls_first_valid,True,11060593623406248317,True,False,False,valid_list_complete,15,15,63,13,1,1,0,0,0,0,63,0.0030407169833779335,0.20634920634920634
PF64_DENSE_EARLY,PF64_DENSE_EARLY_c0_t11,64,48,0.75,dense,8.0,1.0,0.5,0.2,0.0,0.0,0.0,0.0,slip_6_3,True,63,0,11,11060593623406248317,ls_list_marginal_L2,True,11060593623406248317,True,False,False,valid_list_complete,13625,12690,63,63,3,2,2,126,8064,0,126,0.15298063796944916,1.0
PF64_DENSE_EARLY,PF64_DENSE_EARLY_c0_t11,64,48,0.75,dense,8.0,1.0,0.5,0.2,0.0,0.0,0.0,0.0,slip_6_3,True,63,0,11,11060593623406248317,ls_list_marginal_L4,True,11060593623406248317,True,False,True,query_cap_before_list,60000,54801,63,63,5,3,3,189,12096,0,126,0.8787465989589691,1.0
PF64_DENSE_EARLY,PF64_DENSE_EARLY_c0_t11,64,48,0.75,dense,8.0,1.0,0.5,0.2,0.0,0.0,0.0,0.0,slip_6_3,True,63,0,11,11060593623406248317,ls_list_marginal_L8,True,11060593623406248317,True,False,True,query_cap_before_list,60000,54801,63,63,5,3,3,189,12096,0,126,0.7394581419648603,1.0
PF64_DENSE_EARLY,PF64_DENSE_EARLY_c0_t11,64,48,0.75,dense,8.0,1.0,0.5,0.2,0.0,0.0,0.0,0.0,slip_6_3,True,63,0,11,11060593623406248317,latent_osd_batch_o2_s63,True,11060593623406248317,True,False,False,best_marginal_in_osd_union,3528,0,63,63,2535,2535,2535,159705,10221120,3528,63,1.0352933399844915,1.0
PF64_DENSE_EARLY,PF64_DENSE_EARLY_c0_t11,64,48,0.75,dense,8.0,1.0,0.5,0.2,0.0,0.0,0.0,0.0,slip_6_3,True,63,0,11,11060593623406248317,plain_osd_batch_o2,False,15670942139777095659,True,False,False,best_marginal_in_osd_union,56,0,1,1,56,56,56,56,3584,56,1,0.023990775924175978,1.0
PF64_DENSE_EARLY,PF64_DENSE_EARLY_c0_t11,64,48,0.75,dense,8.0,1.0,0.5,0.2,0.0,0.0,0.0,0.0,slip_6_3,True,63,0,11,11060593623406248317,lsgrand_certified_v1_bound,True,11060593623406248317,True,True,False,strict_unseen_codeword_certificate,192,192,63,63,1,1,0,192,12288,0,63,0.006009909091517329,1.0
PF64_DENSE_EARLY,PF64_DENSE_EARLY_c0_t12,64,48,0.75,dense,8.0,1.0,0.5,0.2,0.0,0.0,0.0,0.0,slip_6_1,True,63,0,12,5284710208771276656,ls_first_valid,True,5284710208771276656,True,False,False,valid_list_complete,83,83,63,63,1,1,0,0,0,0,63,0.0034665099810808897,1.0
PF64_DENSE_EARLY,PF64_DENSE_EARLY_c0_t12,64,48,0.75,dense,8.0,1.0,0.5,0.2,0.0,0.0,0.0,0.0,slip_6_1,True,63,0,12,5284710208771276656,ls_list_marginal_L2,True,5284710208771276656,True,False,True,query_cap_before_list,60000,54456,63,63,2,1,1,63,4032,0,126,0.8651804559631273,1.0
PF64_DENSE_EARLY,PF64_DENSE_EARLY_c0_t12,64,48,0.75,dense,8.0,1.0,0.5,0.2,0.0,0.0,0.0,0.0,slip_6_1,True,63,0,12,5284710208771276656,ls_list_marginal_L4,True,5284710208771276656,True,False,True,query_cap_before_list,60000,54456,63,63,2,1,1,63,4032,0,126,0.7526810449780896,1.0
PF64_DENSE_EARLY,PF64_DENSE_EARLY_c0_t12,64,48,0.75,dense,8.0,1.0,0.5,0.2,0.0,0.0,0.0,0.0,slip_6_1,True,63,0,12,5284710208771276656,ls_list_marginal_L8,True,5284710208771276656,True,False,True,query_cap_before_list,60000,54456,63,63,2,1,1,63,4032,0,126,0.7364688949892297,1.0
PF64_DENSE_EARLY,PF64_DENSE_EARLY_c0_t12,64,48,0.75,dense,8.0,1.0,0.5,0.2,0.0,0.0,0.0,0.0,slip_6_1,True,63,0,12,5284710208771276656,latent_osd_batch_o2_s63,True,5284710208771276656,True,False,False,best_marginal_in_osd_union,3528,0,63,63,2648,2648,2648,166824,10676736,3528,63,1.335787573014386,1.0
PF64_DENSE_EARLY,PF64_DENSE_EARLY_c0_t12,64,48,0.75,dense,8.0,1.0,0.5,0.2,0.0,0.0,0.0,0.0,slip_6_1,True,63,0,12,5284710208771276656,plain_osd_batch_o2,False,5211128166427964690,True,False,False,best_marginal_in_osd_union,56,0,1,1,56,56,56,56,3584,56,1,0.022401369991712272,1.0
PF64_DENSE_EARLY,PF64_DENSE_EARLY_c0_t12,64,48,0.75,dense,8.0,1.0,0.5,0.2,0.0,0.0,0.0,0.0,slip_6_1,True,63,0,12,5284710208771276656,lsgrand_certified_v1_bound,True,5284710208771276656,True,True,False,strict_unseen_codeword_certificate,640,640,63,63,1,1,0,640,40960,0,63,0.009302749997004867,1.0
PF64_DENSE_EARLY,PF64_DENSE_EARLY_c0_t13,64,48,0.75,dense,8.0,1.0,0.5,0.2,0.0,0.0,0.0,0.0,slip_6_1,True,63,0,13,12323871964077010532,ls_first_valid,True,12323871964077010532,True,False,False,valid_list_complete,15,15,63,12,1,1,0,0,0,0,63,0.001883254968561232,0.19047619047619047
PF64_DENSE_EARLY,PF64_DENSE_EARLY_c0_t13,64,48,0.75,dense,8.0,1.0,0.5,0.2,0.0,0.0,0.0,0.0,slip_6_1,True,63,0,13,12323871964077010532,ls_list_marginal_L2,True,12323871964077010532,True,False,False,valid_list_complete,50640,45690,63,63,4,2,2,126,8064,0,126,0.6966740210773423,1.0
PF64_DENSE_EARLY,PF64_DENSE_EARLY_c0_t13,64,48,0.75,dense,8.0,1.0,0.5,0.2,0.0,0.0,0.0,0.0,slip_6_1,True,63,0,13,12323871964077010532,ls_list_marginal_L4,True,12323871964077010532,True,False,True,query_cap_before_list,60000,53996,63,63,4,2,2,126,8064,0,126,0.7751609520055354,1.0
PF64_DENSE_EARLY,PF64_DENSE_EARLY_c0_t13,64,48,0.75,dense,8.0,1.0,0.5,0.2,0.0,0.0,0.0,0.0,slip_6_1,True,63,0,13,12323871964077010532,ls_list_marginal_L8,True,12323871964077010532,True,False,True,query_cap_before_list,60000,53996,63,63,4,2,2,126,8064,0,126,0.9599988849367946,1.0
PF64_DENSE_EARLY,PF64_DENSE_EARLY_c0_t13,64,48,0.75,dense,8.0,1.0,0.5,0.2,0.0,0.0,0.0,0.0,slip_6_1,True,63,0,13,12323871964077010532,latent_osd_batch_o2_s63,True,12323871964077010532,True,False,False,best_marginal_in_osd_union,3528,0,63,63,2512,2512,2512,158256,10128384,3528,63,0.8669876320054755,1.0
PF64_DENSE_EARLY,PF64_DENSE_EARLY_c0_t13,64,48,0.75,dense,8.0,1.0,0.5,0.2,0.0,0.0,0.0,0.0,slip_6_1,True,63,0,13,12323871964077010532,plain_osd_batch_o2,False,12322304232535553586,True,False,False,best_marginal_in_osd_union,56,0,1,1,56,56,56,56,3584,56,1,0.021677709999494255,1.0
PF64_DENSE_EARLY,PF64_DENSE_EARLY_c0_t13,64,48,0.75,dense,8.0,1.0,0.5,0.2,0.0,0.0,0.0,0.0,slip_6_1,True,63,0,13,12323871964077010532,lsgrand_certified_v1_bound,True,12323871964077010532,True,True,False,strict_unseen_codeword_certificate,256,256,63,63,1,1,0,256,16384,0,63,0.007731822086498141,1.0
PF64_DENSE_EARLY,PF64_DENSE_EARLY_c0_t14,64,48,0.75,dense,8.0,1.0,0.5,0.2,0.0,0.0,0.0,0.0,slip_6_1,True,63,0,14,3418012692106483172,ls_first_valid,True,3418012692106483172,True,False,False,valid_list_complete,14,14,63,12,1,1,0,0,0,0,63,0.002430706052109599,0.19047619047619047
PF64_DENSE_EARLY,PF64_DENSE_EARLY_c0_t14,64,48,0.75,dense,8.0,1.0,0.5,0.2,0.0,0.0,0.0,0.0,slip_6_1,True,63,0,14,3418012692106483172,ls_list_marginal_L2,True,3418012692106483172,True,False,True,query_cap_before_list,60000,54944,63,63,4,1,1,63,4032,0,126,0.7429971600649878,1.0
PF64_DENSE_EARLY,PF64_DENSE_EARLY_c0_t14,64,48,0.75,dense,8.0,1.0,0.5,0.2,0.0,0.0,0.0,0.0,slip_6_1,True,63,0,14,3418012692106483172,ls_list_marginal_L4,True,3418012692106483172,True,False,True,query_cap_before_list,60000,54944,63,63,4,1,1,63,4032,0,126,0.9226503690006211,1.0
PF64_DENSE_EARLY,PF64_DENSE_EARLY_c0_t14,64,48,0.75,dense,8.0,1.0,0.5,0.2,0.0,0.0,0.0,0.0,slip_6_1,True,63,0,14,3418012692106483172,ls_list_marginal_L8,True,3418012692106483172,True,False,True,query_cap_before_list,60000,54944,63,63,4,1,1,63,4032,0,126,0.7841264159651473,1.0
PF64_DENSE_EARLY,PF64_DENSE_EARLY_c0_t14,64,48,0.75,dense,8.0,1.0,0.5,0.2,0.0,0.0,0.0,0.0,slip_6_1,True,63,0,14,3418012692106483172,latent_osd_batch_o2_s63,True,3418012692106483172,True,False,False,best_marginal_in_osd_union,3528,0,63,63,2579,2579,2579,162477,10398528,3528,63,1.219373709987849,1.0
PF64_DENSE_EARLY,PF64_DENSE_EARLY_c0_t14,64,48,0.75,dense,8.0,1.0,0.5,0.2,0.0,0.0,0.0,0.0,slip_6_1,True,63,0,14,3418012692106483172,plain_osd_batch_o2,False,2553996347718942834,True,False,False,best_marginal_in_osd_union,56,0,1,1,56,56,56,56,3584,56,1,0.02971115300897509,1.0
PF64_DENSE_EARLY,PF64_DENSE_EARLY_c0_t14,64,48,0.75,dense,8.0,1.0,0.5,0.2,0.0,0.0,0.0,0.0,slip_6_1,True,63,0,14,3418012692106483172,lsgrand_certified_v1_bound,True,3418012692106483172,True,True,False,strict_unseen_codeword_certificate,160,160,63,63,1,1,0,160,10240,0,63,0.007130224956199527,1.0
PF64_DENSE_EARLY,PF64_DENSE_EARLY_c0_t15,64,48,0.75,dense,8.0,1.0,0.5,0.2,0.0,0.0,0.0,0.0,slip_6_1,True,63,0,15,15603793825732909228,ls_first_valid,True,15603793825732909228,True,False,False,valid_list_complete,77,75,63,63,1,1,0,0,0,0,63,0.003971582977101207,1.0
PF64_DENSE_EARLY,PF64_DENSE_EARLY_c0_t15,64,48,0.75,dense,8.0,1.0,0.5,0.2,0.0,0.0,0.0,0.0,slip_6_1,True,63,0,15,15603793825732909228,ls_list_marginal_L2,True,15603793825732909228,True,False,False,valid_list_complete,7596,7132,63,63,3,2,2,126,8064,0,126,0.11061838094610721,1.0
PF64_DENSE_EARLY,PF64_DENSE_EARLY_c0_t15,64,48,0.75,dense,8.0,1.0,0.5,0.2,0.0,0.0,0.0,0.0,slip_6_1,True,63,0,15,15603793825732909228,ls_list_marginal_L4,True,15603793825732909228,True,False,True,query_cap_before_list,60000,54935,63,63,4,2,2,126,8064,0,126,0.9020015730056912,1.0
PF64_DENSE_EARLY,PF64_DENSE_EARLY_c0_t15,64,48,0.75,dense,8.0,1.0,0.5,0.2,0.0,0.0,0.0,0.0,slip_6_1,True,63,0,15,15603793825732909228,ls_list_marginal_L8,True,15603793825732909228,True,False,True,query_cap_before_list,60000,54935,63,63,4,2,2,126,8064,0,126,0.8755100070266053,1.0
PF64_DENSE_EARLY,PF64_DENSE_EARLY_c0_t15,64,48,0.75,dense,8.0,1.0,0.5,0.2,0.0,0.0,0.0,0.0,slip_6_1,True,63,0,15,15603793825732909228,latent_osd_batch_o2_s63,True,15603793825732909228,True,False,False,best_marginal_in_osd_union,3528,0,63,63,2640,2640,2640,166320,10644480,3528,63,1.1453533730236813,1.0
PF64_DENSE_EARLY,PF64_DENSE_EARLY_c0_t15,64,48,0.75,dense,8.0,1.0,0.5,0.2,0.0,0.0,0.0,0.0,slip_6_1,True,63,0,15,15603793825732909228,plain_osd_batch_o2,False,6452925357662605042,True,False,False,best_marginal_in_osd_union,56,0,1,1,56,56,56,56,3584,56,1,0.01819366100244224,1.0
PF64_DENSE_EARLY,PF64_DENSE_EARLY_c0_t15,64,48,0.75,dense,8.0,1.0,0.5,0.2,0.0,0.0,0.0,0.0,slip_6_1,True,63,0,15,15603793825732909228,lsgrand_certified_v1_bound,True,15603793825732909228,True,True,False,strict_unseen_codeword_certificate,288,288,63,63,1,1,0,288,18432,0,63,0.005251938011497259,1.0
PF64_DENSE_EARLY,PF64_DENSE_EARLY_c0_t16,64,48,0.75,dense,8.0,1.0,0.5,0.2,0.0,0.0,0.0,0.0,slip_6_3,True,63,0,16,1925803229344044618,ls_first_valid,True,1925803229344044618,True,False,False,valid_list_complete,13,13,63,13,1,1,0,0,0,0,63,0.0020120630506426096,0.20634920634920634
PF64_DENSE_EARLY,PF64_DENSE_EARLY_c0_t16,64,48,0.75,dense,8.0,1.0,0.5,0.2,0.0,0.0,0.0,0.0,slip_6_3,True,63,0,16,1925803229344044618,ls_list_marginal_L2,True,1925803229344044618,True,False,True,query_cap_before_list,60000,55078,63,63,3,1,1,63,4032,0,126,0.8799936750438064,1.0
PF64_DENSE_EARLY,PF64_DENSE_EARLY_c0_t16,64,48,0.75,dense,8.0,1.0,0.5,0.2,0.0,0.0,0.0,0.0,slip_6_3,True,63,0,16,1925803229344044618,ls_list_marginal_L4,True,1925803229344044618,True,False,True,query_cap_before_list,60000,55078,63,63,3,1,1,63,4032,0,126,0.9071539340075105,1.0
PF64_DENSE_EARLY,PF64_DENSE_EARLY_c0_t16,64,48,0.75,dense,8.0,1.0,0.5,0.2,0.0,0.0,0.0,0.0,slip_6_3,True,63,0,16,1925803229344044618,ls_list_marginal_L8,True,1925803229344044618,True,False,True,query_cap_before_list,60000,55078,63,63,3,1,1,63,4032,0,126,0.7349702530773357,1.0
PF64_DENSE_EARLY,PF64_DENSE_EARLY_c0_t16,64,48,0.75,dense,8.0,1.0,0.5,0.2,0.0,0.0,0.0,0.0,slip_6_3,True,63,0,16,1925803229344044618,latent_osd_batch_o2_s63,True,1925803229344044618,True,False,False,best_marginal_in_osd_union,3528,0,63,63,2629,2629,2629,165627,10600128,3528,63,1.3563451289664954,1.0
PF64_DENSE_EARLY,PF64_DENSE_EARLY_c0_t16,64,48,0.75,dense,8.0,1.0,0.5,0.2,0.0,0.0,0.0,0.0,slip_6_3,True,63,0,16,1925803229344044618,plain_osd_batch_o2,False,1924080200496208080,True,False,False,best_marginal_in_osd_union,56,0,1,1,56,56,56,56,3584,56,1,0.016437669983133674,1.0
PF64_DENSE_EARLY,PF64_DENSE_EARLY_c0_t16,64,48,0.75,dense,8.0,1.0,0.5,0.2,0.0,0.0,0.0,0.0,slip_6_3,True,63,0,16,1925803229344044618,lsgrand_certified_v1_bound,True,1925803229344044618,True,True,False,strict_unseen_codeword_certificate,64,64,63,63,1,1,0,64,4096,0,63,0.002802953007631004,1.0
PF64_DENSE_EARLY,PF64_DENSE_EARLY_c0_t17,64,48,0.75,dense,8.0,1.0,0.5,0.2,0.0,0.0,0.0,0.0,slip_6_3,True,63,0,17,11326755394726346081,ls_first_valid,True,11326755394726346081,True,False,False,valid_list_complete,78,78,63,63,1,1,0,0,0,0,63,0.0026368420803919435,1.0
PF64_DENSE_EARLY,PF64_DENSE_EARLY_c0_t17,64,48,0.75,dense,8.0,1.0,0.5,0.2,0.0,0.0,0.0,0.0,slip_6_3,True,63,0,17,11326755394726346081,ls_list_marginal_L2,True,11326755394726346081,True,False,False,valid_list_complete,6205,5793,63,63,2,2,2,126,8064,0,126,0.09274653601460159,1.0
PF64_DENSE_EARLY,PF64_DENSE_EARLY_c0_t17,64,48,0.75,dense,8.0,1.0,0.5,0.2,0.0,0.0,0.0,0.0,slip_6_3,True,63,0,17,11326755394726346081,ls_list_marginal_L4,True,11326755394726346081,True,False,False,valid_list_complete,20915,19269,63,63,6,4,4,252,16128,0,126,0.24089713708963245,1.0
PF64_DENSE_EARLY,PF64_DENSE_EARLY_c0_t17,64,48,0.75,dense,8.0,1.0,0.5,0.2,0.0,0.0,0.0,0.0,slip_6_3,True,63,0,17,11326755394726346081,ls_list_marginal_L8,True,11326755394726346081,True,False,True,query_cap_before_list,60000,54366,63,63,7,5,5,315,20160,0,126,0.7841070590075105,1.0
PF64_DENSE_EARLY,PF64_DENSE_EARLY_c0_t17,64,48,0.75,dense,8.0,1.0,0.5,0.2,0.0,0.0,0.0,0.0,slip_6_3,True,63,0,17,11326755394726346081,latent_osd_batch_o2_s63,True,11326755394726346081,True,False,False,best_marginal_in_osd_union,3528,0,63,63,2510,2510,2510,158130,10120320,3528,63,1.2746178930392489,1.0
PF64_DENSE_EARLY,PF64_DENSE_EARLY_c0_t17,64,48,0.75,dense,8.0,1.0,0.5,0.2,0.0,0.0,0.0,0.0,slip_6_3,True,63,0,17,11326755394726346081,plain_osd_batch_o2,False,11327996839540452295,True,False,False,best_marginal_in_osd_union,56,0,1,1,56,56,56,56,3584,56,1,0.01851604296825826,1.0
PF64_DENSE_EARLY,PF64_DENSE_EARLY_c0_t17,64,48,0.75,dense,8.0,1.0,0.5,0.2,0.0,0.0,0.0,0.0,slip_6_3,True,63,0,17,11326755394726346081,lsgrand_certified_v1_bound,True,11326755394726346081,True,True,False,strict_unseen_codeword_certificate,256,256,63,63,1,1,0,256,16384,0,63,0.004772002925164998,1.0
PF64_DENSE_EARLY,PF64_DENSE_EARLY_c0_t18,64,48,0.75,dense,8.0,1.0,0.5,0.2,0.0,0.0,0.0,0.0,slip_6_3,True,63,0,18,14820220535086231665,ls_first_valid,True,14820220535086231665,True,False,False,valid_list_complete,160,154,63,63,1,1,0,0,0,0,63,0.0033157210564240813,1.0
PF64_DENSE_EARLY,PF64_DENSE_EARLY_c0_t18,64,48,0.75,dense,8.0,1.0,0.5,0.2,0.0,0.0,0.0,0.0,slip_6_3,True,63,0,18,14820220535086231665,ls_list_marginal_L2,True,14820220535086231665,True,False,True,query_cap_before_list,60000,54133,63,63,3,1,1,63,4032,0,126,0.6818335300777107,1.0
PF64_DENSE_EARLY,PF64_DENSE_EARLY_c0_t18,64,48,0.75,dense,8.0,1.0,0.5,0.2,0.0,0.0,0.0,0.0,slip_6_3,True,63,0,18,14820220535086231665,ls_list_marginal_L4,True,14820220535086231665,True,False,True,query_cap_before_list,60000,54133,63,63,3,1,1,63,4032,0,126,0.7792790110688657,1.0
PF64_DENSE_EARLY,PF64_DENSE_EARLY_c0_t18,64,48,0.75,dense,8.0,1.0,0.5,0.2,0.0,0.0,0.0,0.0,slip_6_3,True,63,0,18,14820220535086231665,ls_list_marginal_L8,True,14820220535086231665,True,False,True,query_cap_before_list,60000,54133,63,63,3,1,1,63,4032,0,126,0.9532355091068894,1.0
PF64_DENSE_EARLY,PF64_DENSE_EARLY_c0_t18,64,48,0.75,dense,8.0,1.0,0.5,0.2,0.0,0.0,0.0,0.0,slip_6_3,True,63,0,18,14820220535086231665,latent_osd_batch_o2_s63,True,14820220535086231665,True,False,False,best_marginal_in_osd_union,3528,0,63,63,2631,2631,2631,165753,10608192,3528,63,1.439978422014974,1.0
PF64_DENSE_EARLY,PF64_DENSE_EARLY_c0_t18,64,48,0.75,dense,8.0,1.0,0.5,0.2,0.0,0.0,0.0,0.0,slip_6_3,True,63,0,18,14820220535086231665,plain_osd_batch_o2,False,14747412192405366247,True,False,False,best_marginal_in_osd_union,56,0,1,1,56,56,56,56,3584,56,1,0.01738265692256391,1.0
PF64_DENSE_EARLY,PF64_DENSE_EARLY_c0_t18,64,48,0.75,dense,8.0,1.0,0.5,0.2,0.0,0.0,0.0,0.0,slip_6_3,True,63,0,18,14820220535086231665,lsgrand_certified_v1_bound,True,14820220535086231665,True,True,False,strict_unseen_codeword_certificate,1632,1632,63,63,1,1,0,1632,104448,0,63,0.024959934991784394,1.0
PF64_DENSE_EARLY,PF64_DENSE_EARLY_c0_t19,64,48,0.75,dense,8.0,1.0,0.5,0.2,0.0,0.0,0.0,0.0,slip_6_3,True,63,0,19,7647932520906806501,ls_first_valid,True,7647932520906806501,True,False,False,valid_list_complete,14,14,63,13,1,1,0,0,0,0,63,0.0020176300313323736,0.20634920634920634
PF64_DENSE_EARLY,PF64_DENSE_EARLY_c0_t19,64,48,0.75,dense,8.0,1.0,0.5,0.2,0.0,0.0,0.0,0.0,slip_6_3,True,63,0,19,7647932520906806501,ls_list_marginal_L2,True,7647932520906806501,True,False,False,valid_list_complete,12887,12047,63,63,4,2,2,126,8064,0,126,0.14192141697276384,1.0
PF64_DENSE_EARLY,PF64_DENSE_EARLY_c0_t19,64,48,0.75,dense,8.0,1.0,0.5,0.2,0.0,0.0,0.0,0.0,slip_6_3,True,63,0,19,7647932520906806501,ls_list_marginal_L4,True,7647932520906806501,True,False,True,query_cap_before_list,60000,54955,63,63,5,3,3,189,12096,0,126,0.8511213470483199,1.0
PF64_DENSE_EARLY,PF64_DENSE_EARLY_c0_t19,64,48,0.75,dense,8.0,1.0,0.5,0.2,0.0,0.0,0.0,0.0,slip_6_3,True,63,0,19,7647932520906806501,ls_list_marginal_L8,True,7647932520906806501,True,False,True,query_cap_before_list,60000,54955,63,63,5,3,3,189,12096,0,126,0.8418281699996442,1.0
PF64_DENSE_EARLY,PF64_DENSE_EARLY_c0_t19,64,48,0.75,dense,8.0,1.0,0.5,0.2,0.0,0.0,0.0,0.0,slip_6_3,True,63,0,19,7647932520906806501,latent_osd_batch_o2_s63,True,7647932520906806501,True,False,False,best_marginal_in_osd_union,3528,0,63,63,2566,2566,2566,161658,10346112,3528,63,1.1838185300584882,1.0
PF64_DENSE_EARLY,PF64_DENSE_EARLY_c0_t19,64,48,0.75,dense,8.0,1.0,0.5,0.2,0.0,0.0,0.0,0.0,slip_6_3,True,63,0,19,7647932520906806501,plain_osd_batch_o2,False,5333529017848479119,True,False,False,best_marginal_in_osd_union,56,0,1,1,56,56,56,56,3584,56,1,0.018244624021463096,1.0
PF64_DENSE_EARLY,PF64_DENSE_EARLY_c0_t19,64,48,0.75,dense,8.0,1.0,0.5,0.2,0.0,0.0,0.0,0.0,slip_6_3,True,63,0,19,7647932520906806501,lsgrand_certified_v1_bound,True,7647932520906806501,True,True,False,strict_unseen_codeword_certificate,160,160,63,63,1,1,0,160,10240,0,63,0.004545965930446982,1.0
PF64_DENSE_EARLY,PF64_DENSE_EARLY_c1_t0,64,48,0.75,dense,8.0,1.0,0.5,0.2,0.0,0.0,0.0,0.0,slip_6_1,True,63,1,0,2954621035492248265,ls_first_valid,True,2954621035492248265,True,False,False,valid_list_complete,429,415,63,63,1,1,0,0,0,0,63,0.008347008028067648,1.0
PF64_DENSE_EARLY,PF64_DENSE_EARLY_c1_t0,64,48,0.75,dense,8.0,1.0,0.5,0.2,0.0,0.0,0.0,0.0,slip_6_1,True,63,1,0,2954621035492248265,ls_list_marginal_L2,True,2954621035492248265,True,False,True,query_cap_before_list,60000,54002,63,63,3,1,1,63,4032,0,126,0.9856957700103521,1.0
PF64_DENSE_EARLY,PF64_DENSE_EARLY_c1_t0,64,48,0.75,dense,8.0,1.0,0.5,0.2,0.0,0.0,0.0,0.0,slip_6_1,True,63,1,0,2954621035492248265,ls_list_marginal_L4,True,2954621035492248265,True,False,True,query_cap_before_list,60000,54002,63,63,3,1,1,63,4032,0,126,0.8162014910485595,1.0
PF64_DENSE_EARLY,PF64_DENSE_EARLY_c1_t0,64,48,0.75,dense,8.0,1.0,0.5,0.2,0.0,0.0,0.0,0.0,slip_6_1,True,63,1,0,2954621035492248265,ls_list_marginal_L8,True,2954621035492248265,True,False,True,query_cap_before_list,60000,54002,63,63,3,1,1,63,4032,0,126,0.8411950609879568,1.0
PF64_DENSE_EARLY,PF64_DENSE_EARLY_c1_t0,64,48,0.75,dense,8.0,1.0,0.5,0.2,0.0,0.0,0.0,0.0,slip_6_1,True,63,1,0,2954621035492248265,latent_osd_batch_o2_s63,True,2954621035492248265,True,False,False,best_marginal_in_osd_union,3528,0,63,63,2567,2567,2567,161721,10350144,3528,63,1.1812447300180793,1.0
PF64_DENSE_EARLY,PF64_DENSE_EARLY_c1_t0,64,48,0.75,dense,8.0,1.0,0.5,0.2,0.0,0.0,0.0,0.0,slip_6_1,True,63,1,0,2954621035492248265,plain_osd_batch_o2,False,2885249065860001388,True,False,False,best_marginal_in_osd_union,56,0,1,1,56,56,56,56,3584,56,1,0.01879211002960801,1.0
PF64_DENSE_EARLY,PF64_DENSE_EARLY_c1_t0,64,48,0.75,dense,8.0,1.0,0.5,0.2,0.0,0.0,0.0,0.0,slip_6_1,True,63,1,0,2954621035492248265,lsgrand_certified_v1_bound,True,2954621035492248265,True,True,False,strict_unseen_codeword_certificate,3072,3072,63,63,2,1,0,3072,196608,0,63,0.03904990293085575,1.0
PF64_DENSE_EARLY,PF64_DENSE_EARLY_c1_t1,64,48,0.75,dense,8.0,1.0,0.5,0.2,0.0,0.0,0.0,0.0,slip_6_1,True,63,1,1,13341917845633340717,ls_first_valid,True,13341917845633340717,True,False,False,valid_list_complete,15,15,63,12,1,1,0,0,0,0,63,0.0019145699916407466,0.19047619047619047
PF64_DENSE_EARLY,PF64_DENSE_EARLY_c1_t1,64,48,0.75,dense,8.0,1.0,0.5,0.2,0.0,0.0,0.0,0.0,slip_6_1,True,63,1,1,13341917845633340717,ls_list_marginal_L2,True,13341917845633340717,True,False,False,valid_list_complete,1223,1173,63,63,2,2,2,126,8064,0,126,0.015976605005562305,1.0
PF64_DENSE_EARLY,PF64_DENSE_EARLY_c1_t1,64,48,0.75,dense,8.0,1.0,0.5,0.2,0.0,0.0,0.0,0.0,slip_6_1,True,63,1,1,13341917845633340717,ls_list_marginal_L4,True,13341917845633340717,True,False,False,valid_list_complete,42899,39088,63,63,6,4,4,252,16128,0,126,0.6557926570530981,1.0
PF64_DENSE_EARLY,PF64_DENSE_EARLY_c1_t1,64,48,0.75,dense,8.0,1.0,0.5,0.2,0.0,0.0,0.0,0.0,slip_6_1,True,63,1,1,13341917845633340717,ls_list_marginal_L8,True,13341917845633340717,True,False,True,query_cap_before_list,60000,54378,63,63,7,4,4,252,16128,0,126,0.8682365589775145,1.0
PF64_DENSE_EARLY,PF64_DENSE_EARLY_c1_t1,64,48,0.75,dense,8.0,1.0,0.5,0.2,0.0,0.0,0.0,0.0,slip_6_1,True,63,1,1,13341917845633340717,latent_osd_batch_o2_s63,True,13341917845633340717,True,False,False,best_marginal_in_osd_union,3528,0,63,63,2512,2512,2512,158256,10128384,3528,63,1.342953855986707,1.0
PF64_DENSE_EARLY,PF64_DENSE_EARLY_c1_t1,64,48,0.75,dense,8.0,1.0,0.5,0.2,0.0,0.0,0.0,0.0,slip_6_1,True,63,1,1,13341917845633340717,plain_osd_batch_o2,False,13344088460999114804,True,False,False,best_marginal_in_osd_union,56,0,1,1,56,56,56,56,3584,56,1,0.02665922895539552,1.0
PF64_DENSE_EARLY,PF64_DENSE_EARLY_c1_t1,64,48,0.75,dense,8.0,1.0,0.5,0.2,0.0,0.0,0.0,0.0,slip_6_1,True,63,1,1,13341917845633340717,lsgrand_certified_v1_bound,True,13341917845633340717,True,True,False,strict_unseen_codeword_certificate,288,288,63,63,1,1,0,288,18432,0,63,0.007198602077551186,1.0
PF64_DENSE_EARLY,PF64_DENSE_EARLY_c1_t2,64,48,0.75,dense,8.0,1.0,0.5,0.2,0.0,0.0,0.0,0.0,slip_6_1,True,63,1,2,1246771398544711646,ls_first_valid,True,1246771398544711646,True,False,False,valid_list_complete,14,14,63,12,1,1,0,0,0,0,63,0.0021673990413546562,0.19047619047619047
PF64_DENSE_EARLY,PF64_DENSE_EARLY_c1_t2,64,48,0.75,dense,8.0,1.0,0.5,0.2,0.0,0.0,0.0,0.0,slip_6_1,True,63,1,2,1246771398544711646,ls_list_marginal_L2,True,1246771398544711646,True,False,False,valid_list_complete,59988,54955,63,63,3,2,2,126,8064,0,126,0.7029745959443972,1.0
PF64_DENSE_EARLY,PF64_DENSE_EARLY_c1_t2,64,48,0.75,dense,8.0,1.0,0.5,0.2,0.0,0.0,0.0,0.0,slip_6_1,True,63,1,2,1246771398544711646,ls_list_marginal_L4,True,1246771398544711646,True,False,True,query_cap_before_list,60000,54966,63,63,3,2,2,126,8064,0,126,0.7264919279841706,1.0
PF64_DENSE_EARLY,PF64_DENSE_EARLY_c1_t2,64,48,0.75,dense,8.0,1.0,0.5,0.2,0.0,0.0,0.0,0.0,slip_6_1,True,63,1,2,1246771398544711646,ls_list_marginal_L8,True,1246771398544711646,True,False,True,query_cap_before_list,60000,54966,63,63,3,2,2,126,8064,0,126,0.8308046739548445,1.0
PF64_DENSE_EARLY,PF64_DENSE_EARLY_c1_t2,64,48,0.75,dense,8.0,1.0,0.5,0.2,0.0,0.0,0.0,0.0,slip_6_1,True,63,1,2,1246771398544711646,latent_osd_batch_o2_s63,True,1246771398544711646,True,False,False,best_marginal_in_osd_union,3528,0,63,63,2561,2561,2561,161343,10325952,3528,63,1.1144696869887412,1.0
PF64_DENSE_EARLY,PF64_DENSE_EARLY_c1_t2,64,48,0.75,dense,8.0,1.0,0.5,0.2,0.0,0.0,0.0,0.0,slip_6_1,True,63,1,2,1246771398544711646,plain_osd_batch_o2,False,1244326507146855751,True,False,False,best_marginal_in_osd_union,56,0,1,1,56,56,56,56,3584,56,1,0.018740172032266855,1.0
PF64_DENSE_EARLY,PF64_DENSE_EARLY_c1_t2,64,48,0.75,dense,8.0,1.0,0.5,0.2,0.0,0.0,0.0,0.0,slip_6_1,True,63,1,2,1246771398544711646,lsgrand_certified_v1_bound,True,1246771398544711646,True,True,False,strict_unseen_codeword_certificate,192,192,63,63,1,1,0,192,12288,0,63,0.004548919037915766,1.0
PF64_DENSE_EARLY,PF64_DENSE_EARLY_c1_t3,64,48,0.75,dense,8.0,1.0,0.5,0.2,0.0,0.0,0.0,0.0,slip_6_3,True,63,1,3,14356113877913879876,ls_first_valid,True,14356113877913879876,True,False,False,valid_list_complete,19,19,63,15,1,1,0,0,0,0,63,0.0035219130804762244,0.23809523809523808
PF64_DENSE_EARLY,PF64_DENSE_EARLY_c1_t3,64,48,0.75,dense,8.0,1.0,0.5,0.2,0.0,0.0,0.0,0.0,slip_6_3,True,63,1,3,14356113877913879876,ls_list_marginal_L2,True,14356113877913879876,True,False,False,valid_list_complete,16510,15269,63,63,5,2,2,126,8064,0,126,0.2611053299624473,1.0
PF64_DENSE_EARLY,PF64_DENSE_EARLY_c1_t3,64,48,0.75,dense,8.0,1.0,0.5,0.2,0.0,0.0,0.0,0.0,slip_6_3,True,63,1,3,14356113877913879876,ls_list_marginal_L4,True,14356113877913879876,True,False,True,query_cap_before_list,60000,54468,63,63,6,3,3,189,12096,0,126,0.7453821010421962,1.0
PF64_DENSE_EARLY,PF64_DENSE_EARLY_c1_t3,64,48,0.75,dense,8.0,1.0,0.5,0.2,0.0,0.0,0.0,0.0,slip_6_3,True,63,1,3,14356113877913879876,ls_list_marginal_L8,True,14356113877913879876,True,False,True,query_cap_before_list,60000,54468,63,63,6,3,3,189,12096,0,126,0.8327958500012755,1.0
PF64_DENSE_EARLY,PF64_DENSE_EARLY_c1_t3,64,48,0.75,dense,8.0,1.0,0.5,0.2,0.0,0.0,0.0,0.0,slip_6_3,True,63,1,3,14356113877913879876,latent_osd_batch_o2_s63,True,14356113877913879876,True,False,False,best_marginal_in_osd_union,3528,0,63,63,2524,2524,2524,159012,10176768,3528,63,1.1844929999206215,1.0
PF64_DENSE_EARLY,PF64_DENSE_EARLY_c1_t3,64,48,0.75,dense,8.0,1.0,0.5,0.2,0.0,0.0,0.0,0.0,slip_6_3,True,63,1,3,14356113877913879876,plain_osd_batch_o2,False,14353626308776894365,True,False,False,best_marginal_in_osd_union,56,0,1,1,56,56,56,56,3584,56,1,0.01833811099641025,1.0
PF64_DENSE_EARLY,PF64_DENSE_EARLY_c1_t3,64,48,0.75,dense,8.0,1.0,0.5,0.2,0.0,0.0,0.0,0.0,slip_6_3,True,63,1,3,14356113877913879876,lsgrand_certified_v1_bound,True,14356113877913879876,True,True,False,strict_unseen_codeword_certificate,320,320,63,63,2,1,0,320,20480,0,63,0.006341997999697924,1.0
PF64_DENSE_EARLY,PF64_DENSE_EARLY_c1_t4,64,48,0.75,dense,8.0,1.0,0.5,0.2,0.0,0.0,0.0,0.0,slip_6_1,True,63,1,4,3594691920459817722,ls_first_valid,True,3594691920459817722,True,False,False,valid_list_complete,16,16,63,12,1,1,0,0,0,0,63,0.0023458770010620356,0.19047619047619047
PF64_DENSE_EARLY,PF64_DENSE_EARLY_c1_t4,64,48,0.75,dense,8.0,1.0,0.5,0.2,0.0,0.0,0.0,0.0,slip_6_1,True,63,1,4,3594691920459817722,ls_list_marginal_L2,True,3594691920459817722,True,False,False,valid_list_complete,7149,6696,63,63,2,2,2,126,8064,0,126,0.08073582907672971,1.0
PF64_DENSE_EARLY,PF64_DENSE_EARLY_c1_t4,64,48,0.75,dense,8.0,1.0,0.5,0.2,0.0,0.0,0.0,0.0,slip_6_1,True,63,1,4,3594691920459817722,ls_list_marginal_L4,True,3594691920459817722,True,False,True,query_cap_before_list,60000,54710,63,63,5,3,3,189,12096,0,126,0.8164829700253904,1.0
PF64_DENSE_EARLY,PF64_DENSE_EARLY_c1_t4,64,48,0.75,dense,8.0,1.0,0.5,0.2,0.0,0.0,0.0,0.0,slip_6_1,True,63,1,4,3594691920459817722,ls_list_marginal_L8,True,3594691920459817722,True,False,True,query_cap_before_list,60000,54710,63,63,5,3,3,189,12096,0,126,0.8571756980381906,1.0
PF64_DENSE_EARLY,PF64_DENSE_EARLY_c1_t4,64,48,0.75,dense,8.0,1.0,0.5,0.2,0.0,0.0,0.0,0.0,slip_6_1,True,63,1,4,3594691920459817722,latent_osd_batch_o2_s63,True,3594691920459817722,True,False,False,best_marginal_in_osd_union,3528,0,63,63,2555,2555,2555,160965,10301760,3528,63,1.2883986120577902,1.0
PF64_DENSE_EARLY,PF64_DENSE_EARLY_c1_t4,64,48,0.75,dense,8.0,1.0,0.5,0.2,0.0,0.0,0.0,0.0,slip_6_1,True,63,1,4,3594691920459817722,plain_osd_batch_o2,False,3597105240267830110,True,False,False,best_marginal_in_osd_union,56,0,1,1,56,56,56,56,3584,56,1,0.018915712949819863,1.0
PF64_DENSE_EARLY,PF64_DENSE_EARLY_c1_t4,64,48,0.75,dense,8.0,1.0,0.5,0.2,0.0,0.0,0.0,0.0,slip_6_1,True,63,1,4,3594691920459817722,lsgrand_certified_v1_bound,True,3594691920459817722,True,True,False,strict_unseen_codeword_certificate,320,320,63,63,1,1,0,320,20480,0,63,0.005723559996113181,1.0
PF64_DENSE_EARLY,PF64_DENSE_EARLY_c1_t5,64,48,0.75,dense,8.0,1.0,0.5,0.2,0.0,0.0,0.0,0.0,slip_6_1,True,63,1,5,16129535903422641977,ls_first_valid,True,16129535903422641977,True,False,False,valid_list_complete,15,15,63,12,1,1,0,0,0,0,63,0.0018372880294919014,0.19047619047619047
PF64_DENSE_EARLY,PF64_DENSE_EARLY_c1_t5,64,48,0.75,dense,8.0,1.0,0.5,0.2,0.0,0.0,0.0,0.0,slip_6_1,True,63,1,5,16129535903422641977,ls_list_marginal_L2,True,16129535903422641977,True,False,False,valid_list_complete,5834,5486,63,63,4,2,2,126,8064,0,126,0.06847355095669627,1.0
PF64_DENSE_EARLY,PF64_DENSE_EARLY_c1_t5,64,48,0.75,dense,8.0,1.0,0.5,0.2,0.0,0.0,0.0,0.0,slip_6_1,True,63,1,5,16129535903422641977,ls_list_marginal_L4,True,16129535903422641977,True,False,False,valid_list_complete,20416,18900,63,63,6,4,4,252,16128,0,126,0.23001703701447695,1.0
PF64_DENSE_EARLY,PF64_DENSE_EARLY_c1_t5,64,48,0.75,dense,8.0,1.0,0.5,0.2,0.0,0.0,0.0,0.0,slip_6_1,True,63,1,5,16129535903422641977,ls_list_marginal_L8,True,16129535903422641977,True,False,True,query_cap_before_list,60000,54645,63,63,6,4,4,252,16128,0,126,0.8006690959446132,1.0
PF64_DENSE_EARLY,PF64_DENSE_EARLY_c1_t5,64,48,0.75,dense,8.0,1.0,0.5,0.2,0.0,0.0,0.0,0.0,slip_6_1,True,63,1,5,16129535903422641977,latent_osd_batch_o2_s63,True,16129535903422641977,True,False,False,best_marginal_in_osd_union,3528,0,63,63,2440,2440,2440,153720,9838080,3528,63,1.1382967500248924,1.0
PF64_DENSE_EARLY,PF64_DENSE_EARLY_c1_t5,64,48,0.75,dense,8.0,1.0,0.5,0.2,0.0,0.0,0.0,0.0,slip_6_1,True,63,1,5,16129535903422641977,plain_osd_batch_o2,False,16127818059879225240,True,False,False,best_marginal_in_osd_union,56,0,1,1,56,56,56,56,3584,56,1,0.016957724932581186,1.0
PF64_DENSE_EARLY,PF64_DENSE_EARLY_c1_t5,64,48,0.75,dense,8.0,1.0,0.5,0.2,0.0,0.0,0.0,0.0,slip_6_1,True,63,1,5,16129535903422641977,lsgrand_certified_v1_bound,True,16129535903422641977,True,True,False,strict_unseen_codeword_certificate,224,224,63,63,1,1,0,224,14336,0,63,0.0046433910029008985,1.0
PF64_DENSE_EARLY,PF64_DENSE_EARLY_c1_t6,64,48,0.75,dense,8.0,1.0,0.5,0.2,0.0,0.0,0.0,0.0,slip_6_1,True,63,1,6,6341692447339625117,ls_first_valid,True,6341692447339625117,True,False,False,valid_list_complete,13,13,63,12,1,1,0,0,0,0,63,0.002286466071382165,0.19047619047619047
PF64_DENSE_EARLY,PF64_DENSE_EARLY_c1_t6,64,48,0.75,dense,8.0,1.0,0.5,0.2,0.0,0.0,0.0,0.0,slip_6_1,True,63,1,6,6341692447339625117,ls_list_marginal_L2,True,6341692447339625117,True,False,False,valid_list_complete,21671,20154,63,63,4,2,2,126,8064,0,126,0.2462901190156117,1.0
PF64_DENSE_EARLY,PF64_DENSE_EARLY_c1_t6,64,48,0.75,dense,8.0,1.0,0.5,0.2,0.0,0.0,0.0,0.0,slip_6_1,True,63,1,6,6341692447339625117,ls_list_marginal_L4,True,6341692447339625117,True,False,True,query_cap_before_list,60000,55087,63,63,4,2,2,126,8064,0,126,0.7421715069795027,1.0
PF64_DENSE_EARLY,PF64_DENSE_EARLY_c1_t6,64,48,0.75,dense,8.0,1.0,0.5,0.2,0.0,0.0,0.0,0.0,slip_6_1,True,63,1,6,6341692447339625117,ls_list_marginal_L8,True,6341692447339625117,True,False,True,query_cap_before_list,60000,55087,63,63,4,2,2,126,8064,0,126,0.8723715730011463,1.0
PF64_DENSE_EARLY,PF64_DENSE_EARLY_c1_t6,64,48,0.75,dense,8.0,1.0,0.5,0.2,0.0,0.0,0.0,0.0,slip_6_1,True,63,1,6,6341692447339625117,latent_osd_batch_o2_s63,True,6341692447339625117,True,False,False,best_marginal_in_osd_union,3528,0,63,63,2476,2476,2476,155988,9983232,3528,63,1.054587203077972,1.0
PF64_DENSE_EARLY,PF64_DENSE_EARLY_c1_t6,64,48,0.75,dense,8.0,1.0,0.5,0.2,0.0,0.0,0.0,0.0,slip_6_1,True,63,1,6,6341692447339625117,plain_osd_batch_o2,False,6344360174615060416,True,False,False,best_marginal_in_osd_union,56,0,1,1,56,56,56,56,3584,56,1,0.03712277999147773,1.0
PF64_DENSE_EARLY,PF64_DENSE_EARLY_c1_t6,64,48,0.75,dense,8.0,1.0,0.5,0.2,0.0,0.0,0.0,0.0,slip_6_1,True,63,1,6,6341692447339625117,lsgrand_certified_v1_bound,True,6341692447339625117,True,True,False,strict_unseen_codeword_certificate,128,128,63,63,1,1,0,128,8192,0,63,0.007092974963597953,1.0
PF64_DENSE_EARLY,PF64_DENSE_EARLY_c1_t7,64,48,0.75,dense,8.0,1.0,0.5,0.2,0.0,0.0,0.0,0.0,slip_6_3,True,63,1,7,11212222277053348386,ls_first_valid,True,11212222277053348386,True,False,False,valid_list_complete,15,15,63,13,1,1,0,0,0,0,63,0.0033351759193465114,0.20634920634920634
PF64_DENSE_EARLY,PF64_DENSE_EARLY_c1_t7,64,48,0.75,dense,8.0,1.0,0.5,0.2,0.0,0.0,0.0,0.0,slip_6_3,True,63,1,7,11212222277053348386,ls_list_marginal_L2,True,11212222277053348386,True,False,True,query_cap_before_list,60000,54202,63,63,3,1,1,63,4032,0,126,0.8080357459839433,1.0
PF64_DENSE_EARLY,PF64_DENSE_EARLY_c1_t7,64,48,0.75,dense,8.0,1.0,0.5,0.2,0.0,0.0,0.0,0.0,slip_6_3,True,63,1,7,11212222277053348386,ls_list_marginal_L4,True,11212222277053348386,True,False,True,query_cap_before_list,60000,54202,63,63,3,1,1,63,4032,0,126,0.7759937100345269,1.0
PF64_DENSE_EARLY,PF64_DENSE_EARLY_c1_t7,64,48,0.75,dense,8.0,1.0,0.5,0.2,0.0,0.0,0.0,0.0,slip_6_3,True,63,1,7,11212222277053348386,ls_list_marginal_L8,True,11212222277053348386,True,False,True,query_cap_before_list,60000,54202,63,63,3,1,1,63,4032,0,126,0.8295652969973162,1.0
PF64_DENSE_EARLY,PF64_DENSE_EARLY_c1_t7,64,48,0.75,dense,8.0,1.0,0.5,0.2,0.0,0.0,0.0,0.0,slip_6_3,True,63,1,7,11212222277053348386,latent_osd_batch_o2_s63,True,11212222277053348386,True,False,False,best_marginal_in_osd_union,3528,0,63,63,2630,2630,2630,165690,10604160,3528,63,1.1236085969721898,1.0
PF64_DENSE_EARLY,PF64_DENSE_EARLY_c1_t7,64,48,0.75,dense,8.0,1.0,0.5,0.2,0.0,0.0,0.0,0.0,slip_6_3,True,63,1,7,11212222277053348386,plain_osd_batch_o2,False,11211699826669215815,True,False,False,best_marginal_in_osd_union,56,0,1,1,56,56,56,56,3584,56,1,0.016546844970434904,1.0
PF64_DENSE_EARLY,PF64_DENSE_EARLY_c1_t7,64,48,0.75,dense,8.0,1.0,0.5,0.2,0.0,0.0,0.0,0.0,slip_6_3,True,63,1,7,11212222277053348386,lsgrand_certified_v1_bound,True,11212222277053348386,True,True,False,strict_unseen_codeword_certificate,224,224,63,63,1,1,0,224,14336,0,63,0.004635146004147828,1.0
PF64_DENSE_EARLY,PF64_DENSE_EARLY_c1_t8,64,48,0.75,dense,8.0,1.0,0.5,0.2,0.0,0.0,0.0,0.0,slip_6_3,True,63,1,8,2943348192239685666,ls_first_valid,True,2943348192239685666,True,False,False,valid_list_complete,151,149,63,63,1,1,0,0,0,0,63,0.003606600919738412,1.0
PF64_DENSE_EARLY,PF64_DENSE_EARLY_c1_t8,64,48,0.75,dense,8.0,1.0,0.5,0.2,0.0,0.0,0.0,0.0,slip_6_3,True,63,1,8,2943348192239685666,ls_list_marginal_L2,True,2943348192239685666,True,False,True,query_cap_before_list,60000,54715,63,63,2,1,1,63,4032,0,126,0.745372156961821,1.0
PF64_DENSE_EARLY,PF64_DENSE_EARLY_c1_t8,64,48,0.75,dense,8.0,1.0,0.5,0.2,0.0,0.0,0.0,0.0,slip_6_3,True,63,1,8,2943348192239685666,ls_list_marginal_L4,True,2943348192239685666,True,False,True,query_cap_before_list,60000,54715,63,63,2,1,1,63,4032,0,126,1.0068796429550275,1.0
PF64_DENSE_EARLY,PF64_DENSE_EARLY_c1_t8,64,48,0.75,dense,8.0,1.0,0.5,0.2,0.0,0.0,0.0,0.0,slip_6_3,True,63,1,8,2943348192239685666,ls_list_marginal_L8,True,2943348192239685666,True,False,True,query_cap_before_list,60000,54715,63,63,2,1,1,63,4032,0,126,0.973914559930563,1.0
PF64_DENSE_EARLY,PF64_DENSE_EARLY_c1_t8,64,48,0.75,dense,8.0,1.0,0.5,0.2,0.0,0.0,0.0,0.0,slip_6_3,True,63,1,8,2943348192239685666,latent_osd_batch_o2_s63,True,2943348192239685666,True,False,False,best_marginal_in_osd_union,3528,0,63,63,2517,2517,2517,158571,10148544,3528,63,1.08254921506159,1.0
PF64_DENSE_EARLY,PF64_DENSE_EARLY_c1_t8,64,48,0.75,dense,8.0,1.0,0.5,0.2,0.0,0.0,0.0,0.0,slip_6_3,True,63,1,8,2943348192239685666,plain_osd_batch_o2,False,2941336731152053568,True,False,False,best_marginal_in_osd_union,56,0,1,1,56,56,56,56,3584,56,1,0.016707213944755495,1.0
PF64_DENSE_EARLY,PF64_DENSE_EARLY_c1_t8,64,48,0.75,dense,8.0,1.0,0.5,0.2,0.0,0.0,0.0,0.0,slip_6_3,True,63,1,8,2943348192239685666,lsgrand_certified_v1_bound,True,2943348192239685666,True,True,False,strict_unseen_codeword_certificate,992,992,63,63,1,1,0,992,63488,0,63,0.013168092002160847,1.0
PF64_DENSE_EARLY,PF64_DENSE_EARLY_c1_t9,64,48,0.75,dense,8.0,1.0,0.5,0.2,0.0,0.0,0.0,0.0,slip_6_3,True,63,1,9,3784015842828744118,ls_first_valid,True,3784015842828744118,True,False,False,valid_list_complete,85,85,63,63,1,1,0,0,0,0,63,0.0029120109975337982,1.0
PF64_DENSE_EARLY,PF64_DENSE_EARLY_c1_t9,64,48,0.75,dense,8.0,1.0,0.5,0.2,0.0,0.0,0.0,0.0,slip_6_3,True,63,1,9,3784015842828744118,ls_list_marginal_L2,True,3784015842828744118,True,False,False,valid_list_complete,20385,18807,63,63,3,2,2,126,8064,0,126,0.3612049020593986,1.0
PF64_DENSE_EARLY,PF64_DENSE_EARLY_c1_t9,64,48,0.75,dense,8.0,1.0,0.5,0.2,0.0,0.0,0.0,0.0,slip_6_3,True,63,1,9,3784015842828744118,ls_list_marginal_L4,True,3784015842828744118,True,False,True,query_cap_before_list,60000,54554,63,63,4,2,2,126,8064,0,126,0.8197732670232654,1.0
PF64_DENSE_EARLY,PF64_DENSE_EARLY_c1_t9,64,48,0.75,dense,8.0,1.0,0.5,0.2,0.0,0.0,0.0,0.0,slip_6_3,True,63,1,9,3784015842828744118,ls_list_marginal_L8,True,3784015842828744118,True,False,True,query_cap_before_list,60000,54554,63,63,4,2,2,126,8064,0,126,1.0503057180903852,1.0
PF64_DENSE_EARLY,PF64_DENSE_EARLY_c1_t9,64,48,0.75,dense,8.0,1.0,0.5,0.2,0.0,0.0,0.0,0.0,slip_6_3,True,63,1,9,3784015842828744118,latent_osd_batch_o2_s63,True,3784015842828744118,True,False,False,best_marginal_in_osd_union,3528,0,63,63,2505,2505,2505,157815,10100160,3528,63,1.2206899640150368,1.0
PF64_DENSE_EARLY,PF64_DENSE_EARLY_c1_t9,64,48,0.75,dense,8.0,1.0,0.5,0.2,0.0,0.0,0.0,0.0,slip_6_3,True,63,1,9,3784015842828744118,plain_osd_batch_o2,False,3794103439119724332,True,False,False,best_marginal_in_osd_union,56,0,1,1,56,56,56,56,3584,56,1,0.015496146981604397,1.0
PF64_DENSE_EARLY,PF64_DENSE_EARLY_c1_t9,64,48,0.75,dense,8.0,1.0,0.5,0.2,0.0,0.0,0.0,0.0,slip_6_3,True,63,1,9,3784015842828744118,lsgrand_certified_v1_bound,True,3784015842828744118,True,True,False,strict_unseen_codeword_certificate,704,704,63,63,1,1,0,704,45056,0,63,0.009836670011281967,1.0
PF64_DENSE_EARLY,PF64_DENSE_EARLY_c1_t10,64,48,0.75,dense,8.0,1.0,0.5,0.2,0.0,0.0,0.0,0.0,slip_6_1,True,63,1,10,16608878393980283682,ls_first_valid,True,16608878393980283682,True,False,False,valid_list_complete,19,19,63,12,1,1,0,0,0,0,63,0.0018768439767882228,0.19047619047619047
PF64_DENSE_EARLY,PF64_DENSE_EARLY_c1_t10,64,48,0.75,dense,8.0,1.0,0.5,0.2,0.0,0.0,0.0,0.0,slip_6_1,True,63,1,10,16608878393980283682,ls_list_marginal_L2,True,16608878393980283682,True,False,True,query_cap_before_list,60000,54278,63,63,2,1,1,63,4032,0,126,0.691998100024648,1.0
PF64_DENSE_EARLY,PF64_DENSE_EARLY_c1_t10,64,48,0.75,dense,8.0,1.0,0.5,0.2,0.0,0.0,0.0,0.0,slip_6_1,True,63,1,10,16608878393980283682,ls_list_marginal_L4,True,16608878393980283682,True,False,True,query_cap_before_list,60000,54278,63,63,2,1,1,63,4032,0,126,0.9221625280333683,1.0
PF64_DENSE_EARLY,PF64_DENSE_EARLY_c1_t10,64,48,0.75,dense,8.0,1.0,0.5,0.2,0.0,0.0,0.0,0.0,slip_6_1,True,63,1,10,16608878393980283682,ls_list_marginal_L8,True,16608878393980283682,True,False,True,query_cap_before_list,60000,54278,63,63,2,1,1,63,4032,0,126,0.8357372399186715,1.0
PF64_DENSE_EARLY,PF64_DENSE_EARLY_c1_t10,64,48,0.75,dense,8.0,1.0,0.5,0.2,0.0,0.0,0.0,0.0,slip_6_1,True,63,1,10,16608878393980283682,latent_osd_batch_o2_s63,True,16608878393980283682,True,False,False,best_marginal_in_osd_union,3528,0,63,63,2498,2498,2498,157374,10071936,3528,63,1.1438563469564542,1.0
PF64_DENSE_EARLY,PF64_DENSE_EARLY_c1_t10,64,48,0.75,dense,8.0,1.0,0.5,0.2,0.0,0.0,0.0,0.0,slip_6_1,True,63,1,10,16608878393980283682,plain_osd_batch_o2,False,16584155378635210155,True,False,False,best_marginal_in_osd_union,56,0,1,1,56,56,56,56,3584,56,1,0.018898340058512986,1.0
PF64_DENSE_EARLY,PF64_DENSE_EARLY_c1_t10,64,48,0.75,dense,8.0,1.0,0.5,0.2,0.0,0.0,0.0,0.0,slip_6_1,True,63,1,10,16608878393980283682,lsgrand_certified_v1_bound,True,16608878393980283682,True,True,False,strict_unseen_codeword_certificate,512,512,63,63,1,1,0,512,32768,0,63,0.00824259698856622,1.0
PF64_DENSE_EARLY,PF64_DENSE_EARLY_c1_t11,64,48,0.75,dense,8.0,1.0,0.5,0.2,0.0,0.0,0.0,0.0,slip_6_3,True,63,1,11,9697242080255025686,ls_first_valid,True,9697242080255025686,True,False,False,valid_list_complete,14,14,63,13,1,1,0,0,0,0,63,0.0018449889030307531,0.20634920634920634
PF64_DENSE_EARLY,PF64_DENSE_EARLY_c1_t11,64,48,0.75,dense,8.0,1.0,0.5,0.2,0.0,0.0,0.0,0.0,slip_6_3,True,63,1,11,9697242080255025686,ls_list_marginal_L2,True,9697242080255025686,True,False,True,query_cap_before_list,60000,54756,63,63,3,1,1,63,4032,0,126,0.7927262970479205,1.0
PF64_DENSE_EARLY,PF64_DENSE_EARLY_c1_t11,64,48,0.75,dense,8.0,1.0,0.5,0.2,0.0,0.0,0.0,0.0,slip_6_3,True,63,1,11,9697242080255025686,ls_list_marginal_L4,True,9697242080255025686,True,False,True,query_cap_before_list,60000,54756,63,63,3,1,1,63,4032,0,126,0.844677664921619,1.0
PF64_DENSE_EARLY,PF64_DENSE_EARLY_c1_t11,64,48,0.75,dense,8.0,1.0,0.5,0.2,0.0,0.0,0.0,0.0,slip_6_3,True,63,1,11,9697242080255025686,ls_list_marginal_L8,True,9697242080255025686,True,False,True,query_cap_before_list,60000,54756,63,63,3,1,1,63,4032,0,126,0.7427636990323663,1.0
PF64_DENSE_EARLY,PF64_DENSE_EARLY_c1_t11,64,48,0.75,dense,8.0,1.0,0.5,0.2,0.0,0.0,0.0,0.0,slip_6_3,True,63,1,11,9697242080255025686,latent_osd_batch_o2_s63,True,9697242080255025686,True,False,False,best_marginal_in_osd_union,3528,0,63,63,2507,2507,2507,157941,10108224,3528,63,1.1783684560796246,1.0
PF64_DENSE_EARLY,PF64_DENSE_EARLY_c1_t11,64,48,0.75,dense,8.0,1.0,0.5,0.2,0.0,0.0,0.0,0.0,slip_6_3,True,63,1,11,9697242080255025686,plain_osd_batch_o2,False,11427493566431544444,True,False,False,best_marginal_in_osd_union,56,0,1,1,56,56,56,56,3584,56,1,0.017841810011304915,1.0
PF64_DENSE_EARLY,PF64_DENSE_EARLY_c1_t11,64,48,0.75,dense,8.0,1.0,0.5,0.2,0.0,0.0,0.0,0.0,slip_6_3,True,63,1,11,9697242080255025686,lsgrand_certified_v1_bound,True,9697242080255025686,True,True,False,strict_unseen_codeword_certificate,128,128,63,63,1,1,0,128,8192,0,63,0.005007156985811889,1.0
PF64_DENSE_EARLY,PF64_DENSE_EARLY_c1_t12,64,48,0.75,dense,8.0,1.0,0.5,0.2,0.0,0.0,0.0,0.0,slip_6_3,True,63,1,12,7006316106263865493,ls_first_valid,True,7006316106263865493,True,False,False,valid_list_complete,18,18,63,13,1,1,0,0,0,0,63,0.003824050072580576,0.20634920634920634
PF64_DENSE_EARLY,PF64_DENSE_EARLY_c1_t12,64,48,0.75,dense,8.0,1.0,0.5,0.2,0.0,0.0,0.0,0.0,slip_6_3,True,63,1,12,7006316106263865493,ls_list_marginal_L2,True,7006316106263865493,True,False,False,valid_list_complete,18897,17548,63,63,5,2,2,126,8064,0,126,0.3158965260954574,1.0
PF64_DENSE_EARLY,PF64_DENSE_EARLY_c1_t12,64,48,0.75,dense,8.0,1.0,0.5,0.2,0.0,0.0,0.0,0.0,slip_6_3,True,63,1,12,7006316106263865493,ls_list_marginal_L4,True,7006316106263865493,True,False,True,query_cap_before_list,60000,54851,63,63,6,2,2,126,8064,0,126,0.8952411999925971,1.0
PF64_DENSE_EARLY,PF64_DENSE_EARLY_c1_t12,64,48,0.75,dense,8.0,1.0,0.5,0.2,0.0,0.0,0.0,0.0,slip_6_3,True,63,1,12,7006316106263865493,ls_list_marginal_L8,True,7006316106263865493,True,False,True,query_cap_before_list,60000,54851,63,63,6,2,2,126,8064,0,126,0.8805988489184529,1.0
PF64_DENSE_EARLY,PF64_DENSE_EARLY_c1_t12,64,48,0.75,dense,8.0,1.0,0.5,0.2,0.0,0.0,0.0,0.0,slip_6_3,True,63,1,12,7006316106263865493,latent_osd_batch_o2_s63,True,7006316106263865493,True,False,False,best_marginal_in_osd_union,3528,0,63,63,2646,2646,2646,166698,10668672,3528,63,1.5380713269114494,1.0
PF64_DENSE_EARLY,PF64_DENSE_EARLY_c1_t12,64,48,0.75,dense,8.0,1.0,0.5,0.2,0.0,0.0,0.0,0.0,slip_6_3,True,63,1,12,7006316106263865493,plain_osd_batch_o2,False,7003884418082018111,True,False,False,best_marginal_in_osd_union,56,0,1,1,56,56,56,56,3584,56,1,0.02865169697906822,1.0
PF64_DENSE_EARLY,PF64_DENSE_EARLY_c1_t12,64,48,0.75,dense,8.0,1.0,0.5,0.2,0.0,0.0,0.0,0.0,slip_6_3,True,63,1,12,7006316106263865493,lsgrand_certified_v1_bound,True,7006316106263865493,True,True,False,strict_unseen_codeword_certificate,352,352,63,63,2,1,0,352,22528,0,63,0.007945284945890307,1.0
PF64_DENSE_EARLY,PF64_DENSE_EARLY_c1_t13,64,48,0.75,dense,8.0,1.0,0.5,0.2,0.0,0.0,0.0,0.0,slip_6_1,True,63,1,13,6075510087087402655,ls_first_valid,True,6075510087087402655,True,False,False,valid_list_complete,17,17,63,12,1,1,0,0,0,0,63,0.0023990769404917955,0.19047619047619047
PF64_DENSE_EARLY,PF64_DENSE_EARLY_c1_t13,64,48,0.75,dense,8.0,1.0,0.5,0.2,0.0,0.0,0.0,0.0,slip_6_1,True,63,1,13,6075510087087402655,ls_list_marginal_L2,True,6075510087087402655,True,False,True,query_cap_before_list,60000,54522,63,63,4,1,1,63,4032,0,126,0.9143114340258762,1.0
PF64_DENSE_EARLY,PF64_DENSE_EARLY_c1_t13,64,48,0.75,dense,8.0,1.0,0.5,0.2,0.0,0.0,0.0,0.0,slip_6_1,True,63,1,13,6075510087087402655,ls_list_marginal_L4,True,6075510087087402655,True,False,True,query_cap_before_list,60000,54522,63,63,4,1,1,63,4032,0,126,0.8635354739381,1.0
PF64_DENSE_EARLY,PF64_DENSE_EARLY_c1_t13,64,48,0.75,dense,8.0,1.0,0.5,0.2,0.0,0.0,0.0,0.0,slip_6_1,True,63,1,13,6075510087087402655,ls_list_marginal_L8,True,6075510087087402655,True,False,True,query_cap_before_list,60000,54522,63,63,4,1,1,63,4032,0,126,0.8136684469645843,1.0
PF64_DENSE_EARLY,PF64_DENSE_EARLY_c1_t13,64,48,0.75,dense,8.0,1.0,0.5,0.2,0.0,0.0,0.0,0.0,slip_6_1,True,63,1,13,6075510087087402655,latent_osd_batch_o2_s63,True,6075510087087402655,True,False,False,best_marginal_in_osd_union,3528,0,63,63,2549,2549,2549,160587,10277568,3528,63,1.343535132938996,1.0
PF64_DENSE_EARLY,PF64_DENSE_EARLY_c1_t13,64,48,0.75,dense,8.0,1.0,0.5,0.2,0.0,0.0,0.0,0.0,slip_6_1,True,63,1,13,6075510087087402655,plain_osd_batch_o2,False,15373853844525088647,True,False,False,best_marginal_in_osd_union,56,0,1,1,56,56,56,56,3584,56,1,0.019690489978529513,1.0
PF64_DENSE_EARLY,PF64_DENSE_EARLY_c1_t13,64,48,0.75,dense,8.0,1.0,0.5,0.2,0.0,0.0,0.0,0.0,slip_6_1,True,63,1,13,6075510087087402655,lsgrand_certified_v1_bound,True,6075510087087402655,True,True,False,strict_unseen_codeword_certificate,416,416,63,63,1,1,0,416,26624,0,63,0.006715886993333697,1.0
PF64_DENSE_EARLY,PF64_DENSE_EARLY_c1_t14,64,48,0.75,dense,8.0,1.0,0.5,0.2,0.0,0.0,0.0,0.0,slip_6_1,True,63,1,14,8015353385514996729,ls_first_valid,True,8015353385514996729,True,False,False,valid_list_complete,13,13,63,12,1,1,0,0,0,0,63,0.0018478200072422624,0.19047619047619047
PF64_DENSE_EARLY,PF64_DENSE_EARLY_c1_t14,64,48,0.75,dense,8.0,1.0,0.5,0.2,0.0,0.0,0.0,0.0,slip_6_1,True,63,1,14,8015353385514996729,ls_list_marginal_L2,True,8015353385514996729,True,False,False,valid_list_complete,8788,8255,63,63,5,2,2,126,8064,0,126,0.101003029034473,1.0
PF64_DENSE_EARLY,PF64_DENSE_EARLY_c1_t14,64,48,0.75,dense,8.0,1.0,0.5,0.2,0.0,0.0,0.0,0.0,slip_6_1,True,63,1,14,8015353385514996729,ls_list_marginal_L4,True,8015353385514996729,True,False,True,query_cap_before_list,60000,54986,63,63,7,3,3,189,12096,0,126,1.0176776120206341,1.0
PF64_DENSE_EARLY,PF64_DENSE_EARLY_c1_t14,64,48,0.75,dense,8.0,1.0,0.5,0.2,0.0,0.0,0.0,0.0,slip_6_1,True,63,1,14,8015353385514996729,ls_list_marginal_L8,True,8015353385514996729,True,False,True,query_cap_before_list,60000,54986,63,63,7,3,3,189,12096,0,126,0.8513529639458284,1.0
PF64_DENSE_EARLY,PF64_DENSE_EARLY_c1_t14,64,48,0.75,dense,8.0,1.0,0.5,0.2,0.0,0.0,0.0,0.0,slip_6_1,True,63,1,14,8015353385514996729,latent_osd_batch_o2_s63,True,8015353385514996729,True,False,False,best_marginal_in_osd_union,3528,0,63,63,2578,2578,2578,162414,10394496,3528,63,1.1817369809141383,1.0
PF64_DENSE_EARLY,PF64_DENSE_EARLY_c1_t14,64,48,0.75,dense,8.0,1.0,0.5,0.2,0.0,0.0,0.0,0.0,slip_6_1,True,63,1,14,8015353385514996729,plain_osd_batch_o2,False,9204838898206674268,True,False,False,best_marginal_in_osd_union,56,0,1,1,56,56,56,56,3584,56,1,0.02269507199525833,1.0
PF64_DENSE_EARLY,PF64_DENSE_EARLY_c1_t14,64,48,0.75,dense,8.0,1.0,0.5,0.2,0.0,0.0,0.0,0.0,slip_6_1,True,63,1,14,8015353385514996729,lsgrand_certified_v1_bound,True,8015353385514996729,True,True,False,strict_unseen_codeword_certificate,128,128,63,63,1,1,0,128,8192,0,63,0.0045911590568721294,1.0
PF64_DENSE_EARLY,PF64_DENSE_EARLY_c1_t15,64,48,0.75,dense,8.0,1.0,0.5,0.2,0.0,0.0,0.0,0.0,slip_6_3,True,63,1,15,14738064998732663097,ls_first_valid,True,14738064998732663097,True,False,False,valid_list_complete,88,87,63,63,1,1,0,0,0,0,63,0.0034150010906159878,1.0
PF64_DENSE_EARLY,PF64_DENSE_EARLY_c1_t15,64,48,0.75,dense,8.0,1.0,0.5,0.2,0.0,0.0,0.0,0.0,slip_6_3,True,63,1,15,14738064998732663097,ls_list_marginal_L2,True,14738064998732663097,True,False,False,valid_list_complete,9274,8577,63,63,2,2,2,126,8064,0,126,0.15148396894801408,1.0
PF64_DENSE_EARLY,PF64_DENSE_EARLY_c1_t15,64,48,0.75,dense,8.0,1.0,0.5,0.2,0.0,0.0,0.0,0.0,slip_6_3,True,63,1,15,14738064998732663097,ls_list_marginal_L4,True,14738064998732663097,True,False,True,query_cap_before_list,60000,54212,63,63,4,3,3,189,12096,0,126,0.8247800510143861,1.0
PF64_DENSE_EARLY,PF64_DENSE_EARLY_c1_t15,64,48,0.75,dense,8.0,1.0,0.5,0.2,0.0,0.0,0.0,0.0,slip_6_3,True,63,1,15,14738064998732663097,ls_list_marginal_L8,True,14738064998732663097,True,False,True,query_cap_before_list,60000,54212,63,63,4,3,3,189,12096,0,126,0.9175598069559783,1.0
PF64_DENSE_EARLY,PF64_DENSE_EARLY_c1_t15,64,48,0.75,dense,8.0,1.0,0.5,0.2,0.0,0.0,0.0,0.0,slip_6_3,True,63,1,15,14738064998732663097,latent_osd_batch_o2_s63,True,14738064998732663097,True,False,False,best_marginal_in_osd_union,3528,0,63,63,2503,2503,2503,157689,10092096,3528,63,1.165564388036728,1.0
PF64_DENSE_EARLY,PF64_DENSE_EARLY_c1_t15,64,48,0.75,dense,8.0,1.0,0.5,0.2,0.0,0.0,0.0,0.0,slip_6_3,True,63,1,15,14738064998732663097,plain_osd_batch_o2,False,14758653838663439145,True,False,False,best_marginal_in_osd_union,56,0,1,1,56,56,56,56,3584,56,1,0.018216939992271364,1.0
PF64_DENSE_EARLY,PF64_DENSE_EARLY_c1_t15,64,48,0.75,dense,8.0,1.0,0.5,0.2,0.0,0.0,0.0,0.0,slip_6_3,True,63,1,15,14738064998732663097,lsgrand_certified_v1_bound,True,14738064998732663097,True,True,False,strict_unseen_codeword_certificate,928,928,63,63,1,1,0,928,59392,0,63,0.014778728014789522,1.0
PF64_DENSE_EARLY,PF64_DENSE_EARLY_c1_t16,64,48,0.75,dense,8.0,1.0,0.5,0.2,0.0,0.0,0.0,0.0,slip_6_1,True,63,1,16,2147724373136107046,ls_first_valid,True,2147724373136107046,True,False,False,valid_list_complete,18,18,63,12,1,1,0,0,0,0,63,0.0020738220773637295,0.19047619047619047
PF64_DENSE_EARLY,PF64_DENSE_EARLY_c1_t16,64,48,0.75,dense,8.0,1.0,0.5,0.2,0.0,0.0,0.0,0.0,slip_6_1,True,63,1,16,2147724373136107046,ls_list_marginal_L2,True,2147724373136107046,True,False,True,query_cap_before_list,60000,54363,63,63,4,1,1,63,4032,0,126,0.9055553000653163,1.0
PF64_DENSE_EARLY,PF64_DENSE_EARLY_c1_t16,64,48,0.75,dense,8.0,1.0,0.5,0.2,0.0,0.0,0.0,0.0,slip_6_1,True,63,1,16,2147724373136107046,ls_list_marginal_L4,True,2147724373136107046,True,False,True,query_cap_before_list,60000,54363,63,63,4,1,1,63,4032,0,126,0.9446114139864221,1.0
PF64_DENSE_EARLY,PF64_DENSE_EARLY_c1_t16,64,48,0.75,dense,8.0,1.0,0.5,0.2,0.0,0.0,0.0,0.0,slip_6_1,True,63,1,16,2147724373136107046,ls_list_marginal_L8,True,2147724373136107046,True,False,True,query_cap_before_list,60000,54363,63,63,4,1,1,63,4032,0,126,1.0438398809637874,1.0
PF64_DENSE_EARLY,PF64_DENSE_EARLY_c1_t16,64,48,0.75,dense,8.0,1.0,0.5,0.2,0.0,0.0,0.0,0.0,slip_6_1,True,63,1,16,2147724373136107046,latent_osd_batch_o2_s63,True,2147724373136107046,True,False,False,best_marginal_in_osd_union,3528,0,63,63,2581,2581,2581,162603,10406592,3528,63,1.444257983006537,1.0
PF64_DENSE_EARLY,PF64_DENSE_EARLY_c1_t16,64,48,0.75,dense,8.0,1.0,0.5,0.2,0.0,0.0,0.0,0.0,slip_6_1,True,63,1,16,2147724373136107046,plain_osd_batch_o2,False,2154582484209529843,True,False,False,best_marginal_in_osd_union,56,0,1,1,56,56,56,56,3584,56,1,0.018773338990285993,1.0
PF64_DENSE_EARLY,PF64_DENSE_EARLY_c1_t16,64,48,0.75,dense,8.0,1.0,0.5,0.2,0.0,0.0,0.0,0.0,slip_6_1,True,63,1,16,2147724373136107046,lsgrand_certified_v1_bound,True,2147724373136107046,True,True,False,strict_unseen_codeword_certificate,480,480,63,63,1,1,0,480,30720,0,63,0.007272807997651398,1.0
PF64_DENSE_EARLY,PF64_DENSE_EARLY_c1_t17,64,48,0.75,dense,8.0,1.0,0.5,0.2,0.0,0.0,0.0,0.0,slip_6_1,True,63,1,17,13448190648575096040,ls_first_valid,True,13448190648575096040,True,False,False,valid_list_complete,12,12,63,12,1,1,0,0,0,0,63,0.0018957019783556461,0.19047619047619047
PF64_DENSE_EARLY,PF64_DENSE_EARLY_c1_t17,64,48,0.75,dense,8.0,1.0,0.5,0.2,0.0,0.0,0.0,0.0,slip_6_1,True,63,1,17,13448190648575096040,ls_list_marginal_L2,True,13448190648575096040,True,False,True,query_cap_before_list,60000,55259,63,63,4,1,1,63,4032,0,126,0.8546795470174402,1.0
PF64_DENSE_EARLY,PF64_DENSE_EARLY_c1_t17,64,48,0.75,dense,8.0,1.0,0.5,0.2,0.0,0.0,0.0,0.0,slip_6_1,True,63,1,17,13448190648575096040,ls_list_marginal_L4,True,13448190648575096040,True,False,True,query_cap_before_list,60000,55259,63,63,4,1,1,63,4032,0,126,0.7253295000409707,1.0
PF64_DENSE_EARLY,PF64_DENSE_EARLY_c1_t17,64,48,0.75,dense,8.0,1.0,0.5,0.2,0.0,0.0,0.0,0.0,slip_6_1,True,63,1,17,13448190648575096040,ls_list_marginal_L8,True,13448190648575096040,True,False,True,query_cap_before_list,60000,55259,63,63,4,1,1,63,4032,0,126,0.7639418819453567,1.0
PF64_DENSE_EARLY,PF64_DENSE_EARLY_c1_t17,64,48,0.75,dense,8.0,1.0,0.5,0.2,0.0,0.0,0.0,0.0,slip_6_1,True,63,1,17,13448190648575096040,latent_osd_batch_o2_s63,True,13448190648575096040,True,False,False,best_marginal_in_osd_union,3528,0,63,63,2496,2496,2496,157248,10063872,3528,63,1.1050515009555966,1.0
PF64_DENSE_EARLY,PF64_DENSE_EARLY_c1_t17,64,48,0.75,dense,8.0,1.0,0.5,0.2,0.0,0.0,0.0,0.0,slip_6_1,True,63,1,17,13448190648575096040,plain_osd_batch_o2,False,13454727924513378942,True,False,False,best_marginal_in_osd_union,56,0,1,1,56,56,56,56,3584,56,1,0.017640994978137314,1.0
PF64_DENSE_EARLY,PF64_DENSE_EARLY_c1_t17,64,48,0.75,dense,8.0,1.0,0.5,0.2,0.0,0.0,0.0,0.0,slip_6_1,True,63,1,17,13448190648575096040,lsgrand_certified_v1_bound,True,13448190648575096040,True,True,False,strict_unseen_codeword_certificate,64,64,63,63,1,1,0,64,4096,0,63,0.0027362239779904485,1.0
PF64_DENSE_EARLY,PF64_DENSE_EARLY_c1_t18,64,48,0.75,dense,8.0,1.0,0.5,0.2,0.0,0.0,0.0,0.0,slip_6_1,True,63,1,18,5434722610512875650,ls_first_valid,True,5434722610512875650,True,False,False,valid_list_complete,14,14,63,12,1,1,0,0,0,0,63,0.0027549690566956997,0.19047619047619047
PF64_DENSE_EARLY,PF64_DENSE_EARLY_c1_t18,64,48,0.75,dense,8.0,1.0,0.5,0.2,0.0,0.0,0.0,0.0,slip_6_1,True,63,1,18,5434722610512875650,ls_list_marginal_L2,True,5434722610512875650,True,False,False,valid_list_complete,54808,49642,63,63,3,2,2,126,8064,0,126,0.9266363609349355,1.0
PF64_DENSE_EARLY,PF64_DENSE_EARLY_c1_t18,64,48,0.75,dense,8.0,1.0,0.5,0.2,0.0,0.0,0.0,0.0,slip_6_1,True,63,1,18,5434722610512875650,ls_list_marginal_L4,True,5434722610512875650,True,False,True,query_cap_before_list,60000,54288,63,63,3,2,2,126,8064,0,126,0.8564840860199183,1.0
PF64_DENSE_EARLY,PF64_DENSE_EARLY_c1_t18,64,48,0.75,dense,8.0,1.0,0.5,0.2,0.0,0.0,0.0,0.0,slip_6_1,True,63,1,18,5434722610512875650,ls_list_marginal_L8,True,5434722610512875650,True,False,True,query_cap_before_list,60000,54288,63,63,3,2,2,126,8064,0,126,0.813147697946988,1.0
PF64_DENSE_EARLY,PF64_DENSE_EARLY_c1_t18,64,48,0.75,dense,8.0,1.0,0.5,0.2,0.0,0.0,0.0,0.0,slip_6_1,True,63,1,18,5434722610512875650,latent_osd_batch_o2_s63,True,5434722610512875650,True,False,False,best_marginal_in_osd_union,3528,0,63,63,2554,2554,2554,160902,10297728,3528,63,1.2919544900069013,1.0
PF64_DENSE_EARLY,PF64_DENSE_EARLY_c1_t18,64,48,0.75,dense,8.0,1.0,0.5,0.2,0.0,0.0,0.0,0.0,slip_6_1,True,63,1,18,5434722610512875650,plain_osd_batch_o2,False,4856754229558184169,True,False,False,best_marginal_in_osd_union,56,0,1,1,56,56,56,56,3584,56,1,0.02361519809346646,1.0
PF64_DENSE_EARLY,PF64_DENSE_EARLY_c1_t18,64,48,0.75,dense,8.0,1.0,0.5,0.2,0.0,0.0,0.0,0.0,slip_6_1,True,63,1,18,5434722610512875650,lsgrand_certified_v1_bound,True,5434722610512875650,True,True,False,strict_unseen_codeword_certificate,224,224,63,63,1,1,0,224,14336,0,63,0.008753444999456406,1.0
PF64_DENSE_EARLY,PF64_DENSE_EARLY_c1_t19,64,48,0.75,dense,8.0,1.0,0.5,0.2,0.0,0.0,0.0,0.0,slip_6_3,True,63,1,19,13314288577729832013,ls_first_valid,True,13314288577729832013,True,False,False,valid_list_complete,796,759,63,63,1,1,0,0,0,0,63,0.021976180956698954,1.0
PF64_DENSE_EARLY,PF64_DENSE_EARLY_c1_t19,64,48,0.75,dense,8.0,1.0,0.5,0.2,0.0,0.0,0.0,0.0,slip_6_3,True,63,1,19,13314288577729832013,ls_list_marginal_L2,True,13314288577729832013,True,False,False,valid_list_complete,6918,6401,63,63,2,2,2,126,8064,0,126,0.08758927194867283,1.0
PF64_DENSE_EARLY,PF64_DENSE_EARLY_c1_t19,64,48,0.75,dense,8.0,1.0,0.5,0.2,0.0,0.0,0.0,0.0,slip_6_3,True,63,1,19,13314288577729832013,ls_list_marginal_L4,True,13314288577729832013,True,False,True,query_cap_before_list,60000,53714,63,63,2,2,2,126,8064,0,126,0.8429130539298058,1.0
PF64_DENSE_EARLY,PF64_DENSE_EARLY_c1_t19,64,48,0.75,dense,8.0,1.0,0.5,0.2,0.0,0.0,0.0,0.0,slip_6_3,True,63,1,19,13314288577729832013,ls_list_marginal_L8,True,13314288577729832013,True,False,True,query_cap_before_list,60000,53714,63,63,2,2,2,126,8064,0,126,0.9228131780400872,1.0
PF64_DENSE_EARLY,PF64_DENSE_EARLY_c1_t19,64,48,0.75,dense,8.0,1.0,0.5,0.2,0.0,0.0,0.0,0.0,slip_6_3,True,63,1,19,13314288577729832013,latent_osd_batch_o2_s63,True,13314288577729832013,True,False,False,best_marginal_in_osd_union,3528,0,63,63,2523,2523,2523,158949,10172736,3528,63,1.1118984039640054,1.0
PF64_DENSE_EARLY,PF64_DENSE_EARLY_c1_t19,64,48,0.75,dense,8.0,1.0,0.5,0.2,0.0,0.0,0.0,0.0,slip_6_3,True,63,1,19,13314288577729832013,plain_osd_batch_o2,False,12740596033190186491,True,False,False,best_marginal_in_osd_union,56,0,1,1,56,56,56,56,3584,56,1,0.024713367922231555,1.0
PF64_DENSE_EARLY,PF64_DENSE_EARLY_c1_t19,64,48,0.75,dense,8.0,1.0,0.5,0.2,0.0,0.0,0.0,0.0,slip_6_3,True,63,1,19,13314288577729832013,lsgrand_certified_v1_bound,True,13314288577729832013,True,True,False,strict_unseen_codeword_certificate,6912,6912,63,63,1,1,0,6912,442368,0,63,0.090519257937558,1.0
PF64_SPARSE_EARLY,PF64_SPARSE_EARLY_c0_t0,64,48,0.75,sparse,8.0,1.0,0.5,0.2,0.0,0.0,0.0,0.0,slip_6_3,True,63,0,0,14122384300096583592,ls_first_valid,True,14122384300096583592,True,False,False,valid_list_complete,21,21,63,13,1,1,0,0,0,0,63,0.0027806980069726706,0.20634920634920634
PF64_SPARSE_EARLY,PF64_SPARSE_EARLY_c0_t0,64,48,0.75,sparse,8.0,1.0,0.5,0.2,0.0,0.0,0.0,0.0,slip_6_3,True,63,0,0,14122384300096583592,ls_list_marginal_L2,True,14122384300096583592,True,False,False,valid_list_complete,830,799,63,63,2,2,2,126,8064,0,126,0.012205305974930525,1.0
PF64_SPARSE_EARLY,PF64_SPARSE_EARLY_c0_t0,64,48,0.75,sparse,8.0,1.0,0.5,0.2,0.0,0.0,0.0,0.0,slip_6_3,True,63,0,0,14122384300096583592,ls_list_marginal_L4,True,14122384300096583592,True,False,False,valid_list_complete,12347,11452,63,63,5,4,4,252,16128,0,126,0.1699822680093348,1.0
PF64_SPARSE_EARLY,PF64_SPARSE_EARLY_c0_t0,64,48,0.75,sparse,8.0,1.0,0.5,0.2,0.0,0.0,0.0,0.0,slip_6_3,True,63,0,0,14122384300096583592,ls_list_marginal_L8,True,14122384300096583592,True,False,False,valid_list_complete,33025,30239,63,63,9,8,8,504,32256,0,126,0.4459415898891166,1.0
PF64_SPARSE_EARLY,PF64_SPARSE_EARLY_c0_t0,64,48,0.75,sparse,8.0,1.0,0.5,0.2,0.0,0.0,0.0,0.0,slip_6_3,True,63,0,0,14122384300096583592,latent_osd_batch_o2_s63,True,14122384300096583592,True,False,False,best_marginal_in_osd_union,3528,0,63,63,2673,2673,2673,168399,10777536,3528,63,1.244574504904449,1.0
PF64_SPARSE_EARLY,PF64_SPARSE_EARLY_c0_t0,64,48,0.75,sparse,8.0,1.0,0.5,0.2,0.0,0.0,0.0,0.0,slip_6_3,True,63,0,0,14122384300096583592,plain_osd_batch_o2,False,7059545404207704577,True,False,False,best_marginal_in_osd_union,56,0,1,1,56,56,56,56,3584,56,1,0.022357850102707744,1.0
PF64_SPARSE_EARLY,PF64_SPARSE_EARLY_c0_t0,64,48,0.75,sparse,8.0,1.0,0.5,0.2,0.0,0.0,0.0,0.0,slip_6_3,True,63,0,0,14122384300096583592,lsgrand_certified_v1_bound,True,14122384300096583592,True,True,False,strict_unseen_codeword_certificate,576,576,63,63,1,1,0,576,36864,0,63,0.011987869045697153,1.0
PF64_SPARSE_EARLY,PF64_SPARSE_EARLY_c0_t1,64,48,0.75,sparse,8.0,1.0,0.5,0.2,0.0,0.0,0.0,0.0,slip_6_1,True,63,0,1,10995543768993412394,ls_first_valid,True,10995543768993412394,True,False,False,valid_list_complete,14,14,63,12,1,1,0,0,0,0,63,0.0025398380821570754,0.19047619047619047
PF64_SPARSE_EARLY,PF64_SPARSE_EARLY_c0_t1,64,48,0.75,sparse,8.0,1.0,0.5,0.2,0.0,0.0,0.0,0.0,slip_6_1,True,63,0,1,10995543768993412394,ls_list_marginal_L2,True,10995543768993412394,True,False,False,valid_list_complete,752,726,63,63,2,2,2,126,8064,0,126,0.015949908061884344,1.0
PF64_SPARSE_EARLY,PF64_SPARSE_EARLY_c0_t1,64,48,0.75,sparse,8.0,1.0,0.5,0.2,0.0,0.0,0.0,0.0,slip_6_1,True,63,0,1,10995543768993412394,ls_list_marginal_L4,True,10995543768993412394,True,False,False,valid_list_complete,3934,3731,63,63,5,4,4,252,16128,0,126,0.05067764094565064,1.0
PF64_SPARSE_EARLY,PF64_SPARSE_EARLY_c0_t1,64,48,0.75,sparse,8.0,1.0,0.5,0.2,0.0,0.0,0.0,0.0,slip_6_1,True,63,0,1,10995543768993412394,ls_list_marginal_L8,True,10995543768993412394,True,False,False,valid_list_complete,10929,10218,63,63,10,8,8,504,32256,0,126,0.17460688296705484,1.0
PF64_SPARSE_EARLY,PF64_SPARSE_EARLY_c0_t1,64,48,0.75,sparse,8.0,1.0,0.5,0.2,0.0,0.0,0.0,0.0,slip_6_1,True,63,0,1,10995543768993412394,latent_osd_batch_o2_s63,True,10995543768993412394,True,False,False,best_marginal_in_osd_union,3528,0,63,63,2599,2599,2599,163737,10479168,3528,63,1.1091366140171885,1.0
PF64_SPARSE_EARLY,PF64_SPARSE_EARLY_c0_t1,64,48,0.75,sparse,8.0,1.0,0.5,0.2,0.0,0.0,0.0,0.0,slip_6_1,True,63,0,1,10995543768993412394,plain_osd_batch_o2,False,10997405893247029951,True,False,False,best_marginal_in_osd_union,56,0,1,1,56,56,56,56,3584,56,1,0.018862332915887237,1.0
PF64_SPARSE_EARLY,PF64_SPARSE_EARLY_c0_t1,64,48,0.75,sparse,8.0,1.0,0.5,0.2,0.0,0.0,0.0,0.0,slip_6_1,True,63,0,1,10995543768993412394,lsgrand_certified_v1_bound,True,10995543768993412394,True,True,False,strict_unseen_codeword_certificate,160,160,63,63,1,1,0,160,10240,0,63,0.003824888961389661,1.0
PF64_SPARSE_EARLY,PF64_SPARSE_EARLY_c0_t2,64,48,0.75,sparse,8.0,1.0,0.5,0.2,0.0,0.0,0.0,0.0,slip_6_3,True,63,0,2,633919666665393493,ls_first_valid,True,633919666665393493,True,False,False,valid_list_complete,79,77,63,63,1,1,0,0,0,0,63,0.00296185992192477,1.0
PF64_SPARSE_EARLY,PF64_SPARSE_EARLY_c0_t2,64,48,0.75,sparse,8.0,1.0,0.5,0.2,0.0,0.0,0.0,0.0,slip_6_3,True,63,0,2,633919666665393493,ls_list_marginal_L2,True,633919666665393493,True,False,False,valid_list_complete,1218,1162,63,63,2,2,2,126,8064,0,126,0.0195900039980188,1.0
PF64_SPARSE_EARLY,PF64_SPARSE_EARLY_c0_t2,64,48,0.75,sparse,8.0,1.0,0.5,0.2,0.0,0.0,0.0,0.0,slip_6_3,True,63,0,2,633919666665393493,ls_list_marginal_L4,True,633919666665393493,True,False,False,valid_list_complete,2208,2097,63,63,5,4,4,252,16128,0,126,0.026473433943465352,1.0
PF64_SPARSE_EARLY,PF64_SPARSE_EARLY_c0_t2,64,48,0.75,sparse,8.0,1.0,0.5,0.2,0.0,0.0,0.0,0.0,slip_6_3,True,63,0,2,633919666665393493,ls_list_marginal_L8,True,633919666665393493,True,False,False,valid_list_complete,9920,9207,63,63,10,8,8,504,32256,0,126,0.10952872305642813,1.0
PF64_SPARSE_EARLY,PF64_SPARSE_EARLY_c0_t2,64,48,0.75,sparse,8.0,1.0,0.5,0.2,0.0,0.0,0.0,0.0,slip_6_3,True,63,0,2,633919666665393493,latent_osd_batch_o2_s63,True,633919666665393493,True,False,False,best_marginal_in_osd_union,3528,0,63,63,2685,2685,2685,169155,10825920,3528,63,1.1964731250191107,1.0
PF64_SPARSE_EARLY,PF64_SPARSE_EARLY_c0_t2,64,48,0.75,sparse,8.0,1.0,0.5,0.2,0.0,0.0,0.0,0.0,slip_6_3,True,63,0,2,633919666665393493,plain_osd_batch_o2,False,9838469753688234997,True,False,False,best_marginal_in_osd_union,56,0,1,1,56,56,56,56,3584,56,1,0.021866808994673193,1.0
PF64_SPARSE_EARLY,PF64_SPARSE_EARLY_c0_t2,64,48,0.75,sparse,8.0,1.0,0.5,0.2,0.0,0.0,0.0,0.0,slip_6_3,True,63,0,2,633919666665393493,lsgrand_certified_v1_bound,True,633919666665393493,True,True,False,strict_unseen_codeword_certificate,384,384,63,63,1,1,0,384,24576,0,63,0.008346893009729683,1.0
PF64_SPARSE_EARLY,PF64_SPARSE_EARLY_c0_t3,64,48,0.75,sparse,8.0,1.0,0.5,0.2,0.0,0.0,0.0,0.0,slip_6_1,True,63,0,3,11113594110507542128,ls_first_valid,True,11113594110507542128,True,False,False,valid_list_complete,14,14,63,12,1,1,0,0,0,0,63,0.0024847990134730935,0.19047619047619047
PF64_SPARSE_EARLY,PF64_SPARSE_EARLY_c0_t3,64,48,0.75,sparse,8.0,1.0,0.5,0.2,0.0,0.0,0.0,0.0,slip_6_1,True,63,0,3,11113594110507542128,ls_list_marginal_L2,True,11113594110507542128,True,False,False,valid_list_complete,408,394,63,63,2,2,2,126,8064,0,126,0.009076940012164414,1.0
PF64_SPARSE_EARLY,PF64_SPARSE_EARLY_c0_t3,64,48,0.75,sparse,8.0,1.0,0.5,0.2,0.0,0.0,0.0,0.0,slip_6_1,True,63,0,3,11113594110507542128,ls_list_marginal_L4,True,11113594110507542128,True,False,False,valid_list_complete,939,899,63,63,4,4,4,252,16128,0,126,0.018161359010264277,1.0
PF64_SPARSE_EARLY,PF64_SPARSE_EARLY_c0_t3,64,48,0.75,sparse,8.0,1.0,0.5,0.2,0.0,0.0,0.0,0.0,slip_6_1,True,63,0,3,11113594110507542128,ls_list_marginal_L8,True,11113594110507542128,True,False,False,valid_list_complete,11034,10264,63,63,12,8,8,504,32256,0,126,0.12512194504961371,1.0
PF64_SPARSE_EARLY,PF64_SPARSE_EARLY_c0_t3,64,48,0.75,sparse,8.0,1.0,0.5,0.2,0.0,0.0,0.0,0.0,slip_6_1,True,63,0,3,11113594110507542128,latent_osd_batch_o2_s63,True,11113594110507542128,True,False,False,best_marginal_in_osd_union,3528,0,63,63,2563,2563,2563,161469,10334016,3528,63,1.195401335018687,1.0
PF64_SPARSE_EARLY,PF64_SPARSE_EARLY_c0_t3,64,48,0.75,sparse,8.0,1.0,0.5,0.2,0.0,0.0,0.0,0.0,slip_6_1,True,63,0,3,11113594110507542128,plain_osd_batch_o2,False,737815560073933086,True,False,False,best_marginal_in_osd_union,56,0,1,1,56,56,56,56,3584,56,1,0.025535580003634095,1.0
PF64_SPARSE_EARLY,PF64_SPARSE_EARLY_c0_t3,64,48,0.75,sparse,8.0,1.0,0.5,0.2,0.0,0.0,0.0,0.0,slip_6_1,True,63,0,3,11113594110507542128,lsgrand_certified_v1_bound,True,11113594110507542128,True,True,False,strict_unseen_codeword_certificate,192,192,63,63,1,1,0,192,12288,0,63,0.004380667000077665,1.0
PF64_SPARSE_EARLY,PF64_SPARSE_EARLY_c0_t4,64,48,0.75,sparse,8.0,1.0,0.5,0.2,0.0,0.0,0.0,0.0,slip_6_1,True,63,0,4,461269666001549956,ls_first_valid,True,461269666001549956,True,False,False,valid_list_complete,16,16,63,12,1,1,0,0,0,0,63,0.0025986229302361608,0.19047619047619047
PF64_SPARSE_EARLY,PF64_SPARSE_EARLY_c0_t4,64,48,0.75,sparse,8.0,1.0,0.5,0.2,0.0,0.0,0.0,0.0,slip_6_1,True,63,0,4,461269666001549956,ls_list_marginal_L2,True,461269666001549956,True,False,False,valid_list_complete,1880,1784,63,63,3,2,2,126,8064,0,126,0.02246163401287049,1.0
PF64_SPARSE_EARLY,PF64_SPARSE_EARLY_c0_t4,64,48,0.75,sparse,8.0,1.0,0.5,0.2,0.0,0.0,0.0,0.0,slip_6_1,True,63,0,4,461269666001549956,ls_list_marginal_L4,True,461269666001549956,True,False,False,valid_list_complete,11775,10930,63,63,6,4,4,252,16128,0,126,0.12803186709061265,1.0
PF64_SPARSE_EARLY,PF64_SPARSE_EARLY_c0_t4,64,48,0.75,sparse,8.0,1.0,0.5,0.2,0.0,0.0,0.0,0.0,slip_6_1,True,63,0,4,461269666001549956,ls_list_marginal_L8,True,461269666001549956,True,False,False,valid_list_complete,13923,12894,63,63,10,8,8,504,32256,0,126,0.15244153595995158,1.0
PF64_SPARSE_EARLY,PF64_SPARSE_EARLY_c0_t4,64,48,0.75,sparse,8.0,1.0,0.5,0.2,0.0,0.0,0.0,0.0,slip_6_1,True,63,0,4,461269666001549956,latent_osd_batch_o2_s63,True,461269666001549956,True,False,False,best_marginal_in_osd_union,3528,0,63,63,2513,2513,2513,158319,10132416,3528,63,1.0941420090384781,1.0
PF64_SPARSE_EARLY,PF64_SPARSE_EARLY_c0_t4,64,48,0.75,sparse,8.0,1.0,0.5,0.2,0.0,0.0,0.0,0.0,slip_6_1,True,63,0,4,461269666001549956,plain_osd_batch_o2,False,1615449799268835298,True,False,False,best_marginal_in_osd_union,56,0,1,1,56,56,56,56,3584,56,1,0.015862419037148356,1.0
PF64_SPARSE_EARLY,PF64_SPARSE_EARLY_c0_t4,64,48,0.75,sparse,8.0,1.0,0.5,0.2,0.0,0.0,0.0,0.0,slip_6_1,True,63,0,4,461269666001549956,lsgrand_certified_v1_bound,True,461269666001549956,True,True,False,strict_unseen_codeword_certificate,352,352,63,63,1,1,0,352,22528,0,63,0.010742743033915758,1.0
PF64_SPARSE_EARLY,PF64_SPARSE_EARLY_c0_t5,64,48,0.75,sparse,8.0,1.0,0.5,0.2,0.0,0.0,0.0,0.0,slip_6_1,True,63,0,5,136203617349083379,ls_first_valid,True,136203617349083379,True,False,False,valid_list_complete,26,26,63,10,1,1,0,0,0,0,63,0.0020598400151357055,0.15873015873015872
PF64_SPARSE_EARLY,PF64_SPARSE_EARLY_c0_t5,64,48,0.75,sparse,8.0,1.0,0.5,0.2,0.0,0.0,0.0,0.0,slip_6_1,True,63,0,5,136203617349083379,ls_list_marginal_L2,True,136203617349083379,True,False,False,valid_list_complete,2232,2102,63,63,4,2,2,126,8064,0,126,0.05930347100365907,1.0
PF64_SPARSE_EARLY,PF64_SPARSE_EARLY_c0_t5,64,48,0.75,sparse,8.0,1.0,0.5,0.2,0.0,0.0,0.0,0.0,slip_6_1,True,63,0,5,136203617349083379,ls_list_marginal_L4,True,136203617349083379,True,False,False,valid_list_complete,2903,2724,63,63,7,4,4,252,16128,0,126,0.04747503099497408,1.0
PF64_SPARSE_EARLY,PF64_SPARSE_EARLY_c0_t5,64,48,0.75,sparse,8.0,1.0,0.5,0.2,0.0,0.0,0.0,0.0,slip_6_1,True,63,0,5,136203617349083379,ls_list_marginal_L8,True,136203617349083379,True,False,False,valid_list_complete,17224,15737,63,63,15,8,8,504,32256,0,126,0.20768991601653397,1.0
PF64_SPARSE_EARLY,PF64_SPARSE_EARLY_c0_t5,64,48,0.75,sparse,8.0,1.0,0.5,0.2,0.0,0.0,0.0,0.0,slip_6_1,True,63,0,5,136203617349083379,latent_osd_batch_o2_s63,True,136203617349083379,True,False,False,best_marginal_in_osd_union,3528,0,63,63,2591,2591,2591,163233,10446912,3528,63,1.166179180960171,1.0
PF64_SPARSE_EARLY,PF64_SPARSE_EARLY_c0_t5,64,48,0.75,sparse,8.0,1.0,0.5,0.2,0.0,0.0,0.0,0.0,slip_6_1,True,63,0,5,136203617349083379,plain_osd_batch_o2,False,99486086007487193,True,False,False,best_marginal_in_osd_union,56,0,1,1,56,56,56,56,3584,56,1,0.021339065046049654,1.0
PF64_SPARSE_EARLY,PF64_SPARSE_EARLY_c0_t5,64,48,0.75,sparse,8.0,1.0,0.5,0.2,0.0,0.0,0.0,0.0,slip_6_1,True,63,0,5,136203617349083379,lsgrand_certified_v1_bound,True,136203617349083379,True,True,False,strict_unseen_codeword_certificate,512,512,63,63,2,1,0,512,32768,0,63,0.009125537006184459,1.0
PF64_SPARSE_EARLY,PF64_SPARSE_EARLY_c0_t6,64,48,0.75,sparse,8.0,1.0,0.5,0.2,0.0,0.0,0.0,0.0,slip_6_3,True,63,0,6,16102812834553344466,ls_first_valid,False,16102672097064989136,True,False,False,valid_list_complete,159,155,63,63,1,1,0,0,0,0,63,0.007091482053510845,1.0
PF64_SPARSE_EARLY,PF64_SPARSE_EARLY_c0_t6,64,48,0.75,sparse,8.0,1.0,0.5,0.2,0.0,0.0,0.0,0.0,slip_6_3,True,63,0,6,16102812834553344466,ls_list_marginal_L2,False,16102672097064989136,True,False,False,valid_list_complete,291,281,63,63,2,2,2,126,8064,0,126,0.006393220042809844,1.0
PF64_SPARSE_EARLY,PF64_SPARSE_EARLY_c0_t6,64,48,0.75,sparse,8.0,1.0,0.5,0.2,0.0,0.0,0.0,0.0,slip_6_3,True,63,0,6,16102812834553344466,ls_list_marginal_L4,False,16102672097064989136,True,False,False,valid_list_complete,2479,2344,63,63,4,4,4,252,16128,0,126,0.030298131983727217,1.0
PF64_SPARSE_EARLY,PF64_SPARSE_EARLY_c0_t6,64,48,0.75,sparse,8.0,1.0,0.5,0.2,0.0,0.0,0.0,0.0,slip_6_3,True,63,0,6,16102812834553344466,ls_list_marginal_L8,False,16102672097064989136,True,False,False,valid_list_complete,4273,4008,63,63,9,8,8,504,32256,0,126,0.049337998032569885,1.0
PF64_SPARSE_EARLY,PF64_SPARSE_EARLY_c0_t6,64,48,0.75,sparse,8.0,1.0,0.5,0.2,0.0,0.0,0.0,0.0,slip_6_3,True,63,0,6,16102812834553344466,latent_osd_batch_o2_s63,False,16102672097064989136,True,False,False,best_marginal_in_osd_union,3528,0,63,63,2652,2652,2652,167076,10692864,3528,63,1.094632392982021,1.0
PF64_SPARSE_EARLY,PF64_SPARSE_EARLY_c0_t6,64,48,0.75,sparse,8.0,1.0,0.5,0.2,0.0,0.0,0.0,0.0,slip_6_3,True,63,0,6,16102812834553344466,plain_osd_batch_o2,False,15526455406162765756,True,False,False,best_marginal_in_osd_union,56,0,1,1,56,56,56,56,3584,56,1,0.025628881994634867,1.0
PF64_SPARSE_EARLY,PF64_SPARSE_EARLY_c0_t6,64,48,0.75,sparse,8.0,1.0,0.5,0.2,0.0,0.0,0.0,0.0,slip_6_3,True,63,0,6,16102812834553344466,lsgrand_certified_v1_bound,False,16102672097064989136,True,True,False,strict_unseen_codeword_certificate,2048,2048,63,63,3,3,0,2048,131072,0,63,0.04038878600113094,1.0
PF64_SPARSE_EARLY,PF64_SPARSE_EARLY_c0_t7,64,48,0.75,sparse,8.0,1.0,0.5,0.2,0.0,0.0,0.0,0.0,slip_6_1,True,63,0,7,3915820910219852784,ls_first_valid,True,3915820910219852784,True,False,False,valid_list_complete,88,88,63,63,1,1,0,0,0,0,63,0.0032936090137809515,1.0
PF64_SPARSE_EARLY,PF64_SPARSE_EARLY_c0_t7,64,48,0.75,sparse,8.0,1.0,0.5,0.2,0.0,0.0,0.0,0.0,slip_6_1,True,63,0,7,3915820910219852784,ls_list_marginal_L2,True,3915820910219852784,True,False,False,valid_list_complete,641,611,63,63,2,2,2,126,8064,0,126,0.012012465973384678,1.0
PF64_SPARSE_EARLY,PF64_SPARSE_EARLY_c0_t7,64,48,0.75,sparse,8.0,1.0,0.5,0.2,0.0,0.0,0.0,0.0,slip_6_1,True,63,0,7,3915820910219852784,ls_list_marginal_L4,True,3915820910219852784,True,False,False,valid_list_complete,7095,6534,63,63,4,4,4,252,16128,0,126,0.0877243970753625,1.0
PF64_SPARSE_EARLY,PF64_SPARSE_EARLY_c0_t7,64,48,0.75,sparse,8.0,1.0,0.5,0.2,0.0,0.0,0.0,0.0,slip_6_1,True,63,0,7,3915820910219852784,ls_list_marginal_L8,True,3915820910219852784,True,False,False,valid_list_complete,15040,13714,63,63,9,8,8,504,32256,0,126,0.2165931009221822,1.0
PF64_SPARSE_EARLY,PF64_SPARSE_EARLY_c0_t7,64,48,0.75,sparse,8.0,1.0,0.5,0.2,0.0,0.0,0.0,0.0,slip_6_1,True,63,0,7,3915820910219852784,latent_osd_batch_o2_s63,True,3915820910219852784,True,False,False,best_marginal_in_osd_union,3528,0,63,63,2431,2431,2431,153153,9801792,3528,63,1.1471069960389286,1.0
PF64_SPARSE_EARLY,PF64_SPARSE_EARLY_c0_t7,64,48,0.75,sparse,8.0,1.0,0.5,0.2,0.0,0.0,0.0,0.0,slip_6_1,True,63,0,7,3915820910219852784,plain_osd_batch_o2,False,1364985442916179802,True,False,False,best_marginal_in_osd_union,56,0,1,1,56,56,56,56,3584,56,1,0.015916865086182952,1.0
PF64_SPARSE_EARLY,PF64_SPARSE_EARLY_c0_t7,64,48,0.75,sparse,8.0,1.0,0.5,0.2,0.0,0.0,0.0,0.0,slip_6_1,True,63,0,7,3915820910219852784,lsgrand_certified_v1_bound,True,3915820910219852784,True,True,False,strict_unseen_codeword_certificate,1056,1056,63,63,2,2,0,1056,67584,0,63,0.013841877924278378,1.0
PF64_SPARSE_EARLY,PF64_SPARSE_EARLY_c0_t8,64,48,0.75,sparse,8.0,1.0,0.5,0.2,0.0,0.0,0.0,0.0,slip_6_1,True,63,0,8,6082771934729529486,ls_first_valid,True,6082771934729529486,True,False,False,valid_list_complete,17,17,63,12,1,1,0,0,0,0,63,0.00221124105155468,0.19047619047619047
PF64_SPARSE_EARLY,PF64_SPARSE_EARLY_c0_t8,64,48,0.75,sparse,8.0,1.0,0.5,0.2,0.0,0.0,0.0,0.0,slip_6_1,True,63,0,8,6082771934729529486,ls_list_marginal_L2,True,6082771934729529486,True,False,False,valid_list_complete,623,607,63,63,2,2,2,126,8064,0,126,0.009310951922088861,1.0
PF64_SPARSE_EARLY,PF64_SPARSE_EARLY_c0_t8,64,48,0.75,sparse,8.0,1.0,0.5,0.2,0.0,0.0,0.0,0.0,slip_6_1,True,63,0,8,6082771934729529486,ls_list_marginal_L4,True,6082771934729529486,True,False,False,valid_list_complete,12991,12029,63,63,5,4,4,252,16128,0,126,0.15185664594173431,1.0
PF64_SPARSE_EARLY,PF64_SPARSE_EARLY_c0_t8,64,48,0.75,sparse,8.0,1.0,0.5,0.2,0.0,0.0,0.0,0.0,slip_6_1,True,63,0,8,6082771934729529486,ls_list_marginal_L8,True,6082771934729529486,True,False,False,valid_list_complete,24275,22275,63,63,9,8,8,504,32256,0,126,0.4536313989665359,1.0
PF64_SPARSE_EARLY,PF64_SPARSE_EARLY_c0_t8,64,48,0.75,sparse,8.0,1.0,0.5,0.2,0.0,0.0,0.0,0.0,slip_6_1,True,63,0,8,6082771934729529486,latent_osd_batch_o2_s63,True,6082771934729529486,True,False,False,best_marginal_in_osd_union,3528,0,63,63,2640,2640,2640,166320,10644480,3528,63,1.0699997780611739,1.0
PF64_SPARSE_EARLY,PF64_SPARSE_EARLY_c0_t8,64,48,0.75,sparse,8.0,1.0,0.5,0.2,0.0,0.0,0.0,0.0,slip_6_1,True,63,0,8,6082771934729529486,plain_osd_batch_o2,False,8389937057386295015,True,False,False,best_marginal_in_osd_union,56,0,1,1,56,56,56,56,3584,56,1,0.018857955001294613,1.0
PF64_SPARSE_EARLY,PF64_SPARSE_EARLY_c0_t8,64,48,0.75,sparse,8.0,1.0,0.5,0.2,0.0,0.0,0.0,0.0,slip_6_1,True,63,0,8,6082771934729529486,lsgrand_certified_v1_bound,True,6082771934729529486,True,True,False,strict_unseen_codeword_certificate,416,416,63,63,1,1,0,416,26624,0,63,0.008021107991226017,1.0
PF64_SPARSE_EARLY,PF64_SPARSE_EARLY_c0_t9,64,48,0.75,sparse,8.0,1.0,0.5,0.2,0.0,0.0,0.0,0.0,slip_6_3,True,63,0,9,235700230007120962,ls_first_valid,True,235700230007120962,True,False,False,valid_list_complete,16,16,63,13,1,1,0,0,0,0,63,0.002856852952390909,0.20634920634920634
PF64_SPARSE_EARLY,PF64_SPARSE_EARLY_c0_t9,64,48,0.75,sparse,8.0,1.0,0.5,0.2,0.0,0.0,0.0,0.0,slip_6_3,True,63,0,9,235700230007120962,ls_list_marginal_L2,True,235700230007120962,True,False,False,valid_list_complete,1025,982,63,63,2,2,2,126,8064,0,126,0.022837134078145027,1.0
PF64_SPARSE_EARLY,PF64_SPARSE_EARLY_c0_t9,64,48,0.75,sparse,8.0,1.0,0.5,0.2,0.0,0.0,0.0,0.0,slip_6_3,True,63,0,9,235700230007120962,ls_list_marginal_L4,True,235700230007120962,True,False,False,valid_list_complete,3517,3324,63,63,4,4,4,252,16128,0,126,0.06221978610847145,1.0
PF64_SPARSE_EARLY,PF64_SPARSE_EARLY_c0_t9,64,48,0.75,sparse,8.0,1.0,0.5,0.2,0.0,0.0,0.0,0.0,slip_6_3,True,63,0,9,235700230007120962,ls_list_marginal_L8,True,235700230007120962,True,False,False,valid_list_complete,15395,14237,63,63,9,8,8,504,32256,0,126,0.17810054798610508,1.0
PF64_SPARSE_EARLY,PF64_SPARSE_EARLY_c0_t9,64,48,0.75,sparse,8.0,1.0,0.5,0.2,0.0,0.0,0.0,0.0,slip_6_3,True,63,0,9,235700230007120962,latent_osd_batch_o2_s63,True,235700230007120962,True,False,False,best_marginal_in_osd_union,3528,0,63,63,2766,2766,2766,174258,11152512,3528,63,1.0160499720368534,1.0
PF64_SPARSE_EARLY,PF64_SPARSE_EARLY_c0_t9,64,48,0.75,sparse,8.0,1.0,0.5,0.2,0.0,0.0,0.0,0.0,slip_6_3,True,63,0,9,235700230007120962,plain_osd_batch_o2,False,274584860377042396,True,False,False,best_marginal_in_osd_union,56,0,1,1,56,56,56,56,3584,56,1,0.021756384056061506,1.0
PF64_SPARSE_EARLY,PF64_SPARSE_EARLY_c0_t9,64,48,0.75,sparse,8.0,1.0,0.5,0.2,0.0,0.0,0.0,0.0,slip_6_3,True,63,0,9,235700230007120962,lsgrand_certified_v1_bound,True,235700230007120962,True,True,False,strict_unseen_codeword_certificate,288,288,63,63,1,1,0,288,18432,0,63,0.0078092149924486876,1.0
PF64_SPARSE_EARLY,PF64_SPARSE_EARLY_c0_t10,64,48,0.75,sparse,8.0,1.0,0.5,0.2,0.0,0.0,0.0,0.0,slip_6_3,True,63,0,10,6229386355032388352,ls_first_valid,True,6229386355032388352,True,False,False,valid_list_complete,17,17,63,13,1,1,0,0,0,0,63,0.0032485589617863297,0.20634920634920634
PF64_SPARSE_EARLY,PF64_SPARSE_EARLY_c0_t10,64,48,0.75,sparse,8.0,1.0,0.5,0.2,0.0,0.0,0.0,0.0,slip_6_3,True,63,0,10,6229386355032388352,ls_list_marginal_L2,True,6229386355032388352,True,False,False,valid_list_complete,1139,1082,63,63,3,2,2,126,8064,0,126,0.024825565982609987,1.0
PF64_SPARSE_EARLY,PF64_SPARSE_EARLY_c0_t10,64,48,0.75,sparse,8.0,1.0,0.5,0.2,0.0,0.0,0.0,0.0,slip_6_3,True,63,0,10,6229386355032388352,ls_list_marginal_L4,True,6229386355032388352,True,False,False,valid_list_complete,2392,2261,63,63,5,4,4,252,16128,0,126,0.038893562043085694,1.0
PF64_SPARSE_EARLY,PF64_SPARSE_EARLY_c0_t10,64,48,0.75,sparse,8.0,1.0,0.5,0.2,0.0,0.0,0.0,0.0,slip_6_3,True,63,0,10,6229386355032388352,ls_list_marginal_L8,True,6229386355032388352,True,False,False,valid_list_complete,10741,9971,63,63,13,8,8,504,32256,0,126,0.18149710597936064,1.0
PF64_SPARSE_EARLY,PF64_SPARSE_EARLY_c0_t10,64,48,0.75,sparse,8.0,1.0,0.5,0.2,0.0,0.0,0.0,0.0,slip_6_3,True,63,0,10,6229386355032388352,latent_osd_batch_o2_s63,True,6229386355032388352,True,False,False,best_marginal_in_osd_union,3528,0,63,63,2655,2655,2655,167265,10704960,3528,63,1.1759398429421708,1.0
PF64_SPARSE_EARLY,PF64_SPARSE_EARLY_c0_t10,64,48,0.75,sparse,8.0,1.0,0.5,0.2,0.0,0.0,0.0,0.0,slip_6_3,True,63,0,10,6229386355032388352,plain_osd_batch_o2,False,8536119564225258581,True,False,False,best_marginal_in_osd_union,56,0,1,1,56,56,56,56,3584,56,1,0.022616903064772487,1.0
PF64_SPARSE_EARLY,PF64_SPARSE_EARLY_c0_t10,64,48,0.75,sparse,8.0,1.0,0.5,0.2,0.0,0.0,0.0,0.0,slip_6_3,True,63,0,10,6229386355032388352,lsgrand_certified_v1_bound,True,6229386355032388352,True,True,False,strict_unseen_codeword_certificate,288,288,63,63,2,1,0,288,18432,0,63,0.009855980984866619,1.0
PF64_SPARSE_EARLY,PF64_SPARSE_EARLY_c0_t11,64,48,0.75,sparse,8.0,1.0,0.5,0.2,0.0,0.0,0.0,0.0,slip_6_1,True,63,0,11,9582794904825979685,ls_first_valid,True,9582794904825979685,True,False,False,valid_list_complete,14,14,63,12,1,1,0,0,0,0,63,0.0026980629190802574,0.19047619047619047
PF64_SPARSE_EARLY,PF64_SPARSE_EARLY_c0_t11,64,48,0.75,sparse,8.0,1.0,0.5,0.2,0.0,0.0,0.0,0.0,slip_6_1,True,63,0,11,9582794904825979685,ls_list_marginal_L2,True,9582794904825979685,True,False,False,valid_list_complete,1540,1464,63,63,2,2,2,126,8064,0,126,0.03089152998290956,1.0
PF64_SPARSE_EARLY,PF64_SPARSE_EARLY_c0_t11,64,48,0.75,sparse,8.0,1.0,0.5,0.2,0.0,0.0,0.0,0.0,slip_6_1,True,63,0,11,9582794904825979685,ls_list_marginal_L4,True,9582794904825979685,True,False,False,valid_list_complete,2326,2210,63,63,4,4,4,252,16128,0,126,0.04117084003519267,1.0
PF64_SPARSE_EARLY,PF64_SPARSE_EARLY_c0_t11,64,48,0.75,sparse,8.0,1.0,0.5,0.2,0.0,0.0,0.0,0.0,slip_6_1,True,63,0,11,9582794904825979685,ls_list_marginal_L8,True,9582794904825979685,True,False,False,valid_list_complete,9620,8992,63,63,9,8,8,504,32256,0,126,0.15437528095208108,1.0
PF64_SPARSE_EARLY,PF64_SPARSE_EARLY_c0_t11,64,48,0.75,sparse,8.0,1.0,0.5,0.2,0.0,0.0,0.0,0.0,slip_6_1,True,63,0,11,9582794904825979685,latent_osd_batch_o2_s63,True,9582794904825979685,True,False,False,best_marginal_in_osd_union,3528,0,63,63,2689,2689,2689,169407,10842048,3528,63,1.13229592400603,1.0
PF64_SPARSE_EARLY,PF64_SPARSE_EARLY_c0_t11,64,48,0.75,sparse,8.0,1.0,0.5,0.2,0.0,0.0,0.0,0.0,slip_6_1,True,63,0,11,9582794904825979685,plain_osd_batch_o2,False,10734071914354522418,True,False,False,best_marginal_in_osd_union,56,0,1,1,56,56,56,56,3584,56,1,0.021788913989439607,1.0
PF64_SPARSE_EARLY,PF64_SPARSE_EARLY_c0_t11,64,48,0.75,sparse,8.0,1.0,0.5,0.2,0.0,0.0,0.0,0.0,slip_6_1,True,63,0,11,9582794904825979685,lsgrand_certified_v1_bound,True,9582794904825979685,True,True,False,strict_unseen_codeword_certificate,224,224,63,63,1,1,0,224,14336,0,63,0.006489497027359903,1.0
PF64_SPARSE_EARLY,PF64_SPARSE_EARLY_c0_t12,64,48,0.75,sparse,8.0,1.0,0.5,0.2,0.0,0.0,0.0,0.0,slip_6_1,True,63,0,12,13764990796015291100,ls_first_valid,True,13764990796015291100,True,False,False,valid_list_complete,16,16,63,12,1,1,0,0,0,0,63,0.014392280019819736,0.19047619047619047
PF64_SPARSE_EARLY,PF64_SPARSE_EARLY_c0_t12,64,48,0.75,sparse,8.0,1.0,0.5,0.2,0.0,0.0,0.0,0.0,slip_6_1,True,63,0,12,13764990796015291100,ls_list_marginal_L2,True,13764990796015291100,True,False,False,valid_list_complete,1149,1095,63,63,2,2,2,126,8064,0,126,0.029666017973795533,1.0
PF64_SPARSE_EARLY,PF64_SPARSE_EARLY_c0_t12,64,48,0.75,sparse,8.0,1.0,0.5,0.2,0.0,0.0,0.0,0.0,slip_6_1,True,63,0,12,13764990796015291100,ls_list_marginal_L4,True,13764990796015291100,True,False,False,valid_list_complete,4315,4076,63,63,4,4,4,252,16128,0,126,0.055400638026185334,1.0
PF64_SPARSE_EARLY,PF64_SPARSE_EARLY_c0_t12,64,48,0.75,sparse,8.0,1.0,0.5,0.2,0.0,0.0,0.0,0.0,slip_6_1,True,63,0,12,13764990796015291100,ls_list_marginal_L8,True,13764990796015291100,True,False,False,valid_list_complete,20683,19141,63,63,10,8,8,504,32256,0,126,0.2596410660771653,1.0
PF64_SPARSE_EARLY,PF64_SPARSE_EARLY_c0_t12,64,48,0.75,sparse,8.0,1.0,0.5,0.2,0.0,0.0,0.0,0.0,slip_6_1,True,63,0,12,13764990796015291100,latent_osd_batch_o2_s63,True,13764990796015291100,True,False,False,best_marginal_in_osd_union,3528,0,63,63,2751,2751,2751,173313,11092032,3528,63,1.1666132679674774,1.0
PF64_SPARSE_EARLY,PF64_SPARSE_EARLY_c0_t12,64,48,0.75,sparse,8.0,1.0,0.5,0.2,0.0,0.0,0.0,0.0,slip_6_1,True,63,0,12,13764990796015291100,plain_osd_batch_o2,False,9151608765922488142,True,False,False,best_marginal_in_osd_union,56,0,1,1,56,56,56,56,3584,56,1,0.018531172070652246,1.0
PF64_SPARSE_EARLY,PF64_SPARSE_EARLY_c0_t12,64,48,0.75,sparse,8.0,1.0,0.5,0.2,0.0,0.0,0.0,0.0,slip_6_1,True,63,0,12,13764990796015291100,lsgrand_certified_v1_bound,True,13764990796015291100,True,True,False,strict_unseen_codeword_certificate,320,320,63,63,1,1,0,320,20480,0,63,0.005540659069083631,1.0
PF64_SPARSE_EARLY,PF64_SPARSE_EARLY_c0_t13,64,48,0.75,sparse,8.0,1.0,0.5,0.2,0.0,0.0,0.0,0.0,slip_6_1,True,63,0,13,3930127477453914651,ls_first_valid,True,3930127477453914651,True,False,False,valid_list_complete,81,81,63,63,1,1,0,0,0,0,63,0.002412689966149628,1.0
PF64_SPARSE_EARLY,PF64_SPARSE_EARLY_c0_t13,64,48,0.75,sparse,8.0,1.0,0.5,0.2,0.0,0.0,0.0,0.0,slip_6_1,True,63,0,13,3930127477453914651,ls_list_marginal_L2,True,3930127477453914651,True,False,False,valid_list_complete,3432,3196,63,63,2,2,2,126,8064,0,126,0.0389864620519802,1.0
PF64_SPARSE_EARLY,PF64_SPARSE_EARLY_c0_t13,64,48,0.75,sparse,8.0,1.0,0.5,0.2,0.0,0.0,0.0,0.0,slip_6_1,True,63,0,13,3930127477453914651,ls_list_marginal_L4,True,3930127477453914651,True,False,False,valid_list_complete,8476,7839,63,63,5,4,4,252,16128,0,126,0.11444678099360317,1.0
PF64_SPARSE_EARLY,PF64_SPARSE_EARLY_c0_t13,64,48,0.75,sparse,8.0,1.0,0.5,0.2,0.0,0.0,0.0,0.0,slip_6_1,True,63,0,13,3930127477453914651,ls_list_marginal_L8,True,3930127477453914651,True,False,False,valid_list_complete,17583,16077,63,63,9,8,8,504,32256,0,126,0.27891339897178113,1.0
PF64_SPARSE_EARLY,PF64_SPARSE_EARLY_c0_t13,64,48,0.75,sparse,8.0,1.0,0.5,0.2,0.0,0.0,0.0,0.0,slip_6_1,True,63,0,13,3930127477453914651,latent_osd_batch_o2_s63,True,3930127477453914651,True,False,False,best_marginal_in_osd_union,3528,0,63,63,2486,2486,2486,156618,10023552,3528,63,1.227518788073212,1.0
PF64_SPARSE_EARLY,PF64_SPARSE_EARLY_c0_t13,64,48,0.75,sparse,8.0,1.0,0.5,0.2,0.0,0.0,0.0,0.0,slip_6_1,True,63,0,13,3930127477453914651,plain_osd_batch_o2,False,1624398721384104837,True,False,False,best_marginal_in_osd_union,56,0,1,1,56,56,56,56,3584,56,1,0.02360082999803126,1.0
PF64_SPARSE_EARLY,PF64_SPARSE_EARLY_c0_t13,64,48,0.75,sparse,8.0,1.0,0.5,0.2,0.0,0.0,0.0,0.0,slip_6_1,True,63,0,13,3930127477453914651,lsgrand_certified_v1_bound,True,3930127477453914651,True,True,False,strict_unseen_codeword_certificate,512,512,63,63,1,1,0,512,32768,0,63,0.009953656001016498,1.0
PF64_SPARSE_EARLY,PF64_SPARSE_EARLY_c0_t14,64,48,0.75,sparse,8.0,1.0,0.5,0.2,0.0,0.0,0.0,0.0,slip_6_1,True,63,0,14,17577135365012832311,ls_first_valid,True,17577135365012832311,True,False,False,valid_list_complete,18,18,63,12,1,1,0,0,0,0,63,0.0034418499562889338,0.19047619047619047
PF64_SPARSE_EARLY,PF64_SPARSE_EARLY_c0_t14,64,48,0.75,sparse,8.0,1.0,0.5,0.2,0.0,0.0,0.0,0.0,slip_6_1,True,63,0,14,17577135365012832311,ls_list_marginal_L2,True,17577135365012832311,True,False,False,valid_list_complete,227,223,63,63,3,2,2,126,8064,0,126,0.008700730977579951,1.0
PF64_SPARSE_EARLY,PF64_SPARSE_EARLY_c0_t14,64,48,0.75,sparse,8.0,1.0,0.5,0.2,0.0,0.0,0.0,0.0,slip_6_1,True,63,0,14,17577135365012832311,ls_list_marginal_L4,True,17577135365012832311,True,False,False,valid_list_complete,3832,3605,63,63,6,4,4,252,16128,0,126,0.06260933994781226,1.0
PF64_SPARSE_EARLY,PF64_SPARSE_EARLY_c0_t14,64,48,0.75,sparse,8.0,1.0,0.5,0.2,0.0,0.0,0.0,0.0,slip_6_1,True,63,0,14,17577135365012832311,ls_list_marginal_L8,True,17577135365012832311,True,False,False,valid_list_complete,9481,8815,63,63,13,8,8,504,32256,0,126,0.11959539807867259,1.0
PF64_SPARSE_EARLY,PF64_SPARSE_EARLY_c0_t14,64,48,0.75,sparse,8.0,1.0,0.5,0.2,0.0,0.0,0.0,0.0,slip_6_1,True,63,0,14,17577135365012832311,latent_osd_batch_o2_s63,True,17577135365012832311,True,False,False,best_marginal_in_osd_union,3528,0,63,63,2559,2559,2559,161217,10317888,3528,63,0.9931681590387598,1.0
PF64_SPARSE_EARLY,PF64_SPARSE_EARLY_c0_t14,64,48,0.75,sparse,8.0,1.0,0.5,0.2,0.0,0.0,0.0,0.0,slip_6_1,True,63,0,14,17577135365012832311,plain_osd_batch_o2,False,17561473553535551633,True,False,False,best_marginal_in_osd_union,56,0,1,1,56,56,56,56,3584,56,1,0.01762184896506369,1.0
PF64_SPARSE_EARLY,PF64_SPARSE_EARLY_c0_t14,64,48,0.75,sparse,8.0,1.0,0.5,0.2,0.0,0.0,0.0,0.0,slip_6_1,True,63,0,14,17577135365012832311,lsgrand_certified_v1_bound,True,17577135365012832311,True,True,False,strict_unseen_codeword_certificate,448,448,63,63,3,2,0,448,28672,0,63,0.008063483983278275,1.0
PF64_SPARSE_EARLY,PF64_SPARSE_EARLY_c0_t15,64,48,0.75,sparse,8.0,1.0,0.5,0.2,0.0,0.0,0.0,0.0,slip_6_1,True,63,0,15,17079655452776154641,ls_first_valid,True,17079655452776154641,True,False,False,valid_list_complete,13,13,63,12,1,1,0,0,0,0,63,0.001763231004588306,0.19047619047619047
PF64_SPARSE_EARLY,PF64_SPARSE_EARLY_c0_t15,64,48,0.75,sparse,8.0,1.0,0.5,0.2,0.0,0.0,0.0,0.0,slip_6_1,True,63,0,15,17079655452776154641,ls_list_marginal_L2,True,17079655452776154641,True,False,False,valid_list_complete,80,80,63,63,2,2,2,126,8064,0,126,0.004085105960257351,1.0
PF64_SPARSE_EARLY,PF64_SPARSE_EARLY_c0_t15,64,48,0.75,sparse,8.0,1.0,0.5,0.2,0.0,0.0,0.0,0.0,slip_6_1,True,63,0,15,17079655452776154641,ls_list_marginal_L4,True,17079655452776154641,True,False,False,valid_list_complete,1547,1484,63,63,4,4,4,252,16128,0,126,0.020595959038473666,1.0
PF64_SPARSE_EARLY,PF64_SPARSE_EARLY_c0_t15,64,48,0.75,sparse,8.0,1.0,0.5,0.2,0.0,0.0,0.0,0.0,slip_6_1,True,63,0,15,17079655452776154641,ls_list_marginal_L8,True,17079655452776154641,True,False,False,valid_list_complete,3418,3253,63,63,8,8,8,504,32256,0,126,0.03978406195528805,1.0
PF64_SPARSE_EARLY,PF64_SPARSE_EARLY_c0_t15,64,48,0.75,sparse,8.0,1.0,0.5,0.2,0.0,0.0,0.0,0.0,slip_6_1,True,63,0,15,17079655452776154641,latent_osd_batch_o2_s63,True,17079655452776154641,True,False,False,best_marginal_in_osd_union,3528,0,63,63,2521,2521,2521,158823,10164672,3528,63,1.0379446449223906,1.0
PF64_SPARSE_EARLY,PF64_SPARSE_EARLY_c0_t15,64,48,0.75,sparse,8.0,1.0,0.5,0.2,0.0,0.0,0.0,0.0,slip_6_1,True,63,0,15,17079655452776154641,plain_osd_batch_o2,False,17078000127788720396,True,False,False,best_marginal_in_osd_union,56,0,1,1,56,56,56,56,3584,56,1,0.022409008000977337,1.0
PF64_SPARSE_EARLY,PF64_SPARSE_EARLY_c0_t15,64,48,0.75,sparse,8.0,1.0,0.5,0.2,0.0,0.0,0.0,0.0,slip_6_1,True,63,0,15,17079655452776154641,lsgrand_certified_v1_bound,True,17079655452776154641,True,True,False,strict_unseen_codeword_certificate,128,128,63,63,2,2,0,128,8192,0,63,0.00471789890434593,1.0
PF64_SPARSE_EARLY,PF64_SPARSE_EARLY_c0_t16,64,48,0.75,sparse,8.0,1.0,0.5,0.2,0.0,0.0,0.0,0.0,slip_6_3,True,63,0,16,7763555173930354797,ls_first_valid,True,7763555173930354797,True,False,False,valid_list_complete,14,14,63,13,1,1,0,0,0,0,63,0.003738703904673457,0.20634920634920634
PF64_SPARSE_EARLY,PF64_SPARSE_EARLY_c0_t16,64,48,0.75,sparse,8.0,1.0,0.5,0.2,0.0,0.0,0.0,0.0,slip_6_3,True,63,0,16,7763555173930354797,ls_list_marginal_L2,True,7763555173930354797,True,False,False,valid_list_complete,1879,1803,63,63,3,2,2,126,8064,0,126,0.03211549192201346,1.0
PF64_SPARSE_EARLY,PF64_SPARSE_EARLY_c0_t16,64,48,0.75,sparse,8.0,1.0,0.5,0.2,0.0,0.0,0.0,0.0,slip_6_3,True,63,0,16,7763555173930354797,ls_list_marginal_L4,True,7763555173930354797,True,False,False,valid_list_complete,5354,5070,63,63,6,4,4,252,16128,0,126,0.06824222800787538,1.0
PF64_SPARSE_EARLY,PF64_SPARSE_EARLY_c0_t16,64,48,0.75,sparse,8.0,1.0,0.5,0.2,0.0,0.0,0.0,0.0,slip_6_3,True,63,0,16,7763555173930354797,ls_list_marginal_L8,True,7763555173930354797,True,False,False,valid_list_complete,12954,12124,63,63,10,8,8,504,32256,0,126,0.1904340609908104,1.0
PF64_SPARSE_EARLY,PF64_SPARSE_EARLY_c0_t16,64,48,0.75,sparse,8.0,1.0,0.5,0.2,0.0,0.0,0.0,0.0,slip_6_3,True,63,0,16,7763555173930354797,latent_osd_batch_o2_s63,True,7763555173930354797,True,False,False,best_marginal_in_osd_union,3528,0,63,63,2705,2705,2705,170415,10906560,3528,63,1.3135635850485414,1.0
PF64_SPARSE_EARLY,PF64_SPARSE_EARLY_c0_t16,64,48,0.75,sparse,8.0,1.0,0.5,0.2,0.0,0.0,0.0,0.0,slip_6_3,True,63,0,16,7763555173930354797,plain_osd_batch_o2,False,7763932930205209035,True,False,False,best_marginal_in_osd_union,56,0,1,1,56,56,56,56,3584,56,1,0.017505313968285918,1.0
PF64_SPARSE_EARLY,PF64_SPARSE_EARLY_c0_t16,64,48,0.75,sparse,8.0,1.0,0.5,0.2,0.0,0.0,0.0,0.0,slip_6_3,True,63,0,16,7763555173930354797,lsgrand_certified_v1_bound,True,7763555173930354797,True,True,False,strict_unseen_codeword_certificate,128,128,63,63,1,1,0,128,8192,0,63,0.00354029203299433,1.0
PF64_SPARSE_EARLY,PF64_SPARSE_EARLY_c0_t17,64,48,0.75,sparse,8.0,1.0,0.5,0.2,0.0,0.0,0.0,0.0,slip_6_1,True,63,0,17,2444917280784083064,ls_first_valid,True,2444917280784083064,True,False,False,valid_list_complete,16,16,63,12,1,1,0,0,0,0,63,0.001822597929276526,0.19047619047619047
PF64_SPARSE_EARLY,PF64_SPARSE_EARLY_c0_t17,64,48,0.75,sparse,8.0,1.0,0.5,0.2,0.0,0.0,0.0,0.0,slip_6_1,True,63,0,17,2444917280784083064,ls_list_marginal_L2,True,2444917280784083064,True,False,False,valid_list_complete,627,604,63,63,2,2,2,126,8064,0,126,0.012290121987462044,1.0
PF64_SPARSE_EARLY,PF64_SPARSE_EARLY_c0_t17,64,48,0.75,sparse,8.0,1.0,0.5,0.2,0.0,0.0,0.0,0.0,slip_6_1,True,63,0,17,2444917280784083064,ls_list_marginal_L4,True,2444917280784083064,True,False,False,valid_list_complete,4050,3826,63,63,5,4,4,252,16128,0,126,0.04469857201911509,1.0
PF64_SPARSE_EARLY,PF64_SPARSE_EARLY_c0_t17,64,48,0.75,sparse,8.0,1.0,0.5,0.2,0.0,0.0,0.0,0.0,slip_6_1,True,63,0,17,2444917280784083064,ls_list_marginal_L8,True,2444917280784083064,True,False,False,valid_list_complete,8318,7786,63,63,9,8,8,504,32256,0,126,0.09785894304513931,1.0
PF64_SPARSE_EARLY,PF64_SPARSE_EARLY_c0_t17,64,48,0.75,sparse,8.0,1.0,0.5,0.2,0.0,0.0,0.0,0.0,slip_6_1,True,63,0,17,2444917280784083064,latent_osd_batch_o2_s63,True,2444917280784083064,True,False,False,best_marginal_in_osd_union,3528,0,63,63,2642,2642,2642,166446,10652544,3528,63,1.255463590961881,1.0
PF64_SPARSE_EARLY,PF64_SPARSE_EARLY_c0_t17,64,48,0.75,sparse,8.0,1.0,0.5,0.2,0.0,0.0,0.0,0.0,slip_6_1,True,63,0,17,2444917280784083064,plain_osd_batch_o2,False,2947193685274275486,True,False,False,best_marginal_in_osd_union,56,0,1,1,56,56,56,56,3584,56,1,0.017753959982655942,1.0
PF64_SPARSE_EARLY,PF64_SPARSE_EARLY_c0_t17,64,48,0.75,sparse,8.0,1.0,0.5,0.2,0.0,0.0,0.0,0.0,slip_6_1,True,63,0,17,2444917280784083064,lsgrand_certified_v1_bound,True,2444917280784083064,True,True,False,strict_unseen_codeword_certificate,288,288,63,63,1,1,0,288,18432,0,63,0.005068327998742461,1.0
PF64_SPARSE_EARLY,PF64_SPARSE_EARLY_c0_t18,64,48,0.75,sparse,8.0,1.0,0.5,0.2,0.0,0.0,0.0,0.0,slip_6_3,True,63,0,18,12553170439773839287,ls_first_valid,True,12553170439773839287,True,False,False,valid_list_complete,14,14,63,13,1,1,0,0,0,0,63,0.0018256480107083917,0.20634920634920634
PF64_SPARSE_EARLY,PF64_SPARSE_EARLY_c0_t18,64,48,0.75,sparse,8.0,1.0,0.5,0.2,0.0,0.0,0.0,0.0,slip_6_3,True,63,0,18,12553170439773839287,ls_list_marginal_L2,True,12553170439773839287,True,False,False,valid_list_complete,415,399,63,63,2,2,2,126,8064,0,126,0.011960264993831515,1.0
PF64_SPARSE_EARLY,PF64_SPARSE_EARLY_c0_t18,64,48,0.75,sparse,8.0,1.0,0.5,0.2,0.0,0.0,0.0,0.0,slip_6_3,True,63,0,18,12553170439773839287,ls_list_marginal_L4,True,12553170439773839287,True,False,False,valid_list_complete,1723,1643,63,63,4,4,4,252,16128,0,126,0.029374524019658566,1.0
PF64_SPARSE_EARLY,PF64_SPARSE_EARLY_c0_t18,64,48,0.75,sparse,8.0,1.0,0.5,0.2,0.0,0.0,0.0,0.0,slip_6_3,True,63,0,18,12553170439773839287,ls_list_marginal_L8,True,12553170439773839287,True,False,False,valid_list_complete,6138,5751,63,63,10,8,8,504,32256,0,126,0.10153606405947357,1.0
PF64_SPARSE_EARLY,PF64_SPARSE_EARLY_c0_t18,64,48,0.75,sparse,8.0,1.0,0.5,0.2,0.0,0.0,0.0,0.0,slip_6_3,True,63,0,18,12553170439773839287,latent_osd_batch_o2_s63,True,12553170439773839287,True,False,False,best_marginal_in_osd_union,3528,0,63,63,2585,2585,2585,162855,10422720,3528,63,1.0890556320082396,1.0
PF64_SPARSE_EARLY,PF64_SPARSE_EARLY_c0_t18,64,48,0.75,sparse,8.0,1.0,0.5,0.2,0.0,0.0,0.0,0.0,slip_6_3,True,63,0,18,12553170439773839287,plain_osd_batch_o2,False,10249964430730132910,True,False,False,best_marginal_in_osd_union,56,0,1,1,56,56,56,56,3584,56,1,0.018759262980893254,1.0
PF64_SPARSE_EARLY,PF64_SPARSE_EARLY_c0_t18,64,48,0.75,sparse,8.0,1.0,0.5,0.2,0.0,0.0,0.0,0.0,slip_6_3,True,63,0,18,12553170439773839287,lsgrand_certified_v1_bound,True,12553170439773839287,True,True,False,strict_unseen_codeword_certificate,128,128,63,63,1,1,0,128,8192,0,63,0.004223647993057966,1.0
PF64_SPARSE_EARLY,PF64_SPARSE_EARLY_c0_t19,64,48,0.75,sparse,8.0,1.0,0.5,0.2,0.0,0.0,0.0,0.0,slip_6_3,True,63,0,19,14600591563223199096,ls_first_valid,True,14600591563223199096,True,False,False,valid_list_complete,13,13,63,13,1,1,0,0,0,0,63,0.002574839978478849,0.20634920634920634
PF64_SPARSE_EARLY,PF64_SPARSE_EARLY_c0_t19,64,48,0.75,sparse,8.0,1.0,0.5,0.2,0.0,0.0,0.0,0.0,slip_6_3,True,63,0,19,14600591563223199096,ls_list_marginal_L2,True,14600591563223199096,True,False,False,valid_list_complete,537,522,63,63,2,2,2,126,8064,0,126,0.008746048901230097,1.0
PF64_SPARSE_EARLY,PF64_SPARSE_EARLY_c0_t19,64,48,0.75,sparse,8.0,1.0,0.5,0.2,0.0,0.0,0.0,0.0,slip_6_3,True,63,0,19,14600591563223199096,ls_list_marginal_L4,True,14600591563223199096,True,False,False,valid_list_complete,5408,5105,63,63,5,4,4,252,16128,0,126,0.06571111804805696,1.0
PF64_SPARSE_EARLY,PF64_SPARSE_EARLY_c0_t19,64,48,0.75,sparse,8.0,1.0,0.5,0.2,0.0,0.0,0.0,0.0,slip_6_3,True,63,0,19,14600591563223199096,ls_list_marginal_L8,True,14600591563223199096,True,False,False,valid_list_complete,8639,8105,63,63,9,8,8,504,32256,0,126,0.09073177597019821,1.0
PF64_SPARSE_EARLY,PF64_SPARSE_EARLY_c0_t19,64,48,0.75,sparse,8.0,1.0,0.5,0.2,0.0,0.0,0.0,0.0,slip_6_3,True,63,0,19,14600591563223199096,latent_osd_batch_o2_s63,True,14600591563223199096,True,False,False,best_marginal_in_osd_union,3528,0,63,63,2530,2530,2530,159390,10200960,3528,63,1.2239117129938677,1.0
PF64_SPARSE_EARLY,PF64_SPARSE_EARLY_c0_t19,64,48,0.75,sparse,8.0,1.0,0.5,0.2,0.0,0.0,0.0,0.0,slip_6_3,True,63,0,19,14600591563223199096,plain_osd_batch_o2,False,14452667209645984705,True,False,False,best_marginal_in_osd_union,56,0,1,1,56,56,56,56,3584,56,1,0.024150111945345998,1.0
PF64_SPARSE_EARLY,PF64_SPARSE_EARLY_c0_t19,64,48,0.75,sparse,8.0,1.0,0.5,0.2,0.0,0.0,0.0,0.0,slip_6_3,True,63,0,19,14600591563223199096,lsgrand_certified_v1_bound,True,14600591563223199096,True,True,False,strict_unseen_codeword_certificate,64,64,63,63,1,1,0,64,4096,0,63,0.0035479479702189565,1.0
PF64_SPARSE_EARLY,PF64_SPARSE_EARLY_c1_t0,64,48,0.75,sparse,8.0,1.0,0.5,0.2,0.0,0.0,0.0,0.0,slip_6_3,True,63,1,0,5708244140973342621,ls_first_valid,True,5708244140973342621,True,False,False,valid_list_complete,14,14,63,13,1,1,0,0,0,0,63,0.007558905985206366,0.20634920634920634
PF64_SPARSE_EARLY,PF64_SPARSE_EARLY_c1_t0,64,48,0.75,sparse,8.0,1.0,0.5,0.2,0.0,0.0,0.0,0.0,slip_6_3,True,63,1,0,5708244140973342621,ls_list_marginal_L2,True,5708244140973342621,True,False,False,valid_list_complete,1723,1650,63,63,2,2,2,126,8064,0,126,0.032571836025454104,1.0
PF64_SPARSE_EARLY,PF64_SPARSE_EARLY_c1_t0,64,48,0.75,sparse,8.0,1.0,0.5,0.2,0.0,0.0,0.0,0.0,slip_6_3,True,63,1,0,5708244140973342621,ls_list_marginal_L4,True,5708244140973342621,True,False,False,valid_list_complete,9979,9340,63,63,6,4,4,252,16128,0,126,0.1684429340530187,1.0
PF64_SPARSE_EARLY,PF64_SPARSE_EARLY_c1_t0,64,48,0.75,sparse,8.0,1.0,0.5,0.2,0.0,0.0,0.0,0.0,slip_6_3,True,63,1,0,5708244140973342621,ls_list_marginal_L8,True,5708244140973342621,True,False,False,valid_list_complete,12730,11865,63,63,10,8,8,504,32256,0,126,0.21221958298701793,1.0
PF64_SPARSE_EARLY,PF64_SPARSE_EARLY_c1_t0,64,48,0.75,sparse,8.0,1.0,0.5,0.2,0.0,0.0,0.0,0.0,slip_6_3,True,63,1,0,5708244140973342621,latent_osd_batch_o2_s63,True,5708244140973342621,True,False,False,best_marginal_in_osd_union,3528,0,63,63,2531,2531,2531,159453,10204992,3528,63,1.2795753839891404,1.0
PF64_SPARSE_EARLY,PF64_SPARSE_EARLY_c1_t0,64,48,0.75,sparse,8.0,1.0,0.5,0.2,0.0,0.0,0.0,0.0,slip_6_3,True,63,1,0,5708244140973342621,plain_osd_batch_o2,False,5638092887120965178,True,False,False,best_marginal_in_osd_union,56,0,1,1,56,56,56,56,3584,56,1,0.015779448091052473,1.0
PF64_SPARSE_EARLY,PF64_SPARSE_EARLY_c1_t0,64,48,0.75,sparse,8.0,1.0,0.5,0.2,0.0,0.0,0.0,0.0,slip_6_3,True,63,1,0,5708244140973342621,lsgrand_certified_v1_bound,True,5708244140973342621,True,True,False,strict_unseen_codeword_certificate,128,128,63,63,1,1,0,128,8192,0,63,0.0034773439401760697,1.0
PF64_SPARSE_EARLY,PF64_SPARSE_EARLY_c1_t1,64,48,0.75,sparse,8.0,1.0,0.5,0.2,0.0,0.0,0.0,0.0,slip_6_1,True,63,1,1,6705932893669381461,ls_first_valid,True,6705932893669381461,True,False,False,valid_list_complete,14,14,63,12,1,1,0,0,0,0,63,0.001906116958707571,0.19047619047619047
PF64_SPARSE_EARLY,PF64_SPARSE_EARLY_c1_t1,64,48,0.75,sparse,8.0,1.0,0.5,0.2,0.0,0.0,0.0,0.0,slip_6_1,True,63,1,1,6705932893669381461,ls_list_marginal_L2,True,6705932893669381461,True,False,False,valid_list_complete,623,605,63,63,2,2,2,126,8064,0,126,0.017012633034028113,1.0
PF64_SPARSE_EARLY,PF64_SPARSE_EARLY_c1_t1,64,48,0.75,sparse,8.0,1.0,0.5,0.2,0.0,0.0,0.0,0.0,slip_6_1,True,63,1,1,6705932893669381461,ls_list_marginal_L4,True,6705932893669381461,True,False,False,valid_list_complete,821,796,63,63,4,4,4,252,16128,0,126,0.012970360927283764,1.0
PF64_SPARSE_EARLY,PF64_SPARSE_EARLY_c1_t1,64,48,0.75,sparse,8.0,1.0,0.5,0.2,0.0,0.0,0.0,0.0,slip_6_1,True,63,1,1,6705932893669381461,ls_list_marginal_L8,True,6705932893669381461,True,False,False,valid_list_complete,5680,5370,63,63,8,8,8,504,32256,0,126,0.09028237394522876,1.0
PF64_SPARSE_EARLY,PF64_SPARSE_EARLY_c1_t1,64,48,0.75,sparse,8.0,1.0,0.5,0.2,0.0,0.0,0.0,0.0,slip_6_1,True,63,1,1,6705932893669381461,latent_osd_batch_o2_s63,True,6705932893669381461,True,False,False,best_marginal_in_osd_union,3528,0,63,63,2613,2613,2613,164619,10535616,3528,63,1.1577714249724522,1.0
PF64_SPARSE_EARLY,PF64_SPARSE_EARLY_c1_t1,64,48,0.75,sparse,8.0,1.0,0.5,0.2,0.0,0.0,0.0,0.0,slip_6_1,True,63,1,1,6705932893669381461,plain_osd_batch_o2,False,5844030889144614928,True,False,False,best_marginal_in_osd_union,56,0,1,1,56,56,56,56,3584,56,1,0.03579166193958372,1.0
PF64_SPARSE_EARLY,PF64_SPARSE_EARLY_c1_t1,64,48,0.75,sparse,8.0,1.0,0.5,0.2,0.0,0.0,0.0,0.0,slip_6_1,True,63,1,1,6705932893669381461,lsgrand_certified_v1_bound,True,6705932893669381461,True,True,False,strict_unseen_codeword_certificate,192,192,63,63,1,1,0,192,12288,0,63,0.007900169002823532,1.0
PF64_SPARSE_EARLY,PF64_SPARSE_EARLY_c1_t2,64,48,0.75,sparse,8.0,1.0,0.5,0.2,0.0,0.0,0.0,0.0,slip_6_3,True,63,1,2,9642493355732873279,ls_first_valid,True,9642493355732873279,True,False,False,valid_list_complete,19,19,63,13,1,1,0,0,0,0,63,0.0045660160249099135,0.20634920634920634
PF64_SPARSE_EARLY,PF64_SPARSE_EARLY_c1_t2,64,48,0.75,sparse,8.0,1.0,0.5,0.2,0.0,0.0,0.0,0.0,slip_6_3,True,63,1,2,9642493355732873279,ls_list_marginal_L2,True,9642493355732873279,True,False,False,valid_list_complete,1910,1808,63,63,3,2,2,126,8064,0,126,0.03251921199262142,1.0
PF64_SPARSE_EARLY,PF64_SPARSE_EARLY_c1_t2,64,48,0.75,sparse,8.0,1.0,0.5,0.2,0.0,0.0,0.0,0.0,slip_6_3,True,63,1,2,9642493355732873279,ls_list_marginal_L4,True,9642493355732873279,True,False,False,valid_list_complete,7749,7230,63,63,5,4,4,252,16128,0,126,0.09722415695432574,1.0
PF64_SPARSE_EARLY,PF64_SPARSE_EARLY_c1_t2,64,48,0.75,sparse,8.0,1.0,0.5,0.2,0.0,0.0,0.0,0.0,slip_6_3,True,63,1,2,9642493355732873279,ls_list_marginal_L8,True,9642493355732873279,True,False,False,valid_list_complete,17055,15765,63,63,9,8,8,504,32256,0,126,0.21734225400723517,1.0
PF64_SPARSE_EARLY,PF64_SPARSE_EARLY_c1_t2,64,48,0.75,sparse,8.0,1.0,0.5,0.2,0.0,0.0,0.0,0.0,slip_6_3,True,63,1,2,9642493355732873279,latent_osd_batch_o2_s63,True,9642493355732873279,True,False,False,best_marginal_in_osd_union,3528,0,63,63,2567,2567,2567,161721,10350144,3528,63,1.3310104559641331,1.0
PF64_SPARSE_EARLY,PF64_SPARSE_EARLY_c1_t2,64,48,0.75,sparse,8.0,1.0,0.5,0.2,0.0,0.0,0.0,0.0,slip_6_3,True,63,1,2,9642493355732873279,plain_osd_batch_o2,False,14214026426970416494,True,False,False,best_marginal_in_osd_union,56,0,1,1,56,56,56,56,3584,56,1,0.017535567982122302,1.0
PF64_SPARSE_EARLY,PF64_SPARSE_EARLY_c1_t2,64,48,0.75,sparse,8.0,1.0,0.5,0.2,0.0,0.0,0.0,0.0,slip_6_3,True,63,1,2,9642493355732873279,lsgrand_certified_v1_bound,True,9642493355732873279,True,True,False,strict_unseen_codeword_certificate,448,448,63,63,1,1,0,448,28672,0,63,0.01306167000439018,1.0
PF64_SPARSE_EARLY,PF64_SPARSE_EARLY_c1_t3,64,48,0.75,sparse,8.0,1.0,0.5,0.2,0.0,0.0,0.0,0.0,slip_6_3,True,63,1,3,5375471858767535116,ls_first_valid,False,5388982657649646604,True,False,False,valid_list_complete,12,12,63,9,1,1,0,0,0,0,63,0.004216531990095973,0.14285714285714285
PF64_SPARSE_EARLY,PF64_SPARSE_EARLY_c1_t3,64,48,0.75,sparse,8.0,1.0,0.5,0.2,0.0,0.0,0.0,0.0,slip_6_3,True,63,1,3,5375471858767535116,ls_list_marginal_L2,True,5375471858767535116,True,False,False,valid_list_complete,16,16,63,13,2,2,2,126,8064,0,126,0.0041317109717056155,0.20634920634920634
PF64_SPARSE_EARLY,PF64_SPARSE_EARLY_c1_t3,64,48,0.75,sparse,8.0,1.0,0.5,0.2,0.0,0.0,0.0,0.0,slip_6_3,True,63,1,3,5375471858767535116,ls_list_marginal_L4,True,5375471858767535116,True,False,False,valid_list_complete,1214,1164,63,63,5,4,4,252,16128,0,126,0.02230353804770857,1.0
PF64_SPARSE_EARLY,PF64_SPARSE_EARLY_c1_t3,64,48,0.75,sparse,8.0,1.0,0.5,0.2,0.0,0.0,0.0,0.0,slip_6_3,True,63,1,3,5375471858767535116,ls_list_marginal_L8,True,5375471858767535116,True,False,False,valid_list_complete,2401,2282,63,63,9,8,8,504,32256,0,126,0.039490135037340224,1.0
PF64_SPARSE_EARLY,PF64_SPARSE_EARLY_c1_t3,64,48,0.75,sparse,8.0,1.0,0.5,0.2,0.0,0.0,0.0,0.0,slip_6_3,True,63,1,3,5375471858767535116,latent_osd_batch_o2_s63,True,5375471858767535116,True,False,False,best_marginal_in_osd_union,3528,0,63,63,2497,2497,2497,157311,10067904,3528,63,1.2653050889493898,1.0
PF64_SPARSE_EARLY,PF64_SPARSE_EARLY_c1_t3,64,48,0.75,sparse,8.0,1.0,0.5,0.2,0.0,0.0,0.0,0.0,slip_6_3,True,63,1,3,5375471858767535116,plain_osd_batch_o2,False,5377076170332666201,True,False,False,best_marginal_in_osd_union,56,0,1,1,56,56,56,56,3584,56,1,0.01861778204329312,1.0
PF64_SPARSE_EARLY,PF64_SPARSE_EARLY_c1_t3,64,48,0.75,sparse,8.0,1.0,0.5,0.2,0.0,0.0,0.0,0.0,slip_6_3,True,63,1,3,5375471858767535116,lsgrand_certified_v1_bound,True,5375471858767535116,True,True,False,strict_unseen_codeword_certificate,3936,3936,63,63,11,9,0,3936,251904,0,63,0.1428120619384572,1.0
PF64_SPARSE_EARLY,PF64_SPARSE_EARLY_c1_t4,64,48,0.75,sparse,8.0,1.0,0.5,0.2,0.0,0.0,0.0,0.0,slip_6_1,True,63,1,4,13550894774401553437,ls_first_valid,False,13573412772538405917,True,False,False,valid_list_complete,9,9,63,8,1,1,0,0,0,0,63,0.0028185290284454823,0.12698412698412698
PF64_SPARSE_EARLY,PF64_SPARSE_EARLY_c1_t4,64,48,0.75,sparse,8.0,1.0,0.5,0.2,0.0,0.0,0.0,0.0,slip_6_1,True,63,1,4,13550894774401553437,ls_list_marginal_L2,True,13550894774401553437,True,False,False,valid_list_complete,13,13,63,12,2,2,2,126,8064,0,126,0.004426448023878038,0.19047619047619047
PF64_SPARSE_EARLY,PF64_SPARSE_EARLY_c1_t4,64,48,0.75,sparse,8.0,1.0,0.5,0.2,0.0,0.0,0.0,0.0,slip_6_1,True,63,1,4,13550894774401553437,ls_list_marginal_L4,True,13550894774401553437,True,False,False,valid_list_complete,2532,2382,63,63,5,4,4,252,16128,0,126,0.05658669793047011,1.0
PF64_SPARSE_EARLY,PF64_SPARSE_EARLY_c1_t4,64,48,0.75,sparse,8.0,1.0,0.5,0.2,0.0,0.0,0.0,0.0,slip_6_1,True,63,1,4,13550894774401553437,ls_list_marginal_L8,True,13550894774401553437,True,False,False,valid_list_complete,8835,8183,63,63,11,8,8,504,32256,0,126,0.11485872697085142,1.0
PF64_SPARSE_EARLY,PF64_SPARSE_EARLY_c1_t4,64,48,0.75,sparse,8.0,1.0,0.5,0.2,0.0,0.0,0.0,0.0,slip_6_1,True,63,1,4,13550894774401553437,latent_osd_batch_o2_s63,True,13550894774401553437,True,False,False,best_marginal_in_osd_union,3528,0,63,63,2553,2553,2553,160839,10293696,3528,63,1.1016691280528903,1.0
PF64_SPARSE_EARLY,PF64_SPARSE_EARLY_c1_t4,64,48,0.75,sparse,8.0,1.0,0.5,0.2,0.0,0.0,0.0,0.0,slip_6_1,True,63,1,4,13550894774401553437,plain_osd_batch_o2,False,13548830483356533412,True,False,False,best_marginal_in_osd_union,56,0,1,1,56,56,56,56,3584,56,1,0.02071284595876932,1.0
PF64_SPARSE_EARLY,PF64_SPARSE_EARLY_c1_t4,64,48,0.75,sparse,8.0,1.0,0.5,0.2,0.0,0.0,0.0,0.0,slip_6_1,True,63,1,4,13550894774401553437,lsgrand_certified_v1_bound,True,13550894774401553437,True,True,False,strict_unseen_codeword_certificate,3808,3808,63,63,5,4,0,3808,243712,0,63,0.06964936200529337,1.0
PF64_SPARSE_EARLY,PF64_SPARSE_EARLY_c1_t5,64,48,0.75,sparse,8.0,1.0,0.5,0.2,0.0,0.0,0.0,0.0,slip_6_3,True,63,1,5,5200836163845841669,ls_first_valid,True,5200836163845841669,True,False,False,valid_list_complete,17,17,63,13,1,1,0,0,0,0,63,0.0020283990306779742,0.20634920634920634
PF64_SPARSE_EARLY,PF64_SPARSE_EARLY_c1_t5,64,48,0.75,sparse,8.0,1.0,0.5,0.2,0.0,0.0,0.0,0.0,slip_6_3,True,63,1,5,5200836163845841669,ls_list_marginal_L2,True,5200836163845841669,True,False,False,valid_list_complete,611,589,63,63,2,2,2,126,8064,0,126,0.009319675038568676,1.0
PF64_SPARSE_EARLY,PF64_SPARSE_EARLY_c1_t5,64,48,0.75,sparse,8.0,1.0,0.5,0.2,0.0,0.0,0.0,0.0,slip_6_3,True,63,1,5,5200836163845841669,ls_list_marginal_L4,True,5200836163845841669,True,False,False,valid_list_complete,2866,2717,63,63,5,4,4,252,16128,0,126,0.03527522902004421,1.0
PF64_SPARSE_EARLY,PF64_SPARSE_EARLY_c1_t5,64,48,0.75,sparse,8.0,1.0,0.5,0.2,0.0,0.0,0.0,0.0,slip_6_3,True,63,1,5,5200836163845841669,ls_list_marginal_L8,True,5200836163845841669,True,False,False,valid_list_complete,13647,12703,63,63,9,8,8,504,32256,0,126,0.17217785702086985,1.0
PF64_SPARSE_EARLY,PF64_SPARSE_EARLY_c1_t5,64,48,0.75,sparse,8.0,1.0,0.5,0.2,0.0,0.0,0.0,0.0,slip_6_3,True,63,1,5,5200836163845841669,latent_osd_batch_o2_s63,True,5200836163845841669,True,False,False,best_marginal_in_osd_union,3528,0,63,63,2591,2591,2591,163233,10446912,3528,63,1.2168533600633964,1.0
PF64_SPARSE_EARLY,PF64_SPARSE_EARLY_c1_t5,64,48,0.75,sparse,8.0,1.0,0.5,0.2,0.0,0.0,0.0,0.0,slip_6_3,True,63,1,5,5200836163845841669,plain_osd_batch_o2,False,4693733271383819901,True,False,False,best_marginal_in_osd_union,56,0,1,1,56,56,56,56,3584,56,1,0.019272956997156143,1.0
PF64_SPARSE_EARLY,PF64_SPARSE_EARLY_c1_t5,64,48,0.75,sparse,8.0,1.0,0.5,0.2,0.0,0.0,0.0,0.0,slip_6_3,True,63,1,5,5200836163845841669,lsgrand_certified_v1_bound,True,5200836163845841669,True,True,False,strict_unseen_codeword_certificate,288,288,63,63,1,1,0,288,18432,0,63,0.019031755975447595,1.0
PF64_SPARSE_EARLY,PF64_SPARSE_EARLY_c1_t6,64,48,0.75,sparse,8.0,1.0,0.5,0.2,0.0,0.0,0.0,0.0,slip_6_3,True,63,1,6,17880601434538132869,ls_first_valid,True,17880601434538132869,True,False,False,valid_list_complete,14,14,63,13,1,1,0,0,0,0,63,0.002534438972361386,0.20634920634920634
PF64_SPARSE_EARLY,PF64_SPARSE_EARLY_c1_t6,64,48,0.75,sparse,8.0,1.0,0.5,0.2,0.0,0.0,0.0,0.0,slip_6_3,True,63,1,6,17880601434538132869,ls_list_marginal_L2,True,17880601434538132869,True,False,False,valid_list_complete,748,721,63,63,3,2,2,126,8064,0,126,0.01622335403226316,1.0
PF64_SPARSE_EARLY,PF64_SPARSE_EARLY_c1_t6,64,48,0.75,sparse,8.0,1.0,0.5,0.2,0.0,0.0,0.0,0.0,slip_6_3,True,63,1,6,17880601434538132869,ls_list_marginal_L4,True,17880601434538132869,True,False,False,valid_list_complete,2727,2588,63,63,5,4,4,252,16128,0,126,0.04709268396254629,1.0
PF64_SPARSE_EARLY,PF64_SPARSE_EARLY_c1_t6,64,48,0.75,sparse,8.0,1.0,0.5,0.2,0.0,0.0,0.0,0.0,slip_6_3,True,63,1,6,17880601434538132869,ls_list_marginal_L8,True,17880601434538132869,True,False,False,valid_list_complete,5884,5512,63,63,9,8,8,504,32256,0,126,0.09982740401756018,1.0
PF64_SPARSE_EARLY,PF64_SPARSE_EARLY_c1_t6,64,48,0.75,sparse,8.0,1.0,0.5,0.2,0.0,0.0,0.0,0.0,slip_6_3,True,63,1,6,17880601434538132869,latent_osd_batch_o2_s63,True,17880601434538132869,True,False,False,best_marginal_in_osd_union,3528,0,63,63,2822,2822,2822,177786,11378304,3528,63,1.1162607059814036,1.0
PF64_SPARSE_EARLY,PF64_SPARSE_EARLY_c1_t6,64,48,0.75,sparse,8.0,1.0,0.5,0.2,0.0,0.0,0.0,0.0,slip_6_3,True,63,1,6,17880601434538132869,plain_osd_batch_o2,False,17901529094716743439,True,False,False,best_marginal_in_osd_union,56,0,1,1,56,56,56,56,3584,56,1,0.018454429926350713,1.0
PF64_SPARSE_EARLY,PF64_SPARSE_EARLY_c1_t6,64,48,0.75,sparse,8.0,1.0,0.5,0.2,0.0,0.0,0.0,0.0,slip_6_3,True,63,1,6,17880601434538132869,lsgrand_certified_v1_bound,True,17880601434538132869,True,True,False,strict_unseen_codeword_certificate,128,128,63,63,1,1,0,128,8192,0,63,0.004580223001539707,1.0
PF64_SPARSE_EARLY,PF64_SPARSE_EARLY_c1_t7,64,48,0.75,sparse,8.0,1.0,0.5,0.2,0.0,0.0,0.0,0.0,slip_6_3,True,63,1,7,16991954374247335778,ls_first_valid,True,16991954374247335778,True,False,False,valid_list_complete,149,145,63,63,1,1,0,0,0,0,63,0.004777707974426448,1.0
PF64_SPARSE_EARLY,PF64_SPARSE_EARLY_c1_t7,64,48,0.75,sparse,8.0,1.0,0.5,0.2,0.0,0.0,0.0,0.0,slip_6_3,True,63,1,7,16991954374247335778,ls_list_marginal_L2,True,16991954374247335778,True,False,False,valid_list_complete,7044,6658,63,63,2,2,2,126,8064,0,126,0.09385089401621372,1.0
PF64_SPARSE_EARLY,PF64_SPARSE_EARLY_c1_t7,64,48,0.75,sparse,8.0,1.0,0.5,0.2,0.0,0.0,0.0,0.0,slip_6_3,True,63,1,7,16991954374247335778,ls_list_marginal_L4,True,16991954374247335778,True,False,False,valid_list_complete,18254,17057,63,63,5,4,4,252,16128,0,126,0.24050931306555867,1.0
PF64_SPARSE_EARLY,PF64_SPARSE_EARLY_c1_t7,64,48,0.75,sparse,8.0,1.0,0.5,0.2,0.0,0.0,0.0,0.0,slip_6_3,True,63,1,7,16991954374247335778,ls_list_marginal_L8,True,16991954374247335778,True,False,False,valid_list_complete,26932,25011,63,63,9,8,8,504,32256,0,126,0.5728357930202037,1.0
PF64_SPARSE_EARLY,PF64_SPARSE_EARLY_c1_t7,64,48,0.75,sparse,8.0,1.0,0.5,0.2,0.0,0.0,0.0,0.0,slip_6_3,True,63,1,7,16991954374247335778,latent_osd_batch_o2_s63,True,16991954374247335778,True,False,False,best_marginal_in_osd_union,3528,0,63,63,2718,2718,2718,171234,10958976,3528,63,1.3938190009212121,1.0
PF64_SPARSE_EARLY,PF64_SPARSE_EARLY_c1_t7,64,48,0.75,sparse,8.0,1.0,0.5,0.2,0.0,0.0,0.0,0.0,slip_6_3,True,63,1,7,16991954374247335778,plain_osd_batch_o2,False,3155648139868888772,True,False,False,best_marginal_in_osd_union,56,0,1,1,56,56,56,56,3584,56,1,0.02086193102877587,1.0
PF64_SPARSE_EARLY,PF64_SPARSE_EARLY_c1_t7,64,48,0.75,sparse,8.0,1.0,0.5,0.2,0.0,0.0,0.0,0.0,slip_6_3,True,63,1,7,16991954374247335778,lsgrand_certified_v1_bound,True,16991954374247335778,True,True,False,strict_unseen_codeword_certificate,864,864,63,63,1,1,0,864,55296,0,63,0.018688788986764848,1.0
PF64_SPARSE_EARLY,PF64_SPARSE_EARLY_c1_t8,64,48,0.75,sparse,8.0,1.0,0.5,0.2,0.0,0.0,0.0,0.0,slip_6_3,True,63,1,8,4020009096172454671,ls_first_valid,True,4020009096172454671,True,False,False,valid_list_complete,14,14,63,13,1,1,0,0,0,0,63,0.0029842499643564224,0.20634920634920634
PF64_SPARSE_EARLY,PF64_SPARSE_EARLY_c1_t8,64,48,0.75,sparse,8.0,1.0,0.5,0.2,0.0,0.0,0.0,0.0,slip_6_3,True,63,1,8,4020009096172454671,ls_list_marginal_L2,False,4018232285381968655,True,False,False,valid_list_complete,22,22,63,21,2,2,2,126,8064,0,126,0.004277590080164373,0.3333333333333333
PF64_SPARSE_EARLY,PF64_SPARSE_EARLY_c1_t8,64,48,0.75,sparse,8.0,1.0,0.5,0.2,0.0,0.0,0.0,0.0,slip_6_3,True,63,1,8,4020009096172454671,ls_list_marginal_L4,False,4018232285381968655,True,False,False,valid_list_complete,2356,2242,63,63,5,4,4,252,16128,0,126,0.04775649402290583,1.0
PF64_SPARSE_EARLY,PF64_SPARSE_EARLY_c1_t8,64,48,0.75,sparse,8.0,1.0,0.5,0.2,0.0,0.0,0.0,0.0,slip_6_3,True,63,1,8,4020009096172454671,ls_list_marginal_L8,False,4018232285381968655,True,False,False,valid_list_complete,3995,3766,63,63,11,8,8,504,32256,0,126,0.08432805608026683,1.0
PF64_SPARSE_EARLY,PF64_SPARSE_EARLY_c1_t8,64,48,0.75,sparse,8.0,1.0,0.5,0.2,0.0,0.0,0.0,0.0,slip_6_3,True,63,1,8,4020009096172454671,latent_osd_batch_o2_s63,False,4018232285381968655,True,False,False,best_marginal_in_osd_union,3528,0,63,63,2584,2584,2584,162792,10418688,3528,63,1.323747068992816,1.0
PF64_SPARSE_EARLY,PF64_SPARSE_EARLY_c1_t8,64,48,0.75,sparse,8.0,1.0,0.5,0.2,0.0,0.0,0.0,0.0,slip_6_3,True,63,1,8,4020009096172454671,plain_osd_batch_o2,False,4018237407527965208,True,False,False,best_marginal_in_osd_union,56,0,1,1,56,56,56,56,3584,56,1,0.032383449957706034,1.0
PF64_SPARSE_EARLY,PF64_SPARSE_EARLY_c1_t8,64,48,0.75,sparse,8.0,1.0,0.5,0.2,0.0,0.0,0.0,0.0,slip_6_3,True,63,1,8,4020009096172454671,lsgrand_certified_v1_bound,False,4018232285381968655,True,True,False,strict_unseen_codeword_certificate,7808,7808,63,63,15,12,0,7808,499712,0,63,0.17558308399748057,1.0
PF64_SPARSE_EARLY,PF64_SPARSE_EARLY_c1_t9,64,48,0.75,sparse,8.0,1.0,0.5,0.2,0.0,0.0,0.0,0.0,slip_6_1,True,63,1,9,2226675779342266803,ls_first_valid,True,2226675779342266803,True,False,False,valid_list_complete,15,15,63,12,1,1,0,0,0,0,63,0.0020279890159144998,0.19047619047619047
PF64_SPARSE_EARLY,PF64_SPARSE_EARLY_c1_t9,64,48,0.75,sparse,8.0,1.0,0.5,0.2,0.0,0.0,0.0,0.0,slip_6_1,True,63,1,9,2226675779342266803,ls_list_marginal_L2,True,2226675779342266803,True,False,False,valid_list_complete,4455,4164,63,63,2,2,2,126,8064,0,126,0.05939942493569106,1.0
PF64_SPARSE_EARLY,PF64_SPARSE_EARLY_c1_t9,64,48,0.75,sparse,8.0,1.0,0.5,0.2,0.0,0.0,0.0,0.0,slip_6_1,True,63,1,9,2226675779342266803,ls_list_marginal_L4,True,2226675779342266803,True,False,False,valid_list_complete,8225,7632,63,63,4,4,4,252,16128,0,126,0.09544292895589024,1.0
PF64_SPARSE_EARLY,PF64_SPARSE_EARLY_c1_t9,64,48,0.75,sparse,8.0,1.0,0.5,0.2,0.0,0.0,0.0,0.0,slip_6_1,True,63,1,9,2226675779342266803,ls_list_marginal_L8,True,2226675779342266803,True,False,False,valid_list_complete,11360,10491,63,63,8,8,8,504,32256,0,126,0.16443406895268708,1.0
PF64_SPARSE_EARLY,PF64_SPARSE_EARLY_c1_t9,64,48,0.75,sparse,8.0,1.0,0.5,0.2,0.0,0.0,0.0,0.0,slip_6_1,True,63,1,9,2226675779342266803,latent_osd_batch_o2_s63,True,2226675779342266803,True,False,False,best_marginal_in_osd_union,3528,0,63,63,2510,2510,2510,158130,10120320,3528,63,1.1752732039894909,1.0
PF64_SPARSE_EARLY,PF64_SPARSE_EARLY_c1_t9,64,48,0.75,sparse,8.0,1.0,0.5,0.2,0.0,0.0,0.0,0.0,slip_6_1,True,63,1,9,2226675779342266803,plain_osd_batch_o2,False,1937660861216463057,True,False,False,best_marginal_in_osd_union,56,0,1,1,56,56,56,56,3584,56,1,0.01463642599992454,1.0
PF64_SPARSE_EARLY,PF64_SPARSE_EARLY_c1_t9,64,48,0.75,sparse,8.0,1.0,0.5,0.2,0.0,0.0,0.0,0.0,slip_6_1,True,63,1,9,2226675779342266803,lsgrand_certified_v1_bound,True,2226675779342266803,True,True,False,strict_unseen_codeword_certificate,256,256,63,63,1,1,0,256,16384,0,63,0.005016586976125836,1.0
PF64_SPARSE_EARLY,PF64_SPARSE_EARLY_c1_t10,64,48,0.75,sparse,8.0,1.0,0.5,0.2,0.0,0.0,0.0,0.0,slip_6_3,True,63,1,10,10185794593576417174,ls_first_valid,False,10163276595439564694,True,False,False,valid_list_complete,10,10,63,9,1,1,0,0,0,0,63,0.0021425809245556593,0.14285714285714285
PF64_SPARSE_EARLY,PF64_SPARSE_EARLY_c1_t10,64,48,0.75,sparse,8.0,1.0,0.5,0.2,0.0,0.0,0.0,0.0,slip_6_3,True,63,1,10,10185794593576417174,ls_list_marginal_L2,True,10185794593576417174,True,False,False,valid_list_complete,14,14,63,13,2,2,2,126,8064,0,126,0.0030477469554170966,0.20634920634920634
PF64_SPARSE_EARLY,PF64_SPARSE_EARLY_c1_t10,64,48,0.75,sparse,8.0,1.0,0.5,0.2,0.0,0.0,0.0,0.0,slip_6_3,True,63,1,10,10185794593576417174,ls_list_marginal_L4,True,10185794593576417174,True,False,False,valid_list_complete,4439,4220,63,63,6,4,4,252,16128,0,126,0.053536891005933285,1.0
PF64_SPARSE_EARLY,PF64_SPARSE_EARLY_c1_t10,64,48,0.75,sparse,8.0,1.0,0.5,0.2,0.0,0.0,0.0,0.0,slip_6_3,True,63,1,10,10185794593576417174,ls_list_marginal_L8,True,10185794593576417174,True,False,False,valid_list_complete,5322,5049,63,63,12,8,8,504,32256,0,126,0.060089664068073034,1.0
PF64_SPARSE_EARLY,PF64_SPARSE_EARLY_c1_t10,64,48,0.75,sparse,8.0,1.0,0.5,0.2,0.0,0.0,0.0,0.0,slip_6_3,True,63,1,10,10185794593576417174,latent_osd_batch_o2_s63,True,10185794593576417174,True,False,False,best_marginal_in_osd_union,3528,0,63,63,2567,2567,2567,161721,10350144,3528,63,1.040194327943027,1.0
PF64_SPARSE_EARLY,PF64_SPARSE_EARLY_c1_t10,64,48,0.75,sparse,8.0,1.0,0.5,0.2,0.0,0.0,0.0,0.0,slip_6_3,True,63,1,10,10185794593576417174,plain_osd_batch_o2,False,10111265534062292540,True,False,False,best_marginal_in_osd_union,56,0,1,1,56,56,56,56,3584,56,1,0.019861998967826366,1.0
PF64_SPARSE_EARLY,PF64_SPARSE_EARLY_c1_t10,64,48,0.75,sparse,8.0,1.0,0.5,0.2,0.0,0.0,0.0,0.0,slip_6_3,True,63,1,10,10185794593576417174,lsgrand_certified_v1_bound,True,10185794593576417174,True,True,False,strict_unseen_codeword_certificate,5504,5504,63,63,12,8,0,5504,352256,0,63,0.12313188705593348,1.0
PF64_SPARSE_EARLY,PF64_SPARSE_EARLY_c1_t11,64,48,0.75,sparse,8.0,1.0,0.5,0.2,0.0,0.0,0.0,0.0,slip_6_1,True,63,1,11,12874825345422773135,ls_first_valid,True,12874825345422773135,True,False,False,valid_list_complete,13,13,63,12,1,1,0,0,0,0,63,0.0024837040109559894,0.19047619047619047
PF64_SPARSE_EARLY,PF64_SPARSE_EARLY_c1_t11,64,48,0.75,sparse,8.0,1.0,0.5,0.2,0.0,0.0,0.0,0.0,slip_6_1,True,63,1,11,12874825345422773135,ls_list_marginal_L2,True,12874825345422773135,True,False,False,valid_list_complete,21,21,63,20,2,2,2,126,8064,0,126,0.004046940011903644,0.31746031746031744
PF64_SPARSE_EARLY,PF64_SPARSE_EARLY_c1_t11,64,48,0.75,sparse,8.0,1.0,0.5,0.2,0.0,0.0,0.0,0.0,slip_6_1,True,63,1,11,12874825345422773135,ls_list_marginal_L4,True,12874825345422773135,True,False,False,valid_list_complete,941,910,63,63,4,4,4,252,16128,0,126,0.02065643493551761,1.0
PF64_SPARSE_EARLY,PF64_SPARSE_EARLY_c1_t11,64,48,0.75,sparse,8.0,1.0,0.5,0.2,0.0,0.0,0.0,0.0,slip_6_1,True,63,1,11,12874825345422773135,ls_list_marginal_L8,True,12874825345422773135,True,False,False,valid_list_complete,1547,1482,63,63,8,8,8,504,32256,0,126,0.024943414027802646,1.0
PF64_SPARSE_EARLY,PF64_SPARSE_EARLY_c1_t11,64,48,0.75,sparse,8.0,1.0,0.5,0.2,0.0,0.0,0.0,0.0,slip_6_1,True,63,1,11,12874825345422773135,latent_osd_batch_o2_s63,True,12874825345422773135,True,False,False,best_marginal_in_osd_union,3528,0,63,63,2811,2811,2811,177093,11333952,3528,63,1.1714952300535515,1.0
PF64_SPARSE_EARLY,PF64_SPARSE_EARLY_c1_t11,64,48,0.75,sparse,8.0,1.0,0.5,0.2,0.0,0.0,0.0,0.0,slip_6_1,True,63,1,11,12874825345422773135,plain_osd_batch_o2,False,1650155892383376869,True,False,False,best_marginal_in_osd_union,56,0,1,1,56,56,56,56,3584,56,1,0.022600210970267653,1.0
PF64_SPARSE_EARLY,PF64_SPARSE_EARLY_c1_t11,64,48,0.75,sparse,8.0,1.0,0.5,0.2,0.0,0.0,0.0,0.0,slip_6_1,True,63,1,11,12874825345422773135,lsgrand_certified_v1_bound,True,12874825345422773135,True,True,False,strict_unseen_codeword_certificate,12768,12768,63,63,20,17,0,12768,817152,0,63,0.4997435410041362,1.0
PF64_SPARSE_EARLY,PF64_SPARSE_EARLY_c1_t12,64,48,0.75,sparse,8.0,1.0,0.5,0.2,0.0,0.0,0.0,0.0,slip_6_1,True,63,1,12,14758685862875313579,ls_first_valid,True,14758685862875313579,True,False,False,valid_list_complete,16,16,63,12,1,1,0,0,0,0,63,0.0028498220490291715,0.19047619047619047
PF64_SPARSE_EARLY,PF64_SPARSE_EARLY_c1_t12,64,48,0.75,sparse,8.0,1.0,0.5,0.2,0.0,0.0,0.0,0.0,slip_6_1,True,63,1,12,14758685862875313579,ls_list_marginal_L2,True,14758685862875313579,True,False,False,valid_list_complete,480,463,63,63,2,2,2,126,8064,0,126,0.008348825038410723,1.0
PF64_SPARSE_EARLY,PF64_SPARSE_EARLY_c1_t12,64,48,0.75,sparse,8.0,1.0,0.5,0.2,0.0,0.0,0.0,0.0,slip_6_1,True,63,1,12,14758685862875313579,ls_list_marginal_L4,True,14758685862875313579,True,False,False,valid_list_complete,4896,4576,63,63,5,4,4,252,16128,0,126,0.05742635205388069,1.0
PF64_SPARSE_EARLY,PF64_SPARSE_EARLY_c1_t12,64,48,0.75,sparse,8.0,1.0,0.5,0.2,0.0,0.0,0.0,0.0,slip_6_1,True,63,1,12,14758685862875313579,ls_list_marginal_L8,True,14758685862875313579,True,False,False,valid_list_complete,9271,8602,63,63,9,8,8,504,32256,0,126,0.15125051699578762,1.0
PF64_SPARSE_EARLY,PF64_SPARSE_EARLY_c1_t12,64,48,0.75,sparse,8.0,1.0,0.5,0.2,0.0,0.0,0.0,0.0,slip_6_1,True,63,1,12,14758685862875313579,latent_osd_batch_o2_s63,True,14758685862875313579,True,False,False,best_marginal_in_osd_union,3528,0,63,63,2456,2456,2456,154728,9902592,3528,63,1.2024394690524787,1.0
PF64_SPARSE_EARLY,PF64_SPARSE_EARLY_c1_t12,64,48,0.75,sparse,8.0,1.0,0.5,0.2,0.0,0.0,0.0,0.0,slip_6_1,True,63,1,12,14758685862875313579,plain_osd_batch_o2,False,5393091126937621245,True,False,False,best_marginal_in_osd_union,56,0,1,1,56,56,56,56,3584,56,1,0.020888966973870993,1.0
PF64_SPARSE_EARLY,PF64_SPARSE_EARLY_c1_t12,64,48,0.75,sparse,8.0,1.0,0.5,0.2,0.0,0.0,0.0,0.0,slip_6_1,True,63,1,12,14758685862875313579,lsgrand_certified_v1_bound,True,14758685862875313579,True,True,False,strict_unseen_codeword_certificate,320,320,63,63,1,1,0,320,20480,0,63,0.008392099989578128,1.0
PF64_SPARSE_EARLY,PF64_SPARSE_EARLY_c1_t13,64,48,0.75,sparse,8.0,1.0,0.5,0.2,0.0,0.0,0.0,0.0,slip_6_3,True,63,1,13,16650559645525162052,ls_first_valid,True,16650559645525162052,True,False,False,valid_list_complete,15,15,63,13,1,1,0,0,0,0,63,0.0026056200731545687,0.20634920634920634
PF64_SPARSE_EARLY,PF64_SPARSE_EARLY_c1_t13,64,48,0.75,sparse,8.0,1.0,0.5,0.2,0.0,0.0,0.0,0.0,slip_6_3,True,63,1,13,16650559645525162052,ls_list_marginal_L2,True,16650559645525162052,True,False,False,valid_list_complete,1869,1790,63,63,3,2,2,126,8064,0,126,0.036882682936266065,1.0
PF64_SPARSE_EARLY,PF64_SPARSE_EARLY_c1_t13,64,48,0.75,sparse,8.0,1.0,0.5,0.2,0.0,0.0,0.0,0.0,slip_6_3,True,63,1,13,16650559645525162052,ls_list_marginal_L4,True,16650559645525162052,True,False,False,valid_list_complete,3484,3304,63,63,6,4,4,252,16128,0,126,0.05014768405817449,1.0
PF64_SPARSE_EARLY,PF64_SPARSE_EARLY_c1_t13,64,48,0.75,sparse,8.0,1.0,0.5,0.2,0.0,0.0,0.0,0.0,slip_6_3,True,63,1,13,16650559645525162052,ls_list_marginal_L8,True,16650559645525162052,True,False,False,valid_list_complete,6999,6566,63,63,10,8,8,504,32256,0,126,0.07871357607655227,1.0
PF64_SPARSE_EARLY,PF64_SPARSE_EARLY_c1_t13,64,48,0.75,sparse,8.0,1.0,0.5,0.2,0.0,0.0,0.0,0.0,slip_6_3,True,63,1,13,16650559645525162052,latent_osd_batch_o2_s63,True,16650559645525162052,True,False,False,best_marginal_in_osd_union,3528,0,63,63,2662,2662,2662,167706,10733184,3528,63,1.2181100499583408,1.0
PF64_SPARSE_EARLY,PF64_SPARSE_EARLY_c1_t13,64,48,0.75,sparse,8.0,1.0,0.5,0.2,0.0,0.0,0.0,0.0,slip_6_3,True,63,1,13,16650559645525162052,plain_osd_batch_o2,False,16541724312921859543,True,False,False,best_marginal_in_osd_union,56,0,1,1,56,56,56,56,3584,56,1,0.026148948003537953,1.0
PF64_SPARSE_EARLY,PF64_SPARSE_EARLY_c1_t13,64,48,0.75,sparse,8.0,1.0,0.5,0.2,0.0,0.0,0.0,0.0,slip_6_3,True,63,1,13,16650559645525162052,lsgrand_certified_v1_bound,True,16650559645525162052,True,True,False,strict_unseen_codeword_certificate,192,192,63,63,1,1,0,192,12288,0,63,0.00613981403876096,1.0
PF64_SPARSE_EARLY,PF64_SPARSE_EARLY_c1_t14,64,48,0.75,sparse,8.0,1.0,0.5,0.2,0.0,0.0,0.0,0.0,slip_6_1,True,63,1,14,1686045206832738020,ls_first_valid,True,1686045206832738020,True,False,False,valid_list_complete,13,13,63,12,1,1,0,0,0,0,63,0.002628905000165105,0.19047619047619047
PF64_SPARSE_EARLY,PF64_SPARSE_EARLY_c1_t14,64,48,0.75,sparse,8.0,1.0,0.5,0.2,0.0,0.0,0.0,0.0,slip_6_1,True,63,1,14,1686045206832738020,ls_list_marginal_L2,True,1686045206832738020,True,False,False,valid_list_complete,1532,1470,63,63,3,2,2,126,8064,0,126,0.02984019392170012,1.0
PF64_SPARSE_EARLY,PF64_SPARSE_EARLY_c1_t14,64,48,0.75,sparse,8.0,1.0,0.5,0.2,0.0,0.0,0.0,0.0,slip_6_1,True,63,1,14,1686045206832738020,ls_list_marginal_L4,True,1686045206832738020,True,False,False,valid_list_complete,3179,3022,63,63,5,4,4,252,16128,0,126,0.05444217298645526,1.0
PF64_SPARSE_EARLY,PF64_SPARSE_EARLY_c1_t14,64,48,0.75,sparse,8.0,1.0,0.5,0.2,0.0,0.0,0.0,0.0,slip_6_1,True,63,1,14,1686045206832738020,ls_list_marginal_L8,True,1686045206832738020,True,False,False,valid_list_complete,14096,13126,63,63,9,8,8,504,32256,0,126,0.2507610539905727,1.0
PF64_SPARSE_EARLY,PF64_SPARSE_EARLY_c1_t14,64,48,0.75,sparse,8.0,1.0,0.5,0.2,0.0,0.0,0.0,0.0,slip_6_1,True,63,1,14,1686045206832738020,latent_osd_batch_o2_s63,True,1686045206832738020,True,False,False,best_marginal_in_osd_union,3528,0,63,63,2384,2384,2384,150192,9612288,3528,63,1.111254391958937,1.0
PF64_SPARSE_EARLY,PF64_SPARSE_EARLY_c1_t14,64,48,0.75,sparse,8.0,1.0,0.5,0.2,0.0,0.0,0.0,0.0,slip_6_1,True,63,1,14,1686045206832738020,plain_osd_batch_o2,False,1400351992788383539,True,False,False,best_marginal_in_osd_union,56,0,1,1,56,56,56,56,3584,56,1,0.03149842203129083,1.0
PF64_SPARSE_EARLY,PF64_SPARSE_EARLY_c1_t14,64,48,0.75,sparse,8.0,1.0,0.5,0.2,0.0,0.0,0.0,0.0,slip_6_1,True,63,1,14,1686045206832738020,lsgrand_certified_v1_bound,True,1686045206832738020,True,True,False,strict_unseen_codeword_certificate,96,96,63,63,1,1,0,96,6144,0,63,0.004678018041886389,1.0
PF64_SPARSE_EARLY,PF64_SPARSE_EARLY_c1_t15,64,48,0.75,sparse,8.0,1.0,0.5,0.2,0.0,0.0,0.0,0.0,slip_6_3,True,63,1,15,12854871072690885532,ls_first_valid,False,12841360273808774044,True,False,False,valid_list_complete,11,11,63,9,1,1,0,0,0,0,63,0.0019859729800373316,0.14285714285714285
PF64_SPARSE_EARLY,PF64_SPARSE_EARLY_c1_t15,64,48,0.75,sparse,8.0,1.0,0.5,0.2,0.0,0.0,0.0,0.0,slip_6_3,True,63,1,15,12854871072690885532,ls_list_marginal_L2,False,12841360273808774044,True,False,False,valid_list_complete,15,15,63,13,2,2,2,126,8064,0,126,0.003775652963668108,0.20634920634920634
PF64_SPARSE_EARLY,PF64_SPARSE_EARLY_c1_t15,64,48,0.75,sparse,8.0,1.0,0.5,0.2,0.0,0.0,0.0,0.0,slip_6_3,True,63,1,15,12854871072690885532,ls_list_marginal_L4,False,12841360273808774044,True,False,False,valid_list_complete,6316,5932,63,63,5,4,4,252,16128,0,126,0.07565033691935241,1.0
PF64_SPARSE_EARLY,PF64_SPARSE_EARLY_c1_t15,64,48,0.75,sparse,8.0,1.0,0.5,0.2,0.0,0.0,0.0,0.0,slip_6_3,True,63,1,15,12854871072690885532,ls_list_marginal_L8,False,12841360273808774044,True,False,False,valid_list_complete,18242,16924,63,63,10,8,8,504,32256,0,126,0.27650326606817544,1.0
PF64_SPARSE_EARLY,PF64_SPARSE_EARLY_c1_t15,64,48,0.75,sparse,8.0,1.0,0.5,0.2,0.0,0.0,0.0,0.0,slip_6_3,True,63,1,15,12854871072690885532,latent_osd_batch_o2_s63,False,12841360273808774044,True,False,False,best_marginal_in_osd_union,3528,0,63,63,2705,2705,2705,170415,10906560,3528,63,1.0888337990036234,1.0
PF64_SPARSE_EARLY,PF64_SPARSE_EARLY_c1_t15,64,48,0.75,sparse,8.0,1.0,0.5,0.2,0.0,0.0,0.0,0.0,slip_6_3,True,63,1,15,12854871072690885532,plain_osd_batch_o2,False,12964468344023088697,True,False,False,best_marginal_in_osd_union,56,0,1,1,56,56,56,56,3584,56,1,0.019484843942336738,1.0
PF64_SPARSE_EARLY,PF64_SPARSE_EARLY_c1_t15,64,48,0.75,sparse,8.0,1.0,0.5,0.2,0.0,0.0,0.0,0.0,slip_6_3,True,63,1,15,12854871072690885532,lsgrand_certified_v1_bound,False,12841360273808774044,True,True,False,strict_unseen_codeword_certificate,9248,9248,63,63,7,6,0,9248,591872,0,63,0.16909819294232875,1.0
PF64_SPARSE_EARLY,PF64_SPARSE_EARLY_c1_t16,64,48,0.75,sparse,8.0,1.0,0.5,0.2,0.0,0.0,0.0,0.0,slip_6_3,True,63,1,16,17171929244913801941,ls_first_valid,True,17171929244913801941,True,False,False,valid_list_complete,17,17,63,13,1,1,0,0,0,0,63,0.0021025020396336913,0.20634920634920634
PF64_SPARSE_EARLY,PF64_SPARSE_EARLY_c1_t16,64,48,0.75,sparse,8.0,1.0,0.5,0.2,0.0,0.0,0.0,0.0,slip_6_3,True,63,1,16,17171929244913801941,ls_list_marginal_L2,True,17171929244913801941,True,False,False,valid_list_complete,682,657,63,63,2,2,2,126,8064,0,126,0.010314419982023537,1.0
PF64_SPARSE_EARLY,PF64_SPARSE_EARLY_c1_t16,64,48,0.75,sparse,8.0,1.0,0.5,0.2,0.0,0.0,0.0,0.0,slip_6_3,True,63,1,16,17171929244913801941,ls_list_marginal_L4,True,17171929244913801941,True,False,False,valid_list_complete,6436,6030,63,63,5,4,4,252,16128,0,126,0.16496258904226124,1.0
PF64_SPARSE_EARLY,PF64_SPARSE_EARLY_c1_t16,64,48,0.75,sparse,8.0,1.0,0.5,0.2,0.0,0.0,0.0,0.0,slip_6_3,True,63,1,16,17171929244913801941,ls_list_marginal_L8,True,17171929244913801941,True,False,False,valid_list_complete,17419,16108,63,63,9,8,8,504,32256,0,126,0.21590190194547176,1.0
PF64_SPARSE_EARLY,PF64_SPARSE_EARLY_c1_t16,64,48,0.75,sparse,8.0,1.0,0.5,0.2,0.0,0.0,0.0,0.0,slip_6_3,True,63,1,16,17171929244913801941,latent_osd_batch_o2_s63,True,17171929244913801941,True,False,False,best_marginal_in_osd_union,3528,0,63,63,2432,2432,2432,153216,9805824,3528,63,1.007097511086613,1.0
PF64_SPARSE_EARLY,PF64_SPARSE_EARLY_c1_t16,64,48,0.75,sparse,8.0,1.0,0.5,0.2,0.0,0.0,0.0,0.0,slip_6_3,True,63,1,16,17171929244913801941,plain_osd_batch_o2,False,17170224889568195007,True,False,False,best_marginal_in_osd_union,56,0,1,1,56,56,56,56,3584,56,1,0.017587724956683815,1.0
PF64_SPARSE_EARLY,PF64_SPARSE_EARLY_c1_t16,64,48,0.75,sparse,8.0,1.0,0.5,0.2,0.0,0.0,0.0,0.0,slip_6_3,True,63,1,16,17171929244913801941,lsgrand_certified_v1_bound,True,17171929244913801941,True,True,False,strict_unseen_codeword_certificate,352,352,63,63,1,1,0,352,22528,0,63,0.013429341022856534,1.0
PF64_SPARSE_EARLY,PF64_SPARSE_EARLY_c1_t17,64,48,0.75,sparse,8.0,1.0,0.5,0.2,0.0,0.0,0.0,0.0,slip_6_3,True,63,1,17,6770649104943883846,ls_first_valid,True,6770649104943883846,True,False,False,valid_list_complete,16,16,63,13,1,1,0,0,0,0,63,0.0019708079053089023,0.20634920634920634
PF64_SPARSE_EARLY,PF64_SPARSE_EARLY_c1_t17,64,48,0.75,sparse,8.0,1.0,0.5,0.2,0.0,0.0,0.0,0.0,slip_6_3,True,63,1,17,6770649104943883846,ls_list_marginal_L2,True,6770649104943883846,True,False,False,valid_list_complete,217,213,63,63,2,2,2,126,8064,0,126,0.006476962938904762,1.0
PF64_SPARSE_EARLY,PF64_SPARSE_EARLY_c1_t17,64,48,0.75,sparse,8.0,1.0,0.5,0.2,0.0,0.0,0.0,0.0,slip_6_3,True,63,1,17,6770649104943883846,ls_list_marginal_L4,True,6770649104943883846,True,False,False,valid_list_complete,2878,2727,63,63,5,4,4,252,16128,0,126,0.0342305259546265,1.0
PF64_SPARSE_EARLY,PF64_SPARSE_EARLY_c1_t17,64,48,0.75,sparse,8.0,1.0,0.5,0.2,0.0,0.0,0.0,0.0,slip_6_3,True,63,1,17,6770649104943883846,ls_list_marginal_L8,True,6770649104943883846,True,False,False,valid_list_complete,6139,5770,63,63,9,8,8,504,32256,0,126,0.07683949708007276,1.0
PF64_SPARSE_EARLY,PF64_SPARSE_EARLY_c1_t17,64,48,0.75,sparse,8.0,1.0,0.5,0.2,0.0,0.0,0.0,0.0,slip_6_3,True,63,1,17,6770649104943883846,latent_osd_batch_o2_s63,True,6770649104943883846,True,False,False,best_marginal_in_osd_union,3528,0,63,63,2500,2500,2500,157500,10080000,3528,63,1.1738283410668373,1.0
PF64_SPARSE_EARLY,PF64_SPARSE_EARLY_c1_t17,64,48,0.75,sparse,8.0,1.0,0.5,0.2,0.0,0.0,0.0,0.0,slip_6_3,True,63,1,17,6770649104943883846,plain_osd_batch_o2,False,6730710643380995260,True,False,False,best_marginal_in_osd_union,56,0,1,1,56,56,56,56,3584,56,1,0.01361326000187546,1.0
PF64_SPARSE_EARLY,PF64_SPARSE_EARLY_c1_t17,64,48,0.75,sparse,8.0,1.0,0.5,0.2,0.0,0.0,0.0,0.0,slip_6_3,True,63,1,17,6770649104943883846,lsgrand_certified_v1_bound,True,6770649104943883846,True,True,False,strict_unseen_codeword_certificate,288,288,63,63,2,2,0,288,18432,0,63,0.006320758955553174,1.0
PF64_SPARSE_EARLY,PF64_SPARSE_EARLY_c1_t18,64,48,0.75,sparse,8.0,1.0,0.5,0.2,0.0,0.0,0.0,0.0,slip_6_1,True,63,1,18,17898876281360729933,ls_first_valid,True,17898876281360729933,True,False,False,valid_list_complete,609,583,63,63,1,1,0,0,0,0,63,0.018770553055219352,1.0
PF64_SPARSE_EARLY,PF64_SPARSE_EARLY_c1_t18,64,48,0.75,sparse,8.0,1.0,0.5,0.2,0.0,0.0,0.0,0.0,slip_6_1,True,63,1,18,17898876281360729933,ls_list_marginal_L2,True,17898876281360729933,True,False,False,valid_list_complete,2194,2045,63,63,2,2,2,126,8064,0,126,0.040822261944413185,1.0
PF64_SPARSE_EARLY,PF64_SPARSE_EARLY_c1_t18,64,48,0.75,sparse,8.0,1.0,0.5,0.2,0.0,0.0,0.0,0.0,slip_6_1,True,63,1,18,17898876281360729933,ls_list_marginal_L4,True,17898876281360729933,True,False,True,query_cap_before_list,60000,53862,63,63,4,3,3,189,12096,0,126,0.9900507680140436,1.0
PF64_SPARSE_EARLY,PF64_SPARSE_EARLY_c1_t18,64,48,0.75,sparse,8.0,1.0,0.5,0.2,0.0,0.0,0.0,0.0,slip_6_1,True,63,1,18,17898876281360729933,ls_list_marginal_L8,True,17898876281360729933,True,False,True,query_cap_before_list,60000,53862,63,63,4,3,3,189,12096,0,126,0.9223246979527175,1.0
PF64_SPARSE_EARLY,PF64_SPARSE_EARLY_c1_t18,64,48,0.75,sparse,8.0,1.0,0.5,0.2,0.0,0.0,0.0,0.0,slip_6_1,True,63,1,18,17898876281360729933,latent_osd_batch_o2_s63,True,17898876281360729933,True,False,False,best_marginal_in_osd_union,3528,0,63,63,2663,2663,2663,167769,10737216,3528,63,1.0789594480302185,1.0
PF64_SPARSE_EARLY,PF64_SPARSE_EARLY_c1_t18,64,48,0.75,sparse,8.0,1.0,0.5,0.2,0.0,0.0,0.0,0.0,slip_6_1,True,63,1,18,17898876281360729933,plain_osd_batch_o2,False,17970032734830944686,True,False,False,best_marginal_in_osd_union,56,0,1,1,56,56,56,56,3584,56,1,0.021209283033385873,1.0
PF64_SPARSE_EARLY,PF64_SPARSE_EARLY_c1_t18,64,48,0.75,sparse,8.0,1.0,0.5,0.2,0.0,0.0,0.0,0.0,slip_6_1,True,63,1,18,17898876281360729933,lsgrand_certified_v1_bound,True,17898876281360729933,True,True,False,strict_unseen_codeword_certificate,2656,2656,63,63,2,2,0,2656,169984,0,63,0.03223229700233787,1.0
PF64_SPARSE_EARLY,PF64_SPARSE_EARLY_c1_t19,64,48,0.75,sparse,8.0,1.0,0.5,0.2,0.0,0.0,0.0,0.0,slip_6_3,True,63,1,19,8919962270752792404,ls_first_valid,True,8919962270752792404,True,False,False,valid_list_complete,20,20,63,13,1,1,0,0,0,0,63,0.0018809910397976637,0.20634920634920634
PF64_SPARSE_EARLY,PF64_SPARSE_EARLY_c1_t19,64,48,0.75,sparse,8.0,1.0,0.5,0.2,0.0,0.0,0.0,0.0,slip_6_3,True,63,1,19,8919962270752792404,ls_list_marginal_L2,True,8919962270752792404,True,False,False,valid_list_complete,779,745,63,63,3,2,2,126,8064,0,126,0.0113764270208776,1.0
PF64_SPARSE_EARLY,PF64_SPARSE_EARLY_c1_t19,64,48,0.75,sparse,8.0,1.0,0.5,0.2,0.0,0.0,0.0,0.0,slip_6_3,True,63,1,19,8919962270752792404,ls_list_marginal_L4,True,8919962270752792404,True,False,False,valid_list_complete,1366,1296,63,63,5,4,4,252,16128,0,126,0.017801314941607416,1.0
PF64_SPARSE_EARLY,PF64_SPARSE_EARLY_c1_t19,64,48,0.75,sparse,8.0,1.0,0.5,0.2,0.0,0.0,0.0,0.0,slip_6_3,True,63,1,19,8919962270752792404,ls_list_marginal_L8,True,8919962270752792404,True,False,False,valid_list_complete,6758,6324,63,63,10,8,8,504,32256,0,126,0.0932708999607712,1.0
PF64_SPARSE_EARLY,PF64_SPARSE_EARLY_c1_t19,64,48,0.75,sparse,8.0,1.0,0.5,0.2,0.0,0.0,0.0,0.0,slip_6_3,True,63,1,19,8919962270752792404,latent_osd_batch_o2_s63,True,8919962270752792404,True,False,False,best_marginal_in_osd_union,3528,0,63,63,2692,2692,2692,169596,10854144,3528,63,1.007431418984197,1.0
PF64_SPARSE_EARLY,PF64_SPARSE_EARLY_c1_t19,64,48,0.75,sparse,8.0,1.0,0.5,0.2,0.0,0.0,0.0,0.0,slip_6_3,True,63,1,19,8919962270752792404,plain_osd_batch_o2,False,9208019331490962109,True,False,False,best_marginal_in_osd_union,56,0,1,1,56,56,56,56,3584,56,1,0.014489792985841632,1.0
PF64_SPARSE_EARLY,PF64_SPARSE_EARLY_c1_t19,64,48,0.75,sparse,8.0,1.0,0.5,0.2,0.0,0.0,0.0,0.0,slip_6_3,True,63,1,19,8919962270752792404,lsgrand_certified_v1_bound,True,8919962270752792404,True,True,False,strict_unseen_codeword_certificate,512,512,63,63,2,1,0,512,32768,0,63,0.008224242948926985,1.0
PF64_DENSE_MIX,PF64_DENSE_MIX_c0_t0,64,48,0.75,dense,7.0,0.1,0.1,,0.0,0.0,0.0,0.0,no_slip,True,63,0,0,2011618476371470163,ls_first_valid,True,2011618476371470163,True,False,False,valid_list_complete,6,6,63,1,1,1,0,0,0,0,63,0.0019396740244701505,0.015873015873015872
PF64_DENSE_MIX,PF64_DENSE_MIX_c0_t0,64,48,0.75,dense,7.0,0.1,0.1,,0.0,0.0,0.0,0.0,no_slip,True,63,0,0,2011618476371470163,ls_list_marginal_L2,True,2011618476371470163,True,False,False,valid_list_complete,5910,5508,63,63,3,2,2,126,8064,0,126,0.06844051799271256,1.0
PF64_DENSE_MIX,PF64_DENSE_MIX_c0_t0,64,48,0.75,dense,7.0,0.1,0.1,,0.0,0.0,0.0,0.0,no_slip,True,63,0,0,2011618476371470163,ls_list_marginal_L4,True,2011618476371470163,True,False,True,query_cap_before_list,60000,54010,63,63,6,3,3,189,12096,0,126,0.887235475005582,1.0
PF64_DENSE_MIX,PF64_DENSE_MIX_c0_t0,64,48,0.75,dense,7.0,0.1,0.1,,0.0,0.0,0.0,0.0,no_slip,True,63,0,0,2011618476371470163,ls_list_marginal_L8,True,2011618476371470163,True,False,True,query_cap_before_list,60000,54010,63,63,6,3,3,189,12096,0,126,0.7280816019047052,1.0
PF64_DENSE_MIX,PF64_DENSE_MIX_c0_t0,64,48,0.75,dense,7.0,0.1,0.1,,0.0,0.0,0.0,0.0,no_slip,True,63,0,0,2011618476371470163,latent_osd_batch_o2_s63,True,2011618476371470163,True,False,False,best_marginal_in_osd_union,3528,0,63,63,2524,2524,2524,159012,10176768,3528,63,1.0280233330558985,1.0
PF64_DENSE_MIX,PF64_DENSE_MIX_c0_t0,64,48,0.75,dense,7.0,0.1,0.1,,0.0,0.0,0.0,0.0,no_slip,True,63,0,0,2011618476371470163,plain_osd_batch_o2,True,2011618476371470163,True,False,False,best_marginal_in_osd_union,56,0,1,1,56,56,56,56,3584,56,1,0.018864279962144792,1.0
PF64_DENSE_MIX,PF64_DENSE_MIX_c0_t0,64,48,0.75,dense,7.0,0.1,0.1,,0.0,0.0,0.0,0.0,no_slip,True,63,0,0,2011618476371470163,lsgrand_certified_v1_bound,True,2011618476371470163,True,True,False,strict_unseen_codeword_certificate,128,128,63,63,1,1,0,128,8192,0,63,0.0034160029608756304,1.0
PF64_DENSE_MIX,PF64_DENSE_MIX_c0_t1,64,48,0.75,dense,7.0,0.1,0.1,,0.0,0.0,0.0,0.0,no_slip,True,63,0,1,15912525947700957538,ls_first_valid,True,15912525947700957538,True,False,False,valid_list_complete,4,4,63,1,1,1,0,0,0,0,63,0.0016685909358784556,0.015873015873015872
PF64_DENSE_MIX,PF64_DENSE_MIX_c0_t1,64,48,0.75,dense,7.0,0.1,0.1,,0.0,0.0,0.0,0.0,no_slip,True,63,0,1,15912525947700957538,ls_list_marginal_L2,True,15912525947700957538,True,False,True,query_cap_before_list,60000,55774,63,63,1,1,1,63,4032,0,126,0.7513993929605931,1.0
PF64_DENSE_MIX,PF64_DENSE_MIX_c0_t1,64,48,0.75,dense,7.0,0.1,0.1,,0.0,0.0,0.0,0.0,no_slip,True,63,0,1,15912525947700957538,ls_list_marginal_L4,True,15912525947700957538,True,False,True,query_cap_before_list,60000,55774,63,63,1,1,1,63,4032,0,126,0.7190945519832894,1.0
PF64_DENSE_MIX,PF64_DENSE_MIX_c0_t1,64,48,0.75,dense,7.0,0.1,0.1,,0.0,0.0,0.0,0.0,no_slip,True,63,0,1,15912525947700957538,ls_list_marginal_L8,True,15912525947700957538,True,False,True,query_cap_before_list,60000,55774,63,63,1,1,1,63,4032,0,126,0.8952789559261873,1.0
PF64_DENSE_MIX,PF64_DENSE_MIX_c0_t1,64,48,0.75,dense,7.0,0.1,0.1,,0.0,0.0,0.0,0.0,no_slip,True,63,0,1,15912525947700957538,latent_osd_batch_o2_s63,True,15912525947700957538,True,False,False,best_marginal_in_osd_union,3528,0,63,63,2538,2538,2538,159894,10233216,3528,63,1.2922339750221,1.0
PF64_DENSE_MIX,PF64_DENSE_MIX_c0_t1,64,48,0.75,dense,7.0,0.1,0.1,,0.0,0.0,0.0,0.0,no_slip,True,63,0,1,15912525947700957538,plain_osd_batch_o2,True,15912525947700957538,True,False,False,best_marginal_in_osd_union,56,0,1,1,56,56,56,56,3584,56,1,0.017066827043890953,1.0
PF64_DENSE_MIX,PF64_DENSE_MIX_c0_t1,64,48,0.75,dense,7.0,0.1,0.1,,0.0,0.0,0.0,0.0,no_slip,True,63,0,1,15912525947700957538,lsgrand_certified_v1_bound,True,15912525947700957538,True,True,False,strict_unseen_codeword_certificate,32,32,63,1,1,1,0,32,2048,0,63,0.0024419589899480343,0.015873015873015872
PF64_DENSE_MIX,PF64_DENSE_MIX_c0_t2,64,48,0.75,dense,7.0,0.1,0.1,,0.0,0.0,0.0,0.0,no_slip,True,63,0,2,5011762963156239742,ls_first_valid,True,5011762963156239742,True,False,False,valid_list_complete,2,2,63,1,1,1,0,0,0,0,63,0.0016691209748387337,0.015873015873015872
PF64_DENSE_MIX,PF64_DENSE_MIX_c0_t2,64,48,0.75,dense,7.0,0.1,0.1,,0.0,0.0,0.0,0.0,no_slip,True,63,0,2,5011762963156239742,ls_list_marginal_L2,True,5011762963156239742,True,False,True,query_cap_before_list,60000,55051,63,63,2,1,1,63,4032,0,126,0.8775210010353476,1.0
PF64_DENSE_MIX,PF64_DENSE_MIX_c0_t2,64,48,0.75,dense,7.0,0.1,0.1,,0.0,0.0,0.0,0.0,no_slip,True,63,0,2,5011762963156239742,ls_list_marginal_L4,True,5011762963156239742,True,False,True,query_cap_before_list,60000,55051,63,63,2,1,1,63,4032,0,126,0.8106762520037591,1.0
PF64_DENSE_MIX,PF64_DENSE_MIX_c0_t2,64,48,0.75,dense,7.0,0.1,0.1,,0.0,0.0,0.0,0.0,no_slip,True,63,0,2,5011762963156239742,ls_list_marginal_L8,True,5011762963156239742,True,False,True,query_cap_before_list,60000,55051,63,63,2,1,1,63,4032,0,126,0.8745762979378924,1.0
PF64_DENSE_MIX,PF64_DENSE_MIX_c0_t2,64,48,0.75,dense,7.0,0.1,0.1,,0.0,0.0,0.0,0.0,no_slip,True,63,0,2,5011762963156239742,latent_osd_batch_o2_s63,True,5011762963156239742,True,False,False,best_marginal_in_osd_union,3528,0,63,63,2530,2530,2530,159390,10200960,3528,63,1.3666651459643617,1.0
PF64_DENSE_MIX,PF64_DENSE_MIX_c0_t2,64,48,0.75,dense,7.0,0.1,0.1,,0.0,0.0,0.0,0.0,no_slip,True,63,0,2,5011762963156239742,plain_osd_batch_o2,True,5011762963156239742,True,False,False,best_marginal_in_osd_union,56,0,1,1,56,56,56,56,3584,56,1,0.02313663810491562,1.0
PF64_DENSE_MIX,PF64_DENSE_MIX_c0_t2,64,48,0.75,dense,7.0,0.1,0.1,,0.0,0.0,0.0,0.0,no_slip,True,63,0,2,5011762963156239742,lsgrand_certified_v1_bound,True,5011762963156239742,True,True,False,strict_unseen_codeword_certificate,32,32,63,1,1,1,0,32,2048,0,63,0.00322949409019202,0.015873015873015872
PF64_DENSE_MIX,PF64_DENSE_MIX_c0_t3,64,48,0.75,dense,7.0,0.1,0.1,,0.0,0.0,0.0,0.0,no_slip,True,63,0,3,11112575811241765212,ls_first_valid,True,11112575811241765212,True,False,False,valid_list_complete,2,2,63,1,1,1,0,0,0,0,63,0.00204954098444432,0.015873015873015872
PF64_DENSE_MIX,PF64_DENSE_MIX_c0_t3,64,48,0.75,dense,7.0,0.1,0.1,,0.0,0.0,0.0,0.0,no_slip,True,63,0,3,11112575811241765212,ls_list_marginal_L2,True,11112575811241765212,True,False,False,valid_list_complete,56620,51497,63,63,4,2,2,126,8064,0,126,0.6860446369973943,1.0
PF64_DENSE_MIX,PF64_DENSE_MIX_c0_t3,64,48,0.75,dense,7.0,0.1,0.1,,0.0,0.0,0.0,0.0,no_slip,True,63,0,3,11112575811241765212,ls_list_marginal_L4,True,11112575811241765212,True,False,True,query_cap_before_list,60000,54517,63,63,4,2,2,126,8064,0,126,0.8739652760559693,1.0
PF64_DENSE_MIX,PF64_DENSE_MIX_c0_t3,64,48,0.75,dense,7.0,0.1,0.1,,0.0,0.0,0.0,0.0,no_slip,True,63,0,3,11112575811241765212,ls_list_marginal_L8,True,11112575811241765212,True,False,True,query_cap_before_list,60000,54517,63,63,4,2,2,126,8064,0,126,0.9306800629710779,1.0
PF64_DENSE_MIX,PF64_DENSE_MIX_c0_t3,64,48,0.75,dense,7.0,0.1,0.1,,0.0,0.0,0.0,0.0,no_slip,True,63,0,3,11112575811241765212,latent_osd_batch_o2_s63,True,11112575811241765212,True,False,False,best_marginal_in_osd_union,3528,0,63,63,2576,2576,2576,162288,10386432,3528,63,1.4331620100419968,1.0
PF64_DENSE_MIX,PF64_DENSE_MIX_c0_t3,64,48,0.75,dense,7.0,0.1,0.1,,0.0,0.0,0.0,0.0,no_slip,True,63,0,3,11112575811241765212,plain_osd_batch_o2,True,11112575811241765212,True,False,False,best_marginal_in_osd_union,56,0,1,1,56,56,56,56,3584,56,1,0.02469749399460852,1.0
PF64_DENSE_MIX,PF64_DENSE_MIX_c0_t3,64,48,0.75,dense,7.0,0.1,0.1,,0.0,0.0,0.0,0.0,no_slip,True,63,0,3,11112575811241765212,lsgrand_certified_v1_bound,True,11112575811241765212,True,True,False,strict_unseen_codeword_certificate,2,2,63,1,1,1,0,2,128,0,63,0.0028486050432547927,0.015873015873015872
PF64_DENSE_MIX,PF64_DENSE_MIX_c0_t4,64,48,0.75,dense,7.0,0.1,0.1,,0.0,0.0,0.0,0.0,no_slip,True,63,0,4,6528987643080598258,ls_first_valid,True,6528987643080598258,True,False,False,valid_list_complete,1,1,63,1,1,1,0,0,0,0,63,0.002928453031927347,0.015873015873015872
PF64_DENSE_MIX,PF64_DENSE_MIX_c0_t4,64,48,0.75,dense,7.0,0.1,0.1,,0.0,0.0,0.0,0.0,no_slip,True,63,0,4,6528987643080598258,ls_list_marginal_L2,True,6528987643080598258,True,False,False,valid_list_complete,20946,19541,63,63,4,2,2,126,8064,0,126,0.31056960206478834,1.0
PF64_DENSE_MIX,PF64_DENSE_MIX_c0_t4,64,48,0.75,dense,7.0,0.1,0.1,,0.0,0.0,0.0,0.0,no_slip,True,63,0,4,6528987643080598258,ls_list_marginal_L4,True,6528987643080598258,True,False,False,valid_list_complete,52062,48040,63,63,6,4,4,252,16128,0,126,0.7458375809947029,1.0
PF64_DENSE_MIX,PF64_DENSE_MIX_c0_t4,64,48,0.75,dense,7.0,0.1,0.1,,0.0,0.0,0.0,0.0,no_slip,True,63,0,4,6528987643080598258,ls_list_marginal_L8,True,6528987643080598258,True,False,True,query_cap_before_list,60000,55264,63,63,6,4,4,252,16128,0,126,0.9288452829932794,1.0
PF64_DENSE_MIX,PF64_DENSE_MIX_c0_t4,64,48,0.75,dense,7.0,0.1,0.1,,0.0,0.0,0.0,0.0,no_slip,True,63,0,4,6528987643080598258,latent_osd_batch_o2_s63,True,6528987643080598258,True,False,False,best_marginal_in_osd_union,3528,0,63,63,2584,2584,2584,162792,10418688,3528,63,1.2748121329350397,1.0
PF64_DENSE_MIX,PF64_DENSE_MIX_c0_t4,64,48,0.75,dense,7.0,0.1,0.1,,0.0,0.0,0.0,0.0,no_slip,True,63,0,4,6528987643080598258,plain_osd_batch_o2,True,6528987643080598258,True,False,False,best_marginal_in_osd_union,56,0,1,1,56,56,56,56,3584,56,1,0.02106805902440101,1.0
PF64_DENSE_MIX,PF64_DENSE_MIX_c0_t4,64,48,0.75,dense,7.0,0.1,0.1,,0.0,0.0,0.0,0.0,no_slip,True,63,0,4,6528987643080598258,lsgrand_certified_v1_bound,True,6528987643080598258,True,True,False,strict_unseen_codeword_certificate,1,1,63,1,1,1,0,1,64,0,63,0.0020016160560771823,0.015873015873015872
PF64_DENSE_MIX,PF64_DENSE_MIX_c0_t5,64,48,0.75,dense,7.0,0.1,0.1,,0.0,0.0,0.0,0.0,no_slip,True,63,0,5,10098983832132986955,ls_first_valid,True,10098983832132986955,True,False,False,valid_list_complete,2,2,63,1,1,1,0,0,0,0,63,0.0017008889699354768,0.015873015873015872
PF64_DENSE_MIX,PF64_DENSE_MIX_c0_t5,64,48,0.75,dense,7.0,0.1,0.1,,0.0,0.0,0.0,0.0,no_slip,True,63,0,5,10098983832132986955,ls_list_marginal_L2,True,10098983832132986955,True,False,True,query_cap_before_list,60000,54895,63,63,1,1,1,63,4032,0,126,0.7079872470349073,1.0
PF64_DENSE_MIX,PF64_DENSE_MIX_c0_t5,64,48,0.75,dense,7.0,0.1,0.1,,0.0,0.0,0.0,0.0,no_slip,True,63,0,5,10098983832132986955,ls_list_marginal_L4,True,10098983832132986955,True,False,True,query_cap_before_list,60000,54895,63,63,1,1,1,63,4032,0,126,0.8802983181085438,1.0
PF64_DENSE_MIX,PF64_DENSE_MIX_c0_t5,64,48,0.75,dense,7.0,0.1,0.1,,0.0,0.0,0.0,0.0,no_slip,True,63,0,5,10098983832132986955,ls_list_marginal_L8,True,10098983832132986955,True,False,True,query_cap_before_list,60000,54895,63,63,1,1,1,63,4032,0,126,0.7726884110597894,1.0
PF64_DENSE_MIX,PF64_DENSE_MIX_c0_t5,64,48,0.75,dense,7.0,0.1,0.1,,0.0,0.0,0.0,0.0,no_slip,True,63,0,5,10098983832132986955,latent_osd_batch_o2_s63,True,10098983832132986955,True,False,False,best_marginal_in_osd_union,3528,0,63,63,2462,2462,2462,155106,9926784,3528,63,0.9730566699290648,1.0
PF64_DENSE_MIX,PF64_DENSE_MIX_c0_t5,64,48,0.75,dense,7.0,0.1,0.1,,0.0,0.0,0.0,0.0,no_slip,True,63,0,5,10098983832132986955,plain_osd_batch_o2,True,10098983832132986955,True,False,False,best_marginal_in_osd_union,56,0,1,1,56,56,56,56,3584,56,1,0.014241453958675265,1.0
PF64_DENSE_MIX,PF64_DENSE_MIX_c0_t5,64,48,0.75,dense,7.0,0.1,0.1,,0.0,0.0,0.0,0.0,no_slip,True,63,0,5,10098983832132986955,lsgrand_certified_v1_bound,True,10098983832132986955,True,True,False,strict_unseen_codeword_certificate,32,32,63,1,1,1,0,32,2048,0,63,0.0023887810530140996,0.015873015873015872
PF64_DENSE_MIX,PF64_DENSE_MIX_c0_t6,64,48,0.75,dense,7.0,0.1,0.1,,0.0,0.0,0.0,0.0,no_slip,True,63,0,6,9673037877877399395,ls_first_valid,True,9673037877877399395,True,False,False,valid_list_complete,2,2,63,1,1,1,0,0,0,0,63,0.0016900409245863557,0.015873015873015872
PF64_DENSE_MIX,PF64_DENSE_MIX_c0_t6,64,48,0.75,dense,7.0,0.1,0.1,,0.0,0.0,0.0,0.0,no_slip,True,63,0,6,9673037877877399395,ls_list_marginal_L2,True,9673037877877399395,True,False,False,valid_list_complete,20329,18966,63,63,2,2,2,126,8064,0,126,0.2909931370522827,1.0
PF64_DENSE_MIX,PF64_DENSE_MIX_c0_t6,64,48,0.75,dense,7.0,0.1,0.1,,0.0,0.0,0.0,0.0,no_slip,True,63,0,6,9673037877877399395,ls_list_marginal_L4,True,9673037877877399395,True,False,True,query_cap_before_list,60000,55147,63,63,2,2,2,126,8064,0,126,0.7738602670142427,1.0
PF64_DENSE_MIX,PF64_DENSE_MIX_c0_t6,64,48,0.75,dense,7.0,0.1,0.1,,0.0,0.0,0.0,0.0,no_slip,True,63,0,6,9673037877877399395,ls_list_marginal_L8,True,9673037877877399395,True,False,True,query_cap_before_list,60000,55147,63,63,2,2,2,126,8064,0,126,0.9117998749716207,1.0
PF64_DENSE_MIX,PF64_DENSE_MIX_c0_t6,64,48,0.75,dense,7.0,0.1,0.1,,0.0,0.0,0.0,0.0,no_slip,True,63,0,6,9673037877877399395,latent_osd_batch_o2_s63,True,9673037877877399395,True,False,False,best_marginal_in_osd_union,3528,0,63,63,2570,2570,2570,161910,10362240,3528,63,1.0800380110740662,1.0
PF64_DENSE_MIX,PF64_DENSE_MIX_c0_t6,64,48,0.75,dense,7.0,0.1,0.1,,0.0,0.0,0.0,0.0,no_slip,True,63,0,6,9673037877877399395,plain_osd_batch_o2,True,9673037877877399395,True,False,False,best_marginal_in_osd_union,56,0,1,1,56,56,56,56,3584,56,1,0.017672302899882197,1.0
PF64_DENSE_MIX,PF64_DENSE_MIX_c0_t6,64,48,0.75,dense,7.0,0.1,0.1,,0.0,0.0,0.0,0.0,no_slip,True,63,0,6,9673037877877399395,lsgrand_certified_v1_bound,True,9673037877877399395,True,True,False,strict_unseen_codeword_certificate,2,2,63,1,1,1,0,2,128,0,63,0.0021123759215697646,0.015873015873015872
PF64_DENSE_MIX,PF64_DENSE_MIX_c0_t7,64,48,0.75,dense,7.0,0.1,0.1,,0.0,0.0,0.0,0.0,slip_8_1,True,63,0,7,17489595100107236048,ls_first_valid,True,17489595100107236048,True,False,False,valid_list_complete,426,414,63,63,1,1,0,0,0,0,63,0.008341168984770775,1.0
PF64_DENSE_MIX,PF64_DENSE_MIX_c0_t7,64,48,0.75,dense,7.0,0.1,0.1,,0.0,0.0,0.0,0.0,slip_8_1,True,63,0,7,17489595100107236048,ls_list_marginal_L2,True,17489595100107236048,True,False,False,valid_list_complete,8325,7832,63,63,3,2,2,126,8064,0,126,0.15875450207386166,1.0
PF64_DENSE_MIX,PF64_DENSE_MIX_c0_t7,64,48,0.75,dense,7.0,0.1,0.1,,0.0,0.0,0.0,0.0,slip_8_1,True,63,0,7,17489595100107236048,ls_list_marginal_L4,True,17489595100107236048,True,False,True,query_cap_before_list,60000,55073,63,63,5,3,3,189,12096,0,126,0.8002751059830189,1.0
PF64_DENSE_MIX,PF64_DENSE_MIX_c0_t7,64,48,0.75,dense,7.0,0.1,0.1,,0.0,0.0,0.0,0.0,slip_8_1,True,63,0,7,17489595100107236048,ls_list_marginal_L8,True,17489595100107236048,True,False,True,query_cap_before_list,60000,55073,63,63,5,3,3,189,12096,0,126,0.7256019340129569,1.0
PF64_DENSE_MIX,PF64_DENSE_MIX_c0_t7,64,48,0.75,dense,7.0,0.1,0.1,,0.0,0.0,0.0,0.0,slip_8_1,True,63,0,7,17489595100107236048,latent_osd_batch_o2_s63,True,17489595100107236048,True,False,False,best_marginal_in_osd_union,3528,0,63,63,2677,2677,2677,168651,10793664,3528,63,0.9921055380254984,1.0
PF64_DENSE_MIX,PF64_DENSE_MIX_c0_t7,64,48,0.75,dense,7.0,0.1,0.1,,0.0,0.0,0.0,0.0,slip_8_1,True,63,0,7,17489595100107236048,plain_osd_batch_o2,False,17491949627113827146,True,False,False,best_marginal_in_osd_union,56,0,1,1,56,56,56,56,3584,56,1,0.014996710931882262,1.0
PF64_DENSE_MIX,PF64_DENSE_MIX_c0_t7,64,48,0.75,dense,7.0,0.1,0.1,,0.0,0.0,0.0,0.0,slip_8_1,True,63,0,7,17489595100107236048,lsgrand_certified_v1_bound,True,17489595100107236048,True,True,False,strict_unseen_codeword_certificate,2592,2592,63,63,2,1,0,2592,165888,0,63,0.03061491996049881,1.0
PF64_DENSE_MIX,PF64_DENSE_MIX_c0_t8,64,48,0.75,dense,7.0,0.1,0.1,,0.0,0.0,0.0,0.0,no_slip,True,63,0,8,12753980483225777254,ls_first_valid,True,12753980483225777254,True,False,False,valid_list_complete,4,4,63,1,1,1,0,0,0,0,63,0.0034773099469020963,0.015873015873015872
PF64_DENSE_MIX,PF64_DENSE_MIX_c0_t8,64,48,0.75,dense,7.0,0.1,0.1,,0.0,0.0,0.0,0.0,no_slip,True,63,0,8,12753980483225777254,ls_list_marginal_L2,True,12753980483225777254,True,False,False,valid_list_complete,54331,49504,63,63,2,2,2,126,8064,0,126,0.8468574390280992,1.0
PF64_DENSE_MIX,PF64_DENSE_MIX_c0_t8,64,48,0.75,dense,7.0,0.1,0.1,,0.0,0.0,0.0,0.0,no_slip,True,63,0,8,12753980483225777254,ls_list_marginal_L4,True,12753980483225777254,True,False,True,query_cap_before_list,60000,54599,63,63,2,2,2,126,8064,0,126,1.1728134540608153,1.0
PF64_DENSE_MIX,PF64_DENSE_MIX_c0_t8,64,48,0.75,dense,7.0,0.1,0.1,,0.0,0.0,0.0,0.0,no_slip,True,63,0,8,12753980483225777254,ls_list_marginal_L8,True,12753980483225777254,True,False,True,query_cap_before_list,60000,54599,63,63,2,2,2,126,8064,0,126,0.8869174770079553,1.0
PF64_DENSE_MIX,PF64_DENSE_MIX_c0_t8,64,48,0.75,dense,7.0,0.1,0.1,,0.0,0.0,0.0,0.0,no_slip,True,63,0,8,12753980483225777254,latent_osd_batch_o2_s63,True,12753980483225777254,True,False,False,best_marginal_in_osd_union,3528,0,63,63,2547,2547,2547,160461,10269504,3528,63,1.481176015920937,1.0
PF64_DENSE_MIX,PF64_DENSE_MIX_c0_t8,64,48,0.75,dense,7.0,0.1,0.1,,0.0,0.0,0.0,0.0,no_slip,True,63,0,8,12753980483225777254,plain_osd_batch_o2,True,12753980483225777254,True,False,False,best_marginal_in_osd_union,56,0,1,1,56,56,56,56,3584,56,1,0.04516350501216948,1.0
PF64_DENSE_MIX,PF64_DENSE_MIX_c0_t8,64,48,0.75,dense,7.0,0.1,0.1,,0.0,0.0,0.0,0.0,no_slip,True,63,0,8,12753980483225777254,lsgrand_certified_v1_bound,True,12753980483225777254,True,True,False,strict_unseen_codeword_certificate,32,32,63,1,1,1,0,32,2048,0,63,0.010225087986327708,0.015873015873015872
PF64_DENSE_MIX,PF64_DENSE_MIX_c0_t9,64,48,0.75,dense,7.0,0.1,0.1,,0.0,0.0,0.0,0.0,no_slip,True,63,0,9,7524892231474559474,ls_first_valid,True,7524892231474559474,True,False,False,valid_list_complete,1,1,63,1,1,1,0,0,0,0,63,0.0023618239210918546,0.015873015873015872
PF64_DENSE_MIX,PF64_DENSE_MIX_c0_t9,64,48,0.75,dense,7.0,0.1,0.1,,0.0,0.0,0.0,0.0,no_slip,True,63,0,9,7524892231474559474,ls_list_marginal_L2,True,7524892231474559474,True,False,False,valid_list_complete,15224,14083,63,63,4,2,2,126,8064,0,126,0.24637261999305338,1.0
PF64_DENSE_MIX,PF64_DENSE_MIX_c0_t9,64,48,0.75,dense,7.0,0.1,0.1,,0.0,0.0,0.0,0.0,no_slip,True,63,0,9,7524892231474559474,ls_list_marginal_L4,True,7524892231474559474,True,False,True,query_cap_before_list,60000,54347,63,63,5,2,2,126,8064,0,126,0.9802809009561315,1.0
PF64_DENSE_MIX,PF64_DENSE_MIX_c0_t9,64,48,0.75,dense,7.0,0.1,0.1,,0.0,0.0,0.0,0.0,no_slip,True,63,0,9,7524892231474559474,ls_list_marginal_L8,True,7524892231474559474,True,False,True,query_cap_before_list,60000,54347,63,63,5,2,2,126,8064,0,126,1.0072633960517123,1.0
PF64_DENSE_MIX,PF64_DENSE_MIX_c0_t9,64,48,0.75,dense,7.0,0.1,0.1,,0.0,0.0,0.0,0.0,no_slip,True,63,0,9,7524892231474559474,latent_osd_batch_o2_s63,True,7524892231474559474,True,False,False,best_marginal_in_osd_union,3528,0,63,63,2520,2520,2520,158760,10160640,3528,63,1.283208008040674,1.0
PF64_DENSE_MIX,PF64_DENSE_MIX_c0_t9,64,48,0.75,dense,7.0,0.1,0.1,,0.0,0.0,0.0,0.0,no_slip,True,63,0,9,7524892231474559474,plain_osd_batch_o2,True,7524892231474559474,True,False,False,best_marginal_in_osd_union,56,0,1,1,56,56,56,56,3584,56,1,0.021431623958051205,1.0
PF64_DENSE_MIX,PF64_DENSE_MIX_c0_t9,64,48,0.75,dense,7.0,0.1,0.1,,0.0,0.0,0.0,0.0,no_slip,True,63,0,9,7524892231474559474,lsgrand_certified_v1_bound,True,7524892231474559474,True,True,False,strict_unseen_codeword_certificate,1,1,63,1,1,1,0,1,64,0,63,0.0030391750624403358,0.015873015873015872
PF64_DENSE_MIX,PF64_DENSE_MIX_c0_t10,64,48,0.75,dense,7.0,0.1,0.1,,0.0,0.0,0.0,0.0,no_slip,True,63,0,10,3408567368182514566,ls_first_valid,True,3408567368182514566,True,False,False,valid_list_complete,320,316,63,63,1,1,0,0,0,0,63,0.0072257909923791885,1.0
PF64_DENSE_MIX,PF64_DENSE_MIX_c0_t10,64,48,0.75,dense,7.0,0.1,0.1,,0.0,0.0,0.0,0.0,no_slip,True,63,0,10,3408567368182514566,ls_list_marginal_L2,True,3408567368182514566,True,False,True,query_cap_before_list,60000,54781,63,63,1,1,1,63,4032,0,126,1.0384677670663223,1.0
PF64_DENSE_MIX,PF64_DENSE_MIX_c0_t10,64,48,0.75,dense,7.0,0.1,0.1,,0.0,0.0,0.0,0.0,no_slip,True,63,0,10,3408567368182514566,ls_list_marginal_L4,True,3408567368182514566,True,False,True,query_cap_before_list,60000,54781,63,63,1,1,1,63,4032,0,126,0.9387798480456695,1.0
PF64_DENSE_MIX,PF64_DENSE_MIX_c0_t10,64,48,0.75,dense,7.0,0.1,0.1,,0.0,0.0,0.0,0.0,no_slip,True,63,0,10,3408567368182514566,ls_list_marginal_L8,True,3408567368182514566,True,False,True,query_cap_before_list,60000,54781,63,63,1,1,1,63,4032,0,126,0.8211978039471433,1.0
PF64_DENSE_MIX,PF64_DENSE_MIX_c0_t10,64,48,0.75,dense,7.0,0.1,0.1,,0.0,0.0,0.0,0.0,no_slip,True,63,0,10,3408567368182514566,latent_osd_batch_o2_s63,True,3408567368182514566,True,False,False,best_marginal_in_osd_union,3528,0,63,63,2587,2587,2587,162981,10430784,3528,63,1.6238343740114942,1.0
PF64_DENSE_MIX,PF64_DENSE_MIX_c0_t10,64,48,0.75,dense,7.0,0.1,0.1,,0.0,0.0,0.0,0.0,no_slip,True,63,0,10,3408567368182514566,plain_osd_batch_o2,True,3408567368182514566,True,False,False,best_marginal_in_osd_union,56,0,1,1,56,56,56,56,3584,56,1,0.0274763508932665,1.0
PF64_DENSE_MIX,PF64_DENSE_MIX_c0_t10,64,48,0.75,dense,7.0,0.1,0.1,,0.0,0.0,0.0,0.0,no_slip,True,63,0,10,3408567368182514566,lsgrand_certified_v1_bound,True,3408567368182514566,True,True,False,strict_unseen_codeword_certificate,3840,3840,63,63,1,1,0,3840,245760,0,63,0.046845349948853254,1.0
PF64_DENSE_MIX,PF64_DENSE_MIX_c0_t11,64,48,0.75,dense,7.0,0.1,0.1,,0.0,0.0,0.0,0.0,no_slip,True,63,0,11,8568288127120459194,ls_first_valid,True,8568288127120459194,True,False,False,valid_list_complete,1,1,63,1,1,1,0,0,0,0,63,0.001852900953963399,0.015873015873015872
PF64_DENSE_MIX,PF64_DENSE_MIX_c0_t11,64,48,0.75,dense,7.0,0.1,0.1,,0.0,0.0,0.0,0.0,no_slip,True,63,0,11,8568288127120459194,ls_list_marginal_L2,True,8568288127120459194,True,False,True,query_cap_before_list,60000,54588,63,63,3,1,1,63,4032,0,126,0.7711651619756594,1.0
PF64_DENSE_MIX,PF64_DENSE_MIX_c0_t11,64,48,0.75,dense,7.0,0.1,0.1,,0.0,0.0,0.0,0.0,no_slip,True,63,0,11,8568288127120459194,ls_list_marginal_L4,True,8568288127120459194,True,False,True,query_cap_before_list,60000,54588,63,63,3,1,1,63,4032,0,126,0.8251493040006608,1.0
PF64_DENSE_MIX,PF64_DENSE_MIX_c0_t11,64,48,0.75,dense,7.0,0.1,0.1,,0.0,0.0,0.0,0.0,no_slip,True,63,0,11,8568288127120459194,ls_list_marginal_L8,True,8568288127120459194,True,False,True,query_cap_before_list,60000,54588,63,63,3,1,1,63,4032,0,126,0.8659715739777312,1.0
PF64_DENSE_MIX,PF64_DENSE_MIX_c0_t11,64,48,0.75,dense,7.0,0.1,0.1,,0.0,0.0,0.0,0.0,no_slip,True,63,0,11,8568288127120459194,latent_osd_batch_o2_s63,True,8568288127120459194,True,False,False,best_marginal_in_osd_union,3528,0,63,63,2643,2643,2643,166509,10656576,3528,63,1.1696241900790483,1.0
PF64_DENSE_MIX,PF64_DENSE_MIX_c0_t11,64,48,0.75,dense,7.0,0.1,0.1,,0.0,0.0,0.0,0.0,no_slip,True,63,0,11,8568288127120459194,plain_osd_batch_o2,True,8568288127120459194,True,False,False,best_marginal_in_osd_union,56,0,1,1,56,56,56,56,3584,56,1,0.018343113944865763,1.0
PF64_DENSE_MIX,PF64_DENSE_MIX_c0_t11,64,48,0.75,dense,7.0,0.1,0.1,,0.0,0.0,0.0,0.0,no_slip,True,63,0,11,8568288127120459194,lsgrand_certified_v1_bound,True,8568288127120459194,True,True,False,strict_unseen_codeword_certificate,1,1,63,1,1,1,0,1,64,0,63,0.0021948899375274777,0.015873015873015872
PF64_DENSE_MIX,PF64_DENSE_MIX_c0_t12,64,48,0.75,dense,7.0,0.1,0.1,,0.0,0.0,0.0,0.0,no_slip,True,63,0,12,2021856781723512332,ls_first_valid,True,2021856781723512332,True,False,False,valid_list_complete,4,4,63,1,1,1,0,0,0,0,63,0.001994122052565217,0.015873015873015872
PF64_DENSE_MIX,PF64_DENSE_MIX_c0_t12,64,48,0.75,dense,7.0,0.1,0.1,,0.0,0.0,0.0,0.0,no_slip,True,63,0,12,2021856781723512332,ls_list_marginal_L2,True,2021856781723512332,True,False,True,query_cap_before_list,60000,53981,63,63,5,1,1,63,4032,0,126,0.8083192500052974,1.0
PF64_DENSE_MIX,PF64_DENSE_MIX_c0_t12,64,48,0.75,dense,7.0,0.1,0.1,,0.0,0.0,0.0,0.0,no_slip,True,63,0,12,2021856781723512332,ls_list_marginal_L4,True,2021856781723512332,True,False,True,query_cap_before_list,60000,53981,63,63,5,1,1,63,4032,0,126,0.8608279339969158,1.0
PF64_DENSE_MIX,PF64_DENSE_MIX_c0_t12,64,48,0.75,dense,7.0,0.1,0.1,,0.0,0.0,0.0,0.0,no_slip,True,63,0,12,2021856781723512332,ls_list_marginal_L8,True,2021856781723512332,True,False,True,query_cap_before_list,60000,53981,63,63,5,1,1,63,4032,0,126,0.8420788310468197,1.0
PF64_DENSE_MIX,PF64_DENSE_MIX_c0_t12,64,48,0.75,dense,7.0,0.1,0.1,,0.0,0.0,0.0,0.0,no_slip,True,63,0,12,2021856781723512332,latent_osd_batch_o2_s63,True,2021856781723512332,True,False,False,best_marginal_in_osd_union,3528,0,63,63,2558,2558,2558,161154,10313856,3528,63,1.2523192550288513,1.0
PF64_DENSE_MIX,PF64_DENSE_MIX_c0_t12,64,48,0.75,dense,7.0,0.1,0.1,,0.0,0.0,0.0,0.0,no_slip,True,63,0,12,2021856781723512332,plain_osd_batch_o2,True,2021856781723512332,True,False,False,best_marginal_in_osd_union,56,0,1,1,56,56,56,56,3584,56,1,0.017713628010824323,1.0
PF64_DENSE_MIX,PF64_DENSE_MIX_c0_t12,64,48,0.75,dense,7.0,0.1,0.1,,0.0,0.0,0.0,0.0,no_slip,True,63,0,12,2021856781723512332,lsgrand_certified_v1_bound,True,2021856781723512332,True,True,False,strict_unseen_codeword_certificate,64,64,63,35,1,1,0,64,4096,0,63,0.0029009750578552485,0.5555555555555556
PF64_DENSE_MIX,PF64_DENSE_MIX_c0_t13,64,48,0.75,dense,7.0,0.1,0.1,,0.0,0.0,0.0,0.0,no_slip,True,63,0,13,3012342507680447227,ls_first_valid,True,3012342507680447227,True,False,False,valid_list_complete,2,2,63,1,1,1,0,0,0,0,63,0.0018275320762768388,0.015873015873015872
PF64_DENSE_MIX,PF64_DENSE_MIX_c0_t13,64,48,0.75,dense,7.0,0.1,0.1,,0.0,0.0,0.0,0.0,no_slip,True,63,0,13,3012342507680447227,ls_list_marginal_L2,True,3012342507680447227,True,False,False,valid_list_complete,60,60,63,35,2,2,2,126,8064,0,126,0.0039122659945860505,0.5555555555555556
PF64_DENSE_MIX,PF64_DENSE_MIX_c0_t13,64,48,0.75,dense,7.0,0.1,0.1,,0.0,0.0,0.0,0.0,no_slip,True,63,0,13,3012342507680447227,ls_list_marginal_L4,True,3012342507680447227,True,False,True,query_cap_before_list,60000,54577,63,63,7,3,3,189,12096,0,126,0.909348968998529,1.0
PF64_DENSE_MIX,PF64_DENSE_MIX_c0_t13,64,48,0.75,dense,7.0,0.1,0.1,,0.0,0.0,0.0,0.0,no_slip,True,63,0,13,3012342507680447227,ls_list_marginal_L8,True,3012342507680447227,True,False,True,query_cap_before_list,60000,54577,63,63,7,3,3,189,12096,0,126,0.9963954290142283,1.0
PF64_DENSE_MIX,PF64_DENSE_MIX_c0_t13,64,48,0.75,dense,7.0,0.1,0.1,,0.0,0.0,0.0,0.0,no_slip,True,63,0,13,3012342507680447227,latent_osd_batch_o2_s63,True,3012342507680447227,True,False,False,best_marginal_in_osd_union,3528,0,63,63,2524,2524,2524,159012,10176768,3528,63,1.1345114469295368,1.0
PF64_DENSE_MIX,PF64_DENSE_MIX_c0_t13,64,48,0.75,dense,7.0,0.1,0.1,,0.0,0.0,0.0,0.0,no_slip,True,63,0,13,3012342507680447227,plain_osd_batch_o2,True,3012342507680447227,True,False,False,best_marginal_in_osd_union,56,0,1,1,56,56,56,56,3584,56,1,0.016128185903653502,1.0
PF64_DENSE_MIX,PF64_DENSE_MIX_c0_t13,64,48,0.75,dense,7.0,0.1,0.1,,0.0,0.0,0.0,0.0,no_slip,True,63,0,13,3012342507680447227,lsgrand_certified_v1_bound,True,3012342507680447227,True,True,False,strict_unseen_codeword_certificate,2,2,63,1,1,1,0,2,128,0,63,0.002166730002500117,0.015873015873015872
PF64_DENSE_MIX,PF64_DENSE_MIX_c0_t14,64,48,0.75,dense,7.0,0.1,0.1,,0.0,0.0,0.0,0.0,no_slip,True,63,0,14,9306924816901997486,ls_first_valid,True,9306924816901997486,True,False,False,valid_list_complete,1,1,63,1,1,1,0,0,0,0,63,0.0017670600209385157,0.015873015873015872
PF64_DENSE_MIX,PF64_DENSE_MIX_c0_t14,64,48,0.75,dense,7.0,0.1,0.1,,0.0,0.0,0.0,0.0,no_slip,True,63,0,14,9306924816901997486,ls_list_marginal_L2,True,9306924816901997486,True,False,True,query_cap_before_list,60000,54112,63,63,3,1,1,63,4032,0,126,1.0619869540678337,1.0
PF64_DENSE_MIX,PF64_DENSE_MIX_c0_t14,64,48,0.75,dense,7.0,0.1,0.1,,0.0,0.0,0.0,0.0,no_slip,True,63,0,14,9306924816901997486,ls_list_marginal_L4,True,9306924816901997486,True,False,True,query_cap_before_list,60000,54112,63,63,3,1,1,63,4032,0,126,0.8332702490733936,1.0
PF64_DENSE_MIX,PF64_DENSE_MIX_c0_t14,64,48,0.75,dense,7.0,0.1,0.1,,0.0,0.0,0.0,0.0,no_slip,True,63,0,14,9306924816901997486,ls_list_marginal_L8,True,9306924816901997486,True,False,True,query_cap_before_list,60000,54112,63,63,3,1,1,63,4032,0,126,1.0567416029516608,1.0
PF64_DENSE_MIX,PF64_DENSE_MIX_c0_t14,64,48,0.75,dense,7.0,0.1,0.1,,0.0,0.0,0.0,0.0,no_slip,True,63,0,14,9306924816901997486,latent_osd_batch_o2_s63,True,9306924816901997486,True,False,False,best_marginal_in_osd_union,3528,0,63,63,2560,2560,2560,161280,10321920,3528,63,1.2671936230035499,1.0
PF64_DENSE_MIX,PF64_DENSE_MIX_c0_t14,64,48,0.75,dense,7.0,0.1,0.1,,0.0,0.0,0.0,0.0,no_slip,True,63,0,14,9306924816901997486,plain_osd_batch_o2,True,9306924816901997486,True,False,False,best_marginal_in_osd_union,56,0,1,1,56,56,56,56,3584,56,1,0.021681494894437492,1.0
PF64_DENSE_MIX,PF64_DENSE_MIX_c0_t14,64,48,0.75,dense,7.0,0.1,0.1,,0.0,0.0,0.0,0.0,no_slip,True,63,0,14,9306924816901997486,lsgrand_certified_v1_bound,True,9306924816901997486,True,True,False,strict_unseen_codeword_certificate,1,1,63,1,1,1,0,1,64,0,63,0.002159773954190314,0.015873015873015872
PF64_DENSE_MIX,PF64_DENSE_MIX_c0_t15,64,48,0.75,dense,7.0,0.1,0.1,,0.0,0.0,0.0,0.0,no_slip,True,63,0,15,3600021062721881467,ls_first_valid,True,3600021062721881467,True,False,False,valid_list_complete,1,1,63,1,1,1,0,0,0,0,63,0.0017836960032582283,0.015873015873015872
PF64_DENSE_MIX,PF64_DENSE_MIX_c0_t15,64,48,0.75,dense,7.0,0.1,0.1,,0.0,0.0,0.0,0.0,no_slip,True,63,0,15,3600021062721881467,ls_list_marginal_L2,True,3600021062721881467,True,False,False,valid_list_complete,2736,2591,63,63,4,2,2,126,8064,0,126,0.05008230800740421,1.0
PF64_DENSE_MIX,PF64_DENSE_MIX_c0_t15,64,48,0.75,dense,7.0,0.1,0.1,,0.0,0.0,0.0,0.0,no_slip,True,63,0,15,3600021062721881467,ls_list_marginal_L4,True,3600021062721881467,True,False,True,query_cap_before_list,60000,54675,63,63,5,2,2,126,8064,0,126,0.870939185959287,1.0
PF64_DENSE_MIX,PF64_DENSE_MIX_c0_t15,64,48,0.75,dense,7.0,0.1,0.1,,0.0,0.0,0.0,0.0,no_slip,True,63,0,15,3600021062721881467,ls_list_marginal_L8,True,3600021062721881467,True,False,True,query_cap_before_list,60000,54675,63,63,5,2,2,126,8064,0,126,0.8497259829891846,1.0
PF64_DENSE_MIX,PF64_DENSE_MIX_c0_t15,64,48,0.75,dense,7.0,0.1,0.1,,0.0,0.0,0.0,0.0,no_slip,True,63,0,15,3600021062721881467,latent_osd_batch_o2_s63,True,3600021062721881467,True,False,False,best_marginal_in_osd_union,3528,0,63,63,2553,2553,2553,160839,10293696,3528,63,1.1397852009395137,1.0
PF64_DENSE_MIX,PF64_DENSE_MIX_c0_t15,64,48,0.75,dense,7.0,0.1,0.1,,0.0,0.0,0.0,0.0,no_slip,True,63,0,15,3600021062721881467,plain_osd_batch_o2,True,3600021062721881467,True,False,False,best_marginal_in_osd_union,56,0,1,1,56,56,56,56,3584,56,1,0.016226978972554207,1.0
PF64_DENSE_MIX,PF64_DENSE_MIX_c0_t15,64,48,0.75,dense,7.0,0.1,0.1,,0.0,0.0,0.0,0.0,no_slip,True,63,0,15,3600021062721881467,lsgrand_certified_v1_bound,True,3600021062721881467,True,True,False,strict_unseen_codeword_certificate,1,1,63,1,1,1,0,1,64,0,63,0.0020454709883779287,0.015873015873015872
PF64_DENSE_MIX,PF64_DENSE_MIX_c0_t16,64,48,0.75,dense,7.0,0.1,0.1,,0.0,0.0,0.0,0.0,slip_10_1,True,63,0,16,14340048086672412620,ls_first_valid,True,14340048086672412620,True,False,False,valid_list_complete,107,106,63,63,1,1,0,0,0,0,63,0.0030782519606873393,1.0
PF64_DENSE_MIX,PF64_DENSE_MIX_c0_t16,64,48,0.75,dense,7.0,0.1,0.1,,0.0,0.0,0.0,0.0,slip_10_1,True,63,0,16,14340048086672412620,ls_list_marginal_L2,True,14340048086672412620,True,False,True,query_cap_before_list,60000,54217,63,63,3,1,1,63,4032,0,126,0.9305402970639989,1.0
PF64_DENSE_MIX,PF64_DENSE_MIX_c0_t16,64,48,0.75,dense,7.0,0.1,0.1,,0.0,0.0,0.0,0.0,slip_10_1,True,63,0,16,14340048086672412620,ls_list_marginal_L4,True,14340048086672412620,True,False,True,query_cap_before_list,60000,54217,63,63,3,1,1,63,4032,0,126,0.9067558540264145,1.0
PF64_DENSE_MIX,PF64_DENSE_MIX_c0_t16,64,48,0.75,dense,7.0,0.1,0.1,,0.0,0.0,0.0,0.0,slip_10_1,True,63,0,16,14340048086672412620,ls_list_marginal_L8,True,14340048086672412620,True,False,True,query_cap_before_list,60000,54217,63,63,3,1,1,63,4032,0,126,0.9083217580337077,1.0
PF64_DENSE_MIX,PF64_DENSE_MIX_c0_t16,64,48,0.75,dense,7.0,0.1,0.1,,0.0,0.0,0.0,0.0,slip_10_1,True,63,0,16,14340048086672412620,latent_osd_batch_o2_s63,True,14340048086672412620,True,False,False,best_marginal_in_osd_union,3528,0,63,63,2536,2536,2536,159768,10225152,3528,63,1.21876554004848,1.0
PF64_DENSE_MIX,PF64_DENSE_MIX_c0_t16,64,48,0.75,dense,7.0,0.1,0.1,,0.0,0.0,0.0,0.0,slip_10_1,True,63,0,16,14340048086672412620,plain_osd_batch_o2,False,15501970921898943810,True,False,False,best_marginal_in_osd_union,56,0,1,1,56,56,56,56,3584,56,1,0.020990650984458625,1.0
PF64_DENSE_MIX,PF64_DENSE_MIX_c0_t16,64,48,0.75,dense,7.0,0.1,0.1,,0.0,0.0,0.0,0.0,slip_10_1,True,63,0,16,14340048086672412620,lsgrand_certified_v1_bound,True,14340048086672412620,True,True,False,strict_unseen_codeword_certificate,1056,1056,63,63,1,1,0,1056,67584,0,63,0.01814748893957585,1.0
PF64_DENSE_MIX,PF64_DENSE_MIX_c0_t17,64,48,0.75,dense,7.0,0.1,0.1,,0.0,0.0,0.0,0.0,no_slip,True,63,0,17,9737929382882483861,ls_first_valid,True,9737929382882483861,True,False,False,valid_list_complete,54,54,63,1,1,1,0,0,0,0,63,0.005129477009177208,0.015873015873015872
PF64_DENSE_MIX,PF64_DENSE_MIX_c0_t17,64,48,0.75,dense,7.0,0.1,0.1,,0.0,0.0,0.0,0.0,no_slip,True,63,0,17,9737929382882483861,ls_list_marginal_L2,True,9737929382882483861,True,False,False,valid_list_complete,22888,21043,63,63,2,2,2,126,8064,0,126,0.2809209630358964,1.0
PF64_DENSE_MIX,PF64_DENSE_MIX_c0_t17,64,48,0.75,dense,7.0,0.1,0.1,,0.0,0.0,0.0,0.0,no_slip,True,63,0,17,9737929382882483861,ls_list_marginal_L4,True,9737929382882483861,True,False,True,query_cap_before_list,60000,54427,63,63,2,2,2,126,8064,0,126,0.7294675289886072,1.0
PF64_DENSE_MIX,PF64_DENSE_MIX_c0_t17,64,48,0.75,dense,7.0,0.1,0.1,,0.0,0.0,0.0,0.0,no_slip,True,63,0,17,9737929382882483861,ls_list_marginal_L8,True,9737929382882483861,True,False,True,query_cap_before_list,60000,54427,63,63,2,2,2,126,8064,0,126,0.8607743119355291,1.0
PF64_DENSE_MIX,PF64_DENSE_MIX_c0_t17,64,48,0.75,dense,7.0,0.1,0.1,,0.0,0.0,0.0,0.0,no_slip,True,63,0,17,9737929382882483861,latent_osd_batch_o2_s63,True,9737929382882483861,True,False,False,best_marginal_in_osd_union,3528,0,63,63,2645,2645,2645,166635,10664640,3528,63,1.2772428289754316,1.0
PF64_DENSE_MIX,PF64_DENSE_MIX_c0_t17,64,48,0.75,dense,7.0,0.1,0.1,,0.0,0.0,0.0,0.0,no_slip,True,63,0,17,9737929382882483861,plain_osd_batch_o2,True,9737929382882483861,True,False,False,best_marginal_in_osd_union,56,0,1,1,56,56,56,56,3584,56,1,0.02415494597516954,1.0
PF64_DENSE_MIX,PF64_DENSE_MIX_c0_t17,64,48,0.75,dense,7.0,0.1,0.1,,0.0,0.0,0.0,0.0,no_slip,True,63,0,17,9737929382882483861,lsgrand_certified_v1_bound,True,9737929382882483861,True,True,False,strict_unseen_codeword_certificate,1440,1440,63,63,1,1,0,1440,92160,0,63,0.02468398492783308,1.0
PF64_DENSE_MIX,PF64_DENSE_MIX_c0_t18,64,48,0.75,dense,7.0,0.1,0.1,,0.0,0.0,0.0,0.0,no_slip,True,63,0,18,2519983675194626856,ls_first_valid,True,2519983675194626856,True,False,False,valid_list_complete,1,1,63,1,1,1,0,0,0,0,63,0.002303458983078599,0.015873015873015872
PF64_DENSE_MIX,PF64_DENSE_MIX_c0_t18,64,48,0.75,dense,7.0,0.1,0.1,,0.0,0.0,0.0,0.0,no_slip,True,63,0,18,2519983675194626856,ls_list_marginal_L2,True,2519983675194626856,True,False,False,valid_list_complete,34286,30893,63,63,4,2,2,126,8064,0,126,0.40091835195198655,1.0
PF64_DENSE_MIX,PF64_DENSE_MIX_c0_t18,64,48,0.75,dense,7.0,0.1,0.1,,0.0,0.0,0.0,0.0,no_slip,True,63,0,18,2519983675194626856,ls_list_marginal_L4,True,2519983675194626856,True,False,True,query_cap_before_list,60000,53528,63,63,5,3,3,189,12096,0,126,0.7805974690709263,1.0
PF64_DENSE_MIX,PF64_DENSE_MIX_c0_t18,64,48,0.75,dense,7.0,0.1,0.1,,0.0,0.0,0.0,0.0,no_slip,True,63,0,18,2519983675194626856,ls_list_marginal_L8,True,2519983675194626856,True,False,True,query_cap_before_list,60000,53528,63,63,5,3,3,189,12096,0,126,0.723146231030114,1.0
PF64_DENSE_MIX,PF64_DENSE_MIX_c0_t18,64,48,0.75,dense,7.0,0.1,0.1,,0.0,0.0,0.0,0.0,no_slip,True,63,0,18,2519983675194626856,latent_osd_batch_o2_s63,True,2519983675194626856,True,False,False,best_marginal_in_osd_union,3528,0,63,63,2571,2571,2571,161973,10366272,3528,63,1.00153386592865,1.0
PF64_DENSE_MIX,PF64_DENSE_MIX_c0_t18,64,48,0.75,dense,7.0,0.1,0.1,,0.0,0.0,0.0,0.0,no_slip,True,63,0,18,2519983675194626856,plain_osd_batch_o2,True,2519983675194626856,True,False,False,best_marginal_in_osd_union,56,0,1,1,56,56,56,56,3584,56,1,0.018497798941098154,1.0
PF64_DENSE_MIX,PF64_DENSE_MIX_c0_t18,64,48,0.75,dense,7.0,0.1,0.1,,0.0,0.0,0.0,0.0,no_slip,True,63,0,18,2519983675194626856,lsgrand_certified_v1_bound,True,2519983675194626856,True,True,False,strict_unseen_codeword_certificate,32,32,63,1,1,1,0,32,2048,0,63,0.002708007930777967,0.015873015873015872
PF64_DENSE_MIX,PF64_DENSE_MIX_c0_t19,64,48,0.75,dense,7.0,0.1,0.1,,0.0,0.0,0.0,0.0,no_slip,True,63,0,19,8030603053247149289,ls_first_valid,True,8030603053247149289,True,False,False,valid_list_complete,2,2,63,1,1,1,0,0,0,0,63,0.0017386500257998705,0.015873015873015872
PF64_DENSE_MIX,PF64_DENSE_MIX_c0_t19,64,48,0.75,dense,7.0,0.1,0.1,,0.0,0.0,0.0,0.0,no_slip,True,63,0,19,8030603053247149289,ls_list_marginal_L2,True,8030603053247149289,True,False,False,valid_list_complete,34146,31718,63,63,2,2,2,126,8064,0,126,0.46457781095523387,1.0
PF64_DENSE_MIX,PF64_DENSE_MIX_c0_t19,64,48,0.75,dense,7.0,0.1,0.1,,0.0,0.0,0.0,0.0,no_slip,True,63,0,19,8030603053247149289,ls_list_marginal_L4,True,8030603053247149289,True,False,True,query_cap_before_list,60000,55268,63,63,2,2,2,126,8064,0,126,0.8782011700095609,1.0
PF64_DENSE_MIX,PF64_DENSE_MIX_c0_t19,64,48,0.75,dense,7.0,0.1,0.1,,0.0,0.0,0.0,0.0,no_slip,True,63,0,19,8030603053247149289,ls_list_marginal_L8,True,8030603053247149289,True,False,True,query_cap_before_list,60000,55268,63,63,2,2,2,126,8064,0,126,0.7213000640040264,1.0
PF64_DENSE_MIX,PF64_DENSE_MIX_c0_t19,64,48,0.75,dense,7.0,0.1,0.1,,0.0,0.0,0.0,0.0,no_slip,True,63,0,19,8030603053247149289,latent_osd_batch_o2_s63,True,8030603053247149289,True,False,False,best_marginal_in_osd_union,3528,0,63,63,2517,2517,2517,158571,10148544,3528,63,1.2427358969580382,1.0
PF64_DENSE_MIX,PF64_DENSE_MIX_c0_t19,64,48,0.75,dense,7.0,0.1,0.1,,0.0,0.0,0.0,0.0,no_slip,True,63,0,19,8030603053247149289,plain_osd_batch_o2,True,8030603053247149289,True,False,False,best_marginal_in_osd_union,56,0,1,1,56,56,56,56,3584,56,1,0.02240879402961582,1.0
PF64_DENSE_MIX,PF64_DENSE_MIX_c0_t19,64,48,0.75,dense,7.0,0.1,0.1,,0.0,0.0,0.0,0.0,no_slip,True,63,0,19,8030603053247149289,lsgrand_certified_v1_bound,True,8030603053247149289,True,True,False,strict_unseen_codeword_certificate,32,32,63,11,1,1,0,32,2048,0,63,0.0036974760005250573,0.1746031746031746
PF64_DENSE_MIX,PF64_DENSE_MIX_c1_t0,64,48,0.75,dense,7.0,0.1,0.1,,0.0,0.0,0.0,0.0,no_slip,True,63,1,0,13428544611287267605,ls_first_valid,True,13428544611287267605,True,False,False,valid_list_complete,18,18,63,1,1,1,0,0,0,0,63,0.002145292004570365,0.015873015873015872
PF64_DENSE_MIX,PF64_DENSE_MIX_c1_t0,64,48,0.75,dense,7.0,0.1,0.1,,0.0,0.0,0.0,0.0,no_slip,True,63,1,0,13428544611287267605,ls_list_marginal_L2,True,13428544611287267605,True,False,True,query_cap_before_list,60000,54774,63,63,1,1,1,63,4032,0,126,0.7876294000307098,1.0
PF64_DENSE_MIX,PF64_DENSE_MIX_c1_t0,64,48,0.75,dense,7.0,0.1,0.1,,0.0,0.0,0.0,0.0,no_slip,True,63,1,0,13428544611287267605,ls_list_marginal_L4,True,13428544611287267605,True,False,True,query_cap_before_list,60000,54774,63,63,1,1,1,63,4032,0,126,0.8630654999287799,1.0
PF64_DENSE_MIX,PF64_DENSE_MIX_c1_t0,64,48,0.75,dense,7.0,0.1,0.1,,0.0,0.0,0.0,0.0,no_slip,True,63,1,0,13428544611287267605,ls_list_marginal_L8,True,13428544611287267605,True,False,True,query_cap_before_list,60000,54774,63,63,1,1,1,63,4032,0,126,0.767425543977879,1.0
PF64_DENSE_MIX,PF64_DENSE_MIX_c1_t0,64,48,0.75,dense,7.0,0.1,0.1,,0.0,0.0,0.0,0.0,no_slip,True,63,1,0,13428544611287267605,latent_osd_batch_o2_s63,True,13428544611287267605,True,False,False,best_marginal_in_osd_union,3528,0,63,63,2549,2549,2549,160587,10277568,3528,63,1.0188144349958748,1.0
PF64_DENSE_MIX,PF64_DENSE_MIX_c1_t0,64,48,0.75,dense,7.0,0.1,0.1,,0.0,0.0,0.0,0.0,no_slip,True,63,1,0,13428544611287267605,plain_osd_batch_o2,True,13428544611287267605,True,False,False,best_marginal_in_osd_union,56,0,1,1,56,56,56,56,3584,56,1,0.025523114018142223,1.0
PF64_DENSE_MIX,PF64_DENSE_MIX_c1_t0,64,48,0.75,dense,7.0,0.1,0.1,,0.0,0.0,0.0,0.0,no_slip,True,63,1,0,13428544611287267605,lsgrand_certified_v1_bound,True,13428544611287267605,True,True,False,strict_unseen_codeword_certificate,384,384,63,63,1,1,0,384,24576,0,63,0.008383320993743837,1.0
PF64_DENSE_MIX,PF64_DENSE_MIX_c1_t1,64,48,0.75,dense,7.0,0.1,0.1,,0.0,0.0,0.0,0.0,slip_5_3,True,63,1,1,18010832710415345946,ls_first_valid,True,18010832710415345946,True,False,False,valid_list_complete,25,25,63,11,1,1,0,0,0,0,63,0.0026102690026164055,0.1746031746031746
PF64_DENSE_MIX,PF64_DENSE_MIX_c1_t1,64,48,0.75,dense,7.0,0.1,0.1,,0.0,0.0,0.0,0.0,slip_5_3,True,63,1,1,18010832710415345946,ls_list_marginal_L2,True,18010832710415345946,True,False,False,valid_list_complete,18819,17378,63,63,3,2,2,126,8064,0,126,0.2497579250484705,1.0
PF64_DENSE_MIX,PF64_DENSE_MIX_c1_t1,64,48,0.75,dense,7.0,0.1,0.1,,0.0,0.0,0.0,0.0,slip_5_3,True,63,1,1,18010832710415345946,ls_list_marginal_L4,True,18010832710415345946,True,False,True,query_cap_before_list,60000,54544,63,63,7,3,3,189,12096,0,126,0.8110678989905864,1.0
PF64_DENSE_MIX,PF64_DENSE_MIX_c1_t1,64,48,0.75,dense,7.0,0.1,0.1,,0.0,0.0,0.0,0.0,slip_5_3,True,63,1,1,18010832710415345946,ls_list_marginal_L8,True,18010832710415345946,True,False,True,query_cap_before_list,60000,54544,63,63,7,3,3,189,12096,0,126,0.8201444889418781,1.0
PF64_DENSE_MIX,PF64_DENSE_MIX_c1_t1,64,48,0.75,dense,7.0,0.1,0.1,,0.0,0.0,0.0,0.0,slip_5_3,True,63,1,1,18010832710415345946,latent_osd_batch_o2_s63,True,18010832710415345946,True,False,False,best_marginal_in_osd_union,3528,0,63,63,2602,2602,2602,163926,10491264,3528,63,1.123857152997516,1.0
PF64_DENSE_MIX,PF64_DENSE_MIX_c1_t1,64,48,0.75,dense,7.0,0.1,0.1,,0.0,0.0,0.0,0.0,slip_5_3,True,63,1,1,18010832710415345946,plain_osd_batch_o2,False,17430897073390126928,True,False,False,best_marginal_in_osd_union,56,0,1,1,56,56,56,56,3584,56,1,0.020294666988775134,1.0
PF64_DENSE_MIX,PF64_DENSE_MIX_c1_t1,64,48,0.75,dense,7.0,0.1,0.1,,0.0,0.0,0.0,0.0,slip_5_3,True,63,1,1,18010832710415345946,lsgrand_certified_v1_bound,True,18010832710415345946,True,True,False,strict_unseen_codeword_certificate,192,192,63,63,1,1,0,192,12288,0,63,0.008406462031416595,1.0
PF64_DENSE_MIX,PF64_DENSE_MIX_c1_t2,64,48,0.75,dense,7.0,0.1,0.1,,0.0,0.0,0.0,0.0,no_slip,True,63,1,2,7697852589528350012,ls_first_valid,True,7697852589528350012,True,False,False,valid_list_complete,1,1,63,1,1,1,0,0,0,0,63,0.001770969945937395,0.015873015873015872
PF64_DENSE_MIX,PF64_DENSE_MIX_c1_t2,64,48,0.75,dense,7.0,0.1,0.1,,0.0,0.0,0.0,0.0,no_slip,True,63,1,2,7697852589528350012,ls_list_marginal_L2,True,7697852589528350012,True,False,True,query_cap_before_list,60000,55009,63,63,3,1,1,63,4032,0,126,0.8750632429728284,1.0
PF64_DENSE_MIX,PF64_DENSE_MIX_c1_t2,64,48,0.75,dense,7.0,0.1,0.1,,0.0,0.0,0.0,0.0,no_slip,True,63,1,2,7697852589528350012,ls_list_marginal_L4,True,7697852589528350012,True,False,True,query_cap_before_list,60000,55009,63,63,3,1,1,63,4032,0,126,0.7663574940524995,1.0
PF64_DENSE_MIX,PF64_DENSE_MIX_c1_t2,64,48,0.75,dense,7.0,0.1,0.1,,0.0,0.0,0.0,0.0,no_slip,True,63,1,2,7697852589528350012,ls_list_marginal_L8,True,7697852589528350012,True,False,True,query_cap_before_list,60000,55009,63,63,3,1,1,63,4032,0,126,0.830801799078472,1.0
PF64_DENSE_MIX,PF64_DENSE_MIX_c1_t2,64,48,0.75,dense,7.0,0.1,0.1,,0.0,0.0,0.0,0.0,no_slip,True,63,1,2,7697852589528350012,latent_osd_batch_o2_s63,True,7697852589528350012,True,False,False,best_marginal_in_osd_union,3528,0,63,63,2579,2579,2579,162477,10398528,3528,63,1.0633324820082635,1.0
PF64_DENSE_MIX,PF64_DENSE_MIX_c1_t2,64,48,0.75,dense,7.0,0.1,0.1,,0.0,0.0,0.0,0.0,no_slip,True,63,1,2,7697852589528350012,plain_osd_batch_o2,True,7697852589528350012,True,False,False,best_marginal_in_osd_union,56,0,1,1,56,56,56,56,3584,56,1,0.018014502013102174,1.0
PF64_DENSE_MIX,PF64_DENSE_MIX_c1_t2,64,48,0.75,dense,7.0,0.1,0.1,,0.0,0.0,0.0,0.0,no_slip,True,63,1,2,7697852589528350012,lsgrand_certified_v1_bound,True,7697852589528350012,True,True,False,strict_unseen_codeword_certificate,1,1,63,1,1,1,0,1,64,0,63,0.0022076950408518314,0.015873015873015872
PF64_DENSE_MIX,PF64_DENSE_MIX_c1_t3,64,48,0.75,dense,7.0,0.1,0.1,,0.0,0.0,0.0,0.0,no_slip,True,63,1,3,16693112159138522683,ls_first_valid,True,16693112159138522683,True,False,False,valid_list_complete,39,39,63,1,1,1,0,0,0,0,63,0.00214252807199955,0.015873015873015872
PF64_DENSE_MIX,PF64_DENSE_MIX_c1_t3,64,48,0.75,dense,7.0,0.1,0.1,,0.0,0.0,0.0,0.0,no_slip,True,63,1,3,16693112159138522683,ls_list_marginal_L2,True,16693112159138522683,True,False,False,valid_list_complete,13319,12540,63,63,2,2,2,126,8064,0,126,0.16389574692584574,1.0
PF64_DENSE_MIX,PF64_DENSE_MIX_c1_t3,64,48,0.75,dense,7.0,0.1,0.1,,0.0,0.0,0.0,0.0,no_slip,True,63,1,3,16693112159138522683,ls_list_marginal_L4,True,16693112159138522683,True,False,False,valid_list_complete,56490,52073,63,63,5,4,4,252,16128,0,126,0.8412476519588381,1.0
PF64_DENSE_MIX,PF64_DENSE_MIX_c1_t3,64,48,0.75,dense,7.0,0.1,0.1,,0.0,0.0,0.0,0.0,no_slip,True,63,1,3,16693112159138522683,ls_list_marginal_L8,True,16693112159138522683,True,False,True,query_cap_before_list,60000,55246,63,63,6,5,5,315,20160,0,126,0.7891462749103084,1.0
PF64_DENSE_MIX,PF64_DENSE_MIX_c1_t3,64,48,0.75,dense,7.0,0.1,0.1,,0.0,0.0,0.0,0.0,no_slip,True,63,1,3,16693112159138522683,latent_osd_batch_o2_s63,True,16693112159138522683,True,False,False,best_marginal_in_osd_union,3528,0,63,63,2593,2593,2593,163359,10454976,3528,63,1.2964960819808766,1.0
PF64_DENSE_MIX,PF64_DENSE_MIX_c1_t3,64,48,0.75,dense,7.0,0.1,0.1,,0.0,0.0,0.0,0.0,no_slip,True,63,1,3,16693112159138522683,plain_osd_batch_o2,True,16693112159138522683,True,False,False,best_marginal_in_osd_union,56,0,1,1,56,56,56,56,3584,56,1,0.030330743989907205,1.0
PF64_DENSE_MIX,PF64_DENSE_MIX_c1_t3,64,48,0.75,dense,7.0,0.1,0.1,,0.0,0.0,0.0,0.0,no_slip,True,63,1,3,16693112159138522683,lsgrand_certified_v1_bound,True,16693112159138522683,True,True,False,strict_unseen_codeword_certificate,1088,1088,63,63,1,1,0,1088,69632,0,63,0.031579645932652056,1.0
PF64_DENSE_MIX,PF64_DENSE_MIX_c1_t4,64,48,0.75,dense,7.0,0.1,0.1,,0.0,0.0,0.0,0.0,no_slip,True,63,1,4,3596748198774942542,ls_first_valid,True,3596748198774942542,True,False,False,valid_list_complete,3,3,63,1,1,1,0,0,0,0,63,0.002889805007725954,0.015873015873015872
PF64_DENSE_MIX,PF64_DENSE_MIX_c1_t4,64,48,0.75,dense,7.0,0.1,0.1,,0.0,0.0,0.0,0.0,no_slip,True,63,1,4,3596748198774942542,ls_list_marginal_L2,True,3596748198774942542,True,False,False,valid_list_complete,49030,44148,63,63,6,2,2,126,8064,0,126,0.9183155719656497,1.0
PF64_DENSE_MIX,PF64_DENSE_MIX_c1_t4,64,48,0.75,dense,7.0,0.1,0.1,,0.0,0.0,0.0,0.0,no_slip,True,63,1,4,3596748198774942542,ls_list_marginal_L4,True,3596748198774942542,True,False,True,query_cap_before_list,60000,53880,63,63,6,2,2,126,8064,0,126,1.3400031729834154,1.0
PF64_DENSE_MIX,PF64_DENSE_MIX_c1_t4,64,48,0.75,dense,7.0,0.1,0.1,,0.0,0.0,0.0,0.0,no_slip,True,63,1,4,3596748198774942542,ls_list_marginal_L8,True,3596748198774942542,True,False,True,query_cap_before_list,60000,53880,63,63,6,2,2,126,8064,0,126,1.132965563912876,1.0
PF64_DENSE_MIX,PF64_DENSE_MIX_c1_t4,64,48,0.75,dense,7.0,0.1,0.1,,0.0,0.0,0.0,0.0,no_slip,True,63,1,4,3596748198774942542,latent_osd_batch_o2_s63,True,3596748198774942542,True,False,False,best_marginal_in_osd_union,3528,0,63,63,2533,2533,2533,159579,10213056,3528,63,1.6404988770373166,1.0
PF64_DENSE_MIX,PF64_DENSE_MIX_c1_t4,64,48,0.75,dense,7.0,0.1,0.1,,0.0,0.0,0.0,0.0,no_slip,True,63,1,4,3596748198774942542,plain_osd_batch_o2,True,3596748198774942542,True,False,False,best_marginal_in_osd_union,56,0,1,1,56,56,56,56,3584,56,1,0.021324014058336616,1.0
PF64_DENSE_MIX,PF64_DENSE_MIX_c1_t4,64,48,0.75,dense,7.0,0.1,0.1,,0.0,0.0,0.0,0.0,no_slip,True,63,1,4,3596748198774942542,lsgrand_certified_v1_bound,True,3596748198774942542,True,True,False,strict_unseen_codeword_certificate,3,3,63,1,1,1,0,3,192,0,63,0.0032595470547676086,0.015873015873015872
PF64_DENSE_MIX,PF64_DENSE_MIX_c1_t5,64,48,0.75,dense,7.0,0.1,0.1,,0.0,0.0,0.0,0.0,slip_28_3,True,63,1,5,14777973779039388500,ls_first_valid,True,14777973779039388500,True,False,False,valid_list_complete,824,805,63,63,1,1,0,0,0,0,63,0.014358339016325772,1.0
PF64_DENSE_MIX,PF64_DENSE_MIX_c1_t5,64,48,0.75,dense,7.0,0.1,0.1,,0.0,0.0,0.0,0.0,slip_28_3,True,63,1,5,14777973779039388500,ls_list_marginal_L2,True,14777973779039388500,True,False,True,query_cap_before_list,60000,55335,63,63,1,1,1,63,4032,0,126,1.1901826669927686,1.0
PF64_DENSE_MIX,PF64_DENSE_MIX_c1_t5,64,48,0.75,dense,7.0,0.1,0.1,,0.0,0.0,0.0,0.0,slip_28_3,True,63,1,5,14777973779039388500,ls_list_marginal_L4,True,14777973779039388500,True,False,True,query_cap_before_list,60000,55335,63,63,1,1,1,63,4032,0,126,1.2311840390320867,1.0
PF64_DENSE_MIX,PF64_DENSE_MIX_c1_t5,64,48,0.75,dense,7.0,0.1,0.1,,0.0,0.0,0.0,0.0,slip_28_3,True,63,1,5,14777973779039388500,ls_list_marginal_L8,True,14777973779039388500,True,False,True,query_cap_before_list,60000,55335,63,63,1,1,1,63,4032,0,126,1.2698867711005732,1.0
PF64_DENSE_MIX,PF64_DENSE_MIX_c1_t5,64,48,0.75,dense,7.0,0.1,0.1,,0.0,0.0,0.0,0.0,slip_28_3,True,63,1,5,14777973779039388500,latent_osd_batch_o2_s63,True,14777973779039388500,True,False,False,best_marginal_in_osd_union,3528,0,63,63,2533,2533,2533,159579,10213056,3528,63,1.636065925937146,1.0
PF64_DENSE_MIX,PF64_DENSE_MIX_c1_t5,64,48,0.75,dense,7.0,0.1,0.1,,0.0,0.0,0.0,0.0,slip_28_3,True,63,1,5,14777973779039388500,plain_osd_batch_o2,False,14785854794902668269,True,False,False,best_marginal_in_osd_union,56,0,1,1,56,56,56,56,3584,56,1,0.03071618196554482,1.0
PF64_DENSE_MIX,PF64_DENSE_MIX_c1_t5,64,48,0.75,dense,7.0,0.1,0.1,,0.0,0.0,0.0,0.0,slip_28_3,True,63,1,5,14777973779039388500,lsgrand_certified_v1_bound,True,14777973779039388500,True,True,False,strict_unseen_codeword_certificate,5824,5824,63,63,1,1,0,5824,372736,0,63,0.11758133501280099,1.0
PF64_DENSE_MIX,PF64_DENSE_MIX_c1_t6,64,48,0.75,dense,7.0,0.1,0.1,,0.0,0.0,0.0,0.0,no_slip,True,63,1,6,4954781870992054989,ls_first_valid,True,4954781870992054989,True,False,False,valid_list_complete,2,2,63,1,1,1,0,0,0,0,63,0.00290070497430861,0.015873015873015872
PF64_DENSE_MIX,PF64_DENSE_MIX_c1_t6,64,48,0.75,dense,7.0,0.1,0.1,,0.0,0.0,0.0,0.0,no_slip,True,63,1,6,4954781870992054989,ls_list_marginal_L2,True,4954781870992054989,True,False,False,valid_list_complete,9663,9103,63,63,2,2,2,126,8064,0,126,0.18184285296592861,1.0
PF64_DENSE_MIX,PF64_DENSE_MIX_c1_t6,64,48,0.75,dense,7.0,0.1,0.1,,0.0,0.0,0.0,0.0,no_slip,True,63,1,6,4954781870992054989,ls_list_marginal_L4,True,4954781870992054989,True,False,True,query_cap_before_list,60000,55047,63,63,4,2,2,126,8064,0,126,1.1597345039481297,1.0
PF64_DENSE_MIX,PF64_DENSE_MIX_c1_t6,64,48,0.75,dense,7.0,0.1,0.1,,0.0,0.0,0.0,0.0,no_slip,True,63,1,6,4954781870992054989,ls_list_marginal_L8,True,4954781870992054989,True,False,True,query_cap_before_list,60000,55047,63,63,4,2,2,126,8064,0,126,1.1452991970581934,1.0
PF64_DENSE_MIX,PF64_DENSE_MIX_c1_t6,64,48,0.75,dense,7.0,0.1,0.1,,0.0,0.0,0.0,0.0,no_slip,True,63,1,6,4954781870992054989,latent_osd_batch_o2_s63,True,4954781870992054989,True,False,False,best_marginal_in_osd_union,3528,0,63,63,2515,2515,2515,158445,10140480,3528,63,1.263150525977835,1.0
PF64_DENSE_MIX,PF64_DENSE_MIX_c1_t6,64,48,0.75,dense,7.0,0.1,0.1,,0.0,0.0,0.0,0.0,no_slip,True,63,1,6,4954781870992054989,plain_osd_batch_o2,True,4954781870992054989,True,False,False,best_marginal_in_osd_union,56,0,1,1,56,56,56,56,3584,56,1,0.027632429962977767,1.0
PF64_DENSE_MIX,PF64_DENSE_MIX_c1_t6,64,48,0.75,dense,7.0,0.1,0.1,,0.0,0.0,0.0,0.0,no_slip,True,63,1,6,4954781870992054989,lsgrand_certified_v1_bound,True,4954781870992054989,True,True,False,strict_unseen_codeword_certificate,32,32,63,7,1,1,0,32,2048,0,63,0.002907525049522519,0.1111111111111111
PF64_DENSE_MIX,PF64_DENSE_MIX_c1_t7,64,48,0.75,dense,7.0,0.1,0.1,,0.0,0.0,0.0,0.0,no_slip,True,63,1,7,11061355439704014058,ls_first_valid,True,11061355439704014058,True,False,False,valid_list_complete,178,176,63,63,1,1,0,0,0,0,63,0.011620710021816194,1.0
PF64_DENSE_MIX,PF64_DENSE_MIX_c1_t7,64,48,0.75,dense,7.0,0.1,0.1,,0.0,0.0,0.0,0.0,no_slip,True,63,1,7,11061355439704014058,ls_list_marginal_L2,True,11061355439704014058,True,False,False,valid_list_complete,20100,18814,63,63,2,2,2,126,8064,0,126,0.348351088934578,1.0
PF64_DENSE_MIX,PF64_DENSE_MIX_c1_t7,64,48,0.75,dense,7.0,0.1,0.1,,0.0,0.0,0.0,0.0,no_slip,True,63,1,7,11061355439704014058,ls_list_marginal_L4,True,11061355439704014058,True,False,True,query_cap_before_list,60000,55325,63,63,2,2,2,126,8064,0,126,1.0272431750781834,1.0
PF64_DENSE_MIX,PF64_DENSE_MIX_c1_t7,64,48,0.75,dense,7.0,0.1,0.1,,0.0,0.0,0.0,0.0,no_slip,True,63,1,7,11061355439704014058,ls_list_marginal_L8,True,11061355439704014058,True,False,True,query_cap_before_list,60000,55325,63,63,2,2,2,126,8064,0,126,0.9330260059796274,1.0
PF64_DENSE_MIX,PF64_DENSE_MIX_c1_t7,64,48,0.75,dense,7.0,0.1,0.1,,0.0,0.0,0.0,0.0,no_slip,True,63,1,7,11061355439704014058,latent_osd_batch_o2_s63,True,11061355439704014058,True,False,False,best_marginal_in_osd_union,3528,0,63,63,2642,2642,2642,166446,10652544,3528,63,1.5292676530079916,1.0
PF64_DENSE_MIX,PF64_DENSE_MIX_c1_t7,64,48,0.75,dense,7.0,0.1,0.1,,0.0,0.0,0.0,0.0,no_slip,True,63,1,7,11061355439704014058,plain_osd_batch_o2,True,11061355439704014058,True,False,False,best_marginal_in_osd_union,56,0,1,1,56,56,56,56,3584,56,1,0.040432272013276815,1.0
PF64_DENSE_MIX,PF64_DENSE_MIX_c1_t7,64,48,0.75,dense,7.0,0.1,0.1,,0.0,0.0,0.0,0.0,no_slip,True,63,1,7,11061355439704014058,lsgrand_certified_v1_bound,True,11061355439704014058,True,True,False,strict_unseen_codeword_certificate,1408,1408,63,63,1,1,0,1408,90112,0,63,0.028586540021933615,1.0
PF64_DENSE_MIX,PF64_DENSE_MIX_c1_t8,64,48,0.75,dense,7.0,0.1,0.1,,0.0,0.0,0.0,0.0,no_slip,True,63,1,8,461416951625444182,ls_first_valid,True,461416951625444182,True,False,False,valid_list_complete,48,48,63,1,1,1,0,0,0,0,63,0.0032983090495690703,0.015873015873015872
PF64_DENSE_MIX,PF64_DENSE_MIX_c1_t8,64,48,0.75,dense,7.0,0.1,0.1,,0.0,0.0,0.0,0.0,no_slip,True,63,1,8,461416951625444182,ls_list_marginal_L2,True,461416951625444182,True,False,False,valid_list_complete,17032,15591,63,63,2,2,2,126,8064,0,126,0.36683650594204664,1.0
PF64_DENSE_MIX,PF64_DENSE_MIX_c1_t8,64,48,0.75,dense,7.0,0.1,0.1,,0.0,0.0,0.0,0.0,no_slip,True,63,1,8,461416951625444182,ls_list_marginal_L4,True,461416951625444182,True,False,True,query_cap_before_list,60000,53836,63,63,2,2,2,126,8064,0,126,1.2013822250301018,1.0
PF64_DENSE_MIX,PF64_DENSE_MIX_c1_t8,64,48,0.75,dense,7.0,0.1,0.1,,0.0,0.0,0.0,0.0,no_slip,True,63,1,8,461416951625444182,ls_list_marginal_L8,True,461416951625444182,True,False,True,query_cap_before_list,60000,53836,63,63,2,2,2,126,8064,0,126,1.2367128670448437,1.0
PF64_DENSE_MIX,PF64_DENSE_MIX_c1_t8,64,48,0.75,dense,7.0,0.1,0.1,,0.0,0.0,0.0,0.0,no_slip,True,63,1,8,461416951625444182,latent_osd_batch_o2_s63,True,461416951625444182,True,False,False,best_marginal_in_osd_union,3528,0,63,63,2473,2473,2473,155799,9971136,3528,63,1.4673832040280104,1.0
PF64_DENSE_MIX,PF64_DENSE_MIX_c1_t8,64,48,0.75,dense,7.0,0.1,0.1,,0.0,0.0,0.0,0.0,no_slip,True,63,1,8,461416951625444182,plain_osd_batch_o2,True,461416951625444182,True,False,False,best_marginal_in_osd_union,56,0,1,1,56,56,56,56,3584,56,1,0.025063895038329065,1.0
PF64_DENSE_MIX,PF64_DENSE_MIX_c1_t8,64,48,0.75,dense,7.0,0.1,0.1,,0.0,0.0,0.0,0.0,no_slip,True,63,1,8,461416951625444182,lsgrand_certified_v1_bound,True,461416951625444182,True,True,False,strict_unseen_codeword_certificate,1120,1120,63,63,1,1,0,1120,71680,0,63,0.02151926897931844,1.0
PF64_DENSE_MIX,PF64_DENSE_MIX_c1_t9,64,48,0.75,dense,7.0,0.1,0.1,,0.0,0.0,0.0,0.0,slip_13_3,True,63,1,9,5557117338856682786,ls_first_valid,True,5557117338856682786,True,False,False,valid_list_complete,181,179,63,63,1,1,0,0,0,0,63,0.006972115021198988,1.0
PF64_DENSE_MIX,PF64_DENSE_MIX_c1_t9,64,48,0.75,dense,7.0,0.1,0.1,,0.0,0.0,0.0,0.0,slip_13_3,True,63,1,9,5557117338856682786,ls_list_marginal_L2,True,5557117338856682786,True,False,True,query_cap_before_list,60000,53336,63,63,4,1,1,63,4032,0,126,1.1665737840812653,1.0
PF64_DENSE_MIX,PF64_DENSE_MIX_c1_t9,64,48,0.75,dense,7.0,0.1,0.1,,0.0,0.0,0.0,0.0,slip_13_3,True,63,1,9,5557117338856682786,ls_list_marginal_L4,True,5557117338856682786,True,False,True,query_cap_before_list,60000,53336,63,63,4,1,1,63,4032,0,126,1.1399927380261943,1.0
PF64_DENSE_MIX,PF64_DENSE_MIX_c1_t9,64,48,0.75,dense,7.0,0.1,0.1,,0.0,0.0,0.0,0.0,slip_13_3,True,63,1,9,5557117338856682786,ls_list_marginal_L8,True,5557117338856682786,True,False,True,query_cap_before_list,60000,53336,63,63,4,1,1,63,4032,0,126,1.1837207099888474,1.0
PF64_DENSE_MIX,PF64_DENSE_MIX_c1_t9,64,48,0.75,dense,7.0,0.1,0.1,,0.0,0.0,0.0,0.0,slip_13_3,True,63,1,9,5557117338856682786,latent_osd_batch_o2_s63,True,5557117338856682786,True,False,False,best_marginal_in_osd_union,3528,0,63,63,2543,2543,2543,160209,10253376,3528,63,1.7712618210352957,1.0
PF64_DENSE_MIX,PF64_DENSE_MIX_c1_t9,64,48,0.75,dense,7.0,0.1,0.1,,0.0,0.0,0.0,0.0,slip_13_3,True,63,1,9,5557117338856682786,plain_osd_batch_o2,False,6707787138365058881,True,False,False,best_marginal_in_osd_union,56,0,1,1,56,56,56,56,3584,56,1,0.02225529297720641,1.0
PF64_DENSE_MIX,PF64_DENSE_MIX_c1_t9,64,48,0.75,dense,7.0,0.1,0.1,,0.0,0.0,0.0,0.0,slip_13_3,True,63,1,9,5557117338856682786,lsgrand_certified_v1_bound,True,5557117338856682786,True,True,False,strict_unseen_codeword_certificate,2560,2560,63,63,1,1,0,2560,163840,0,63,0.0507875750772655,1.0
PF64_DENSE_MIX,PF64_DENSE_MIX_c1_t10,64,48,0.75,dense,7.0,0.1,0.1,,0.0,0.0,0.0,0.0,no_slip,True,63,1,10,4551607949297248661,ls_first_valid,True,4551607949297248661,True,False,False,valid_list_complete,34,34,63,1,1,1,0,0,0,0,63,0.0032408179249614477,0.015873015873015872
PF64_DENSE_MIX,PF64_DENSE_MIX_c1_t10,64,48,0.75,dense,7.0,0.1,0.1,,0.0,0.0,0.0,0.0,no_slip,True,63,1,10,4551607949297248661,ls_list_marginal_L2,True,4551607949297248661,True,False,False,valid_list_complete,51546,47352,63,63,2,2,2,126,8064,0,126,1.0615052439970896,1.0
PF64_DENSE_MIX,PF64_DENSE_MIX_c1_t10,64,48,0.75,dense,7.0,0.1,0.1,,0.0,0.0,0.0,0.0,no_slip,True,63,1,10,4551607949297248661,ls_list_marginal_L4,True,4551607949297248661,True,False,True,query_cap_before_list,60000,54946,63,63,2,2,2,126,8064,0,126,1.432135317940265,1.0
PF64_DENSE_MIX,PF64_DENSE_MIX_c1_t10,64,48,0.75,dense,7.0,0.1,0.1,,0.0,0.0,0.0,0.0,no_slip,True,63,1,10,4551607949297248661,ls_list_marginal_L8,True,4551607949297248661,True,False,True,query_cap_before_list,60000,54946,63,63,2,2,2,126,8064,0,126,1.3168861829908565,1.0
PF64_DENSE_MIX,PF64_DENSE_MIX_c1_t10,64,48,0.75,dense,7.0,0.1,0.1,,0.0,0.0,0.0,0.0,no_slip,True,63,1,10,4551607949297248661,latent_osd_batch_o2_s63,True,4551607949297248661,True,False,False,best_marginal_in_osd_union,3528,0,63,63,2510,2510,2510,158130,10120320,3528,63,1.664871274959296,1.0
PF64_DENSE_MIX,PF64_DENSE_MIX_c1_t10,64,48,0.75,dense,7.0,0.1,0.1,,0.0,0.0,0.0,0.0,no_slip,True,63,1,10,4551607949297248661,plain_osd_batch_o2,True,4551607949297248661,True,False,False,best_marginal_in_osd_union,56,0,1,1,56,56,56,56,3584,56,1,0.02750893193297088,1.0
PF64_DENSE_MIX,PF64_DENSE_MIX_c1_t10,64,48,0.75,dense,7.0,0.1,0.1,,0.0,0.0,0.0,0.0,no_slip,True,63,1,10,4551607949297248661,lsgrand_certified_v1_bound,True,4551607949297248661,True,True,False,strict_unseen_codeword_certificate,672,672,63,63,1,1,0,672,43008,0,63,0.016992684919387102,1.0
PF64_DENSE_MIX,PF64_DENSE_MIX_c1_t11,64,48,0.75,dense,7.0,0.1,0.1,,0.0,0.0,0.0,0.0,no_slip,True,63,1,11,9395075407391308704,ls_first_valid,True,9395075407391308704,True,False,False,valid_list_complete,1,1,63,1,1,1,0,0,0,0,63,0.005576754920184612,0.015873015873015872
PF64_DENSE_MIX,PF64_DENSE_MIX_c1_t11,64,48,0.75,dense,7.0,0.1,0.1,,0.0,0.0,0.0,0.0,no_slip,True,63,1,11,9395075407391308704,ls_list_marginal_L2,True,9395075407391308704,True,False,False,valid_list_complete,5321,5070,63,63,3,2,2,126,8064,0,126,0.10801799292676151,1.0
PF64_DENSE_MIX,PF64_DENSE_MIX_c1_t11,64,48,0.75,dense,7.0,0.1,0.1,,0.0,0.0,0.0,0.0,no_slip,True,63,1,11,9395075407391308704,ls_list_marginal_L4,True,9395075407391308704,True,False,True,query_cap_before_list,60000,55066,63,63,4,3,3,189,12096,0,126,1.1947635860415176,1.0
PF64_DENSE_MIX,PF64_DENSE_MIX_c1_t11,64,48,0.75,dense,7.0,0.1,0.1,,0.0,0.0,0.0,0.0,no_slip,True,63,1,11,9395075407391308704,ls_list_marginal_L8,True,9395075407391308704,True,False,True,query_cap_before_list,60000,55066,63,63,4,3,3,189,12096,0,126,0.8931662749964744,1.0
PF64_DENSE_MIX,PF64_DENSE_MIX_c1_t11,64,48,0.75,dense,7.0,0.1,0.1,,0.0,0.0,0.0,0.0,no_slip,True,63,1,11,9395075407391308704,latent_osd_batch_o2_s63,True,9395075407391308704,True,False,False,best_marginal_in_osd_union,3528,0,63,63,2542,2542,2542,160146,10249344,3528,63,1.5314443609677255,1.0
PF64_DENSE_MIX,PF64_DENSE_MIX_c1_t11,64,48,0.75,dense,7.0,0.1,0.1,,0.0,0.0,0.0,0.0,no_slip,True,63,1,11,9395075407391308704,plain_osd_batch_o2,True,9395075407391308704,True,False,False,best_marginal_in_osd_union,56,0,1,1,56,56,56,56,3584,56,1,0.017921306076459587,1.0
PF64_DENSE_MIX,PF64_DENSE_MIX_c1_t11,64,48,0.75,dense,7.0,0.1,0.1,,0.0,0.0,0.0,0.0,no_slip,True,63,1,11,9395075407391308704,lsgrand_certified_v1_bound,True,9395075407391308704,True,True,False,strict_unseen_codeword_certificate,1,1,63,1,1,1,0,1,64,0,63,0.0036686609964817762,0.015873015873015872
PF64_DENSE_MIX,PF64_DENSE_MIX_c1_t12,64,48,0.75,dense,7.0,0.1,0.1,,0.0,0.0,0.0,0.0,no_slip,True,63,1,12,16874203292850121242,ls_first_valid,True,16874203292850121242,True,False,False,valid_list_complete,1,1,63,1,1,1,0,0,0,0,63,0.0025550510035827756,0.015873015873015872
PF64_DENSE_MIX,PF64_DENSE_MIX_c1_t12,64,48,0.75,dense,7.0,0.1,0.1,,0.0,0.0,0.0,0.0,no_slip,True,63,1,12,16874203292850121242,ls_list_marginal_L2,True,16874203292850121242,True,False,True,query_cap_before_list,60000,54034,63,63,4,1,1,63,4032,0,126,1.3220861989539117,1.0
PF64_DENSE_MIX,PF64_DENSE_MIX_c1_t12,64,48,0.75,dense,7.0,0.1,0.1,,0.0,0.0,0.0,0.0,no_slip,True,63,1,12,16874203292850121242,ls_list_marginal_L4,True,16874203292850121242,True,False,True,query_cap_before_list,60000,54034,63,63,4,1,1,63,4032,0,126,1.2338423230685294,1.0
PF64_DENSE_MIX,PF64_DENSE_MIX_c1_t12,64,48,0.75,dense,7.0,0.1,0.1,,0.0,0.0,0.0,0.0,no_slip,True,63,1,12,16874203292850121242,ls_list_marginal_L8,True,16874203292850121242,True,False,True,query_cap_before_list,60000,54034,63,63,4,1,1,63,4032,0,126,1.0538861099630594,1.0
PF64_DENSE_MIX,PF64_DENSE_MIX_c1_t12,64,48,0.75,dense,7.0,0.1,0.1,,0.0,0.0,0.0,0.0,no_slip,True,63,1,12,16874203292850121242,latent_osd_batch_o2_s63,True,16874203292850121242,True,False,False,best_marginal_in_osd_union,3528,0,63,63,2635,2635,2635,166005,10624320,3528,63,1.3220265819691122,1.0
PF64_DENSE_MIX,PF64_DENSE_MIX_c1_t12,64,48,0.75,dense,7.0,0.1,0.1,,0.0,0.0,0.0,0.0,no_slip,True,63,1,12,16874203292850121242,plain_osd_batch_o2,True,16874203292850121242,True,False,False,best_marginal_in_osd_union,56,0,1,1,56,56,56,56,3584,56,1,0.020231029950082302,1.0
PF64_DENSE_MIX,PF64_DENSE_MIX_c1_t12,64,48,0.75,dense,7.0,0.1,0.1,,0.0,0.0,0.0,0.0,no_slip,True,63,1,12,16874203292850121242,lsgrand_certified_v1_bound,True,16874203292850121242,True,True,False,strict_unseen_codeword_certificate,1,1,63,1,1,1,0,1,64,0,63,0.0026071639731526375,0.015873015873015872
PF64_DENSE_MIX,PF64_DENSE_MIX_c1_t13,64,48,0.75,dense,7.0,0.1,0.1,,0.0,0.0,0.0,0.0,no_slip,True,63,1,13,5755391639164247102,ls_first_valid,True,5755391639164247102,True,False,False,valid_list_complete,1,1,63,1,1,1,0,0,0,0,63,0.002218152047134936,0.015873015873015872
PF64_DENSE_MIX,PF64_DENSE_MIX_c1_t13,64,48,0.75,dense,7.0,0.1,0.1,,0.0,0.0,0.0,0.0,no_slip,True,63,1,13,5755391639164247102,ls_list_marginal_L2,True,5755391639164247102,True,False,False,valid_list_complete,4480,4233,63,63,3,2,2,126,8064,0,126,0.05926303693559021,1.0
PF64_DENSE_MIX,PF64_DENSE_MIX_c1_t13,64,48,0.75,dense,7.0,0.1,0.1,,0.0,0.0,0.0,0.0,no_slip,True,63,1,13,5755391639164247102,ls_list_marginal_L4,True,5755391639164247102,True,False,True,query_cap_before_list,60000,54645,63,63,6,2,2,126,8064,0,126,0.8757914470043033,1.0
PF64_DENSE_MIX,PF64_DENSE_MIX_c1_t13,64,48,0.75,dense,7.0,0.1,0.1,,0.0,0.0,0.0,0.0,no_slip,True,63,1,13,5755391639164247102,ls_list_marginal_L8,True,5755391639164247102,True,False,True,query_cap_before_list,60000,54645,63,63,6,2,2,126,8064,0,126,1.1203616439597681,1.0
PF64_DENSE_MIX,PF64_DENSE_MIX_c1_t13,64,48,0.75,dense,7.0,0.1,0.1,,0.0,0.0,0.0,0.0,no_slip,True,63,1,13,5755391639164247102,latent_osd_batch_o2_s63,True,5755391639164247102,True,False,False,best_marginal_in_osd_union,3528,0,63,63,2461,2461,2461,155043,9922752,3528,63,1.6661764639429748,1.0
PF64_DENSE_MIX,PF64_DENSE_MIX_c1_t13,64,48,0.75,dense,7.0,0.1,0.1,,0.0,0.0,0.0,0.0,no_slip,True,63,1,13,5755391639164247102,plain_osd_batch_o2,True,5755391639164247102,True,False,False,best_marginal_in_osd_union,56,0,1,1,56,56,56,56,3584,56,1,0.0365499920444563,1.0
PF64_DENSE_MIX,PF64_DENSE_MIX_c1_t13,64,48,0.75,dense,7.0,0.1,0.1,,0.0,0.0,0.0,0.0,no_slip,True,63,1,13,5755391639164247102,lsgrand_certified_v1_bound,True,5755391639164247102,True,True,False,strict_unseen_codeword_certificate,1,1,63,1,1,1,0,1,64,0,63,0.0029597809771075845,0.015873015873015872
PF64_DENSE_MIX,PF64_DENSE_MIX_c1_t14,64,48,0.75,dense,7.0,0.1,0.1,,0.0,0.0,0.0,0.0,no_slip,True,63,1,14,14680957836830832312,ls_first_valid,True,14680957836830832312,True,False,False,valid_list_complete,2,2,63,1,1,1,0,0,0,0,63,0.002366701955907047,0.015873015873015872
PF64_DENSE_MIX,PF64_DENSE_MIX_c1_t14,64,48,0.75,dense,7.0,0.1,0.1,,0.0,0.0,0.0,0.0,no_slip,True,63,1,14,14680957836830832312,ls_list_marginal_L2,True,14680957836830832312,True,False,False,valid_list_complete,26410,24198,63,63,4,2,2,126,8064,0,126,0.48050622595474124,1.0
PF64_DENSE_MIX,PF64_DENSE_MIX_c1_t14,64,48,0.75,dense,7.0,0.1,0.1,,0.0,0.0,0.0,0.0,no_slip,True,63,1,14,14680957836830832312,ls_list_marginal_L4,True,14680957836830832312,True,False,True,query_cap_before_list,60000,54292,63,63,5,3,3,189,12096,0,126,1.2119080980774015,1.0
PF64_DENSE_MIX,PF64_DENSE_MIX_c1_t14,64,48,0.75,dense,7.0,0.1,0.1,,0.0,0.0,0.0,0.0,no_slip,True,63,1,14,14680957836830832312,ls_list_marginal_L8,True,14680957836830832312,True,False,True,query_cap_before_list,60000,54292,63,63,5,3,3,189,12096,0,126,1.3073370120255277,1.0
PF64_DENSE_MIX,PF64_DENSE_MIX_c1_t14,64,48,0.75,dense,7.0,0.1,0.1,,0.0,0.0,0.0,0.0,no_slip,True,63,1,14,14680957836830832312,latent_osd_batch_o2_s63,True,14680957836830832312,True,False,False,best_marginal_in_osd_union,3528,0,63,63,2570,2570,2570,161910,10362240,3528,63,1.3802034800173715,1.0
PF64_DENSE_MIX,PF64_DENSE_MIX_c1_t14,64,48,0.75,dense,7.0,0.1,0.1,,0.0,0.0,0.0,0.0,no_slip,True,63,1,14,14680957836830832312,plain_osd_batch_o2,True,14680957836830832312,True,False,False,best_marginal_in_osd_union,56,0,1,1,56,56,56,56,3584,56,1,0.019959656987339258,1.0
PF64_DENSE_MIX,PF64_DENSE_MIX_c1_t14,64,48,0.75,dense,7.0,0.1,0.1,,0.0,0.0,0.0,0.0,no_slip,True,63,1,14,14680957836830832312,lsgrand_certified_v1_bound,True,14680957836830832312,True,True,False,strict_unseen_codeword_certificate,2,2,63,1,1,1,0,2,128,0,63,0.002032860997132957,0.015873015873015872
PF64_DENSE_MIX,PF64_DENSE_MIX_c1_t15,64,48,0.75,dense,7.0,0.1,0.1,,0.0,0.0,0.0,0.0,no_slip,True,63,1,15,9100641678347174685,ls_first_valid,True,9100641678347174685,True,False,False,valid_list_complete,1,1,63,1,1,1,0,0,0,0,63,0.0016433789860457182,0.015873015873015872
PF64_DENSE_MIX,PF64_DENSE_MIX_c1_t15,64,48,0.75,dense,7.0,0.1,0.1,,0.0,0.0,0.0,0.0,no_slip,True,63,1,15,9100641678347174685,ls_list_marginal_L2,True,9100641678347174685,True,False,False,valid_list_complete,46547,42649,63,63,5,2,2,126,8064,0,126,0.6117734570289031,1.0
PF64_DENSE_MIX,PF64_DENSE_MIX_c1_t15,64,48,0.75,dense,7.0,0.1,0.1,,0.0,0.0,0.0,0.0,no_slip,True,63,1,15,9100641678347174685,ls_list_marginal_L4,True,9100641678347174685,True,False,True,query_cap_before_list,60000,54815,63,63,5,2,2,126,8064,0,126,0.722005210001953,1.0
PF64_DENSE_MIX,PF64_DENSE_MIX_c1_t15,64,48,0.75,dense,7.0,0.1,0.1,,0.0,0.0,0.0,0.0,no_slip,True,63,1,15,9100641678347174685,ls_list_marginal_L8,True,9100641678347174685,True,False,True,query_cap_before_list,60000,54815,63,63,5,2,2,126,8064,0,126,0.9267309840070084,1.0
PF64_DENSE_MIX,PF64_DENSE_MIX_c1_t15,64,48,0.75,dense,7.0,0.1,0.1,,0.0,0.0,0.0,0.0,no_slip,True,63,1,15,9100641678347174685,latent_osd_batch_o2_s63,True,9100641678347174685,True,False,False,best_marginal_in_osd_union,3528,0,63,63,2559,2559,2559,161217,10317888,3528,63,1.0041258640121669,1.0
PF64_DENSE_MIX,PF64_DENSE_MIX_c1_t15,64,48,0.75,dense,7.0,0.1,0.1,,0.0,0.0,0.0,0.0,no_slip,True,63,1,15,9100641678347174685,plain_osd_batch_o2,True,9100641678347174685,True,False,False,best_marginal_in_osd_union,56,0,1,1,56,56,56,56,3584,56,1,0.01948446303140372,1.0
PF64_DENSE_MIX,PF64_DENSE_MIX_c1_t15,64,48,0.75,dense,7.0,0.1,0.1,,0.0,0.0,0.0,0.0,no_slip,True,63,1,15,9100641678347174685,lsgrand_certified_v1_bound,True,9100641678347174685,True,True,False,strict_unseen_codeword_certificate,1,1,63,1,1,1,0,1,64,0,63,0.003745411988347769,0.015873015873015872
PF64_DENSE_MIX,PF64_DENSE_MIX_c1_t16,64,48,0.75,dense,7.0,0.1,0.1,,0.0,0.0,0.0,0.0,no_slip,True,63,1,16,15905004914567395685,ls_first_valid,True,15905004914567395685,True,False,False,valid_list_complete,2,2,63,1,1,1,0,0,0,0,63,0.005315470974892378,0.015873015873015872
PF64_DENSE_MIX,PF64_DENSE_MIX_c1_t16,64,48,0.75,dense,7.0,0.1,0.1,,0.0,0.0,0.0,0.0,no_slip,True,63,1,16,15905004914567395685,ls_list_marginal_L2,True,15905004914567395685,True,False,True,query_cap_before_list,60000,54788,63,63,2,1,1,63,4032,0,126,0.8768472310621291,1.0
PF64_DENSE_MIX,PF64_DENSE_MIX_c1_t16,64,48,0.75,dense,7.0,0.1,0.1,,0.0,0.0,0.0,0.0,no_slip,True,63,1,16,15905004914567395685,ls_list_marginal_L4,True,15905004914567395685,True,False,True,query_cap_before_list,60000,54788,63,63,2,1,1,63,4032,0,126,0.7508480279939249,1.0
PF64_DENSE_MIX,PF64_DENSE_MIX_c1_t16,64,48,0.75,dense,7.0,0.1,0.1,,0.0,0.0,0.0,0.0,no_slip,True,63,1,16,15905004914567395685,ls_list_marginal_L8,True,15905004914567395685,True,False,True,query_cap_before_list,60000,54788,63,63,2,1,1,63,4032,0,126,1.010308846947737,1.0
PF64_DENSE_MIX,PF64_DENSE_MIX_c1_t16,64,48,0.75,dense,7.0,0.1,0.1,,0.0,0.0,0.0,0.0,no_slip,True,63,1,16,15905004914567395685,latent_osd_batch_o2_s63,True,15905004914567395685,True,False,False,best_marginal_in_osd_union,3528,0,63,63,2532,2532,2532,159516,10209024,3528,63,1.5144634990720078,1.0
PF64_DENSE_MIX,PF64_DENSE_MIX_c1_t16,64,48,0.75,dense,7.0,0.1,0.1,,0.0,0.0,0.0,0.0,no_slip,True,63,1,16,15905004914567395685,plain_osd_batch_o2,True,15905004914567395685,True,False,False,best_marginal_in_osd_union,56,0,1,1,56,56,56,56,3584,56,1,0.029125111061148345,1.0
PF64_DENSE_MIX,PF64_DENSE_MIX_c1_t16,64,48,0.75,dense,7.0,0.1,0.1,,0.0,0.0,0.0,0.0,no_slip,True,63,1,16,15905004914567395685,lsgrand_certified_v1_bound,True,15905004914567395685,True,True,False,strict_unseen_codeword_certificate,2,2,63,1,1,1,0,2,128,0,63,0.004224097006954253,0.015873015873015872
PF64_DENSE_MIX,PF64_DENSE_MIX_c1_t17,64,48,0.75,dense,7.0,0.1,0.1,,0.0,0.0,0.0,0.0,no_slip,True,63,1,17,7516212899482666246,ls_first_valid,True,7516212899482666246,True,False,False,valid_list_complete,1,1,63,1,1,1,0,0,0,0,63,0.002281164051964879,0.015873015873015872
PF64_DENSE_MIX,PF64_DENSE_MIX_c1_t17,64,48,0.75,dense,7.0,0.1,0.1,,0.0,0.0,0.0,0.0,no_slip,True,63,1,17,7516212899482666246,ls_list_marginal_L2,True,7516212899482666246,True,False,False,valid_list_complete,22074,20413,63,63,4,2,2,126,8064,0,126,0.2883910059463233,1.0
PF64_DENSE_MIX,PF64_DENSE_MIX_c1_t17,64,48,0.75,dense,7.0,0.1,0.1,,0.0,0.0,0.0,0.0,no_slip,True,63,1,17,7516212899482666246,ls_list_marginal_L4,True,7516212899482666246,True,False,True,query_cap_before_list,60000,54674,63,63,5,2,2,126,8064,0,126,0.7731987120350823,1.0
PF64_DENSE_MIX,PF64_DENSE_MIX_c1_t17,64,48,0.75,dense,7.0,0.1,0.1,,0.0,0.0,0.0,0.0,no_slip,True,63,1,17,7516212899482666246,ls_list_marginal_L8,True,7516212899482666246,True,False,True,query_cap_before_list,60000,54674,63,63,5,2,2,126,8064,0,126,0.9052652969257906,1.0
PF64_DENSE_MIX,PF64_DENSE_MIX_c1_t17,64,48,0.75,dense,7.0,0.1,0.1,,0.0,0.0,0.0,0.0,no_slip,True,63,1,17,7516212899482666246,latent_osd_batch_o2_s63,True,7516212899482666246,True,False,False,best_marginal_in_osd_union,3528,0,63,63,2558,2558,2558,161154,10313856,3528,63,1.0741823950083926,1.0
PF64_DENSE_MIX,PF64_DENSE_MIX_c1_t17,64,48,0.75,dense,7.0,0.1,0.1,,0.0,0.0,0.0,0.0,no_slip,True,63,1,17,7516212899482666246,plain_osd_batch_o2,True,7516212899482666246,True,False,False,best_marginal_in_osd_union,56,0,1,1,56,56,56,56,3584,56,1,0.02125978993717581,1.0
PF64_DENSE_MIX,PF64_DENSE_MIX_c1_t17,64,48,0.75,dense,7.0,0.1,0.1,,0.0,0.0,0.0,0.0,no_slip,True,63,1,17,7516212899482666246,lsgrand_certified_v1_bound,True,7516212899482666246,True,True,False,strict_unseen_codeword_certificate,1,1,63,1,1,1,0,1,64,0,63,0.0022505720844492316,0.015873015873015872
PF64_DENSE_MIX,PF64_DENSE_MIX_c1_t18,64,48,0.75,dense,7.0,0.1,0.1,,0.0,0.0,0.0,0.0,no_slip,True,63,1,18,17809129108078623296,ls_first_valid,True,17809129108078623296,True,False,False,valid_list_complete,6,6,63,1,1,1,0,0,0,0,63,0.004547046031802893,0.015873015873015872
PF64_DENSE_MIX,PF64_DENSE_MIX_c1_t18,64,48,0.75,dense,7.0,0.1,0.1,,0.0,0.0,0.0,0.0,no_slip,True,63,1,18,17809129108078623296,ls_list_marginal_L2,True,17809129108078623296,True,False,False,valid_list_complete,5384,5031,63,63,2,2,2,126,8064,0,126,0.0992635729489848,1.0
PF64_DENSE_MIX,PF64_DENSE_MIX_c1_t18,64,48,0.75,dense,7.0,0.1,0.1,,0.0,0.0,0.0,0.0,no_slip,True,63,1,18,17809129108078623296,ls_list_marginal_L4,True,17809129108078623296,True,False,True,query_cap_before_list,60000,54080,63,63,4,3,3,189,12096,0,126,0.8416837799595669,1.0
PF64_DENSE_MIX,PF64_DENSE_MIX_c1_t18,64,48,0.75,dense,7.0,0.1,0.1,,0.0,0.0,0.0,0.0,no_slip,True,63,1,18,17809129108078623296,ls_list_marginal_L8,True,17809129108078623296,True,False,True,query_cap_before_list,60000,54080,63,63,4,3,3,189,12096,0,126,0.7385177629766986,1.0
PF64_DENSE_MIX,PF64_DENSE_MIX_c1_t18,64,48,0.75,dense,7.0,0.1,0.1,,0.0,0.0,0.0,0.0,no_slip,True,63,1,18,17809129108078623296,latent_osd_batch_o2_s63,True,17809129108078623296,True,False,False,best_marginal_in_osd_union,3528,0,63,63,2535,2535,2535,159705,10221120,3528,63,1.1791913469787687,1.0
PF64_DENSE_MIX,PF64_DENSE_MIX_c1_t18,64,48,0.75,dense,7.0,0.1,0.1,,0.0,0.0,0.0,0.0,no_slip,True,63,1,18,17809129108078623296,plain_osd_batch_o2,True,17809129108078623296,True,False,False,best_marginal_in_osd_union,56,0,1,1,56,56,56,56,3584,56,1,0.0174700670177117,1.0
PF64_DENSE_MIX,PF64_DENSE_MIX_c1_t18,64,48,0.75,dense,7.0,0.1,0.1,,0.0,0.0,0.0,0.0,no_slip,True,63,1,18,17809129108078623296,lsgrand_certified_v1_bound,True,17809129108078623296,True,True,False,strict_unseen_codeword_certificate,32,32,63,1,1,1,0,32,2048,0,63,0.0025547610130161047,0.015873015873015872
PF64_DENSE_MIX,PF64_DENSE_MIX_c1_t19,64,48,0.75,dense,7.0,0.1,0.1,,0.0,0.0,0.0,0.0,no_slip,True,63,1,19,7495498815842033507,ls_first_valid,True,7495498815842033507,True,False,False,valid_list_complete,3,3,63,1,1,1,0,0,0,0,63,0.0017136599635705352,0.015873015873015872
PF64_DENSE_MIX,PF64_DENSE_MIX_c1_t19,64,48,0.75,dense,7.0,0.1,0.1,,0.0,0.0,0.0,0.0,no_slip,True,63,1,19,7495498815842033507,ls_list_marginal_L2,True,7495498815842033507,True,False,False,valid_list_complete,40787,37772,63,63,3,2,2,126,8064,0,126,0.5857498890254647,1.0
PF64_DENSE_MIX,PF64_DENSE_MIX_c1_t19,64,48,0.75,dense,7.0,0.1,0.1,,0.0,0.0,0.0,0.0,no_slip,True,63,1,19,7495498815842033507,ls_list_marginal_L4,True,7495498815842033507,True,False,True,query_cap_before_list,60000,55299,63,63,4,3,3,189,12096,0,126,0.8016333379782736,1.0
PF64_DENSE_MIX,PF64_DENSE_MIX_c1_t19,64,48,0.75,dense,7.0,0.1,0.1,,0.0,0.0,0.0,0.0,no_slip,True,63,1,19,7495498815842033507,ls_list_marginal_L8,True,7495498815842033507,True,False,True,query_cap_before_list,60000,55299,63,63,4,3,3,189,12096,0,126,0.9823212019400671,1.0
PF64_DENSE_MIX,PF64_DENSE_MIX_c1_t19,64,48,0.75,dense,7.0,0.1,0.1,,0.0,0.0,0.0,0.0,no_slip,True,63,1,19,7495498815842033507,latent_osd_batch_o2_s63,True,7495498815842033507,True,False,False,best_marginal_in_osd_union,3528,0,63,63,2491,2491,2491,156933,10043712,3528,63,1.2998965609585866,1.0
PF64_DENSE_MIX,PF64_DENSE_MIX_c1_t19,64,48,0.75,dense,7.0,0.1,0.1,,0.0,0.0,0.0,0.0,no_slip,True,63,1,19,7495498815842033507,plain_osd_batch_o2,True,7495498815842033507,True,False,False,best_marginal_in_osd_union,56,0,1,1,56,56,56,56,3584,56,1,0.018200282007455826,1.0
PF64_DENSE_MIX,PF64_DENSE_MIX_c1_t19,64,48,0.75,dense,7.0,0.1,0.1,,0.0,0.0,0.0,0.0,no_slip,True,63,1,19,7495498815842033507,lsgrand_certified_v1_bound,True,7495498815842033507,True,True,False,strict_unseen_codeword_certificate,32,32,63,16,1,1,0,32,2048,0,63,0.0026127640157938004,0.25396825396825395
PF64_SPARSE_MIX,PF64_SPARSE_MIX_c0_t0,64,48,0.75,sparse,7.0,0.1,0.1,,0.0,0.0,0.0,0.0,no_slip,True,63,0,0,17440855205435270310,ls_first_valid,True,17440855205435270310,True,False,False,valid_list_complete,1,1,63,1,1,1,0,0,0,0,63,0.0018933960236608982,0.015873015873015872
PF64_SPARSE_MIX,PF64_SPARSE_MIX_c0_t0,64,48,0.75,sparse,7.0,0.1,0.1,,0.0,0.0,0.0,0.0,no_slip,True,63,0,0,17440855205435270310,ls_list_marginal_L2,True,17440855205435270310,True,False,False,valid_list_complete,191,187,63,63,2,2,2,126,8064,0,126,0.005504950997419655,1.0
PF64_SPARSE_MIX,PF64_SPARSE_MIX_c0_t0,64,48,0.75,sparse,7.0,0.1,0.1,,0.0,0.0,0.0,0.0,no_slip,True,63,0,0,17440855205435270310,ls_list_marginal_L4,True,17440855205435270310,True,False,False,valid_list_complete,1008,971,63,63,4,4,4,252,16128,0,126,0.014772477908991277,1.0
PF64_SPARSE_MIX,PF64_SPARSE_MIX_c0_t0,64,48,0.75,sparse,7.0,0.1,0.1,,0.0,0.0,0.0,0.0,no_slip,True,63,0,0,17440855205435270310,ls_list_marginal_L8,True,17440855205435270310,True,False,False,valid_list_complete,1624,1556,63,63,8,8,8,504,32256,0,126,0.020791720948182046,1.0
PF64_SPARSE_MIX,PF64_SPARSE_MIX_c0_t0,64,48,0.75,sparse,7.0,0.1,0.1,,0.0,0.0,0.0,0.0,no_slip,True,63,0,0,17440855205435270310,latent_osd_batch_o2_s63,True,17440855205435270310,True,False,False,best_marginal_in_osd_union,3528,0,63,63,2707,2707,2707,170541,10914624,3528,63,1.067892921040766,1.0
PF64_SPARSE_MIX,PF64_SPARSE_MIX_c0_t0,64,48,0.75,sparse,7.0,0.1,0.1,,0.0,0.0,0.0,0.0,no_slip,True,63,0,0,17440855205435270310,plain_osd_batch_o2,True,17440855205435270310,True,False,False,best_marginal_in_osd_union,56,0,1,1,56,56,56,56,3584,56,1,0.01581641403026879,1.0
PF64_SPARSE_MIX,PF64_SPARSE_MIX_c0_t0,64,48,0.75,sparse,7.0,0.1,0.1,,0.0,0.0,0.0,0.0,no_slip,True,63,0,0,17440855205435270310,lsgrand_certified_v1_bound,True,17440855205435270310,True,True,False,strict_unseen_codeword_certificate,1,1,63,1,1,1,0,1,64,0,63,0.0019603570690378547,0.015873015873015872
PF64_SPARSE_MIX,PF64_SPARSE_MIX_c0_t1,64,48,0.75,sparse,7.0,0.1,0.1,,0.0,0.0,0.0,0.0,no_slip,True,63,0,1,15198677957047290999,ls_first_valid,False,15271017026061929591,True,False,False,valid_list_complete,5,5,63,1,1,1,0,0,0,0,63,0.0030085560865700245,0.015873015873015872
PF64_SPARSE_MIX,PF64_SPARSE_MIX_c0_t1,64,48,0.75,sparse,7.0,0.1,0.1,,0.0,0.0,0.0,0.0,no_slip,True,63,0,1,15198677957047290999,ls_list_marginal_L2,False,15271017026061929591,True,False,False,valid_list_complete,21,21,63,1,2,2,2,126,8064,0,126,0.005282705998979509,0.015873015873015872
PF64_SPARSE_MIX,PF64_SPARSE_MIX_c0_t1,64,48,0.75,sparse,7.0,0.1,0.1,,0.0,0.0,0.0,0.0,no_slip,True,63,0,1,15198677957047290999,ls_list_marginal_L4,False,15271017026061929591,True,False,False,valid_list_complete,604,588,63,63,4,4,4,252,16128,0,126,0.015154268010519445,1.0
PF64_SPARSE_MIX,PF64_SPARSE_MIX_c0_t1,64,48,0.75,sparse,7.0,0.1,0.1,,0.0,0.0,0.0,0.0,no_slip,True,63,0,1,15198677957047290999,ls_list_marginal_L8,False,15271017026061929591,True,False,False,valid_list_complete,10171,9514,63,63,8,8,8,504,32256,0,126,0.16269285196904093,1.0
PF64_SPARSE_MIX,PF64_SPARSE_MIX_c0_t1,64,48,0.75,sparse,7.0,0.1,0.1,,0.0,0.0,0.0,0.0,no_slip,True,63,0,1,15198677957047290999,latent_osd_batch_o2_s63,False,15271017026061929591,True,False,False,best_marginal_in_osd_union,3528,0,63,63,2521,2521,2521,158823,10164672,3528,63,1.1131185800768435,1.0
PF64_SPARSE_MIX,PF64_SPARSE_MIX_c0_t1,64,48,0.75,sparse,7.0,0.1,0.1,,0.0,0.0,0.0,0.0,no_slip,True,63,0,1,15198677957047290999,plain_osd_batch_o2,False,15271017026061929591,True,False,False,best_marginal_in_osd_union,56,0,1,1,56,56,56,56,3584,56,1,0.019413298927247524,1.0
PF64_SPARSE_MIX,PF64_SPARSE_MIX_c0_t1,64,48,0.75,sparse,7.0,0.1,0.1,,0.0,0.0,0.0,0.0,no_slip,True,63,0,1,15198677957047290999,lsgrand_certified_v1_bound,False,15271017026061929591,True,True,False,strict_unseen_codeword_certificate,21,21,63,1,2,2,0,21,1344,0,63,0.004026020993478596,0.015873015873015872
PF64_SPARSE_MIX,PF64_SPARSE_MIX_c0_t2,64,48,0.75,sparse,7.0,0.1,0.1,,0.0,0.0,0.0,0.0,no_slip,True,63,0,2,10661582373477702709,ls_first_valid,True,10661582373477702709,True,False,False,valid_list_complete,1,1,63,1,1,1,0,0,0,0,63,0.00297062995377928,0.015873015873015872
PF64_SPARSE_MIX,PF64_SPARSE_MIX_c0_t2,64,48,0.75,sparse,7.0,0.1,0.1,,0.0,0.0,0.0,0.0,no_slip,True,63,0,2,10661582373477702709,ls_list_marginal_L2,True,10661582373477702709,True,False,False,valid_list_complete,4,4,63,1,2,2,2,126,8064,0,126,0.005018025985918939,0.015873015873015872
PF64_SPARSE_MIX,PF64_SPARSE_MIX_c0_t2,64,48,0.75,sparse,7.0,0.1,0.1,,0.0,0.0,0.0,0.0,no_slip,True,63,0,2,10661582373477702709,ls_list_marginal_L4,True,10661582373477702709,True,False,False,valid_list_complete,499,491,63,63,4,4,4,252,16128,0,126,0.012315746047534049,1.0
PF64_SPARSE_MIX,PF64_SPARSE_MIX_c0_t2,64,48,0.75,sparse,7.0,0.1,0.1,,0.0,0.0,0.0,0.0,no_slip,True,63,0,2,10661582373477702709,ls_list_marginal_L8,True,10661582373477702709,True,False,False,valid_list_complete,2226,2139,63,63,8,8,8,504,32256,0,126,0.03573053190484643,1.0
PF64_SPARSE_MIX,PF64_SPARSE_MIX_c0_t2,64,48,0.75,sparse,7.0,0.1,0.1,,0.0,0.0,0.0,0.0,no_slip,True,63,0,2,10661582373477702709,latent_osd_batch_o2_s63,True,10661582373477702709,True,False,False,best_marginal_in_osd_union,3528,0,63,63,2584,2584,2584,162792,10418688,3528,63,1.1747963579837233,1.0
PF64_SPARSE_MIX,PF64_SPARSE_MIX_c0_t2,64,48,0.75,sparse,7.0,0.1,0.1,,0.0,0.0,0.0,0.0,no_slip,True,63,0,2,10661582373477702709,plain_osd_batch_o2,True,10661582373477702709,True,False,False,best_marginal_in_osd_union,56,0,1,1,56,56,56,56,3584,56,1,0.020034721004776657,1.0
PF64_SPARSE_MIX,PF64_SPARSE_MIX_c0_t2,64,48,0.75,sparse,7.0,0.1,0.1,,0.0,0.0,0.0,0.0,no_slip,True,63,0,2,10661582373477702709,lsgrand_certified_v1_bound,True,10661582373477702709,True,True,False,strict_unseen_codeword_certificate,1,1,63,1,1,1,0,1,64,0,63,0.002440234995447099,0.015873015873015872
PF64_SPARSE_MIX,PF64_SPARSE_MIX_c0_t3,64,48,0.75,sparse,7.0,0.1,0.1,,0.0,0.0,0.0,0.0,no_slip,True,63,0,3,12196969456721485348,ls_first_valid,True,12196969456721485348,True,False,False,valid_list_complete,2,2,63,1,1,1,0,0,0,0,63,0.0016730600036680698,0.015873015873015872
PF64_SPARSE_MIX,PF64_SPARSE_MIX_c0_t3,64,48,0.75,sparse,7.0,0.1,0.1,,0.0,0.0,0.0,0.0,no_slip,True,63,0,3,12196969456721485348,ls_list_marginal_L2,True,12196969456721485348,True,False,False,valid_list_complete,29,29,63,1,2,2,2,126,8064,0,126,0.0032051620073616505,0.015873015873015872
PF64_SPARSE_MIX,PF64_SPARSE_MIX_c0_t3,64,48,0.75,sparse,7.0,0.1,0.1,,0.0,0.0,0.0,0.0,no_slip,True,63,0,3,12196969456721485348,ls_list_marginal_L4,True,12196969456721485348,True,False,False,valid_list_complete,2009,1916,63,63,4,4,4,252,16128,0,126,0.02403855207376182,1.0
PF64_SPARSE_MIX,PF64_SPARSE_MIX_c0_t3,64,48,0.75,sparse,7.0,0.1,0.1,,0.0,0.0,0.0,0.0,no_slip,True,63,0,3,12196969456721485348,ls_list_marginal_L8,True,12196969456721485348,True,False,False,valid_list_complete,4503,4236,63,63,8,8,8,504,32256,0,126,0.05040209100116044,1.0
PF64_SPARSE_MIX,PF64_SPARSE_MIX_c0_t3,64,48,0.75,sparse,7.0,0.1,0.1,,0.0,0.0,0.0,0.0,no_slip,True,63,0,3,12196969456721485348,latent_osd_batch_o2_s63,True,12196969456721485348,True,False,False,best_marginal_in_osd_union,3528,0,63,63,2547,2547,2547,160461,10269504,3528,63,0.8810104579897597,1.0
PF64_SPARSE_MIX,PF64_SPARSE_MIX_c0_t3,64,48,0.75,sparse,7.0,0.1,0.1,,0.0,0.0,0.0,0.0,no_slip,True,63,0,3,12196969456721485348,plain_osd_batch_o2,True,12196969456721485348,True,False,False,best_marginal_in_osd_union,56,0,1,1,56,56,56,56,3584,56,1,0.015707417973317206,1.0
PF64_SPARSE_MIX,PF64_SPARSE_MIX_c0_t3,64,48,0.75,sparse,7.0,0.1,0.1,,0.0,0.0,0.0,0.0,no_slip,True,63,0,3,12196969456721485348,lsgrand_certified_v1_bound,True,12196969456721485348,True,True,False,strict_unseen_codeword_certificate,29,29,63,1,2,2,0,29,1856,0,63,0.002406315063126385,0.015873015873015872
PF64_SPARSE_MIX,PF64_SPARSE_MIX_c0_t4,64,48,0.75,sparse,7.0,0.1,0.1,,0.0,0.0,0.0,0.0,no_slip,True,63,0,4,15442971535208459459,ls_first_valid,True,15442971535208459459,True,False,False,valid_list_complete,1,1,63,1,1,1,0,0,0,0,63,0.002524486044421792,0.015873015873015872
PF64_SPARSE_MIX,PF64_SPARSE_MIX_c0_t4,64,48,0.75,sparse,7.0,0.1,0.1,,0.0,0.0,0.0,0.0,no_slip,True,63,0,4,15442971535208459459,ls_list_marginal_L2,True,15442971535208459459,True,False,False,valid_list_complete,45,45,63,1,2,2,2,126,8064,0,126,0.003551158937625587,0.015873015873015872
PF64_SPARSE_MIX,PF64_SPARSE_MIX_c0_t4,64,48,0.75,sparse,7.0,0.1,0.1,,0.0,0.0,0.0,0.0,no_slip,True,63,0,4,15442971535208459459,ls_list_marginal_L4,True,15442971535208459459,True,False,False,valid_list_complete,159,159,63,63,4,4,4,252,16128,0,126,0.004431963083334267,1.0
PF64_SPARSE_MIX,PF64_SPARSE_MIX_c0_t4,64,48,0.75,sparse,7.0,0.1,0.1,,0.0,0.0,0.0,0.0,no_slip,True,63,0,4,15442971535208459459,ls_list_marginal_L8,True,15442971535208459459,True,False,False,valid_list_complete,2555,2437,63,63,8,8,8,504,32256,0,126,0.03145154705271125,1.0
PF64_SPARSE_MIX,PF64_SPARSE_MIX_c0_t4,64,48,0.75,sparse,7.0,0.1,0.1,,0.0,0.0,0.0,0.0,no_slip,True,63,0,4,15442971535208459459,latent_osd_batch_o2_s63,True,15442971535208459459,True,False,False,best_marginal_in_osd_union,3528,0,63,63,2559,2559,2559,161217,10317888,3528,63,1.1549576979596168,1.0
PF64_SPARSE_MIX,PF64_SPARSE_MIX_c0_t4,64,48,0.75,sparse,7.0,0.1,0.1,,0.0,0.0,0.0,0.0,no_slip,True,63,0,4,15442971535208459459,plain_osd_batch_o2,True,15442971535208459459,True,False,False,best_marginal_in_osd_union,56,0,1,1,56,56,56,56,3584,56,1,0.025396895012818277,1.0
PF64_SPARSE_MIX,PF64_SPARSE_MIX_c0_t4,64,48,0.75,sparse,7.0,0.1,0.1,,0.0,0.0,0.0,0.0,no_slip,True,63,0,4,15442971535208459459,lsgrand_certified_v1_bound,True,15442971535208459459,True,True,False,strict_unseen_codeword_certificate,1,1,63,1,1,1,0,1,64,0,63,0.00231048499699682,0.015873015873015872
PF64_SPARSE_MIX,PF64_SPARSE_MIX_c0_t5,64,48,0.75,sparse,7.0,0.1,0.1,,0.0,0.0,0.0,0.0,no_slip,True,63,0,5,8889627641510194527,ls_first_valid,True,8889627641510194527,True,False,False,valid_list_complete,1,1,63,1,1,1,0,0,0,0,63,0.0019413899863138795,0.015873015873015872
PF64_SPARSE_MIX,PF64_SPARSE_MIX_c0_t5,64,48,0.75,sparse,7.0,0.1,0.1,,0.0,0.0,0.0,0.0,no_slip,True,63,0,5,8889627641510194527,ls_list_marginal_L2,True,8889627641510194527,True,False,False,valid_list_complete,20,20,63,1,2,2,2,126,8064,0,126,0.00333079497795552,0.015873015873015872
PF64_SPARSE_MIX,PF64_SPARSE_MIX_c0_t5,64,48,0.75,sparse,7.0,0.1,0.1,,0.0,0.0,0.0,0.0,no_slip,True,63,0,5,8889627641510194527,ls_list_marginal_L4,True,8889627641510194527,True,False,False,valid_list_complete,544,542,63,63,4,4,4,252,16128,0,126,0.016069781966507435,1.0
PF64_SPARSE_MIX,PF64_SPARSE_MIX_c0_t5,64,48,0.75,sparse,7.0,0.1,0.1,,0.0,0.0,0.0,0.0,no_slip,True,63,0,5,8889627641510194527,ls_list_marginal_L8,True,8889627641510194527,True,False,False,valid_list_complete,2506,2436,63,63,8,8,8,504,32256,0,126,0.05808909691404551,1.0
PF64_SPARSE_MIX,PF64_SPARSE_MIX_c0_t5,64,48,0.75,sparse,7.0,0.1,0.1,,0.0,0.0,0.0,0.0,no_slip,True,63,0,5,8889627641510194527,latent_osd_batch_o2_s63,True,8889627641510194527,True,False,False,best_marginal_in_osd_union,3528,0,63,63,2524,2524,2524,159012,10176768,3528,63,1.1327108310069889,1.0
PF64_SPARSE_MIX,PF64_SPARSE_MIX_c0_t5,64,48,0.75,sparse,7.0,0.1,0.1,,0.0,0.0,0.0,0.0,no_slip,True,63,0,5,8889627641510194527,plain_osd_batch_o2,True,8889627641510194527,True,False,False,best_marginal_in_osd_union,56,0,1,1,56,56,56,56,3584,56,1,0.020901107927784324,1.0
PF64_SPARSE_MIX,PF64_SPARSE_MIX_c0_t5,64,48,0.75,sparse,7.0,0.1,0.1,,0.0,0.0,0.0,0.0,no_slip,True,63,0,5,8889627641510194527,lsgrand_certified_v1_bound,True,8889627641510194527,True,True,False,strict_unseen_codeword_certificate,1,1,63,1,1,1,0,1,64,0,63,0.0025028790114447474,0.015873015873015872
PF64_SPARSE_MIX,PF64_SPARSE_MIX_c0_t6,64,48,0.75,sparse,7.0,0.1,0.1,,0.0,0.0,0.0,0.0,no_slip,True,63,0,6,2226941071592579895,ls_first_valid,True,2226941071592579895,True,False,False,valid_list_complete,7,7,63,1,1,1,0,0,0,0,63,0.00787019997369498,0.015873015873015872
PF64_SPARSE_MIX,PF64_SPARSE_MIX_c0_t6,64,48,0.75,sparse,7.0,0.1,0.1,,0.0,0.0,0.0,0.0,no_slip,True,63,0,6,2226941071592579895,ls_list_marginal_L2,True,2226941071592579895,True,False,False,valid_list_complete,454,441,63,63,2,2,2,126,8064,0,126,0.011249526985920966,1.0
PF64_SPARSE_MIX,PF64_SPARSE_MIX_c0_t6,64,48,0.75,sparse,7.0,0.1,0.1,,0.0,0.0,0.0,0.0,no_slip,True,63,0,6,2226941071592579895,ls_list_marginal_L4,True,2226941071592579895,True,False,False,valid_list_complete,788,757,63,63,4,4,4,252,16128,0,126,0.011186064104549587,1.0
PF64_SPARSE_MIX,PF64_SPARSE_MIX_c0_t6,64,48,0.75,sparse,7.0,0.1,0.1,,0.0,0.0,0.0,0.0,no_slip,True,63,0,6,2226941071592579895,ls_list_marginal_L8,True,2226941071592579895,True,False,False,valid_list_complete,6311,5900,63,63,9,8,8,504,32256,0,126,0.07230637408792973,1.0
PF64_SPARSE_MIX,PF64_SPARSE_MIX_c0_t6,64,48,0.75,sparse,7.0,0.1,0.1,,0.0,0.0,0.0,0.0,no_slip,True,63,0,6,2226941071592579895,latent_osd_batch_o2_s63,True,2226941071592579895,True,False,False,best_marginal_in_osd_union,3528,0,63,63,2539,2539,2539,159957,10237248,3528,63,1.19482799700927,1.0
PF64_SPARSE_MIX,PF64_SPARSE_MIX_c0_t6,64,48,0.75,sparse,7.0,0.1,0.1,,0.0,0.0,0.0,0.0,no_slip,True,63,0,6,2226941071592579895,plain_osd_batch_o2,True,2226941071592579895,True,False,False,best_marginal_in_osd_union,56,0,1,1,56,56,56,56,3584,56,1,0.015453099040314555,1.0
PF64_SPARSE_MIX,PF64_SPARSE_MIX_c0_t6,64,48,0.75,sparse,7.0,0.1,0.1,,0.0,0.0,0.0,0.0,no_slip,True,63,0,6,2226941071592579895,lsgrand_certified_v1_bound,True,2226941071592579895,True,True,False,strict_unseen_codeword_certificate,96,96,63,55,1,1,0,96,6144,0,63,0.0029595900559797883,0.873015873015873
PF64_SPARSE_MIX,PF64_SPARSE_MIX_c0_t7,64,48,0.75,sparse,7.0,0.1,0.1,,0.0,0.0,0.0,0.0,no_slip,True,63,0,7,8951886852687674753,ls_first_valid,True,8951886852687674753,True,False,False,valid_list_complete,1,1,63,1,1,1,0,0,0,0,63,0.0016855709254741669,0.015873015873015872
PF64_SPARSE_MIX,PF64_SPARSE_MIX_c0_t7,64,48,0.75,sparse,7.0,0.1,0.1,,0.0,0.0,0.0,0.0,no_slip,True,63,0,7,8951886852687674753,ls_list_marginal_L2,True,8951886852687674753,True,False,False,valid_list_complete,270,267,63,63,2,2,2,126,8064,0,126,0.005688452045433223,1.0
PF64_SPARSE_MIX,PF64_SPARSE_MIX_c0_t7,64,48,0.75,sparse,7.0,0.1,0.1,,0.0,0.0,0.0,0.0,no_slip,True,63,0,7,8951886852687674753,ls_list_marginal_L4,True,8951886852687674753,True,False,False,valid_list_complete,870,849,63,63,4,4,4,252,16128,0,126,0.011532739037647843,1.0
PF64_SPARSE_MIX,PF64_SPARSE_MIX_c0_t7,64,48,0.75,sparse,7.0,0.1,0.1,,0.0,0.0,0.0,0.0,no_slip,True,63,0,7,8951886852687674753,ls_list_marginal_L8,True,8951886852687674753,True,False,False,valid_list_complete,1074,1044,63,63,9,8,8,504,32256,0,126,0.013809112017042935,1.0
PF64_SPARSE_MIX,PF64_SPARSE_MIX_c0_t7,64,48,0.75,sparse,7.0,0.1,0.1,,0.0,0.0,0.0,0.0,no_slip,True,63,0,7,8951886852687674753,latent_osd_batch_o2_s63,True,8951886852687674753,True,False,False,best_marginal_in_osd_union,3528,0,63,63,2752,2752,2752,173376,11096064,3528,63,1.0449047640431672,1.0
PF64_SPARSE_MIX,PF64_SPARSE_MIX_c0_t7,64,48,0.75,sparse,7.0,0.1,0.1,,0.0,0.0,0.0,0.0,no_slip,True,63,0,7,8951886852687674753,plain_osd_batch_o2,True,8951886852687674753,True,False,False,best_marginal_in_osd_union,56,0,1,1,56,56,56,56,3584,56,1,0.01436637609731406,1.0
PF64_SPARSE_MIX,PF64_SPARSE_MIX_c0_t7,64,48,0.75,sparse,7.0,0.1,0.1,,0.0,0.0,0.0,0.0,no_slip,True,63,0,7,8951886852687674753,lsgrand_certified_v1_bound,True,8951886852687674753,True,True,False,strict_unseen_codeword_certificate,1,1,63,1,1,1,0,1,64,0,63,0.0028777699917554855,0.015873015873015872
PF64_SPARSE_MIX,PF64_SPARSE_MIX_c0_t8,64,48,0.75,sparse,7.0,0.1,0.1,,0.0,0.0,0.0,0.0,no_slip,True,63,0,8,5849662332500788246,ls_first_valid,True,5849662332500788246,True,False,False,valid_list_complete,1,1,63,1,1,1,0,0,0,0,63,0.0019386699423193932,0.015873015873015872
PF64_SPARSE_MIX,PF64_SPARSE_MIX_c0_t8,64,48,0.75,sparse,7.0,0.1,0.1,,0.0,0.0,0.0,0.0,no_slip,True,63,0,8,5849662332500788246,ls_list_marginal_L2,True,5849662332500788246,True,False,False,valid_list_complete,423,412,63,63,3,2,2,126,8064,0,126,0.01117256993893534,1.0
PF64_SPARSE_MIX,PF64_SPARSE_MIX_c0_t8,64,48,0.75,sparse,7.0,0.1,0.1,,0.0,0.0,0.0,0.0,no_slip,True,63,0,8,5849662332500788246,ls_list_marginal_L4,True,5849662332500788246,True,False,False,valid_list_complete,1931,1835,63,63,5,4,4,252,16128,0,126,0.02348410792183131,1.0
PF64_SPARSE_MIX,PF64_SPARSE_MIX_c0_t8,64,48,0.75,sparse,7.0,0.1,0.1,,0.0,0.0,0.0,0.0,no_slip,True,63,0,8,5849662332500788246,ls_list_marginal_L8,True,5849662332500788246,True,False,False,valid_list_complete,3589,3389,63,63,9,8,8,504,32256,0,126,0.04211096896324307,1.0
PF64_SPARSE_MIX,PF64_SPARSE_MIX_c0_t8,64,48,0.75,sparse,7.0,0.1,0.1,,0.0,0.0,0.0,0.0,no_slip,True,63,0,8,5849662332500788246,latent_osd_batch_o2_s63,True,5849662332500788246,True,False,False,best_marginal_in_osd_union,3528,0,63,63,2465,2465,2465,155295,9938880,3528,63,0.9319207080407068,1.0
PF64_SPARSE_MIX,PF64_SPARSE_MIX_c0_t8,64,48,0.75,sparse,7.0,0.1,0.1,,0.0,0.0,0.0,0.0,no_slip,True,63,0,8,5849662332500788246,plain_osd_batch_o2,True,5849662332500788246,True,False,False,best_marginal_in_osd_union,56,0,1,1,56,56,56,56,3584,56,1,0.013166303047910333,1.0
PF64_SPARSE_MIX,PF64_SPARSE_MIX_c0_t8,64,48,0.75,sparse,7.0,0.1,0.1,,0.0,0.0,0.0,0.0,no_slip,True,63,0,8,5849662332500788246,lsgrand_certified_v1_bound,True,5849662332500788246,True,True,False,strict_unseen_codeword_certificate,1,1,63,1,1,1,0,1,64,0,63,0.001986972987651825,0.015873015873015872
PF64_SPARSE_MIX,PF64_SPARSE_MIX_c0_t9,64,48,0.75,sparse,7.0,0.1,0.1,,0.0,0.0,0.0,0.0,no_slip,True,63,0,9,4314603006251091477,ls_first_valid,True,4314603006251091477,True,False,False,valid_list_complete,2,2,63,1,1,1,0,0,0,0,63,0.001746198977343738,0.015873015873015872
PF64_SPARSE_MIX,PF64_SPARSE_MIX_c0_t9,64,48,0.75,sparse,7.0,0.1,0.1,,0.0,0.0,0.0,0.0,no_slip,True,63,0,9,4314603006251091477,ls_list_marginal_L2,True,4314603006251091477,True,False,False,valid_list_complete,46,46,63,1,2,2,2,126,8064,0,126,0.003373601008206606,0.015873015873015872
PF64_SPARSE_MIX,PF64_SPARSE_MIX_c0_t9,64,48,0.75,sparse,7.0,0.1,0.1,,0.0,0.0,0.0,0.0,no_slip,True,63,0,9,4314603006251091477,ls_list_marginal_L4,True,4314603006251091477,True,False,False,valid_list_complete,255,251,63,63,4,4,4,252,16128,0,126,0.005328197032213211,1.0
PF64_SPARSE_MIX,PF64_SPARSE_MIX_c0_t9,64,48,0.75,sparse,7.0,0.1,0.1,,0.0,0.0,0.0,0.0,no_slip,True,63,0,9,4314603006251091477,ls_list_marginal_L8,True,4314603006251091477,True,False,False,valid_list_complete,2293,2184,63,63,9,8,8,504,32256,0,126,0.028640579897910357,1.0
PF64_SPARSE_MIX,PF64_SPARSE_MIX_c0_t9,64,48,0.75,sparse,7.0,0.1,0.1,,0.0,0.0,0.0,0.0,no_slip,True,63,0,9,4314603006251091477,latent_osd_batch_o2_s63,True,4314603006251091477,True,False,False,best_marginal_in_osd_union,3528,0,63,63,2552,2552,2552,160776,10289664,3528,63,1.0560869670007378,1.0
PF64_SPARSE_MIX,PF64_SPARSE_MIX_c0_t9,64,48,0.75,sparse,7.0,0.1,0.1,,0.0,0.0,0.0,0.0,no_slip,True,63,0,9,4314603006251091477,plain_osd_batch_o2,True,4314603006251091477,True,False,False,best_marginal_in_osd_union,56,0,1,1,56,56,56,56,3584,56,1,0.019862410030327737,1.0
PF64_SPARSE_MIX,PF64_SPARSE_MIX_c0_t9,64,48,0.75,sparse,7.0,0.1,0.1,,0.0,0.0,0.0,0.0,no_slip,True,63,0,9,4314603006251091477,lsgrand_certified_v1_bound,True,4314603006251091477,True,True,False,strict_unseen_codeword_certificate,2,2,63,1,1,1,0,2,128,0,63,0.0026694380212575197,0.015873015873015872
PF64_SPARSE_MIX,PF64_SPARSE_MIX_c0_t10,64,48,0.75,sparse,7.0,0.1,0.1,,0.0,0.0,0.0,0.0,no_slip,True,63,0,10,8810400469349375630,ls_first_valid,True,8810400469349375630,True,False,False,valid_list_complete,2,2,63,1,1,1,0,0,0,0,63,0.0024208410177379847,0.015873015873015872
PF64_SPARSE_MIX,PF64_SPARSE_MIX_c0_t10,64,48,0.75,sparse,7.0,0.1,0.1,,0.0,0.0,0.0,0.0,no_slip,True,63,0,10,8810400469349375630,ls_list_marginal_L2,True,8810400469349375630,True,False,False,valid_list_complete,318,312,63,63,2,2,2,126,8064,0,126,0.0077874010894447565,1.0
PF64_SPARSE_MIX,PF64_SPARSE_MIX_c0_t10,64,48,0.75,sparse,7.0,0.1,0.1,,0.0,0.0,0.0,0.0,no_slip,True,63,0,10,8810400469349375630,ls_list_marginal_L4,True,8810400469349375630,True,False,False,valid_list_complete,684,659,63,63,4,4,4,252,16128,0,126,0.011269406997598708,1.0
PF64_SPARSE_MIX,PF64_SPARSE_MIX_c0_t10,64,48,0.75,sparse,7.0,0.1,0.1,,0.0,0.0,0.0,0.0,no_slip,True,63,0,10,8810400469349375630,ls_list_marginal_L8,True,8810400469349375630,True,False,False,valid_list_complete,4977,4710,63,63,8,8,8,504,32256,0,126,0.06818425306119025,1.0
PF64_SPARSE_MIX,PF64_SPARSE_MIX_c0_t10,64,48,0.75,sparse,7.0,0.1,0.1,,0.0,0.0,0.0,0.0,no_slip,True,63,0,10,8810400469349375630,latent_osd_batch_o2_s63,True,8810400469349375630,True,False,False,best_marginal_in_osd_union,3528,0,63,63,2463,2463,2463,155169,9930816,3528,63,1.0108999239746481,1.0
PF64_SPARSE_MIX,PF64_SPARSE_MIX_c0_t10,64,48,0.75,sparse,7.0,0.1,0.1,,0.0,0.0,0.0,0.0,no_slip,True,63,0,10,8810400469349375630,plain_osd_batch_o2,True,8810400469349375630,True,False,False,best_marginal_in_osd_union,56,0,1,1,56,56,56,56,3584,56,1,0.017051200033165514,1.0
PF64_SPARSE_MIX,PF64_SPARSE_MIX_c0_t10,64,48,0.75,sparse,7.0,0.1,0.1,,0.0,0.0,0.0,0.0,no_slip,True,63,0,10,8810400469349375630,lsgrand_certified_v1_bound,True,8810400469349375630,True,True,False,strict_unseen_codeword_certificate,32,32,63,9,1,1,0,32,2048,0,63,0.002413487993180752,0.14285714285714285
PF64_SPARSE_MIX,PF64_SPARSE_MIX_c0_t11,64,48,0.75,sparse,7.0,0.1,0.1,,0.0,0.0,0.0,0.0,no_slip,True,63,0,11,16232817760683532124,ls_first_valid,True,16232817760683532124,True,False,False,valid_list_complete,7,7,63,1,1,1,0,0,0,0,63,0.0017096649389714003,0.015873015873015872
PF64_SPARSE_MIX,PF64_SPARSE_MIX_c0_t11,64,48,0.75,sparse,7.0,0.1,0.1,,0.0,0.0,0.0,0.0,no_slip,True,63,0,11,16232817760683532124,ls_list_marginal_L2,True,16232817760683532124,True,False,False,valid_list_complete,246,239,63,63,2,2,2,126,8064,0,126,0.005591240944340825,1.0
PF64_SPARSE_MIX,PF64_SPARSE_MIX_c0_t11,64,48,0.75,sparse,7.0,0.1,0.1,,0.0,0.0,0.0,0.0,no_slip,True,63,0,11,16232817760683532124,ls_list_marginal_L4,True,16232817760683532124,True,False,False,valid_list_complete,1099,1039,63,63,4,4,4,252,16128,0,126,0.014191451948136091,1.0
PF64_SPARSE_MIX,PF64_SPARSE_MIX_c0_t11,64,48,0.75,sparse,7.0,0.1,0.1,,0.0,0.0,0.0,0.0,no_slip,True,63,0,11,16232817760683532124,ls_list_marginal_L8,True,16232817760683532124,True,False,False,valid_list_complete,6641,6158,63,63,9,8,8,504,32256,0,126,0.07598802505526692,1.0
PF64_SPARSE_MIX,PF64_SPARSE_MIX_c0_t11,64,48,0.75,sparse,7.0,0.1,0.1,,0.0,0.0,0.0,0.0,no_slip,True,63,0,11,16232817760683532124,latent_osd_batch_o2_s63,True,16232817760683532124,True,False,False,best_marginal_in_osd_union,3528,0,63,63,2447,2447,2447,154161,9866304,3528,63,1.0803541589993984,1.0
PF64_SPARSE_MIX,PF64_SPARSE_MIX_c0_t11,64,48,0.75,sparse,7.0,0.1,0.1,,0.0,0.0,0.0,0.0,no_slip,True,63,0,11,16232817760683532124,plain_osd_batch_o2,True,16232817760683532124,True,False,False,best_marginal_in_osd_union,56,0,1,1,56,56,56,56,3584,56,1,0.022620732081122696,1.0
PF64_SPARSE_MIX,PF64_SPARSE_MIX_c0_t11,64,48,0.75,sparse,7.0,0.1,0.1,,0.0,0.0,0.0,0.0,no_slip,True,63,0,11,16232817760683532124,lsgrand_certified_v1_bound,True,16232817760683532124,True,True,False,strict_unseen_codeword_certificate,160,160,63,63,1,1,0,160,10240,0,63,0.005331730004400015,1.0
PF64_SPARSE_MIX,PF64_SPARSE_MIX_c0_t12,64,48,0.75,sparse,7.0,0.1,0.1,,0.0,0.0,0.0,0.0,slip_4_3,True,63,0,12,3015245669506069667,ls_first_valid,True,3015245669506069667,True,False,False,valid_list_complete,192,190,63,63,1,1,0,0,0,0,63,0.006063677021302283,1.0
PF64_SPARSE_MIX,PF64_SPARSE_MIX_c0_t12,64,48,0.75,sparse,7.0,0.1,0.1,,0.0,0.0,0.0,0.0,slip_4_3,True,63,0,12,3015245669506069667,ls_list_marginal_L2,True,3015245669506069667,True,False,False,valid_list_complete,1721,1648,63,63,2,2,2,126,8064,0,126,0.027963675907813013,1.0
PF64_SPARSE_MIX,PF64_SPARSE_MIX_c0_t12,64,48,0.75,sparse,7.0,0.1,0.1,,0.0,0.0,0.0,0.0,slip_4_3,True,63,0,12,3015245669506069667,ls_list_marginal_L4,True,3015245669506069667,True,False,False,valid_list_complete,10736,10065,63,63,5,4,4,252,16128,0,126,0.12466082198079675,1.0
PF64_SPARSE_MIX,PF64_SPARSE_MIX_c0_t12,64,48,0.75,sparse,7.0,0.1,0.1,,0.0,0.0,0.0,0.0,slip_4_3,True,63,0,12,3015245669506069667,ls_list_marginal_L8,True,3015245669506069667,True,False,False,valid_list_complete,37613,34716,63,63,11,8,8,504,32256,0,126,0.4577593479771167,1.0
PF64_SPARSE_MIX,PF64_SPARSE_MIX_c0_t12,64,48,0.75,sparse,7.0,0.1,0.1,,0.0,0.0,0.0,0.0,slip_4_3,True,63,0,12,3015245669506069667,latent_osd_batch_o2_s63,True,3015245669506069667,True,False,False,best_marginal_in_osd_union,3528,0,63,63,2554,2554,2554,160902,10297728,3528,63,1.043359993956983,1.0
PF64_SPARSE_MIX,PF64_SPARSE_MIX_c0_t12,64,48,0.75,sparse,7.0,0.1,0.1,,0.0,0.0,0.0,0.0,slip_4_3,True,63,0,12,3015245669506069667,plain_osd_batch_o2,False,3148099343634345476,True,False,False,best_marginal_in_osd_union,56,0,1,1,56,56,56,56,3584,56,1,0.01946980191860348,1.0
PF64_SPARSE_MIX,PF64_SPARSE_MIX_c0_t12,64,48,0.75,sparse,7.0,0.1,0.1,,0.0,0.0,0.0,0.0,slip_4_3,True,63,0,12,3015245669506069667,lsgrand_certified_v1_bound,True,3015245669506069667,True,True,False,strict_unseen_codeword_certificate,1376,1376,63,63,1,1,0,1376,88064,0,63,0.017489113030023873,1.0
PF64_SPARSE_MIX,PF64_SPARSE_MIX_c0_t13,64,48,0.75,sparse,7.0,0.1,0.1,,0.0,0.0,0.0,0.0,slip_4_1,True,63,0,13,5371069274992154008,ls_first_valid,True,5371069274992154008,True,False,False,valid_list_complete,25,25,63,8,1,1,0,0,0,0,63,0.0036782859824597836,0.12698412698412698
PF64_SPARSE_MIX,PF64_SPARSE_MIX_c0_t13,64,48,0.75,sparse,7.0,0.1,0.1,,0.0,0.0,0.0,0.0,slip_4_1,True,63,0,13,5371069274992154008,ls_list_marginal_L2,True,5371069274992154008,True,False,False,valid_list_complete,2249,2157,63,63,2,2,2,126,8064,0,126,0.02730853110551834,1.0
PF64_SPARSE_MIX,PF64_SPARSE_MIX_c0_t13,64,48,0.75,sparse,7.0,0.1,0.1,,0.0,0.0,0.0,0.0,slip_4_1,True,63,0,13,5371069274992154008,ls_list_marginal_L4,True,5371069274992154008,True,False,False,valid_list_complete,2629,2515,63,63,4,4,4,252,16128,0,126,0.031395156984217465,1.0
PF64_SPARSE_MIX,PF64_SPARSE_MIX_c0_t13,64,48,0.75,sparse,7.0,0.1,0.1,,0.0,0.0,0.0,0.0,slip_4_1,True,63,0,13,5371069274992154008,ls_list_marginal_L8,True,5371069274992154008,True,False,False,valid_list_complete,11330,10679,63,63,9,8,8,504,32256,0,126,0.19650994800031185,1.0
PF64_SPARSE_MIX,PF64_SPARSE_MIX_c0_t13,64,48,0.75,sparse,7.0,0.1,0.1,,0.0,0.0,0.0,0.0,slip_4_1,True,63,0,13,5371069274992154008,latent_osd_batch_o2_s63,True,5371069274992154008,True,False,False,best_marginal_in_osd_union,3528,0,63,63,2658,2658,2658,167454,10717056,3528,63,1.0445321010192856,1.0
PF64_SPARSE_MIX,PF64_SPARSE_MIX_c0_t13,64,48,0.75,sparse,7.0,0.1,0.1,,0.0,0.0,0.0,0.0,slip_4_1,True,63,0,13,5371069274992154008,plain_osd_batch_o2,False,14619323989214265578,True,False,False,best_marginal_in_osd_union,56,0,1,1,56,56,56,56,3584,56,1,0.013353583053685725,1.0
PF64_SPARSE_MIX,PF64_SPARSE_MIX_c0_t13,64,48,0.75,sparse,7.0,0.1,0.1,,0.0,0.0,0.0,0.0,slip_4_1,True,63,0,13,5371069274992154008,lsgrand_certified_v1_bound,True,5371069274992154008,True,True,False,strict_unseen_codeword_certificate,480,480,63,63,1,1,0,480,30720,0,63,0.007542895968072116,1.0
PF64_SPARSE_MIX,PF64_SPARSE_MIX_c0_t14,64,48,0.75,sparse,7.0,0.1,0.1,,0.0,0.0,0.0,0.0,no_slip,True,63,0,14,17043440714936522888,ls_first_valid,True,17043440714936522888,True,False,False,valid_list_complete,2,2,63,1,1,1,0,0,0,0,63,0.0018334650667384267,0.015873015873015872
PF64_SPARSE_MIX,PF64_SPARSE_MIX_c0_t14,64,48,0.75,sparse,7.0,0.1,0.1,,0.0,0.0,0.0,0.0,no_slip,True,63,0,14,17043440714936522888,ls_list_marginal_L2,True,17043440714936522888,True,False,False,valid_list_complete,16,16,63,1,2,2,2,126,8064,0,126,0.003022541990503669,0.015873015873015872
PF64_SPARSE_MIX,PF64_SPARSE_MIX_c0_t14,64,48,0.75,sparse,7.0,0.1,0.1,,0.0,0.0,0.0,0.0,no_slip,True,63,0,14,17043440714936522888,ls_list_marginal_L4,True,17043440714936522888,True,False,False,valid_list_complete,469,457,63,63,4,4,4,252,16128,0,126,0.007619002950377762,1.0
PF64_SPARSE_MIX,PF64_SPARSE_MIX_c0_t14,64,48,0.75,sparse,7.0,0.1,0.1,,0.0,0.0,0.0,0.0,no_slip,True,63,0,14,17043440714936522888,ls_list_marginal_L8,True,17043440714936522888,True,False,False,valid_list_complete,1444,1387,63,63,9,8,8,504,32256,0,126,0.019375019008293748,1.0
PF64_SPARSE_MIX,PF64_SPARSE_MIX_c0_t14,64,48,0.75,sparse,7.0,0.1,0.1,,0.0,0.0,0.0,0.0,no_slip,True,63,0,14,17043440714936522888,latent_osd_batch_o2_s63,True,17043440714936522888,True,False,False,best_marginal_in_osd_union,3528,0,63,63,2762,2762,2762,174006,11136384,3528,63,1.012867350014858,1.0
PF64_SPARSE_MIX,PF64_SPARSE_MIX_c0_t14,64,48,0.75,sparse,7.0,0.1,0.1,,0.0,0.0,0.0,0.0,no_slip,True,63,0,14,17043440714936522888,plain_osd_batch_o2,True,17043440714936522888,True,False,False,best_marginal_in_osd_union,56,0,1,1,56,56,56,56,3584,56,1,0.015833639074116945,1.0
PF64_SPARSE_MIX,PF64_SPARSE_MIX_c0_t14,64,48,0.75,sparse,7.0,0.1,0.1,,0.0,0.0,0.0,0.0,no_slip,True,63,0,14,17043440714936522888,lsgrand_certified_v1_bound,True,17043440714936522888,True,True,False,strict_unseen_codeword_certificate,2,2,63,1,1,1,0,2,128,0,63,0.002020949963480234,0.015873015873015872
PF64_SPARSE_MIX,PF64_SPARSE_MIX_c0_t15,64,48,0.75,sparse,7.0,0.1,0.1,,0.0,0.0,0.0,0.0,no_slip,True,63,0,15,10938488050969462190,ls_first_valid,True,10938488050969462190,True,False,False,valid_list_complete,2,2,63,1,1,1,0,0,0,0,63,0.001672810991294682,0.015873015873015872
PF64_SPARSE_MIX,PF64_SPARSE_MIX_c0_t15,64,48,0.75,sparse,7.0,0.1,0.1,,0.0,0.0,0.0,0.0,no_slip,True,63,0,15,10938488050969462190,ls_list_marginal_L2,True,10938488050969462190,True,False,False,valid_list_complete,273,269,63,63,2,2,2,126,8064,0,126,0.005698140012100339,1.0
PF64_SPARSE_MIX,PF64_SPARSE_MIX_c0_t15,64,48,0.75,sparse,7.0,0.1,0.1,,0.0,0.0,0.0,0.0,no_slip,True,63,0,15,10938488050969462190,ls_list_marginal_L4,True,10938488050969462190,True,False,False,valid_list_complete,377,369,63,63,5,4,4,252,16128,0,126,0.006584884948097169,1.0
PF64_SPARSE_MIX,PF64_SPARSE_MIX_c0_t15,64,48,0.75,sparse,7.0,0.1,0.1,,0.0,0.0,0.0,0.0,no_slip,True,63,0,15,10938488050969462190,ls_list_marginal_L8,True,10938488050969462190,True,False,False,valid_list_complete,1060,1016,63,63,9,8,8,504,32256,0,126,0.014132871991023421,1.0
PF64_SPARSE_MIX,PF64_SPARSE_MIX_c0_t15,64,48,0.75,sparse,7.0,0.1,0.1,,0.0,0.0,0.0,0.0,no_slip,True,63,0,15,10938488050969462190,latent_osd_batch_o2_s63,True,10938488050969462190,True,False,False,best_marginal_in_osd_union,3528,0,63,63,2734,2734,2734,172242,11023488,3528,63,1.0400751900160685,1.0
PF64_SPARSE_MIX,PF64_SPARSE_MIX_c0_t15,64,48,0.75,sparse,7.0,0.1,0.1,,0.0,0.0,0.0,0.0,no_slip,True,63,0,15,10938488050969462190,plain_osd_batch_o2,True,10938488050969462190,True,False,False,best_marginal_in_osd_union,56,0,1,1,56,56,56,56,3584,56,1,0.024051651009358466,1.0
PF64_SPARSE_MIX,PF64_SPARSE_MIX_c0_t15,64,48,0.75,sparse,7.0,0.1,0.1,,0.0,0.0,0.0,0.0,no_slip,True,63,0,15,10938488050969462190,lsgrand_certified_v1_bound,True,10938488050969462190,True,True,False,strict_unseen_codeword_certificate,2,2,63,1,1,1,0,2,128,0,63,0.0022081059869378805,0.015873015873015872
PF64_SPARSE_MIX,PF64_SPARSE_MIX_c0_t16,64,48,0.75,sparse,7.0,0.1,0.1,,0.0,0.0,0.0,0.0,no_slip,True,63,0,16,12545924505963315834,ls_first_valid,True,12545924505963315834,True,False,False,valid_list_complete,1,1,63,1,1,1,0,0,0,0,63,0.002691715955734253,0.015873015873015872
PF64_SPARSE_MIX,PF64_SPARSE_MIX_c0_t16,64,48,0.75,sparse,7.0,0.1,0.1,,0.0,0.0,0.0,0.0,no_slip,True,63,0,16,12545924505963315834,ls_list_marginal_L2,True,12545924505963315834,True,False,False,valid_list_complete,38,38,63,1,2,2,2,126,8064,0,126,0.007911400985904038,0.015873015873015872
PF64_SPARSE_MIX,PF64_SPARSE_MIX_c0_t16,64,48,0.75,sparse,7.0,0.1,0.1,,0.0,0.0,0.0,0.0,no_slip,True,63,0,16,12545924505963315834,ls_list_marginal_L4,True,12545924505963315834,True,False,False,valid_list_complete,306,297,63,63,4,4,4,252,16128,0,126,0.007872828980907798,1.0
PF64_SPARSE_MIX,PF64_SPARSE_MIX_c0_t16,64,48,0.75,sparse,7.0,0.1,0.1,,0.0,0.0,0.0,0.0,no_slip,True,63,0,16,12545924505963315834,ls_list_marginal_L8,True,12545924505963315834,True,False,False,valid_list_complete,1313,1256,63,63,9,8,8,504,32256,0,126,0.04279753903392702,1.0
PF64_SPARSE_MIX,PF64_SPARSE_MIX_c0_t16,64,48,0.75,sparse,7.0,0.1,0.1,,0.0,0.0,0.0,0.0,no_slip,True,63,0,16,12545924505963315834,latent_osd_batch_o2_s63,True,12545924505963315834,True,False,False,best_marginal_in_osd_union,3528,0,63,63,2504,2504,2504,157752,10096128,3528,63,1.092500958009623,1.0
PF64_SPARSE_MIX,PF64_SPARSE_MIX_c0_t16,64,48,0.75,sparse,7.0,0.1,0.1,,0.0,0.0,0.0,0.0,no_slip,True,63,0,16,12545924505963315834,plain_osd_batch_o2,True,12545924505963315834,True,False,False,best_marginal_in_osd_union,56,0,1,1,56,56,56,56,3584,56,1,0.015160016948357224,1.0
PF64_SPARSE_MIX,PF64_SPARSE_MIX_c0_t16,64,48,0.75,sparse,7.0,0.1,0.1,,0.0,0.0,0.0,0.0,no_slip,True,63,0,16,12545924505963315834,lsgrand_certified_v1_bound,True,12545924505963315834,True,True,False,strict_unseen_codeword_certificate,1,1,63,1,1,1,0,1,64,0,63,0.0020194649696350098,0.015873015873015872
PF64_SPARSE_MIX,PF64_SPARSE_MIX_c0_t17,64,48,0.75,sparse,7.0,0.1,0.1,,0.0,0.0,0.0,0.0,no_slip,True,63,0,17,9426389653641137279,ls_first_valid,True,9426389653641137279,True,False,False,valid_list_complete,1,1,63,1,1,1,0,0,0,0,63,0.0016481030033901334,0.015873015873015872
PF64_SPARSE_MIX,PF64_SPARSE_MIX_c0_t17,64,48,0.75,sparse,7.0,0.1,0.1,,0.0,0.0,0.0,0.0,no_slip,True,63,0,17,9426389653641137279,ls_list_marginal_L2,True,9426389653641137279,True,False,False,valid_list_complete,98,96,63,63,2,2,2,126,8064,0,126,0.004432812915183604,1.0
PF64_SPARSE_MIX,PF64_SPARSE_MIX_c0_t17,64,48,0.75,sparse,7.0,0.1,0.1,,0.0,0.0,0.0,0.0,no_slip,True,63,0,17,9426389653641137279,ls_list_marginal_L4,True,9426389653641137279,True,False,False,valid_list_complete,340,329,63,63,5,4,4,252,16128,0,126,0.006230033002793789,1.0
PF64_SPARSE_MIX,PF64_SPARSE_MIX_c0_t17,64,48,0.75,sparse,7.0,0.1,0.1,,0.0,0.0,0.0,0.0,no_slip,True,63,0,17,9426389653641137279,ls_list_marginal_L8,True,9426389653641137279,True,False,False,valid_list_complete,1380,1320,63,63,10,8,8,504,32256,0,126,0.017674948903732002,1.0
PF64_SPARSE_MIX,PF64_SPARSE_MIX_c0_t17,64,48,0.75,sparse,7.0,0.1,0.1,,0.0,0.0,0.0,0.0,no_slip,True,63,0,17,9426389653641137279,latent_osd_batch_o2_s63,True,9426389653641137279,True,False,False,best_marginal_in_osd_union,3528,0,63,63,2531,2531,2531,159453,10204992,3528,63,1.0460496750893071,1.0
PF64_SPARSE_MIX,PF64_SPARSE_MIX_c0_t17,64,48,0.75,sparse,7.0,0.1,0.1,,0.0,0.0,0.0,0.0,no_slip,True,63,0,17,9426389653641137279,plain_osd_batch_o2,True,9426389653641137279,True,False,False,best_marginal_in_osd_union,56,0,1,1,56,56,56,56,3584,56,1,0.016110635013319552,1.0
PF64_SPARSE_MIX,PF64_SPARSE_MIX_c0_t17,64,48,0.75,sparse,7.0,0.1,0.1,,0.0,0.0,0.0,0.0,no_slip,True,63,0,17,9426389653641137279,lsgrand_certified_v1_bound,True,9426389653641137279,True,True,False,strict_unseen_codeword_certificate,1,1,63,1,1,1,0,1,64,0,63,0.002078330027870834,0.015873015873015872
PF64_SPARSE_MIX,PF64_SPARSE_MIX_c0_t18,64,48,0.75,sparse,7.0,0.1,0.1,,0.0,0.0,0.0,0.0,no_slip,True,63,0,18,9388056298912310755,ls_first_valid,True,9388056298912310755,True,False,False,valid_list_complete,1,1,63,1,1,1,0,0,0,0,63,0.0016283850418403745,0.015873015873015872
PF64_SPARSE_MIX,PF64_SPARSE_MIX_c0_t18,64,48,0.75,sparse,7.0,0.1,0.1,,0.0,0.0,0.0,0.0,no_slip,True,63,0,18,9388056298912310755,ls_list_marginal_L2,True,9388056298912310755,True,False,False,valid_list_complete,604,584,63,63,2,2,2,126,8064,0,126,0.009947279933840036,1.0
PF64_SPARSE_MIX,PF64_SPARSE_MIX_c0_t18,64,48,0.75,sparse,7.0,0.1,0.1,,0.0,0.0,0.0,0.0,no_slip,True,63,0,18,9388056298912310755,ls_list_marginal_L4,True,9388056298912310755,True,False,False,valid_list_complete,5335,4939,63,63,5,4,4,252,16128,0,126,0.06612115807365626,1.0
PF64_SPARSE_MIX,PF64_SPARSE_MIX_c0_t18,64,48,0.75,sparse,7.0,0.1,0.1,,0.0,0.0,0.0,0.0,no_slip,True,63,0,18,9388056298912310755,ls_list_marginal_L8,True,9388056298912310755,True,False,False,valid_list_complete,9095,8340,63,63,10,8,8,504,32256,0,126,0.10081493202596903,1.0
PF64_SPARSE_MIX,PF64_SPARSE_MIX_c0_t18,64,48,0.75,sparse,7.0,0.1,0.1,,0.0,0.0,0.0,0.0,no_slip,True,63,0,18,9388056298912310755,latent_osd_batch_o2_s63,True,9388056298912310755,True,False,False,best_marginal_in_osd_union,3528,0,63,63,2608,2608,2608,164304,10515456,3528,63,1.0299110510386527,1.0
PF64_SPARSE_MIX,PF64_SPARSE_MIX_c0_t18,64,48,0.75,sparse,7.0,0.1,0.1,,0.0,0.0,0.0,0.0,no_slip,True,63,0,18,9388056298912310755,plain_osd_batch_o2,True,9388056298912310755,True,False,False,best_marginal_in_osd_union,56,0,1,1,56,56,56,56,3584,56,1,0.012532029068097472,1.0
PF64_SPARSE_MIX,PF64_SPARSE_MIX_c0_t18,64,48,0.75,sparse,7.0,0.1,0.1,,0.0,0.0,0.0,0.0,no_slip,True,63,0,18,9388056298912310755,lsgrand_certified_v1_bound,True,9388056298912310755,True,True,False,strict_unseen_codeword_certificate,1,1,63,1,1,1,0,1,64,0,63,0.002180229057557881,0.015873015873015872
PF64_SPARSE_MIX,PF64_SPARSE_MIX_c0_t19,64,48,0.75,sparse,7.0,0.1,0.1,,0.0,0.0,0.0,0.0,no_slip,True,63,0,19,11022321352379484265,ls_first_valid,True,11022321352379484265,True,False,False,valid_list_complete,2,2,63,1,1,1,0,0,0,0,63,0.0021240540081635118,0.015873015873015872
PF64_SPARSE_MIX,PF64_SPARSE_MIX_c0_t19,64,48,0.75,sparse,7.0,0.1,0.1,,0.0,0.0,0.0,0.0,no_slip,True,63,0,19,11022321352379484265,ls_list_marginal_L2,True,11022321352379484265,True,False,False,valid_list_complete,719,689,63,63,2,2,2,126,8064,0,126,0.011085769976489246,1.0
PF64_SPARSE_MIX,PF64_SPARSE_MIX_c0_t19,64,48,0.75,sparse,7.0,0.1,0.1,,0.0,0.0,0.0,0.0,no_slip,True,63,0,19,11022321352379484265,ls_list_marginal_L4,True,11022321352379484265,True,False,False,valid_list_complete,1388,1324,63,63,4,4,4,252,16128,0,126,0.018340667011216283,1.0
PF64_SPARSE_MIX,PF64_SPARSE_MIX_c0_t19,64,48,0.75,sparse,7.0,0.1,0.1,,0.0,0.0,0.0,0.0,no_slip,True,63,0,19,11022321352379484265,ls_list_marginal_L8,True,11022321352379484265,True,False,False,valid_list_complete,2779,2627,63,63,9,8,8,504,32256,0,126,0.03328672097995877,1.0
PF64_SPARSE_MIX,PF64_SPARSE_MIX_c0_t19,64,48,0.75,sparse,7.0,0.1,0.1,,0.0,0.0,0.0,0.0,no_slip,True,63,0,19,11022321352379484265,latent_osd_batch_o2_s63,True,11022321352379484265,True,False,False,best_marginal_in_osd_union,3528,0,63,63,2485,2485,2485,156555,10019520,3528,63,1.1254183299606666,1.0
PF64_SPARSE_MIX,PF64_SPARSE_MIX_c0_t19,64,48,0.75,sparse,7.0,0.1,0.1,,0.0,0.0,0.0,0.0,no_slip,True,63,0,19,11022321352379484265,plain_osd_batch_o2,True,11022321352379484265,True,False,False,best_marginal_in_osd_union,56,0,1,1,56,56,56,56,3584,56,1,0.01655552291776985,1.0
PF64_SPARSE_MIX,PF64_SPARSE_MIX_c0_t19,64,48,0.75,sparse,7.0,0.1,0.1,,0.0,0.0,0.0,0.0,no_slip,True,63,0,19,11022321352379484265,lsgrand_certified_v1_bound,True,11022321352379484265,True,True,False,strict_unseen_codeword_certificate,2,2,63,1,1,1,0,2,128,0,63,0.002133711939677596,0.015873015873015872
PF64_SPARSE_MIX,PF64_SPARSE_MIX_c1_t0,64,48,0.75,sparse,7.0,0.1,0.1,,0.0,0.0,0.0,0.0,slip_15_1,True,63,1,0,6998228938076949368,ls_first_valid,True,6998228938076949368,True,False,False,valid_list_complete,502,493,63,63,1,1,0,0,0,0,63,0.00775608594994992,1.0
PF64_SPARSE_MIX,PF64_SPARSE_MIX_c1_t0,64,48,0.75,sparse,7.0,0.1,0.1,,0.0,0.0,0.0,0.0,slip_15_1,True,63,1,0,6998228938076949368,ls_list_marginal_L2,True,6998228938076949368,True,False,False,valid_list_complete,999,974,63,63,2,2,2,126,8064,0,126,0.016982304048724473,1.0
PF64_SPARSE_MIX,PF64_SPARSE_MIX_c1_t0,64,48,0.75,sparse,7.0,0.1,0.1,,0.0,0.0,0.0,0.0,slip_15_1,True,63,1,0,6998228938076949368,ls_list_marginal_L4,True,6998228938076949368,True,False,False,valid_list_complete,8165,7680,63,63,4,4,4,252,16128,0,126,0.10557087697088718,1.0
PF64_SPARSE_MIX,PF64_SPARSE_MIX_c1_t0,64,48,0.75,sparse,7.0,0.1,0.1,,0.0,0.0,0.0,0.0,slip_15_1,True,63,1,0,6998228938076949368,ls_list_marginal_L8,True,6998228938076949368,True,False,False,valid_list_complete,16035,14920,63,63,8,8,8,504,32256,0,126,0.21097238594666123,1.0
PF64_SPARSE_MIX,PF64_SPARSE_MIX_c1_t0,64,48,0.75,sparse,7.0,0.1,0.1,,0.0,0.0,0.0,0.0,slip_15_1,True,63,1,0,6998228938076949368,latent_osd_batch_o2_s63,True,6998228938076949368,True,False,False,best_marginal_in_osd_union,3528,0,63,63,2852,2852,2852,179676,11499264,3528,63,1.25918879697565,1.0
PF64_SPARSE_MIX,PF64_SPARSE_MIX_c1_t0,64,48,0.75,sparse,7.0,0.1,0.1,,0.0,0.0,0.0,0.0,slip_15_1,True,63,1,0,6998228938076949368,plain_osd_batch_o2,False,2386490772044508506,True,False,False,best_marginal_in_osd_union,56,0,1,1,56,56,56,56,3584,56,1,0.021928948001004755,1.0
PF64_SPARSE_MIX,PF64_SPARSE_MIX_c1_t0,64,48,0.75,sparse,7.0,0.1,0.1,,0.0,0.0,0.0,0.0,slip_15_1,True,63,1,0,6998228938076949368,lsgrand_certified_v1_bound,True,6998228938076949368,True,True,False,strict_unseen_codeword_certificate,8608,8608,63,63,5,5,0,8608,550912,0,63,0.17982623900752515,1.0
PF64_SPARSE_MIX,PF64_SPARSE_MIX_c1_t1,64,48,0.75,sparse,7.0,0.1,0.1,,0.0,0.0,0.0,0.0,no_slip,True,63,1,1,15120982346240778169,ls_first_valid,True,15120982346240778169,True,False,False,valid_list_complete,1,1,63,1,1,1,0,0,0,0,63,0.0020647470373660326,0.015873015873015872
PF64_SPARSE_MIX,PF64_SPARSE_MIX_c1_t1,64,48,0.75,sparse,7.0,0.1,0.1,,0.0,0.0,0.0,0.0,no_slip,True,63,1,1,15120982346240778169,ls_list_marginal_L2,True,15120982346240778169,True,False,False,valid_list_complete,39,39,63,1,2,2,2,126,8064,0,126,0.003980644047260284,0.015873015873015872
PF64_SPARSE_MIX,PF64_SPARSE_MIX_c1_t1,64,48,0.75,sparse,7.0,0.1,0.1,,0.0,0.0,0.0,0.0,no_slip,True,63,1,1,15120982346240778169,ls_list_marginal_L4,True,15120982346240778169,True,False,False,valid_list_complete,307,303,63,63,4,4,4,252,16128,0,126,0.006321336957626045,1.0
PF64_SPARSE_MIX,PF64_SPARSE_MIX_c1_t1,64,48,0.75,sparse,7.0,0.1,0.1,,0.0,0.0,0.0,0.0,no_slip,True,63,1,1,15120982346240778169,ls_list_marginal_L8,True,15120982346240778169,True,False,False,valid_list_complete,961,938,63,63,8,8,8,504,32256,0,126,0.015547730959951878,1.0
PF64_SPARSE_MIX,PF64_SPARSE_MIX_c1_t1,64,48,0.75,sparse,7.0,0.1,0.1,,0.0,0.0,0.0,0.0,no_slip,True,63,1,1,15120982346240778169,latent_osd_batch_o2_s63,True,15120982346240778169,True,False,False,best_marginal_in_osd_union,3528,0,63,63,2369,2369,2369,149247,9551808,3528,63,1.1642339050304145,1.0
PF64_SPARSE_MIX,PF64_SPARSE_MIX_c1_t1,64,48,0.75,sparse,7.0,0.1,0.1,,0.0,0.0,0.0,0.0,no_slip,True,63,1,1,15120982346240778169,plain_osd_batch_o2,True,15120982346240778169,True,False,False,best_marginal_in_osd_union,56,0,1,1,56,56,56,56,3584,56,1,0.016259175026789308,1.0
PF64_SPARSE_MIX,PF64_SPARSE_MIX_c1_t1,64,48,0.75,sparse,7.0,0.1,0.1,,0.0,0.0,0.0,0.0,no_slip,True,63,1,1,15120982346240778169,lsgrand_certified_v1_bound,True,15120982346240778169,True,True,False,strict_unseen_codeword_certificate,1,1,63,1,1,1,0,1,64,0,63,0.002115290961228311,0.015873015873015872
PF64_SPARSE_MIX,PF64_SPARSE_MIX_c1_t2,64,48,0.75,sparse,7.0,0.1,0.1,,0.0,0.0,0.0,0.0,no_slip,True,63,1,2,10106016911180277748,ls_first_valid,False,10105453962300598260,True,False,False,valid_list_complete,477,458,63,63,1,1,0,0,0,0,63,0.009219088009558618,1.0
PF64_SPARSE_MIX,PF64_SPARSE_MIX_c1_t2,64,48,0.75,sparse,7.0,0.1,0.1,,0.0,0.0,0.0,0.0,no_slip,True,63,1,2,10106016911180277748,ls_list_marginal_L2,False,10105453962300598260,True,False,False,valid_list_complete,482,463,63,63,2,2,2,126,8064,0,126,0.00856099696829915,1.0
PF64_SPARSE_MIX,PF64_SPARSE_MIX_c1_t2,64,48,0.75,sparse,7.0,0.1,0.1,,0.0,0.0,0.0,0.0,no_slip,True,63,1,2,10106016911180277748,ls_list_marginal_L4,False,10105453962300598260,True,False,False,valid_list_complete,2743,2574,63,63,4,4,4,252,16128,0,126,0.03321808599866927,1.0
PF64_SPARSE_MIX,PF64_SPARSE_MIX_c1_t2,64,48,0.75,sparse,7.0,0.1,0.1,,0.0,0.0,0.0,0.0,no_slip,True,63,1,2,10106016911180277748,ls_list_marginal_L8,False,10105453962300598260,True,False,False,valid_list_complete,5729,5320,63,63,8,8,8,504,32256,0,126,0.07061378296930343,1.0
PF64_SPARSE_MIX,PF64_SPARSE_MIX_c1_t2,64,48,0.75,sparse,7.0,0.1,0.1,,0.0,0.0,0.0,0.0,no_slip,True,63,1,2,10106016911180277748,latent_osd_batch_o2_s63,False,10105453962300598260,True,False,False,best_marginal_in_osd_union,3528,0,63,63,2612,2612,2612,164556,10531584,3528,63,1.2282175519503653,1.0
PF64_SPARSE_MIX,PF64_SPARSE_MIX_c1_t2,64,48,0.75,sparse,7.0,0.1,0.1,,0.0,0.0,0.0,0.0,no_slip,True,63,1,2,10106016911180277748,plain_osd_batch_o2,False,10105453962300598260,True,False,False,best_marginal_in_osd_union,56,0,1,1,56,56,56,56,3584,56,1,0.0173978169914335,1.0
PF64_SPARSE_MIX,PF64_SPARSE_MIX_c1_t2,64,48,0.75,sparse,7.0,0.1,0.1,,0.0,0.0,0.0,0.0,no_slip,True,63,1,2,10106016911180277748,lsgrand_certified_v1_bound,False,10105453962300598260,True,True,False,strict_unseen_codeword_certificate,29344,29344,63,63,20,20,0,29344,1878016,0,63,0.8467982850270346,1.0
PF64_SPARSE_MIX,PF64_SPARSE_MIX_c1_t3,64,48,0.75,sparse,7.0,0.1,0.1,,0.0,0.0,0.0,0.0,no_slip,True,63,1,3,17938692221565062466,ls_first_valid,True,17938692221565062466,True,False,False,valid_list_complete,1,1,63,1,1,1,0,0,0,0,63,0.0019318750128149986,0.015873015873015872
PF64_SPARSE_MIX,PF64_SPARSE_MIX_c1_t3,64,48,0.75,sparse,7.0,0.1,0.1,,0.0,0.0,0.0,0.0,no_slip,True,63,1,3,17938692221565062466,ls_list_marginal_L2,True,17938692221565062466,True,False,False,valid_list_complete,12,12,63,1,2,2,2,126,8064,0,126,0.0034108529798686504,0.015873015873015872
PF64_SPARSE_MIX,PF64_SPARSE_MIX_c1_t3,64,48,0.75,sparse,7.0,0.1,0.1,,0.0,0.0,0.0,0.0,no_slip,True,63,1,3,17938692221565062466,ls_list_marginal_L4,True,17938692221565062466,True,False,False,valid_list_complete,265,263,63,63,4,4,4,252,16128,0,126,0.013751795049756765,1.0
PF64_SPARSE_MIX,PF64_SPARSE_MIX_c1_t3,64,48,0.75,sparse,7.0,0.1,0.1,,0.0,0.0,0.0,0.0,no_slip,True,63,1,3,17938692221565062466,ls_list_marginal_L8,True,17938692221565062466,True,False,False,valid_list_complete,1172,1136,63,63,8,8,8,504,32256,0,126,0.025455679977312684,1.0
PF64_SPARSE_MIX,PF64_SPARSE_MIX_c1_t3,64,48,0.75,sparse,7.0,0.1,0.1,,0.0,0.0,0.0,0.0,no_slip,True,63,1,3,17938692221565062466,latent_osd_batch_o2_s63,True,17938692221565062466,True,False,False,best_marginal_in_osd_union,3528,0,63,63,2654,2654,2654,167202,10700928,3528,63,1.1354596980381757,1.0
PF64_SPARSE_MIX,PF64_SPARSE_MIX_c1_t3,64,48,0.75,sparse,7.0,0.1,0.1,,0.0,0.0,0.0,0.0,no_slip,True,63,1,3,17938692221565062466,plain_osd_batch_o2,True,17938692221565062466,True,False,False,best_marginal_in_osd_union,56,0,1,1,56,56,56,56,3584,56,1,0.02350350993219763,1.0
PF64_SPARSE_MIX,PF64_SPARSE_MIX_c1_t3,64,48,0.75,sparse,7.0,0.1,0.1,,0.0,0.0,0.0,0.0,no_slip,True,63,1,3,17938692221565062466,lsgrand_certified_v1_bound,True,17938692221565062466,True,True,False,strict_unseen_codeword_certificate,1,1,63,1,1,1,0,1,64,0,63,0.002829520031809807,0.015873015873015872
PF64_SPARSE_MIX,PF64_SPARSE_MIX_c1_t4,64,48,0.75,sparse,7.0,0.1,0.1,,0.0,0.0,0.0,0.0,no_slip,True,63,1,4,16256817366682946059,ls_first_valid,True,16256817366682946059,True,False,False,valid_list_complete,1,1,63,1,1,1,0,0,0,0,63,0.0021833800710737705,0.015873015873015872
PF64_SPARSE_MIX,PF64_SPARSE_MIX_c1_t4,64,48,0.75,sparse,7.0,0.1,0.1,,0.0,0.0,0.0,0.0,no_slip,True,63,1,4,16256817366682946059,ls_list_marginal_L2,True,16256817366682946059,True,False,False,valid_list_complete,30,30,63,1,2,2,2,126,8064,0,126,0.0038304670015349984,0.015873015873015872
PF64_SPARSE_MIX,PF64_SPARSE_MIX_c1_t4,64,48,0.75,sparse,7.0,0.1,0.1,,0.0,0.0,0.0,0.0,no_slip,True,63,1,4,16256817366682946059,ls_list_marginal_L4,True,16256817366682946059,True,False,False,valid_list_complete,205,201,63,63,4,4,4,252,16128,0,126,0.005881636985577643,1.0
PF64_SPARSE_MIX,PF64_SPARSE_MIX_c1_t4,64,48,0.75,sparse,7.0,0.1,0.1,,0.0,0.0,0.0,0.0,no_slip,True,63,1,4,16256817366682946059,ls_list_marginal_L8,True,16256817366682946059,True,False,False,valid_list_complete,730,706,63,63,10,8,8,504,32256,0,126,0.011044629965908825,1.0
PF64_SPARSE_MIX,PF64_SPARSE_MIX_c1_t4,64,48,0.75,sparse,7.0,0.1,0.1,,0.0,0.0,0.0,0.0,no_slip,True,63,1,4,16256817366682946059,latent_osd_batch_o2_s63,True,16256817366682946059,True,False,False,best_marginal_in_osd_union,3528,0,63,63,2616,2616,2616,164808,10547712,3528,63,1.0695103160105646,1.0
PF64_SPARSE_MIX,PF64_SPARSE_MIX_c1_t4,64,48,0.75,sparse,7.0,0.1,0.1,,0.0,0.0,0.0,0.0,no_slip,True,63,1,4,16256817366682946059,plain_osd_batch_o2,True,16256817366682946059,True,False,False,best_marginal_in_osd_union,56,0,1,1,56,56,56,56,3584,56,1,0.017902464023791254,1.0
PF64_SPARSE_MIX,PF64_SPARSE_MIX_c1_t4,64,48,0.75,sparse,7.0,0.1,0.1,,0.0,0.0,0.0,0.0,no_slip,True,63,1,4,16256817366682946059,lsgrand_certified_v1_bound,True,16256817366682946059,True,True,False,strict_unseen_codeword_certificate,1,1,63,1,1,1,0,1,64,0,63,0.002182401018217206,0.015873015873015872
PF64_SPARSE_MIX,PF64_SPARSE_MIX_c1_t5,64,48,0.75,sparse,7.0,0.1,0.1,,0.0,0.0,0.0,0.0,no_slip,True,63,1,5,7884316939015513888,ls_first_valid,True,7884316939015513888,True,False,False,valid_list_complete,3,3,63,1,1,1,0,0,0,0,63,0.0019716270035132766,0.015873015873015872
PF64_SPARSE_MIX,PF64_SPARSE_MIX_c1_t5,64,48,0.75,sparse,7.0,0.1,0.1,,0.0,0.0,0.0,0.0,no_slip,True,63,1,5,7884316939015513888,ls_list_marginal_L2,True,7884316939015513888,True,False,False,valid_list_complete,261,257,63,63,2,2,2,126,8064,0,126,0.005934963934123516,1.0
PF64_SPARSE_MIX,PF64_SPARSE_MIX_c1_t5,64,48,0.75,sparse,7.0,0.1,0.1,,0.0,0.0,0.0,0.0,no_slip,True,63,1,5,7884316939015513888,ls_list_marginal_L4,True,7884316939015513888,True,False,False,valid_list_complete,1391,1337,63,63,4,4,4,252,16128,0,126,0.0191935800248757,1.0
PF64_SPARSE_MIX,PF64_SPARSE_MIX_c1_t5,64,48,0.75,sparse,7.0,0.1,0.1,,0.0,0.0,0.0,0.0,no_slip,True,63,1,5,7884316939015513888,ls_list_marginal_L8,True,7884316939015513888,True,False,False,valid_list_complete,3447,3268,63,63,8,8,8,504,32256,0,126,0.04399029503110796,1.0
PF64_SPARSE_MIX,PF64_SPARSE_MIX_c1_t5,64,48,0.75,sparse,7.0,0.1,0.1,,0.0,0.0,0.0,0.0,no_slip,True,63,1,5,7884316939015513888,latent_osd_batch_o2_s63,True,7884316939015513888,True,False,False,best_marginal_in_osd_union,3528,0,63,63,2654,2654,2654,167202,10700928,3528,63,1.1066437129629776,1.0
PF64_SPARSE_MIX,PF64_SPARSE_MIX_c1_t5,64,48,0.75,sparse,7.0,0.1,0.1,,0.0,0.0,0.0,0.0,no_slip,True,63,1,5,7884316939015513888,plain_osd_batch_o2,True,7884316939015513888,True,False,False,best_marginal_in_osd_union,56,0,1,1,56,56,56,56,3584,56,1,0.023020409978926182,1.0
PF64_SPARSE_MIX,PF64_SPARSE_MIX_c1_t5,64,48,0.75,sparse,7.0,0.1,0.1,,0.0,0.0,0.0,0.0,no_slip,True,63,1,5,7884316939015513888,lsgrand_certified_v1_bound,True,7884316939015513888,True,True,False,strict_unseen_codeword_certificate,32,32,63,1,1,1,0,32,2048,0,63,0.003322988050058484,0.015873015873015872
PF64_SPARSE_MIX,PF64_SPARSE_MIX_c1_t6,64,48,0.75,sparse,7.0,0.1,0.1,,0.0,0.0,0.0,0.0,no_slip,True,63,1,6,17878972971880138234,ls_first_valid,True,17878972971880138234,True,False,False,valid_list_complete,2,2,63,1,1,1,0,0,0,0,63,0.0026940699899569154,0.015873015873015872
PF64_SPARSE_MIX,PF64_SPARSE_MIX_c1_t6,64,48,0.75,sparse,7.0,0.1,0.1,,0.0,0.0,0.0,0.0,no_slip,True,63,1,6,17878972971880138234,ls_list_marginal_L2,True,17878972971880138234,True,False,False,valid_list_complete,558,536,63,63,3,2,2,126,8064,0,126,0.01248977705836296,1.0
PF64_SPARSE_MIX,PF64_SPARSE_MIX_c1_t6,64,48,0.75,sparse,7.0,0.1,0.1,,0.0,0.0,0.0,0.0,no_slip,True,63,1,6,17878972971880138234,ls_list_marginal_L4,True,17878972971880138234,True,False,False,valid_list_complete,1373,1308,63,63,5,4,4,252,16128,0,126,0.04001365497242659,1.0
PF64_SPARSE_MIX,PF64_SPARSE_MIX_c1_t6,64,48,0.75,sparse,7.0,0.1,0.1,,0.0,0.0,0.0,0.0,no_slip,True,63,1,6,17878972971880138234,ls_list_marginal_L8,True,17878972971880138234,True,False,False,valid_list_complete,5080,4741,63,63,10,8,8,504,32256,0,126,0.09979033097624779,1.0
PF64_SPARSE_MIX,PF64_SPARSE_MIX_c1_t6,64,48,0.75,sparse,7.0,0.1,0.1,,0.0,0.0,0.0,0.0,no_slip,True,63,1,6,17878972971880138234,latent_osd_batch_o2_s63,True,17878972971880138234,True,False,False,best_marginal_in_osd_union,3528,0,63,63,2494,2494,2494,157122,10055808,3528,63,1.1579049010761082,1.0
PF64_SPARSE_MIX,PF64_SPARSE_MIX_c1_t6,64,48,0.75,sparse,7.0,0.1,0.1,,0.0,0.0,0.0,0.0,no_slip,True,63,1,6,17878972971880138234,plain_osd_batch_o2,True,17878972971880138234,True,False,False,best_marginal_in_osd_union,56,0,1,1,56,56,56,56,3584,56,1,0.025670017930679023,1.0
PF64_SPARSE_MIX,PF64_SPARSE_MIX_c1_t6,64,48,0.75,sparse,7.0,0.1,0.1,,0.0,0.0,0.0,0.0,no_slip,True,63,1,6,17878972971880138234,lsgrand_certified_v1_bound,True,17878972971880138234,True,True,False,strict_unseen_codeword_certificate,2,2,63,1,1,1,0,2,128,0,63,0.0031293800566345453,0.015873015873015872
PF64_SPARSE_MIX,PF64_SPARSE_MIX_c1_t7,64,48,0.75,sparse,7.0,0.1,0.1,,0.0,0.0,0.0,0.0,no_slip,True,63,1,7,13008846016302397179,ls_first_valid,True,13008846016302397179,True,False,False,valid_list_complete,1,1,63,1,1,1,0,0,0,0,63,0.0023731080582365394,0.015873015873015872
PF64_SPARSE_MIX,PF64_SPARSE_MIX_c1_t7,64,48,0.75,sparse,7.0,0.1,0.1,,0.0,0.0,0.0,0.0,no_slip,True,63,1,7,13008846016302397179,ls_list_marginal_L2,True,13008846016302397179,True,False,False,valid_list_complete,254,250,63,63,2,2,2,126,8064,0,126,0.0076495480025187135,1.0
PF64_SPARSE_MIX,PF64_SPARSE_MIX_c1_t7,64,48,0.75,sparse,7.0,0.1,0.1,,0.0,0.0,0.0,0.0,no_slip,True,63,1,7,13008846016302397179,ls_list_marginal_L4,True,13008846016302397179,True,False,False,valid_list_complete,451,440,63,63,4,4,4,252,16128,0,126,0.010201024007983506,1.0
PF64_SPARSE_MIX,PF64_SPARSE_MIX_c1_t7,64,48,0.75,sparse,7.0,0.1,0.1,,0.0,0.0,0.0,0.0,no_slip,True,63,1,7,13008846016302397179,ls_list_marginal_L8,True,13008846016302397179,True,False,False,valid_list_complete,907,882,63,63,8,8,8,504,32256,0,126,0.01686461002100259,1.0
PF64_SPARSE_MIX,PF64_SPARSE_MIX_c1_t7,64,48,0.75,sparse,7.0,0.1,0.1,,0.0,0.0,0.0,0.0,no_slip,True,63,1,7,13008846016302397179,latent_osd_batch_o2_s63,True,13008846016302397179,True,False,False,best_marginal_in_osd_union,3528,0,63,63,2486,2486,2486,156618,10023552,3528,63,1.2584502149838954,1.0
PF64_SPARSE_MIX,PF64_SPARSE_MIX_c1_t7,64,48,0.75,sparse,7.0,0.1,0.1,,0.0,0.0,0.0,0.0,no_slip,True,63,1,7,13008846016302397179,plain_osd_batch_o2,True,13008846016302397179,True,False,False,best_marginal_in_osd_union,56,0,1,1,56,56,56,56,3584,56,1,0.016843762015923858,1.0
PF64_SPARSE_MIX,PF64_SPARSE_MIX_c1_t7,64,48,0.75,sparse,7.0,0.1,0.1,,0.0,0.0,0.0,0.0,no_slip,True,63,1,7,13008846016302397179,lsgrand_certified_v1_bound,True,13008846016302397179,True,True,False,strict_unseen_codeword_certificate,1,1,63,1,1,1,0,1,64,0,63,0.0021405459847301245,0.015873015873015872
PF64_SPARSE_MIX,PF64_SPARSE_MIX_c1_t8,64,48,0.75,sparse,7.0,0.1,0.1,,0.0,0.0,0.0,0.0,no_slip,True,63,1,8,17219031829961228285,ls_first_valid,True,17219031829961228285,True,False,False,valid_list_complete,13,13,63,1,1,1,0,0,0,0,63,0.004073786083608866,0.015873015873015872
PF64_SPARSE_MIX,PF64_SPARSE_MIX_c1_t8,64,48,0.75,sparse,7.0,0.1,0.1,,0.0,0.0,0.0,0.0,no_slip,True,63,1,8,17219031829961228285,ls_list_marginal_L2,True,17219031829961228285,True,False,False,valid_list_complete,97,97,63,63,2,2,2,126,8064,0,126,0.00731051410548389,1.0
PF64_SPARSE_MIX,PF64_SPARSE_MIX_c1_t8,64,48,0.75,sparse,7.0,0.1,0.1,,0.0,0.0,0.0,0.0,no_slip,True,63,1,8,17219031829961228285,ls_list_marginal_L4,True,17219031829961228285,True,False,False,valid_list_complete,1656,1583,63,63,4,4,4,252,16128,0,126,0.03046024707145989,1.0
PF64_SPARSE_MIX,PF64_SPARSE_MIX_c1_t8,64,48,0.75,sparse,7.0,0.1,0.1,,0.0,0.0,0.0,0.0,no_slip,True,63,1,8,17219031829961228285,ls_list_marginal_L8,True,17219031829961228285,True,False,False,valid_list_complete,9813,9184,63,63,8,8,8,504,32256,0,126,0.23222206707578152,1.0
PF64_SPARSE_MIX,PF64_SPARSE_MIX_c1_t8,64,48,0.75,sparse,7.0,0.1,0.1,,0.0,0.0,0.0,0.0,no_slip,True,63,1,8,17219031829961228285,latent_osd_batch_o2_s63,True,17219031829961228285,True,False,False,best_marginal_in_osd_union,3528,0,63,63,2478,2478,2478,156114,9991296,3528,63,1.4209358339430764,1.0
PF64_SPARSE_MIX,PF64_SPARSE_MIX_c1_t8,64,48,0.75,sparse,7.0,0.1,0.1,,0.0,0.0,0.0,0.0,no_slip,True,63,1,8,17219031829961228285,plain_osd_batch_o2,True,17219031829961228285,True,False,False,best_marginal_in_osd_union,56,0,1,1,56,56,56,56,3584,56,1,0.02618308796081692,1.0
PF64_SPARSE_MIX,PF64_SPARSE_MIX_c1_t8,64,48,0.75,sparse,7.0,0.1,0.1,,0.0,0.0,0.0,0.0,no_slip,True,63,1,8,17219031829961228285,lsgrand_certified_v1_bound,True,17219031829961228285,True,True,False,strict_unseen_codeword_certificate,320,320,63,63,2,2,0,320,20480,0,63,0.009551240946166217,1.0
PF64_SPARSE_MIX,PF64_SPARSE_MIX_c1_t9,64,48,0.75,sparse,7.0,0.1,0.1,,0.0,0.0,0.0,0.0,no_slip,True,63,1,9,9683704472108853838,ls_first_valid,True,9683704472108853838,True,False,False,valid_list_complete,3,3,63,1,1,1,0,0,0,0,63,0.003115133033134043,0.015873015873015872
PF64_SPARSE_MIX,PF64_SPARSE_MIX_c1_t9,64,48,0.75,sparse,7.0,0.1,0.1,,0.0,0.0,0.0,0.0,no_slip,True,63,1,9,9683704472108853838,ls_list_marginal_L2,True,9683704472108853838,True,False,False,valid_list_complete,43,43,63,1,2,2,2,126,8064,0,126,0.005715166102163494,0.015873015873015872
PF64_SPARSE_MIX,PF64_SPARSE_MIX_c1_t9,64,48,0.75,sparse,7.0,0.1,0.1,,0.0,0.0,0.0,0.0,no_slip,True,63,1,9,9683704472108853838,ls_list_marginal_L4,True,9683704472108853838,True,False,False,valid_list_complete,398,392,63,63,4,4,4,252,16128,0,126,0.010568542988039553,1.0
PF64_SPARSE_MIX,PF64_SPARSE_MIX_c1_t9,64,48,0.75,sparse,7.0,0.1,0.1,,0.0,0.0,0.0,0.0,no_slip,True,63,1,9,9683704472108853838,ls_list_marginal_L8,True,9683704472108853838,True,False,False,valid_list_complete,2109,1987,63,63,8,8,8,504,32256,0,126,0.032700181007385254,1.0
PF64_SPARSE_MIX,PF64_SPARSE_MIX_c1_t9,64,48,0.75,sparse,7.0,0.1,0.1,,0.0,0.0,0.0,0.0,no_slip,True,63,1,9,9683704472108853838,latent_osd_batch_o2_s63,True,9683704472108853838,True,False,False,best_marginal_in_osd_union,3528,0,63,63,2676,2676,2676,168588,10789632,3528,63,1.1464938899734989,1.0
PF64_SPARSE_MIX,PF64_SPARSE_MIX_c1_t9,64,48,0.75,sparse,7.0,0.1,0.1,,0.0,0.0,0.0,0.0,no_slip,True,63,1,9,9683704472108853838,plain_osd_batch_o2,True,9683704472108853838,True,False,False,best_marginal_in_osd_union,56,0,1,1,56,56,56,56,3584,56,1,0.021614497993141413,1.0
PF64_SPARSE_MIX,PF64_SPARSE_MIX_c1_t9,64,48,0.75,sparse,7.0,0.1,0.1,,0.0,0.0,0.0,0.0,no_slip,True,63,1,9,9683704472108853838,lsgrand_certified_v1_bound,True,9683704472108853838,True,True,False,strict_unseen_codeword_certificate,3,3,63,1,1,1,0,3,192,0,63,0.0028827720088884234,0.015873015873015872
PF64_SPARSE_MIX,PF64_SPARSE_MIX_c1_t10,64,48,0.75,sparse,7.0,0.1,0.1,,0.0,0.0,0.0,0.0,no_slip,True,63,1,10,6734392707592866589,ls_first_valid,True,6734392707592866589,True,False,False,valid_list_complete,2,2,63,1,1,1,0,0,0,0,63,0.002340695937164128,0.015873015873015872
PF64_SPARSE_MIX,PF64_SPARSE_MIX_c1_t10,64,48,0.75,sparse,7.0,0.1,0.1,,0.0,0.0,0.0,0.0,no_slip,True,63,1,10,6734392707592866589,ls_list_marginal_L2,True,6734392707592866589,True,False,False,valid_list_complete,538,520,63,63,2,2,2,126,8064,0,126,0.01217074110172689,1.0
PF64_SPARSE_MIX,PF64_SPARSE_MIX_c1_t10,64,48,0.75,sparse,7.0,0.1,0.1,,0.0,0.0,0.0,0.0,no_slip,True,63,1,10,6734392707592866589,ls_list_marginal_L4,True,6734392707592866589,True,False,False,valid_list_complete,2217,2098,63,63,4,4,4,252,16128,0,126,0.03668439493048936,1.0
PF64_SPARSE_MIX,PF64_SPARSE_MIX_c1_t10,64,48,0.75,sparse,7.0,0.1,0.1,,0.0,0.0,0.0,0.0,no_slip,True,63,1,10,6734392707592866589,ls_list_marginal_L8,True,6734392707592866589,True,False,False,valid_list_complete,5926,5526,63,63,9,8,8,504,32256,0,126,0.0800870859529823,1.0
PF64_SPARSE_MIX,PF64_SPARSE_MIX_c1_t10,64,48,0.75,sparse,7.0,0.1,0.1,,0.0,0.0,0.0,0.0,no_slip,True,63,1,10,6734392707592866589,latent_osd_batch_o2_s63,True,6734392707592866589,True,False,False,best_marginal_in_osd_union,3528,0,63,63,2656,2656,2656,167328,10708992,3528,63,1.1578868778888136,1.0
PF64_SPARSE_MIX,PF64_SPARSE_MIX_c1_t10,64,48,0.75,sparse,7.0,0.1,0.1,,0.0,0.0,0.0,0.0,no_slip,True,63,1,10,6734392707592866589,plain_osd_batch_o2,True,6734392707592866589,True,False,False,best_marginal_in_osd_union,56,0,1,1,56,56,56,56,3584,56,1,0.01942581497132778,1.0
PF64_SPARSE_MIX,PF64_SPARSE_MIX_c1_t10,64,48,0.75,sparse,7.0,0.1,0.1,,0.0,0.0,0.0,0.0,no_slip,True,63,1,10,6734392707592866589,lsgrand_certified_v1_bound,True,6734392707592866589,True,True,False,strict_unseen_codeword_certificate,2,2,63,1,1,1,0,2,128,0,63,0.0029410180868580937,0.015873015873015872
PF64_SPARSE_MIX,PF64_SPARSE_MIX_c1_t11,64,48,0.75,sparse,7.0,0.1,0.1,,0.0,0.0,0.0,0.0,no_slip,True,63,1,11,1582785206648551380,ls_first_valid,True,1582785206648551380,True,False,False,valid_list_complete,1,1,63,1,1,1,0,0,0,0,63,0.0023406679974868894,0.015873015873015872
PF64_SPARSE_MIX,PF64_SPARSE_MIX_c1_t11,64,48,0.75,sparse,7.0,0.1,0.1,,0.0,0.0,0.0,0.0,no_slip,True,63,1,11,1582785206648551380,ls_list_marginal_L2,True,1582785206648551380,True,False,False,valid_list_complete,160,156,63,63,2,2,2,126,8064,0,126,0.007911283988505602,1.0
PF64_SPARSE_MIX,PF64_SPARSE_MIX_c1_t11,64,48,0.75,sparse,7.0,0.1,0.1,,0.0,0.0,0.0,0.0,no_slip,True,63,1,11,1582785206648551380,ls_list_marginal_L4,True,1582785206648551380,True,False,False,valid_list_complete,251,244,63,63,4,4,4,252,16128,0,126,0.007367982063442469,1.0
PF64_SPARSE_MIX,PF64_SPARSE_MIX_c1_t11,64,48,0.75,sparse,7.0,0.1,0.1,,0.0,0.0,0.0,0.0,no_slip,True,63,1,11,1582785206648551380,ls_list_marginal_L8,True,1582785206648551380,True,False,False,valid_list_complete,1737,1653,63,63,9,8,8,504,32256,0,126,0.03404184989631176,1.0
PF64_SPARSE_MIX,PF64_SPARSE_MIX_c1_t11,64,48,0.75,sparse,7.0,0.1,0.1,,0.0,0.0,0.0,0.0,no_slip,True,63,1,11,1582785206648551380,latent_osd_batch_o2_s63,True,1582785206648551380,True,False,False,best_marginal_in_osd_union,3528,0,63,63,2584,2584,2584,162792,10418688,3528,63,1.246051859925501,1.0
PF64_SPARSE_MIX,PF64_SPARSE_MIX_c1_t11,64,48,0.75,sparse,7.0,0.1,0.1,,0.0,0.0,0.0,0.0,no_slip,True,63,1,11,1582785206648551380,plain_osd_batch_o2,True,1582785206648551380,True,False,False,best_marginal_in_osd_union,56,0,1,1,56,56,56,56,3584,56,1,0.020529348985292017,1.0
PF64_SPARSE_MIX,PF64_SPARSE_MIX_c1_t11,64,48,0.75,sparse,7.0,0.1,0.1,,0.0,0.0,0.0,0.0,no_slip,True,63,1,11,1582785206648551380,lsgrand_certified_v1_bound,True,1582785206648551380,True,True,False,strict_unseen_codeword_certificate,1,1,63,1,1,1,0,1,64,0,63,0.002733862027525902,0.015873015873015872
PF64_SPARSE_MIX,PF64_SPARSE_MIX_c1_t12,64,48,0.75,sparse,7.0,0.1,0.1,,0.0,0.0,0.0,0.0,no_slip,True,63,1,12,9694474834622533571,ls_first_valid,True,9694474834622533571,True,False,False,valid_list_complete,102,101,63,63,1,1,0,0,0,0,63,0.006194893969222903,1.0
PF64_SPARSE_MIX,PF64_SPARSE_MIX_c1_t12,64,48,0.75,sparse,7.0,0.1,0.1,,0.0,0.0,0.0,0.0,no_slip,True,63,1,12,9694474834622533571,ls_list_marginal_L2,True,9694474834622533571,True,False,False,valid_list_complete,981,945,63,63,2,2,2,126,8064,0,126,0.02061350701842457,1.0
PF64_SPARSE_MIX,PF64_SPARSE_MIX_c1_t12,64,48,0.75,sparse,7.0,0.1,0.1,,0.0,0.0,0.0,0.0,no_slip,True,63,1,12,9694474834622533571,ls_list_marginal_L4,True,9694474834622533571,True,False,False,valid_list_complete,9135,8508,63,63,5,4,4,252,16128,0,126,0.1328175909584388,1.0
PF64_SPARSE_MIX,PF64_SPARSE_MIX_c1_t12,64,48,0.75,sparse,7.0,0.1,0.1,,0.0,0.0,0.0,0.0,no_slip,True,63,1,12,9694474834622533571,ls_list_marginal_L8,True,9694474834622533571,True,False,False,valid_list_complete,20000,18419,63,63,9,8,8,504,32256,0,126,0.30915367999114096,1.0
PF64_SPARSE_MIX,PF64_SPARSE_MIX_c1_t12,64,48,0.75,sparse,7.0,0.1,0.1,,0.0,0.0,0.0,0.0,no_slip,True,63,1,12,9694474834622533571,latent_osd_batch_o2_s63,True,9694474834622533571,True,False,False,best_marginal_in_osd_union,3528,0,63,63,2586,2586,2586,162918,10426752,3528,63,1.2374793810304254,1.0
PF64_SPARSE_MIX,PF64_SPARSE_MIX_c1_t12,64,48,0.75,sparse,7.0,0.1,0.1,,0.0,0.0,0.0,0.0,no_slip,True,63,1,12,9694474834622533571,plain_osd_batch_o2,True,9694474834622533571,True,False,False,best_marginal_in_osd_union,56,0,1,1,56,56,56,56,3584,56,1,0.018466518027707934,1.0
PF64_SPARSE_MIX,PF64_SPARSE_MIX_c1_t12,64,48,0.75,sparse,7.0,0.1,0.1,,0.0,0.0,0.0,0.0,no_slip,True,63,1,12,9694474834622533571,lsgrand_certified_v1_bound,True,9694474834622533571,True,True,False,strict_unseen_codeword_certificate,960,960,63,63,1,1,0,960,61440,0,63,0.021999299060553312,1.0
PF64_SPARSE_MIX,PF64_SPARSE_MIX_c1_t13,64,48,0.75,sparse,7.0,0.1,0.1,,0.0,0.0,0.0,0.0,no_slip,True,63,1,13,2698238301857357059,ls_first_valid,True,2698238301857357059,True,False,False,valid_list_complete,5,5,63,1,1,1,0,0,0,0,63,0.003009299049153924,0.015873015873015872
PF64_SPARSE_MIX,PF64_SPARSE_MIX_c1_t13,64,48,0.75,sparse,7.0,0.1,0.1,,0.0,0.0,0.0,0.0,no_slip,True,63,1,13,2698238301857357059,ls_list_marginal_L2,True,2698238301857357059,True,False,False,valid_list_complete,36,36,63,1,2,2,2,126,8064,0,126,0.0044887050753459334,0.015873015873015872
PF64_SPARSE_MIX,PF64_SPARSE_MIX_c1_t13,64,48,0.75,sparse,7.0,0.1,0.1,,0.0,0.0,0.0,0.0,no_slip,True,63,1,13,2698238301857357059,ls_list_marginal_L4,True,2698238301857357059,True,False,False,valid_list_complete,2283,2211,63,63,4,4,4,252,16128,0,126,0.04044596501626074,1.0
PF64_SPARSE_MIX,PF64_SPARSE_MIX_c1_t13,64,48,0.75,sparse,7.0,0.1,0.1,,0.0,0.0,0.0,0.0,no_slip,True,63,1,13,2698238301857357059,ls_list_marginal_L8,True,2698238301857357059,True,False,False,valid_list_complete,7356,7016,63,63,8,8,8,504,32256,0,126,0.1262259940849617,1.0
PF64_SPARSE_MIX,PF64_SPARSE_MIX_c1_t13,64,48,0.75,sparse,7.0,0.1,0.1,,0.0,0.0,0.0,0.0,no_slip,True,63,1,13,2698238301857357059,latent_osd_batch_o2_s63,True,2698238301857357059,True,False,False,best_marginal_in_osd_union,3528,0,63,63,2795,2795,2795,176085,11269440,3528,63,1.3923340709879994,1.0
PF64_SPARSE_MIX,PF64_SPARSE_MIX_c1_t13,64,48,0.75,sparse,7.0,0.1,0.1,,0.0,0.0,0.0,0.0,no_slip,True,63,1,13,2698238301857357059,plain_osd_batch_o2,True,2698238301857357059,True,False,False,best_marginal_in_osd_union,56,0,1,1,56,56,56,56,3584,56,1,0.027344885980710387,1.0
PF64_SPARSE_MIX,PF64_SPARSE_MIX_c1_t13,64,48,0.75,sparse,7.0,0.1,0.1,,0.0,0.0,0.0,0.0,no_slip,True,63,1,13,2698238301857357059,lsgrand_certified_v1_bound,True,2698238301857357059,True,True,False,strict_unseen_codeword_certificate,64,64,63,28,2,2,0,64,4096,0,63,0.0038793650455772877,0.4444444444444444
PF64_SPARSE_MIX,PF64_SPARSE_MIX_c1_t14,64,48,0.75,sparse,7.0,0.1,0.1,,0.0,0.0,0.0,0.0,no_slip,True,63,1,14,1120155318583868023,ls_first_valid,True,1120155318583868023,True,False,False,valid_list_complete,1,1,63,1,1,1,0,0,0,0,63,0.0022876280127093196,0.015873015873015872
PF64_SPARSE_MIX,PF64_SPARSE_MIX_c1_t14,64,48,0.75,sparse,7.0,0.1,0.1,,0.0,0.0,0.0,0.0,no_slip,True,63,1,14,1120155318583868023,ls_list_marginal_L2,True,1120155318583868023,True,False,False,valid_list_complete,307,303,63,63,2,2,2,126,8064,0,126,0.008035221952013671,1.0
PF64_SPARSE_MIX,PF64_SPARSE_MIX_c1_t14,64,48,0.75,sparse,7.0,0.1,0.1,,0.0,0.0,0.0,0.0,no_slip,True,63,1,14,1120155318583868023,ls_list_marginal_L4,True,1120155318583868023,True,False,False,valid_list_complete,491,481,63,63,4,4,4,252,16128,0,126,0.010330469929613173,1.0
PF64_SPARSE_MIX,PF64_SPARSE_MIX_c1_t14,64,48,0.75,sparse,7.0,0.1,0.1,,0.0,0.0,0.0,0.0,no_slip,True,63,1,14,1120155318583868023,ls_list_marginal_L8,True,1120155318583868023,True,False,False,valid_list_complete,928,906,63,63,9,8,8,504,32256,0,126,0.01658974203746766,1.0
PF64_SPARSE_MIX,PF64_SPARSE_MIX_c1_t14,64,48,0.75,sparse,7.0,0.1,0.1,,0.0,0.0,0.0,0.0,no_slip,True,63,1,14,1120155318583868023,latent_osd_batch_o2_s63,True,1120155318583868023,True,False,False,best_marginal_in_osd_union,3528,0,63,63,2533,2533,2533,159579,10213056,3528,63,1.3392926659435034,1.0
PF64_SPARSE_MIX,PF64_SPARSE_MIX_c1_t14,64,48,0.75,sparse,7.0,0.1,0.1,,0.0,0.0,0.0,0.0,no_slip,True,63,1,14,1120155318583868023,plain_osd_batch_o2,True,1120155318583868023,True,False,False,best_marginal_in_osd_union,56,0,1,1,56,56,56,56,3584,56,1,0.01705505803693086,1.0
PF64_SPARSE_MIX,PF64_SPARSE_MIX_c1_t14,64,48,0.75,sparse,7.0,0.1,0.1,,0.0,0.0,0.0,0.0,no_slip,True,63,1,14,1120155318583868023,lsgrand_certified_v1_bound,True,1120155318583868023,True,True,False,strict_unseen_codeword_certificate,1,1,63,1,1,1,0,1,64,0,63,0.002076638047583401,0.015873015873015872
PF64_SPARSE_MIX,PF64_SPARSE_MIX_c1_t15,64,48,0.75,sparse,7.0,0.1,0.1,,0.0,0.0,0.0,0.0,no_slip,True,63,1,15,11858742476390851101,ls_first_valid,True,11858742476390851101,True,False,False,valid_list_complete,5,5,63,1,1,1,0,0,0,0,63,0.00199627794791013,0.015873015873015872
PF64_SPARSE_MIX,PF64_SPARSE_MIX_c1_t15,64,48,0.75,sparse,7.0,0.1,0.1,,0.0,0.0,0.0,0.0,no_slip,True,63,1,15,11858742476390851101,ls_list_marginal_L2,True,11858742476390851101,True,False,False,valid_list_complete,17,17,63,1,2,2,2,126,8064,0,126,0.003818728029727936,0.015873015873015872
PF64_SPARSE_MIX,PF64_SPARSE_MIX_c1_t15,64,48,0.75,sparse,7.0,0.1,0.1,,0.0,0.0,0.0,0.0,no_slip,True,63,1,15,11858742476390851101,ls_list_marginal_L4,True,11858742476390851101,True,False,False,valid_list_complete,291,287,63,63,4,4,4,252,16128,0,126,0.005915278918109834,1.0
PF64_SPARSE_MIX,PF64_SPARSE_MIX_c1_t15,64,48,0.75,sparse,7.0,0.1,0.1,,0.0,0.0,0.0,0.0,no_slip,True,63,1,15,11858742476390851101,ls_list_marginal_L8,True,11858742476390851101,True,False,False,valid_list_complete,1433,1375,63,63,8,8,8,504,32256,0,126,0.01762261299882084,1.0
PF64_SPARSE_MIX,PF64_SPARSE_MIX_c1_t15,64,48,0.75,sparse,7.0,0.1,0.1,,0.0,0.0,0.0,0.0,no_slip,True,63,1,15,11858742476390851101,latent_osd_batch_o2_s63,True,11858742476390851101,True,False,False,best_marginal_in_osd_union,3528,0,63,63,2677,2677,2677,168651,10793664,3528,63,1.167361024999991,1.0
PF64_SPARSE_MIX,PF64_SPARSE_MIX_c1_t15,64,48,0.75,sparse,7.0,0.1,0.1,,0.0,0.0,0.0,0.0,no_slip,True,63,1,15,11858742476390851101,plain_osd_batch_o2,True,11858742476390851101,True,False,False,best_marginal_in_osd_union,56,0,1,1,56,56,56,56,3584,56,1,0.015263342997059226,1.0
PF64_SPARSE_MIX,PF64_SPARSE_MIX_c1_t15,64,48,0.75,sparse,7.0,0.1,0.1,,0.0,0.0,0.0,0.0,no_slip,True,63,1,15,11858742476390851101,lsgrand_certified_v1_bound,True,11858742476390851101,True,True,False,strict_unseen_codeword_certificate,96,96,63,63,3,3,0,96,6144,0,63,0.0036748279817402363,1.0
PF64_SPARSE_MIX,PF64_SPARSE_MIX_c1_t16,64,48,0.75,sparse,7.0,0.1,0.1,,0.0,0.0,0.0,0.0,no_slip,True,63,1,16,9646525822442568174,ls_first_valid,True,9646525822442568174,True,False,False,valid_list_complete,2,2,63,1,1,1,0,0,0,0,63,0.0020786679815500975,0.015873015873015872
PF64_SPARSE_MIX,PF64_SPARSE_MIX_c1_t16,64,48,0.75,sparse,7.0,0.1,0.1,,0.0,0.0,0.0,0.0,no_slip,True,63,1,16,9646525822442568174,ls_list_marginal_L2,True,9646525822442568174,True,False,False,valid_list_complete,29,29,63,1,2,2,2,126,8064,0,126,0.003715145052410662,0.015873015873015872
PF64_SPARSE_MIX,PF64_SPARSE_MIX_c1_t16,64,48,0.75,sparse,7.0,0.1,0.1,,0.0,0.0,0.0,0.0,no_slip,True,63,1,16,9646525822442568174,ls_list_marginal_L4,True,9646525822442568174,True,False,False,valid_list_complete,935,883,63,63,4,4,4,252,16128,0,126,0.012837321031838655,1.0
PF64_SPARSE_MIX,PF64_SPARSE_MIX_c1_t16,64,48,0.75,sparse,7.0,0.1,0.1,,0.0,0.0,0.0,0.0,no_slip,True,63,1,16,9646525822442568174,ls_list_marginal_L8,True,9646525822442568174,True,False,False,valid_list_complete,2124,1996,63,63,9,8,8,504,32256,0,126,0.026438815984874964,1.0
PF64_SPARSE_MIX,PF64_SPARSE_MIX_c1_t16,64,48,0.75,sparse,7.0,0.1,0.1,,0.0,0.0,0.0,0.0,no_slip,True,63,1,16,9646525822442568174,latent_osd_batch_o2_s63,True,9646525822442568174,True,False,False,best_marginal_in_osd_union,3528,0,63,63,2682,2682,2682,168966,10813824,3528,63,1.0638387670041993,1.0
PF64_SPARSE_MIX,PF64_SPARSE_MIX_c1_t16,64,48,0.75,sparse,7.0,0.1,0.1,,0.0,0.0,0.0,0.0,no_slip,True,63,1,16,9646525822442568174,plain_osd_batch_o2,True,9646525822442568174,True,False,False,best_marginal_in_osd_union,56,0,1,1,56,56,56,56,3584,56,1,0.02457294799387455,1.0
PF64_SPARSE_MIX,PF64_SPARSE_MIX_c1_t16,64,48,0.75,sparse,7.0,0.1,0.1,,0.0,0.0,0.0,0.0,no_slip,True,63,1,16,9646525822442568174,lsgrand_certified_v1_bound,True,9646525822442568174,True,True,False,strict_unseen_codeword_certificate,29,29,63,1,2,2,0,29,1856,0,63,0.004995835013687611,0.015873015873015872
PF64_SPARSE_MIX,PF64_SPARSE_MIX_c1_t17,64,48,0.75,sparse,7.0,0.1,0.1,,0.0,0.0,0.0,0.0,no_slip,True,63,1,17,10969629481279796450,ls_first_valid,True,10969629481279796450,True,False,False,valid_list_complete,1,1,63,1,1,1,0,0,0,0,63,0.0024418950779363513,0.015873015873015872
PF64_SPARSE_MIX,PF64_SPARSE_MIX_c1_t17,64,48,0.75,sparse,7.0,0.1,0.1,,0.0,0.0,0.0,0.0,no_slip,True,63,1,17,10969629481279796450,ls_list_marginal_L2,True,10969629481279796450,True,False,False,valid_list_complete,308,304,63,63,2,2,2,126,8064,0,126,0.006946969078853726,1.0
PF64_SPARSE_MIX,PF64_SPARSE_MIX_c1_t17,64,48,0.75,sparse,7.0,0.1,0.1,,0.0,0.0,0.0,0.0,no_slip,True,63,1,17,10969629481279796450,ls_list_marginal_L4,True,10969629481279796450,True,False,False,valid_list_complete,861,841,63,63,4,4,4,252,16128,0,126,0.012226001010276377,1.0
PF64_SPARSE_MIX,PF64_SPARSE_MIX_c1_t17,64,48,0.75,sparse,7.0,0.1,0.1,,0.0,0.0,0.0,0.0,no_slip,True,63,1,17,10969629481279796450,ls_list_marginal_L8,True,10969629481279796450,True,False,False,valid_list_complete,1745,1689,63,63,8,8,8,504,32256,0,126,0.022940714959986508,1.0
PF64_SPARSE_MIX,PF64_SPARSE_MIX_c1_t17,64,48,0.75,sparse,7.0,0.1,0.1,,0.0,0.0,0.0,0.0,no_slip,True,63,1,17,10969629481279796450,latent_osd_batch_o2_s63,True,10969629481279796450,True,False,False,best_marginal_in_osd_union,3528,0,63,63,2597,2597,2597,163611,10471104,3528,63,1.0154407300287858,1.0
PF64_SPARSE_MIX,PF64_SPARSE_MIX_c1_t17,64,48,0.75,sparse,7.0,0.1,0.1,,0.0,0.0,0.0,0.0,no_slip,True,63,1,17,10969629481279796450,plain_osd_batch_o2,True,10969629481279796450,True,False,False,best_marginal_in_osd_union,56,0,1,1,56,56,56,56,3584,56,1,0.01517267501913011,1.0
PF64_SPARSE_MIX,PF64_SPARSE_MIX_c1_t17,64,48,0.75,sparse,7.0,0.1,0.1,,0.0,0.0,0.0,0.0,no_slip,True,63,1,17,10969629481279796450,lsgrand_certified_v1_bound,True,10969629481279796450,True,True,False,strict_unseen_codeword_certificate,1,1,63,1,1,1,0,1,64,0,63,0.002227807999588549,0.015873015873015872
PF64_SPARSE_MIX,PF64_SPARSE_MIX_c1_t18,64,48,0.75,sparse,7.0,0.1,0.1,,0.0,0.0,0.0,0.0,no_slip,True,63,1,18,16085193057754005327,ls_first_valid,True,16085193057754005327,True,False,False,valid_list_complete,1,1,63,1,1,1,0,0,0,0,63,0.0016936729662120342,0.015873015873015872
PF64_SPARSE_MIX,PF64_SPARSE_MIX_c1_t18,64,48,0.75,sparse,7.0,0.1,0.1,,0.0,0.0,0.0,0.0,no_slip,True,63,1,18,16085193057754005327,ls_list_marginal_L2,True,16085193057754005327,True,False,False,valid_list_complete,15,15,63,1,2,2,2,126,8064,0,126,0.0031095528975129128,0.015873015873015872
PF64_SPARSE_MIX,PF64_SPARSE_MIX_c1_t18,64,48,0.75,sparse,7.0,0.1,0.1,,0.0,0.0,0.0,0.0,no_slip,True,63,1,18,16085193057754005327,ls_list_marginal_L4,True,16085193057754005327,True,False,False,valid_list_complete,1598,1512,63,63,4,4,4,252,16128,0,126,0.0193876379635185,1.0
PF64_SPARSE_MIX,PF64_SPARSE_MIX_c1_t18,64,48,0.75,sparse,7.0,0.1,0.1,,0.0,0.0,0.0,0.0,no_slip,True,63,1,18,16085193057754005327,ls_list_marginal_L8,True,16085193057754005327,True,False,False,valid_list_complete,3791,3546,63,63,8,8,8,504,32256,0,126,0.04390902502927929,1.0
PF64_SPARSE_MIX,PF64_SPARSE_MIX_c1_t18,64,48,0.75,sparse,7.0,0.1,0.1,,0.0,0.0,0.0,0.0,no_slip,True,63,1,18,16085193057754005327,latent_osd_batch_o2_s63,True,16085193057754005327,True,False,False,best_marginal_in_osd_union,3528,0,63,63,2613,2613,2613,164619,10535616,3528,63,1.0208650690037757,1.0
PF64_SPARSE_MIX,PF64_SPARSE_MIX_c1_t18,64,48,0.75,sparse,7.0,0.1,0.1,,0.0,0.0,0.0,0.0,no_slip,True,63,1,18,16085193057754005327,plain_osd_batch_o2,True,16085193057754005327,True,False,False,best_marginal_in_osd_union,56,0,1,1,56,56,56,56,3584,56,1,0.017390869092196226,1.0
PF64_SPARSE_MIX,PF64_SPARSE_MIX_c1_t18,64,48,0.75,sparse,7.0,0.1,0.1,,0.0,0.0,0.0,0.0,no_slip,True,63,1,18,16085193057754005327,lsgrand_certified_v1_bound,True,16085193057754005327,True,True,False,strict_unseen_codeword_certificate,1,1,63,1,1,1,0,1,64,0,63,0.002211887971498072,0.015873015873015872
PF64_SPARSE_MIX,PF64_SPARSE_MIX_c1_t19,64,48,0.75,sparse,7.0,0.1,0.1,,0.0,0.0,0.0,0.0,no_slip,True,63,1,19,17380388949777373554,ls_first_valid,True,17380388949777373554,True,False,False,valid_list_complete,1,1,63,1,1,1,0,0,0,0,63,0.003103081020526588,0.015873015873015872
PF64_SPARSE_MIX,PF64_SPARSE_MIX_c1_t19,64,48,0.75,sparse,7.0,0.1,0.1,,0.0,0.0,0.0,0.0,no_slip,True,63,1,19,17380388949777373554,ls_list_marginal_L2,True,17380388949777373554,True,False,False,valid_list_complete,43,43,63,1,2,2,2,126,8064,0,126,0.007277834927663207,0.015873015873015872
PF64_SPARSE_MIX,PF64_SPARSE_MIX_c1_t19,64,48,0.75,sparse,7.0,0.1,0.1,,0.0,0.0,0.0,0.0,no_slip,True,63,1,19,17380388949777373554,ls_list_marginal_L4,True,17380388949777373554,True,False,False,valid_list_complete,216,214,63,63,4,4,4,252,16128,0,126,0.005784675013273954,1.0
PF64_SPARSE_MIX,PF64_SPARSE_MIX_c1_t19,64,48,0.75,sparse,7.0,0.1,0.1,,0.0,0.0,0.0,0.0,no_slip,True,63,1,19,17380388949777373554,ls_list_marginal_L8,True,17380388949777373554,True,False,False,valid_list_complete,1325,1277,63,63,8,8,8,504,32256,0,126,0.028511071926914155,1.0
PF64_SPARSE_MIX,PF64_SPARSE_MIX_c1_t19,64,48,0.75,sparse,7.0,0.1,0.1,,0.0,0.0,0.0,0.0,no_slip,True,63,1,19,17380388949777373554,latent_osd_batch_o2_s63,True,17380388949777373554,True,False,False,best_marginal_in_osd_union,3528,0,63,63,2634,2634,2634,165942,10620288,3528,63,1.079562779981643,1.0
PF64_SPARSE_MIX,PF64_SPARSE_MIX_c1_t19,64,48,0.75,sparse,7.0,0.1,0.1,,0.0,0.0,0.0,0.0,no_slip,True,63,1,19,17380388949777373554,plain_osd_batch_o2,True,17380388949777373554,True,False,False,best_marginal_in_osd_union,56,0,1,1,56,56,56,56,3584,56,1,0.020308799925260246,1.0
PF64_SPARSE_MIX,PF64_SPARSE_MIX_c1_t19,64,48,0.75,sparse,7.0,0.1,0.1,,0.0,0.0,0.0,0.0,no_slip,True,63,1,19,17380388949777373554,lsgrand_certified_v1_bound,True,17380388949777373554,True,True,False,strict_unseen_codeword_certificate,1,1,63,1,1,1,0,1,64,0,63,0.0035000130301341414,0.015873015873015872
PF64_DENSE_PHASE,PF64_DENSE_PHASE_c0_t0,64,48,0.75,dense,8.0,0.5,0.5,0.25,0.0,0.35,1.0,0.0,no_slip,True,63,0,0,5669223163369933079,ls_first_valid,True,5669223163369933079,True,False,False,valid_list_complete,1,1,63,1,1,1,0,0,0,0,63,0.002465629018843174,0.015873015873015872
PF64_DENSE_PHASE,PF64_DENSE_PHASE_c0_t0,64,48,0.75,dense,8.0,0.5,0.5,0.25,0.0,0.35,1.0,0.0,no_slip,True,63,0,0,5669223163369933079,ls_list_marginal_L2,True,5669223163369933079,True,False,False,valid_list_complete,56353,50705,63,63,4,2,2,126,8064,0,126,0.7315560060087591,1.0
PF64_DENSE_PHASE,PF64_DENSE_PHASE_c0_t0,64,48,0.75,dense,8.0,0.5,0.5,0.25,0.0,0.35,1.0,0.0,no_slip,True,63,0,0,5669223163369933079,ls_list_marginal_L4,True,5669223163369933079,True,False,True,query_cap_before_list,60000,53930,63,63,4,2,2,126,8064,0,126,0.8494350760011002,1.0
PF64_DENSE_PHASE,PF64_DENSE_PHASE_c0_t0,64,48,0.75,dense,8.0,0.5,0.5,0.25,0.0,0.35,1.0,0.0,no_slip,True,63,0,0,5669223163369933079,ls_list_marginal_L8,True,5669223163369933079,True,False,True,query_cap_before_list,60000,53930,63,63,4,2,2,126,8064,0,126,0.939071455039084,1.0
PF64_DENSE_PHASE,PF64_DENSE_PHASE_c0_t0,64,48,0.75,dense,8.0,0.5,0.5,0.25,0.0,0.35,1.0,0.0,no_slip,True,63,0,0,5669223163369933079,latent_osd_batch_o2_s63,True,5669223163369933079,True,False,False,best_marginal_in_osd_union,3528,0,63,63,2521,2521,2521,158823,10164672,3528,63,1.0414603009121493,1.0
PF64_DENSE_PHASE,PF64_DENSE_PHASE_c0_t0,64,48,0.75,dense,8.0,0.5,0.5,0.25,0.0,0.35,1.0,0.0,no_slip,True,63,0,0,5669223163369933079,plain_osd_batch_o2,True,5669223163369933079,True,False,False,best_marginal_in_osd_union,56,0,1,1,56,56,56,56,3584,56,1,0.014884085045196116,1.0
PF64_DENSE_PHASE,PF64_DENSE_PHASE_c0_t0,64,48,0.75,dense,8.0,0.5,0.5,0.25,0.0,0.35,1.0,0.0,no_slip,True,63,0,0,5669223163369933079,lsgrand_certified_v1_bound,True,5669223163369933079,True,True,False,strict_unseen_codeword_certificate,64,64,63,51,1,1,0,64,4096,0,63,0.0026575480587780476,0.8095238095238095
PF64_DENSE_PHASE,PF64_DENSE_PHASE_c0_t1,64,48,0.75,dense,8.0,0.5,0.5,0.25,0.0,0.35,1.0,0.0,no_slip,True,63,0,1,141206821287916021,ls_first_valid,True,141206821287916021,True,False,False,valid_list_complete,3,3,63,1,1,1,0,0,0,0,63,0.0018219419289380312,0.015873015873015872
PF64_DENSE_PHASE,PF64_DENSE_PHASE_c0_t1,64,48,0.75,dense,8.0,0.5,0.5,0.25,0.0,0.35,1.0,0.0,no_slip,True,63,0,1,141206821287916021,ls_list_marginal_L2,True,141206821287916021,True,False,True,query_cap_before_list,60000,54497,63,63,2,1,1,63,4032,0,126,0.7124703970039263,1.0
PF64_DENSE_PHASE,PF64_DENSE_PHASE_c0_t1,64,48,0.75,dense,8.0,0.5,0.5,0.25,0.0,0.35,1.0,0.0,no_slip,True,63,0,1,141206821287916021,ls_list_marginal_L4,True,141206821287916021,True,False,True,query_cap_before_list,60000,54497,63,63,2,1,1,63,4032,0,126,0.8234782080398872,1.0
PF64_DENSE_PHASE,PF64_DENSE_PHASE_c0_t1,64,48,0.75,dense,8.0,0.5,0.5,0.25,0.0,0.35,1.0,0.0,no_slip,True,63,0,1,141206821287916021,ls_list_marginal_L8,True,141206821287916021,True,False,True,query_cap_before_list,60000,54497,63,63,2,1,1,63,4032,0,126,0.7287893620086834,1.0
PF64_DENSE_PHASE,PF64_DENSE_PHASE_c0_t1,64,48,0.75,dense,8.0,0.5,0.5,0.25,0.0,0.35,1.0,0.0,no_slip,True,63,0,1,141206821287916021,latent_osd_batch_o2_s63,True,141206821287916021,True,False,False,best_marginal_in_osd_union,3528,0,63,63,2607,2607,2607,164241,10511424,3528,63,1.2617996609769762,1.0
PF64_DENSE_PHASE,PF64_DENSE_PHASE_c0_t1,64,48,0.75,dense,8.0,0.5,0.5,0.25,0.0,0.35,1.0,0.0,no_slip,True,63,0,1,141206821287916021,plain_osd_batch_o2,True,141206821287916021,True,False,False,best_marginal_in_osd_union,56,0,1,1,56,56,56,56,3584,56,1,0.021494417916983366,1.0
PF64_DENSE_PHASE,PF64_DENSE_PHASE_c0_t1,64,48,0.75,dense,8.0,0.5,0.5,0.25,0.0,0.35,1.0,0.0,no_slip,True,63,0,1,141206821287916021,lsgrand_certified_v1_bound,True,141206821287916021,True,True,False,strict_unseen_codeword_certificate,160,160,63,63,1,1,0,160,10240,0,63,0.005363223026506603,1.0
PF64_DENSE_PHASE,PF64_DENSE_PHASE_c0_t2,64,48,0.75,dense,8.0,0.5,0.5,0.25,0.0,0.35,1.0,0.0,no_slip,True,63,0,2,8762247846848440574,ls_first_valid,True,8762247846848440574,True,False,False,valid_list_complete,1,1,63,1,1,1,0,0,0,0,63,0.0021534879924729466,0.015873015873015872
PF64_DENSE_PHASE,PF64_DENSE_PHASE_c0_t2,64,48,0.75,dense,8.0,0.5,0.5,0.25,0.0,0.35,1.0,0.0,no_slip,True,63,0,2,8762247846848440574,ls_list_marginal_L2,True,8762247846848440574,True,False,False,valid_list_complete,2721,2559,63,63,2,2,2,126,8064,0,126,0.04398399591445923,1.0
PF64_DENSE_PHASE,PF64_DENSE_PHASE_c0_t2,64,48,0.75,dense,8.0,0.5,0.5,0.25,0.0,0.35,1.0,0.0,no_slip,True,63,0,2,8762247846848440574,ls_list_marginal_L4,True,8762247846848440574,True,False,True,query_cap_before_list,60000,54023,63,63,4,3,3,189,12096,0,126,0.8031229570042342,1.0
PF64_DENSE_PHASE,PF64_DENSE_PHASE_c0_t2,64,48,0.75,dense,8.0,0.5,0.5,0.25,0.0,0.35,1.0,0.0,no_slip,True,63,0,2,8762247846848440574,ls_list_marginal_L8,True,8762247846848440574,True,False,True,query_cap_before_list,60000,54023,63,63,4,3,3,189,12096,0,126,0.7401185419876128,1.0
PF64_DENSE_PHASE,PF64_DENSE_PHASE_c0_t2,64,48,0.75,dense,8.0,0.5,0.5,0.25,0.0,0.35,1.0,0.0,no_slip,True,63,0,2,8762247846848440574,latent_osd_batch_o2_s63,True,8762247846848440574,True,False,False,best_marginal_in_osd_union,3528,0,63,63,2485,2485,2485,156555,10019520,3528,63,1.2733518009772524,1.0
PF64_DENSE_PHASE,PF64_DENSE_PHASE_c0_t2,64,48,0.75,dense,8.0,0.5,0.5,0.25,0.0,0.35,1.0,0.0,no_slip,True,63,0,2,8762247846848440574,plain_osd_batch_o2,True,8762247846848440574,True,False,False,best_marginal_in_osd_union,56,0,1,1,56,56,56,56,3584,56,1,0.019304633024148643,1.0
PF64_DENSE_PHASE,PF64_DENSE_PHASE_c0_t2,64,48,0.75,dense,8.0,0.5,0.5,0.25,0.0,0.35,1.0,0.0,no_slip,True,63,0,2,8762247846848440574,lsgrand_certified_v1_bound,True,8762247846848440574,True,True,False,strict_unseen_codeword_certificate,32,32,63,14,1,1,0,32,2048,0,63,0.0025403390172868967,0.2222222222222222
PF64_DENSE_PHASE,PF64_DENSE_PHASE_c0_t3,64,48,0.75,dense,8.0,0.5,0.5,0.25,0.0,0.35,1.0,0.0,slip_8_3,True,63,0,3,1821150198957866836,ls_first_valid,True,1821150198957866836,True,False,False,valid_list_complete,25,25,63,17,1,1,0,0,0,0,63,0.004696585005149245,0.2698412698412698
PF64_DENSE_PHASE,PF64_DENSE_PHASE_c0_t3,64,48,0.75,dense,8.0,0.5,0.5,0.25,0.0,0.35,1.0,0.0,slip_8_3,True,63,0,3,1821150198957866836,ls_list_marginal_L2,True,1821150198957866836,True,False,False,valid_list_complete,57473,52211,63,63,3,2,2,126,8064,0,126,0.8082062300527468,1.0
PF64_DENSE_PHASE,PF64_DENSE_PHASE_c0_t3,64,48,0.75,dense,8.0,0.5,0.5,0.25,0.0,0.35,1.0,0.0,slip_8_3,True,63,0,3,1821150198957866836,ls_list_marginal_L4,True,1821150198957866836,True,False,True,query_cap_before_list,60000,54451,63,63,4,3,3,189,12096,0,126,0.8932210080092773,1.0
PF64_DENSE_PHASE,PF64_DENSE_PHASE_c0_t3,64,48,0.75,dense,8.0,0.5,0.5,0.25,0.0,0.35,1.0,0.0,slip_8_3,True,63,0,3,1821150198957866836,ls_list_marginal_L8,True,1821150198957866836,True,False,True,query_cap_before_list,60000,54451,63,63,4,3,3,189,12096,0,126,0.8239896600134671,1.0
PF64_DENSE_PHASE,PF64_DENSE_PHASE_c0_t3,64,48,0.75,dense,8.0,0.5,0.5,0.25,0.0,0.35,1.0,0.0,slip_8_3,True,63,0,3,1821150198957866836,latent_osd_batch_o2_s63,True,1821150198957866836,True,False,False,best_marginal_in_osd_union,3528,0,63,63,2510,2510,2510,158130,10120320,3528,63,1.1551129699219018,1.0
PF64_DENSE_PHASE,PF64_DENSE_PHASE_c0_t3,64,48,0.75,dense,8.0,0.5,0.5,0.25,0.0,0.35,1.0,0.0,slip_8_3,True,63,0,3,1821150198957866836,plain_osd_batch_o2,False,1805482408755243773,True,False,False,best_marginal_in_osd_union,56,0,1,1,56,56,56,56,3584,56,1,0.019942078040912747,1.0
PF64_DENSE_PHASE,PF64_DENSE_PHASE_c0_t3,64,48,0.75,dense,8.0,0.5,0.5,0.25,0.0,0.35,1.0,0.0,slip_8_3,True,63,0,3,1821150198957866836,lsgrand_certified_v1_bound,True,1821150198957866836,True,True,False,strict_unseen_codeword_certificate,608,608,63,63,1,1,0,608,38912,0,63,0.008740486926399171,1.0
PF64_DENSE_PHASE,PF64_DENSE_PHASE_c0_t4,64,48,0.75,dense,8.0,0.5,0.5,0.25,0.0,0.35,1.0,0.0,no_slip,True,63,0,4,6915580749014231148,ls_first_valid,True,6915580749014231148,True,False,False,valid_list_complete,3,3,63,1,1,1,0,0,0,0,63,0.0023610780481249094,0.015873015873015872
PF64_DENSE_PHASE,PF64_DENSE_PHASE_c0_t4,64,48,0.75,dense,8.0,0.5,0.5,0.25,0.0,0.35,1.0,0.0,no_slip,True,63,0,4,6915580749014231148,ls_list_marginal_L2,True,6915580749014231148,True,False,True,query_cap_before_list,60000,54508,63,63,3,1,1,63,4032,0,126,0.7275492009939626,1.0
PF64_DENSE_PHASE,PF64_DENSE_PHASE_c0_t4,64,48,0.75,dense,8.0,0.5,0.5,0.25,0.0,0.35,1.0,0.0,no_slip,True,63,0,4,6915580749014231148,ls_list_marginal_L4,True,6915580749014231148,True,False,True,query_cap_before_list,60000,54508,63,63,3,1,1,63,4032,0,126,0.7897260340396315,1.0
PF64_DENSE_PHASE,PF64_DENSE_PHASE_c0_t4,64,48,0.75,dense,8.0,0.5,0.5,0.25,0.0,0.35,1.0,0.0,no_slip,True,63,0,4,6915580749014231148,ls_list_marginal_L8,True,6915580749014231148,True,False,True,query_cap_before_list,60000,54508,63,63,3,1,1,63,4032,0,126,0.7951038369210437,1.0
PF64_DENSE_PHASE,PF64_DENSE_PHASE_c0_t4,64,48,0.75,dense,8.0,0.5,0.5,0.25,0.0,0.35,1.0,0.0,no_slip,True,63,0,4,6915580749014231148,latent_osd_batch_o2_s63,True,6915580749014231148,True,False,False,best_marginal_in_osd_union,3528,0,63,63,2614,2614,2614,164682,10539648,3528,63,1.116307285032235,1.0
PF64_DENSE_PHASE,PF64_DENSE_PHASE_c0_t4,64,48,0.75,dense,8.0,0.5,0.5,0.25,0.0,0.35,1.0,0.0,no_slip,True,63,0,4,6915580749014231148,plain_osd_batch_o2,True,6915580749014231148,True,False,False,best_marginal_in_osd_union,56,0,1,1,56,56,56,56,3584,56,1,0.015073120943270624,1.0
PF64_DENSE_PHASE,PF64_DENSE_PHASE_c0_t4,64,48,0.75,dense,8.0,0.5,0.5,0.25,0.0,0.35,1.0,0.0,no_slip,True,63,0,4,6915580749014231148,lsgrand_certified_v1_bound,True,6915580749014231148,True,True,False,strict_unseen_codeword_certificate,160,160,63,63,1,1,0,160,10240,0,63,0.0037196349585428834,1.0
PF64_DENSE_PHASE,PF64_DENSE_PHASE_c0_t5,64,48,0.75,dense,8.0,0.5,0.5,0.25,0.0,0.35,1.0,0.0,slip_8_1,True,63,0,5,15812826711976076034,ls_first_valid,True,15812826711976076034,True,False,False,valid_list_complete,21,21,63,16,1,1,0,0,0,0,63,0.001857292023487389,0.25396825396825395
PF64_DENSE_PHASE,PF64_DENSE_PHASE_c0_t5,64,48,0.75,dense,8.0,0.5,0.5,0.25,0.0,0.35,1.0,0.0,slip_8_1,True,63,0,5,15812826711976076034,ls_list_marginal_L2,True,15812826711976076034,True,False,True,query_cap_before_list,60000,54531,63,63,4,1,1,63,4032,0,126,0.7361874979687855,1.0
PF64_DENSE_PHASE,PF64_DENSE_PHASE_c0_t5,64,48,0.75,dense,8.0,0.5,0.5,0.25,0.0,0.35,1.0,0.0,slip_8_1,True,63,0,5,15812826711976076034,ls_list_marginal_L4,True,15812826711976076034,True,False,True,query_cap_before_list,60000,54531,63,63,4,1,1,63,4032,0,126,0.7309974309755489,1.0
PF64_DENSE_PHASE,PF64_DENSE_PHASE_c0_t5,64,48,0.75,dense,8.0,0.5,0.5,0.25,0.0,0.35,1.0,0.0,slip_8_1,True,63,0,5,15812826711976076034,ls_list_marginal_L8,True,15812826711976076034,True,False,True,query_cap_before_list,60000,54531,63,63,4,1,1,63,4032,0,126,0.7324354179436341,1.0
PF64_DENSE_PHASE,PF64_DENSE_PHASE_c0_t5,64,48,0.75,dense,8.0,0.5,0.5,0.25,0.0,0.35,1.0,0.0,slip_8_1,True,63,0,5,15812826711976076034,latent_osd_batch_o2_s63,True,15812826711976076034,True,False,False,best_marginal_in_osd_union,3528,0,63,63,2521,2521,2521,158823,10164672,3528,63,1.1640014869626611,1.0
PF64_DENSE_PHASE,PF64_DENSE_PHASE_c0_t5,64,48,0.75,dense,8.0,0.5,0.5,0.25,0.0,0.35,1.0,0.0,slip_8_1,True,63,0,5,15812826711976076034,plain_osd_batch_o2,False,15236543422074600363,True,False,False,best_marginal_in_osd_union,56,0,1,1,56,56,56,56,3584,56,1,0.016009636921808124,1.0
PF64_DENSE_PHASE,PF64_DENSE_PHASE_c0_t5,64,48,0.75,dense,8.0,0.5,0.5,0.25,0.0,0.35,1.0,0.0,slip_8_1,True,63,0,5,15812826711976076034,lsgrand_certified_v1_bound,True,15812826711976076034,True,True,False,strict_unseen_codeword_certificate,352,352,63,63,1,1,0,352,22528,0,63,0.005752873024903238,1.0
PF64_DENSE_PHASE,PF64_DENSE_PHASE_c0_t6,64,48,0.75,dense,8.0,0.5,0.5,0.25,0.0,0.35,1.0,0.0,no_slip,True,63,0,6,8016053405884196921,ls_first_valid,True,8016053405884196921,True,False,False,valid_list_complete,1,1,63,1,1,1,0,0,0,0,63,0.0017044349806383252,0.015873015873015872
PF64_DENSE_PHASE,PF64_DENSE_PHASE_c0_t6,64,48,0.75,dense,8.0,0.5,0.5,0.25,0.0,0.35,1.0,0.0,no_slip,True,63,0,6,8016053405884196921,ls_list_marginal_L2,True,8016053405884196921,True,False,False,valid_list_complete,5912,5523,63,63,3,2,2,126,8064,0,126,0.06375756300985813,1.0
PF64_DENSE_PHASE,PF64_DENSE_PHASE_c0_t6,64,48,0.75,dense,8.0,0.5,0.5,0.25,0.0,0.35,1.0,0.0,no_slip,True,63,0,6,8016053405884196921,ls_list_marginal_L4,True,8016053405884196921,True,False,True,query_cap_before_list,60000,54404,63,63,6,3,3,189,12096,0,126,0.7020321619929746,1.0
PF64_DENSE_PHASE,PF64_DENSE_PHASE_c0_t6,64,48,0.75,dense,8.0,0.5,0.5,0.25,0.0,0.35,1.0,0.0,no_slip,True,63,0,6,8016053405884196921,ls_list_marginal_L8,True,8016053405884196921,True,False,True,query_cap_before_list,60000,54404,63,63,6,3,3,189,12096,0,126,0.7458899220218882,1.0
PF64_DENSE_PHASE,PF64_DENSE_PHASE_c0_t6,64,48,0.75,dense,8.0,0.5,0.5,0.25,0.0,0.35,1.0,0.0,no_slip,True,63,0,6,8016053405884196921,latent_osd_batch_o2_s63,True,8016053405884196921,True,False,False,best_marginal_in_osd_union,3528,0,63,63,2501,2501,2501,157563,10084032,3528,63,1.0804986628936604,1.0
PF64_DENSE_PHASE,PF64_DENSE_PHASE_c0_t6,64,48,0.75,dense,8.0,0.5,0.5,0.25,0.0,0.35,1.0,0.0,no_slip,True,63,0,6,8016053405884196921,plain_osd_batch_o2,True,8016053405884196921,True,False,False,best_marginal_in_osd_union,56,0,1,1,56,56,56,56,3584,56,1,0.015366300009191036,1.0
PF64_DENSE_PHASE,PF64_DENSE_PHASE_c0_t6,64,48,0.75,dense,8.0,0.5,0.5,0.25,0.0,0.35,1.0,0.0,no_slip,True,63,0,6,8016053405884196921,lsgrand_certified_v1_bound,True,8016053405884196921,True,True,False,strict_unseen_codeword_certificate,32,32,63,26,1,1,0,32,2048,0,63,0.0023860230576246977,0.4126984126984127
PF64_DENSE_PHASE,PF64_DENSE_PHASE_c0_t7,64,48,0.75,dense,8.0,0.5,0.5,0.25,0.0,0.35,1.0,0.0,no_slip,True,63,0,7,6230938511567002770,ls_first_valid,True,6230938511567002770,True,False,False,valid_list_complete,2,2,63,1,1,1,0,0,0,0,63,0.001615192973986268,0.015873015873015872
PF64_DENSE_PHASE,PF64_DENSE_PHASE_c0_t7,64,48,0.75,dense,8.0,0.5,0.5,0.25,0.0,0.35,1.0,0.0,no_slip,True,63,0,7,6230938511567002770,ls_list_marginal_L2,True,6230938511567002770,True,False,False,valid_list_complete,52561,48084,63,63,3,2,2,126,8064,0,126,0.6377339459722862,1.0
PF64_DENSE_PHASE,PF64_DENSE_PHASE_c0_t7,64,48,0.75,dense,8.0,0.5,0.5,0.25,0.0,0.35,1.0,0.0,no_slip,True,63,0,7,6230938511567002770,ls_list_marginal_L4,True,6230938511567002770,True,False,True,query_cap_before_list,60000,54787,63,63,3,2,2,126,8064,0,126,0.8685140360612422,1.0
PF64_DENSE_PHASE,PF64_DENSE_PHASE_c0_t7,64,48,0.75,dense,8.0,0.5,0.5,0.25,0.0,0.35,1.0,0.0,no_slip,True,63,0,7,6230938511567002770,ls_list_marginal_L8,True,6230938511567002770,True,False,True,query_cap_before_list,60000,54787,63,63,3,2,2,126,8064,0,126,0.698406470939517,1.0
PF64_DENSE_PHASE,PF64_DENSE_PHASE_c0_t7,64,48,0.75,dense,8.0,0.5,0.5,0.25,0.0,0.35,1.0,0.0,no_slip,True,63,0,7,6230938511567002770,latent_osd_batch_o2_s63,True,6230938511567002770,True,False,False,best_marginal_in_osd_union,3528,0,63,63,2474,2474,2474,155862,9975168,3528,63,1.1040377579629421,1.0
PF64_DENSE_PHASE,PF64_DENSE_PHASE_c0_t7,64,48,0.75,dense,8.0,0.5,0.5,0.25,0.0,0.35,1.0,0.0,no_slip,True,63,0,7,6230938511567002770,plain_osd_batch_o2,True,6230938511567002770,True,False,False,best_marginal_in_osd_union,56,0,1,1,56,56,56,56,3584,56,1,0.03318148001562804,1.0
PF64_DENSE_PHASE,PF64_DENSE_PHASE_c0_t7,64,48,0.75,dense,8.0,0.5,0.5,0.25,0.0,0.35,1.0,0.0,no_slip,True,63,0,7,6230938511567002770,lsgrand_certified_v1_bound,True,6230938511567002770,True,True,False,strict_unseen_codeword_certificate,96,96,63,63,1,1,0,96,6144,0,63,0.0040702769765630364,1.0
PF64_DENSE_PHASE,PF64_DENSE_PHASE_c0_t8,64,48,0.75,dense,8.0,0.5,0.5,0.25,0.0,0.35,1.0,0.0,no_slip,True,63,0,8,6511276894853738333,ls_first_valid,True,6511276894853738333,True,False,False,valid_list_complete,1,1,63,1,1,1,0,0,0,0,63,0.005091799073852599,0.015873015873015872
PF64_DENSE_PHASE,PF64_DENSE_PHASE_c0_t8,64,48,0.75,dense,8.0,0.5,0.5,0.25,0.0,0.35,1.0,0.0,no_slip,True,63,0,8,6511276894853738333,ls_list_marginal_L2,True,6511276894853738333,True,False,True,query_cap_before_list,60000,54564,63,63,4,1,1,63,4032,0,126,0.6924895950360224,1.0
PF64_DENSE_PHASE,PF64_DENSE_PHASE_c0_t8,64,48,0.75,dense,8.0,0.5,0.5,0.25,0.0,0.35,1.0,0.0,no_slip,True,63,0,8,6511276894853738333,ls_list_marginal_L4,True,6511276894853738333,True,False,True,query_cap_before_list,60000,54564,63,63,4,1,1,63,4032,0,126,0.7082425910048187,1.0
PF64_DENSE_PHASE,PF64_DENSE_PHASE_c0_t8,64,48,0.75,dense,8.0,0.5,0.5,0.25,0.0,0.35,1.0,0.0,no_slip,True,63,0,8,6511276894853738333,ls_list_marginal_L8,True,6511276894853738333,True,False,True,query_cap_before_list,60000,54564,63,63,4,1,1,63,4032,0,126,0.9321821499615908,1.0
PF64_DENSE_PHASE,PF64_DENSE_PHASE_c0_t8,64,48,0.75,dense,8.0,0.5,0.5,0.25,0.0,0.35,1.0,0.0,no_slip,True,63,0,8,6511276894853738333,latent_osd_batch_o2_s63,True,6511276894853738333,True,False,False,best_marginal_in_osd_union,3528,0,63,63,2445,2445,2445,154035,9858240,3528,63,0.9476483078906313,1.0
PF64_DENSE_PHASE,PF64_DENSE_PHASE_c0_t8,64,48,0.75,dense,8.0,0.5,0.5,0.25,0.0,0.35,1.0,0.0,no_slip,True,63,0,8,6511276894853738333,plain_osd_batch_o2,True,6511276894853738333,True,False,False,best_marginal_in_osd_union,56,0,1,1,56,56,56,56,3584,56,1,0.019449649029411376,1.0
PF64_DENSE_PHASE,PF64_DENSE_PHASE_c0_t8,64,48,0.75,dense,8.0,0.5,0.5,0.25,0.0,0.35,1.0,0.0,no_slip,True,63,0,8,6511276894853738333,lsgrand_certified_v1_bound,True,6511276894853738333,True,True,False,strict_unseen_codeword_certificate,32,32,63,31,1,1,0,32,2048,0,63,0.0026879009092226624,0.49206349206349204
PF64_DENSE_PHASE,PF64_DENSE_PHASE_c0_t9,64,48,0.75,dense,8.0,0.5,0.5,0.25,0.0,0.35,1.0,0.0,slip_8_3,True,63,0,9,13074173693997130377,ls_first_valid,True,13074173693997130377,True,False,False,valid_list_complete,52270,47447,63,63,1,1,0,0,0,0,63,0.6768358619883657,1.0
PF64_DENSE_PHASE,PF64_DENSE_PHASE_c0_t9,64,48,0.75,dense,8.0,0.5,0.5,0.25,0.0,0.35,1.0,0.0,slip_8_3,True,63,0,9,13074173693997130377,ls_list_marginal_L2,True,13074173693997130377,True,False,True,query_cap_before_list,60000,54352,63,63,1,1,1,63,4032,0,126,0.8244495380204171,1.0
PF64_DENSE_PHASE,PF64_DENSE_PHASE_c0_t9,64,48,0.75,dense,8.0,0.5,0.5,0.25,0.0,0.35,1.0,0.0,slip_8_3,True,63,0,9,13074173693997130377,ls_list_marginal_L4,True,13074173693997130377,True,False,True,query_cap_before_list,60000,54352,63,63,1,1,1,63,4032,0,126,0.9392712829867378,1.0
PF64_DENSE_PHASE,PF64_DENSE_PHASE_c0_t9,64,48,0.75,dense,8.0,0.5,0.5,0.25,0.0,0.35,1.0,0.0,slip_8_3,True,63,0,9,13074173693997130377,ls_list_marginal_L8,True,13074173693997130377,True,False,True,query_cap_before_list,60000,54352,63,63,1,1,1,63,4032,0,126,0.885874051018618,1.0
PF64_DENSE_PHASE,PF64_DENSE_PHASE_c0_t9,64,48,0.75,dense,8.0,0.5,0.5,0.25,0.0,0.35,1.0,0.0,slip_8_3,True,63,0,9,13074173693997130377,latent_osd_batch_o2_s63,True,13074173693997130377,True,False,False,best_marginal_in_osd_union,3528,0,63,63,2596,2596,2596,163548,10467072,3528,63,1.1348411059007049,1.0
PF64_DENSE_PHASE,PF64_DENSE_PHASE_c0_t9,64,48,0.75,dense,8.0,0.5,0.5,0.25,0.0,0.35,1.0,0.0,slip_8_3,True,63,0,9,13074173693997130377,plain_osd_batch_o2,False,17325509041458087057,True,False,False,best_marginal_in_osd_union,56,0,1,1,56,56,56,56,3584,56,1,0.01761812891345471,1.0
PF64_DENSE_PHASE,PF64_DENSE_PHASE_c0_t9,64,48,0.75,dense,8.0,0.5,0.5,0.25,0.0,0.35,1.0,0.0,slip_8_3,True,63,0,9,13074173693997130377,lsgrand_certified_v1_bound,True,13074173693997130377,True,False,True,query_cap_before_certificate,60000,60000,63,63,1,1,0,60000,3840000,0,63,0.8274752519791946,1.0
PF64_DENSE_PHASE,PF64_DENSE_PHASE_c0_t10,64,48,0.75,dense,8.0,0.5,0.5,0.25,0.0,0.35,1.0,0.0,no_slip,True,63,0,10,14115639683010346361,ls_first_valid,True,14115639683010346361,True,False,False,valid_list_complete,1,1,63,1,1,1,0,0,0,0,63,0.0029925390845164657,0.015873015873015872
PF64_DENSE_PHASE,PF64_DENSE_PHASE_c0_t10,64,48,0.75,dense,8.0,0.5,0.5,0.25,0.0,0.35,1.0,0.0,no_slip,True,63,0,10,14115639683010346361,ls_list_marginal_L2,True,14115639683010346361,True,False,True,query_cap_before_list,60000,54664,63,63,3,1,1,63,4032,0,126,0.7587417979957536,1.0
PF64_DENSE_PHASE,PF64_DENSE_PHASE_c0_t10,64,48,0.75,dense,8.0,0.5,0.5,0.25,0.0,0.35,1.0,0.0,no_slip,True,63,0,10,14115639683010346361,ls_list_marginal_L4,True,14115639683010346361,True,False,True,query_cap_before_list,60000,54664,63,63,3,1,1,63,4032,0,126,0.9816226739203557,1.0
PF64_DENSE_PHASE,PF64_DENSE_PHASE_c0_t10,64,48,0.75,dense,8.0,0.5,0.5,0.25,0.0,0.35,1.0,0.0,no_slip,True,63,0,10,14115639683010346361,ls_list_marginal_L8,True,14115639683010346361,True,False,True,query_cap_before_list,60000,54664,63,63,3,1,1,63,4032,0,126,0.8814378610113636,1.0
PF64_DENSE_PHASE,PF64_DENSE_PHASE_c0_t10,64,48,0.75,dense,8.0,0.5,0.5,0.25,0.0,0.35,1.0,0.0,no_slip,True,63,0,10,14115639683010346361,latent_osd_batch_o2_s63,True,14115639683010346361,True,False,False,best_marginal_in_osd_union,3528,0,63,63,2574,2574,2574,162162,10378368,3528,63,1.5675255539827049,1.0
PF64_DENSE_PHASE,PF64_DENSE_PHASE_c0_t10,64,48,0.75,dense,8.0,0.5,0.5,0.25,0.0,0.35,1.0,0.0,no_slip,True,63,0,10,14115639683010346361,plain_osd_batch_o2,True,14115639683010346361,True,False,False,best_marginal_in_osd_union,56,0,1,1,56,56,56,56,3584,56,1,0.043864096980541945,1.0
PF64_DENSE_PHASE,PF64_DENSE_PHASE_c0_t10,64,48,0.75,dense,8.0,0.5,0.5,0.25,0.0,0.35,1.0,0.0,no_slip,True,63,0,10,14115639683010346361,lsgrand_certified_v1_bound,True,14115639683010346361,True,True,False,strict_unseen_codeword_certificate,32,32,63,29,1,1,0,32,2048,0,63,0.004880800028331578,0.4603174603174603
PF64_DENSE_PHASE,PF64_DENSE_PHASE_c0_t11,64,48,0.75,dense,8.0,0.5,0.5,0.25,0.0,0.35,1.0,0.0,slip_8_3,True,63,0,11,10372562001614633651,ls_first_valid,True,10372562001614633651,True,False,False,valid_list_complete,19,19,63,17,1,1,0,0,0,0,63,0.0028404820477589965,0.2698412698412698
PF64_DENSE_PHASE,PF64_DENSE_PHASE_c0_t11,64,48,0.75,dense,8.0,0.5,0.5,0.25,0.0,0.35,1.0,0.0,slip_8_3,True,63,0,11,10372562001614633651,ls_list_marginal_L2,True,10372562001614633651,True,False,True,query_cap_before_list,60000,55119,63,63,3,1,1,63,4032,0,126,0.8643820160068572,1.0
PF64_DENSE_PHASE,PF64_DENSE_PHASE_c0_t11,64,48,0.75,dense,8.0,0.5,0.5,0.25,0.0,0.35,1.0,0.0,slip_8_3,True,63,0,11,10372562001614633651,ls_list_marginal_L4,True,10372562001614633651,True,False,True,query_cap_before_list,60000,55119,63,63,3,1,1,63,4032,0,126,0.8610495309112594,1.0
PF64_DENSE_PHASE,PF64_DENSE_PHASE_c0_t11,64,48,0.75,dense,8.0,0.5,0.5,0.25,0.0,0.35,1.0,0.0,slip_8_3,True,63,0,11,10372562001614633651,ls_list_marginal_L8,True,10372562001614633651,True,False,True,query_cap_before_list,60000,55119,63,63,3,1,1,63,4032,0,126,0.9747080359375104,1.0
PF64_DENSE_PHASE,PF64_DENSE_PHASE_c0_t11,64,48,0.75,dense,8.0,0.5,0.5,0.25,0.0,0.35,1.0,0.0,slip_8_3,True,63,0,11,10372562001614633651,latent_osd_batch_o2_s63,True,10372562001614633651,True,False,False,best_marginal_in_osd_union,3528,0,63,63,2584,2584,2584,162792,10418688,3528,63,1.2927418359322473,1.0
PF64_DENSE_PHASE,PF64_DENSE_PHASE_c0_t11,64,48,0.75,dense,8.0,0.5,0.5,0.25,0.0,0.35,1.0,0.0,slip_8_3,True,63,0,11,10372562001614633651,plain_osd_batch_o2,False,14840108775260413990,True,False,False,best_marginal_in_osd_union,56,0,1,1,56,56,56,56,3584,56,1,0.022812926094047725,1.0
PF64_DENSE_PHASE,PF64_DENSE_PHASE_c0_t11,64,48,0.75,dense,8.0,0.5,0.5,0.25,0.0,0.35,1.0,0.0,slip_8_3,True,63,0,11,10372562001614633651,lsgrand_certified_v1_bound,True,10372562001614633651,True,True,False,strict_unseen_codeword_certificate,192,192,63,63,1,1,0,192,12288,0,63,0.005960686947219074,1.0
PF64_DENSE_PHASE,PF64_DENSE_PHASE_c0_t12,64,48,0.75,dense,8.0,0.5,0.5,0.25,0.0,0.35,1.0,0.0,slip_8_3,True,63,0,12,13643017837891261837,ls_first_valid,True,13643017837891261837,True,False,False,valid_list_complete,84,83,63,63,1,1,0,0,0,0,63,0.003917674999684095,1.0
PF64_DENSE_PHASE,PF64_DENSE_PHASE_c0_t12,64,48,0.75,dense,8.0,0.5,0.5,0.25,0.0,0.35,1.0,0.0,slip_8_3,True,63,0,12,13643017837891261837,ls_list_marginal_L2,True,13643017837891261837,True,False,False,valid_list_complete,2352,2195,63,63,2,2,2,126,8064,0,126,0.03964739106595516,1.0
PF64_DENSE_PHASE,PF64_DENSE_PHASE_c0_t12,64,48,0.75,dense,8.0,0.5,0.5,0.25,0.0,0.35,1.0,0.0,slip_8_3,True,63,0,12,13643017837891261837,ls_list_marginal_L4,True,13643017837891261837,True,False,True,query_cap_before_list,60000,53946,63,63,6,3,3,189,12096,0,126,0.8971440080786124,1.0
PF64_DENSE_PHASE,PF64_DENSE_PHASE_c0_t12,64,48,0.75,dense,8.0,0.5,0.5,0.25,0.0,0.35,1.0,0.0,slip_8_3,True,63,0,12,13643017837891261837,ls_list_marginal_L8,True,13643017837891261837,True,False,True,query_cap_before_list,60000,53946,63,63,6,3,3,189,12096,0,126,0.792266468051821,1.0
PF64_DENSE_PHASE,PF64_DENSE_PHASE_c0_t12,64,48,0.75,dense,8.0,0.5,0.5,0.25,0.0,0.35,1.0,0.0,slip_8_3,True,63,0,12,13643017837891261837,latent_osd_batch_o2_s63,True,13643017837891261837,True,False,False,best_marginal_in_osd_union,3528,0,63,63,2550,2550,2550,160650,10281600,3528,63,1.3007898409850895,1.0
PF64_DENSE_PHASE,PF64_DENSE_PHASE_c0_t12,64,48,0.75,dense,8.0,0.5,0.5,0.25,0.0,0.35,1.0,0.0,slip_8_3,True,63,0,12,13643017837891261837,plain_osd_batch_o2,False,13066396062614716187,True,False,False,best_marginal_in_osd_union,56,0,1,1,56,56,56,56,3584,56,1,0.025566855911165476,1.0
PF64_DENSE_PHASE,PF64_DENSE_PHASE_c0_t12,64,48,0.75,dense,8.0,0.5,0.5,0.25,0.0,0.35,1.0,0.0,slip_8_3,True,63,0,12,13643017837891261837,lsgrand_certified_v1_bound,True,13643017837891261837,True,True,False,strict_unseen_codeword_certificate,384,384,63,63,1,1,0,384,24576,0,63,0.007523734006099403,1.0
PF64_DENSE_PHASE,PF64_DENSE_PHASE_c0_t13,64,48,0.75,dense,8.0,0.5,0.5,0.25,0.0,0.35,1.0,0.0,no_slip,True,63,0,13,14158057018593931689,ls_first_valid,True,14158057018593931689,True,False,False,valid_list_complete,2,2,63,1,1,1,0,0,0,0,63,0.0019252089550718665,0.015873015873015872
PF64_DENSE_PHASE,PF64_DENSE_PHASE_c0_t13,64,48,0.75,dense,8.0,0.5,0.5,0.25,0.0,0.35,1.0,0.0,no_slip,True,63,0,13,14158057018593931689,ls_list_marginal_L2,True,14158057018593931689,True,False,False,valid_list_complete,2047,1947,63,63,2,2,2,126,8064,0,126,0.03849504701793194,1.0
PF64_DENSE_PHASE,PF64_DENSE_PHASE_c0_t13,64,48,0.75,dense,8.0,0.5,0.5,0.25,0.0,0.35,1.0,0.0,no_slip,True,63,0,13,14158057018593931689,ls_list_marginal_L4,True,14158057018593931689,True,False,False,valid_list_complete,56029,50821,63,63,6,4,4,252,16128,0,126,1.0170651969965547,1.0
PF64_DENSE_PHASE,PF64_DENSE_PHASE_c0_t13,64,48,0.75,dense,8.0,0.5,0.5,0.25,0.0,0.35,1.0,0.0,no_slip,True,63,0,13,14158057018593931689,ls_list_marginal_L8,True,14158057018593931689,True,False,True,query_cap_before_list,60000,54348,63,63,6,4,4,252,16128,0,126,0.8109111270168796,1.0
PF64_DENSE_PHASE,PF64_DENSE_PHASE_c0_t13,64,48,0.75,dense,8.0,0.5,0.5,0.25,0.0,0.35,1.0,0.0,no_slip,True,63,0,13,14158057018593931689,latent_osd_batch_o2_s63,True,14158057018593931689,True,False,False,best_marginal_in_osd_union,3528,0,63,63,2641,2641,2641,166383,10648512,3528,63,1.342289841035381,1.0
PF64_DENSE_PHASE,PF64_DENSE_PHASE_c0_t13,64,48,0.75,dense,8.0,0.5,0.5,0.25,0.0,0.35,1.0,0.0,no_slip,True,63,0,13,14158057018593931689,plain_osd_batch_o2,True,14158057018593931689,True,False,False,best_marginal_in_osd_union,56,0,1,1,56,56,56,56,3584,56,1,0.03034951095469296,1.0
PF64_DENSE_PHASE,PF64_DENSE_PHASE_c0_t13,64,48,0.75,dense,8.0,0.5,0.5,0.25,0.0,0.35,1.0,0.0,no_slip,True,63,0,13,14158057018593931689,lsgrand_certified_v1_bound,True,14158057018593931689,True,True,False,strict_unseen_codeword_certificate,96,96,63,63,1,1,0,96,6144,0,63,0.007829920039512217,1.0
PF64_DENSE_PHASE,PF64_DENSE_PHASE_c0_t14,64,48,0.75,dense,8.0,0.5,0.5,0.25,0.0,0.35,1.0,0.0,slip_8_3,True,63,0,14,7133780269272259752,ls_first_valid,True,7133780269272259752,True,False,False,valid_list_complete,19,19,63,17,1,1,0,0,0,0,63,0.003471385920420289,0.2698412698412698
PF64_DENSE_PHASE,PF64_DENSE_PHASE_c0_t14,64,48,0.75,dense,8.0,0.5,0.5,0.25,0.0,0.35,1.0,0.0,slip_8_3,True,63,0,14,7133780269272259752,ls_list_marginal_L2,True,7133780269272259752,True,False,False,valid_list_complete,55101,50685,63,63,3,2,2,126,8064,0,126,0.6837394719477743,1.0
PF64_DENSE_PHASE,PF64_DENSE_PHASE_c0_t14,64,48,0.75,dense,8.0,0.5,0.5,0.25,0.0,0.35,1.0,0.0,slip_8_3,True,63,0,14,7133780269272259752,ls_list_marginal_L4,True,7133780269272259752,True,False,True,query_cap_before_list,60000,55125,63,63,3,2,2,126,8064,0,126,0.7569691069656983,1.0
PF64_DENSE_PHASE,PF64_DENSE_PHASE_c0_t14,64,48,0.75,dense,8.0,0.5,0.5,0.25,0.0,0.35,1.0,0.0,slip_8_3,True,63,0,14,7133780269272259752,ls_list_marginal_L8,True,7133780269272259752,True,False,True,query_cap_before_list,60000,55125,63,63,3,2,2,126,8064,0,126,0.9764689640142024,1.0
PF64_DENSE_PHASE,PF64_DENSE_PHASE_c0_t14,64,48,0.75,dense,8.0,0.5,0.5,0.25,0.0,0.35,1.0,0.0,slip_8_3,True,63,0,14,7133780269272259752,latent_osd_batch_o2_s63,True,7133780269272259752,True,False,False,best_marginal_in_osd_union,3528,0,63,63,2625,2625,2625,165375,10584000,3528,63,1.1081604590872303,1.0
PF64_DENSE_PHASE,PF64_DENSE_PHASE_c0_t14,64,48,0.75,dense,8.0,0.5,0.5,0.25,0.0,0.35,1.0,0.0,slip_8_3,True,63,0,14,7133780269272259752,plain_osd_batch_o2,False,7133946669566105857,True,False,False,best_marginal_in_osd_union,56,0,1,1,56,56,56,56,3584,56,1,0.017853792058303952,1.0
PF64_DENSE_PHASE,PF64_DENSE_PHASE_c0_t14,64,48,0.75,dense,8.0,0.5,0.5,0.25,0.0,0.35,1.0,0.0,slip_8_3,True,63,0,14,7133780269272259752,lsgrand_certified_v1_bound,True,7133780269272259752,True,True,False,strict_unseen_codeword_certificate,160,160,63,63,1,1,0,160,10240,0,63,0.003916673013009131,1.0
PF64_DENSE_PHASE,PF64_DENSE_PHASE_c0_t15,64,48,0.75,dense,8.0,0.5,0.5,0.25,0.0,0.35,1.0,0.0,no_slip,True,63,0,15,5444998403618025149,ls_first_valid,True,5444998403618025149,True,False,False,valid_list_complete,1,1,63,1,1,1,0,0,0,0,63,0.001989373005926609,0.015873015873015872
PF64_DENSE_PHASE,PF64_DENSE_PHASE_c0_t15,64,48,0.75,dense,8.0,0.5,0.5,0.25,0.0,0.35,1.0,0.0,no_slip,True,63,0,15,5444998403618025149,ls_list_marginal_L2,True,5444998403618025149,True,False,False,valid_list_complete,38692,35611,63,63,4,2,2,126,8064,0,126,0.4615840200567618,1.0
PF64_DENSE_PHASE,PF64_DENSE_PHASE_c0_t15,64,48,0.75,dense,8.0,0.5,0.5,0.25,0.0,0.35,1.0,0.0,no_slip,True,63,0,15,5444998403618025149,ls_list_marginal_L4,True,5444998403618025149,True,False,True,query_cap_before_list,60000,54805,63,63,5,2,2,126,8064,0,126,0.7474697038996965,1.0
PF64_DENSE_PHASE,PF64_DENSE_PHASE_c0_t15,64,48,0.75,dense,8.0,0.5,0.5,0.25,0.0,0.35,1.0,0.0,no_slip,True,63,0,15,5444998403618025149,ls_list_marginal_L8,True,5444998403618025149,True,False,True,query_cap_before_list,60000,54805,63,63,5,2,2,126,8064,0,126,0.7487516870023683,1.0
PF64_DENSE_PHASE,PF64_DENSE_PHASE_c0_t15,64,48,0.75,dense,8.0,0.5,0.5,0.25,0.0,0.35,1.0,0.0,no_slip,True,63,0,15,5444998403618025149,latent_osd_batch_o2_s63,True,5444998403618025149,True,False,False,best_marginal_in_osd_union,3528,0,63,63,2652,2652,2652,167076,10692864,3528,63,1.1691213300218806,1.0
PF64_DENSE_PHASE,PF64_DENSE_PHASE_c0_t15,64,48,0.75,dense,8.0,0.5,0.5,0.25,0.0,0.35,1.0,0.0,no_slip,True,63,0,15,5444998403618025149,plain_osd_batch_o2,True,5444998403618025149,True,False,False,best_marginal_in_osd_union,56,0,1,1,56,56,56,56,3584,56,1,0.019977211952209473,1.0
PF64_DENSE_PHASE,PF64_DENSE_PHASE_c0_t15,64,48,0.75,dense,8.0,0.5,0.5,0.25,0.0,0.35,1.0,0.0,no_slip,True,63,0,15,5444998403618025149,lsgrand_certified_v1_bound,True,5444998403618025149,True,True,False,strict_unseen_codeword_certificate,32,32,63,29,1,1,0,32,2048,0,63,0.002392300986684859,0.4603174603174603
PF64_DENSE_PHASE,PF64_DENSE_PHASE_c0_t16,64,48,0.75,dense,8.0,0.5,0.5,0.25,0.0,0.35,1.0,0.0,no_slip,True,63,0,16,12229095811594061156,ls_first_valid,True,12229095811594061156,True,False,False,valid_list_complete,2,2,63,1,1,1,0,0,0,0,63,0.0019047410460188985,0.015873015873015872
PF64_DENSE_PHASE,PF64_DENSE_PHASE_c0_t16,64,48,0.75,dense,8.0,0.5,0.5,0.25,0.0,0.35,1.0,0.0,no_slip,True,63,0,16,12229095811594061156,ls_list_marginal_L2,True,12229095811594061156,True,False,False,valid_list_complete,8673,8114,63,63,3,2,2,126,8064,0,126,0.18903449596837163,1.0
PF64_DENSE_PHASE,PF64_DENSE_PHASE_c0_t16,64,48,0.75,dense,8.0,0.5,0.5,0.25,0.0,0.35,1.0,0.0,no_slip,True,63,0,16,12229095811594061156,ls_list_marginal_L4,True,12229095811594061156,True,False,True,query_cap_before_list,60000,54649,63,63,4,3,3,189,12096,0,126,0.8186062140157446,1.0
PF64_DENSE_PHASE,PF64_DENSE_PHASE_c0_t16,64,48,0.75,dense,8.0,0.5,0.5,0.25,0.0,0.35,1.0,0.0,no_slip,True,63,0,16,12229095811594061156,ls_list_marginal_L8,True,12229095811594061156,True,False,True,query_cap_before_list,60000,54649,63,63,4,3,3,189,12096,0,126,0.8400413049384952,1.0
PF64_DENSE_PHASE,PF64_DENSE_PHASE_c0_t16,64,48,0.75,dense,8.0,0.5,0.5,0.25,0.0,0.35,1.0,0.0,no_slip,True,63,0,16,12229095811594061156,latent_osd_batch_o2_s63,True,12229095811594061156,True,False,False,best_marginal_in_osd_union,3528,0,63,63,2661,2661,2661,167643,10729152,3528,63,1.1628928079735488,1.0
PF64_DENSE_PHASE,PF64_DENSE_PHASE_c0_t16,64,48,0.75,dense,8.0,0.5,0.5,0.25,0.0,0.35,1.0,0.0,no_slip,True,63,0,16,12229095811594061156,plain_osd_batch_o2,True,12229095811594061156,True,False,False,best_marginal_in_osd_union,56,0,1,1,56,56,56,56,3584,56,1,0.030940297059714794,1.0
PF64_DENSE_PHASE,PF64_DENSE_PHASE_c0_t16,64,48,0.75,dense,8.0,0.5,0.5,0.25,0.0,0.35,1.0,0.0,no_slip,True,63,0,16,12229095811594061156,lsgrand_certified_v1_bound,True,12229095811594061156,True,True,False,strict_unseen_codeword_certificate,96,96,63,63,1,1,0,96,6144,0,63,0.009623482008464634,1.0
PF64_DENSE_PHASE,PF64_DENSE_PHASE_c0_t17,64,48,0.75,dense,8.0,0.5,0.5,0.25,0.0,0.35,1.0,0.0,no_slip,True,63,0,17,4262988226051518895,ls_first_valid,True,4262988226051518895,True,False,False,valid_list_complete,1,1,63,1,1,1,0,0,0,0,63,0.0023398658959195018,0.015873015873015872
PF64_DENSE_PHASE,PF64_DENSE_PHASE_c0_t17,64,48,0.75,dense,8.0,0.5,0.5,0.25,0.0,0.35,1.0,0.0,no_slip,True,63,0,17,4262988226051518895,ls_list_marginal_L2,True,4262988226051518895,True,False,False,valid_list_complete,16613,15577,63,63,3,2,2,126,8064,0,126,0.25638955901376903,1.0
PF64_DENSE_PHASE,PF64_DENSE_PHASE_c0_t17,64,48,0.75,dense,8.0,0.5,0.5,0.25,0.0,0.35,1.0,0.0,no_slip,True,63,0,17,4262988226051518895,ls_list_marginal_L4,True,4262988226051518895,True,False,True,query_cap_before_list,60000,55255,63,63,4,2,2,126,8064,0,126,0.7941792010096833,1.0
PF64_DENSE_PHASE,PF64_DENSE_PHASE_c0_t17,64,48,0.75,dense,8.0,0.5,0.5,0.25,0.0,0.35,1.0,0.0,no_slip,True,63,0,17,4262988226051518895,ls_list_marginal_L8,True,4262988226051518895,True,False,True,query_cap_before_list,60000,55255,63,63,4,2,2,126,8064,0,126,0.7830832280451432,1.0
PF64_DENSE_PHASE,PF64_DENSE_PHASE_c0_t17,64,48,0.75,dense,8.0,0.5,0.5,0.25,0.0,0.35,1.0,0.0,no_slip,True,63,0,17,4262988226051518895,latent_osd_batch_o2_s63,True,4262988226051518895,True,False,False,best_marginal_in_osd_union,3528,0,63,63,2556,2556,2556,161028,10305792,3528,63,1.0424807580420747,1.0
PF64_DENSE_PHASE,PF64_DENSE_PHASE_c0_t17,64,48,0.75,dense,8.0,0.5,0.5,0.25,0.0,0.35,1.0,0.0,no_slip,True,63,0,17,4262988226051518895,plain_osd_batch_o2,True,4262988226051518895,True,False,False,best_marginal_in_osd_union,56,0,1,1,56,56,56,56,3584,56,1,0.014586821896955371,1.0
PF64_DENSE_PHASE,PF64_DENSE_PHASE_c0_t17,64,48,0.75,dense,8.0,0.5,0.5,0.25,0.0,0.35,1.0,0.0,no_slip,True,63,0,17,4262988226051518895,lsgrand_certified_v1_bound,True,4262988226051518895,True,True,False,strict_unseen_codeword_certificate,32,32,63,28,1,1,0,32,2048,0,63,0.002537589054554701,0.4444444444444444
PF64_DENSE_PHASE,PF64_DENSE_PHASE_c0_t18,64,48,0.75,dense,8.0,0.5,0.5,0.25,0.0,0.35,1.0,0.0,slip_8_1,True,63,0,18,16737806882979300123,ls_first_valid,True,16737806882979300123,True,False,False,valid_list_complete,148,146,63,63,1,1,0,0,0,0,63,0.0032222039299085736,1.0
PF64_DENSE_PHASE,PF64_DENSE_PHASE_c0_t18,64,48,0.75,dense,8.0,0.5,0.5,0.25,0.0,0.35,1.0,0.0,slip_8_1,True,63,0,18,16737806882979300123,ls_list_marginal_L2,True,16737806882979300123,True,False,False,valid_list_complete,18758,17270,63,63,4,2,2,126,8064,0,126,0.25445690494962037,1.0
PF64_DENSE_PHASE,PF64_DENSE_PHASE_c0_t18,64,48,0.75,dense,8.0,0.5,0.5,0.25,0.0,0.35,1.0,0.0,slip_8_1,True,63,0,18,16737806882979300123,ls_list_marginal_L4,True,16737806882979300123,True,False,True,query_cap_before_list,60000,54396,63,63,4,2,2,126,8064,0,126,0.7432239170884714,1.0
PF64_DENSE_PHASE,PF64_DENSE_PHASE_c0_t18,64,48,0.75,dense,8.0,0.5,0.5,0.25,0.0,0.35,1.0,0.0,slip_8_1,True,63,0,18,16737806882979300123,ls_list_marginal_L8,True,16737806882979300123,True,False,True,query_cap_before_list,60000,54396,63,63,4,2,2,126,8064,0,126,0.7889122919877991,1.0
PF64_DENSE_PHASE,PF64_DENSE_PHASE_c0_t18,64,48,0.75,dense,8.0,0.5,0.5,0.25,0.0,0.35,1.0,0.0,slip_8_1,True,63,0,18,16737806882979300123,latent_osd_batch_o2_s63,True,16737806882979300123,True,False,False,best_marginal_in_osd_union,3528,0,63,63,2567,2567,2567,161721,10350144,3528,63,1.007004381972365,1.0
PF64_DENSE_PHASE,PF64_DENSE_PHASE_c0_t18,64,48,0.75,dense,8.0,0.5,0.5,0.25,0.0,0.35,1.0,0.0,slip_8_1,True,63,0,18,16737806882979300123,plain_osd_batch_o2,False,12126205830052243853,True,False,False,best_marginal_in_osd_union,56,0,1,1,56,56,56,56,3584,56,1,0.021287912968546152,1.0
PF64_DENSE_PHASE,PF64_DENSE_PHASE_c0_t18,64,48,0.75,dense,8.0,0.5,0.5,0.25,0.0,0.35,1.0,0.0,slip_8_1,True,63,0,18,16737806882979300123,lsgrand_certified_v1_bound,True,16737806882979300123,True,True,False,strict_unseen_codeword_certificate,576,576,63,63,1,1,0,576,36864,0,63,0.011647567036561668,1.0
PF64_DENSE_PHASE,PF64_DENSE_PHASE_c0_t19,64,48,0.75,dense,8.0,0.5,0.5,0.25,0.0,0.35,1.0,0.0,no_slip,True,63,0,19,8662988116673220771,ls_first_valid,True,8662988116673220771,True,False,False,valid_list_complete,2,2,63,1,1,1,0,0,0,0,63,0.0023634909885004163,0.015873015873015872
PF64_DENSE_PHASE,PF64_DENSE_PHASE_c0_t19,64,48,0.75,dense,8.0,0.5,0.5,0.25,0.0,0.35,1.0,0.0,no_slip,True,63,0,19,8662988116673220771,ls_list_marginal_L2,True,8662988116673220771,True,False,False,valid_list_complete,42063,38292,63,63,2,2,2,126,8064,0,126,0.5565498609794304,1.0
PF64_DENSE_PHASE,PF64_DENSE_PHASE_c0_t19,64,48,0.75,dense,8.0,0.5,0.5,0.25,0.0,0.35,1.0,0.0,no_slip,True,63,0,19,8662988116673220771,ls_list_marginal_L4,True,8662988116673220771,True,False,True,query_cap_before_list,60000,54350,63,63,2,2,2,126,8064,0,126,0.8832723449449986,1.0
PF64_DENSE_PHASE,PF64_DENSE_PHASE_c0_t19,64,48,0.75,dense,8.0,0.5,0.5,0.25,0.0,0.35,1.0,0.0,no_slip,True,63,0,19,8662988116673220771,ls_list_marginal_L8,True,8662988116673220771,True,False,True,query_cap_before_list,60000,54350,63,63,2,2,2,126,8064,0,126,0.8199842820176855,1.0
PF64_DENSE_PHASE,PF64_DENSE_PHASE_c0_t19,64,48,0.75,dense,8.0,0.5,0.5,0.25,0.0,0.35,1.0,0.0,no_slip,True,63,0,19,8662988116673220771,latent_osd_batch_o2_s63,True,8662988116673220771,True,False,False,best_marginal_in_osd_union,3528,0,63,63,2587,2587,2587,162981,10430784,3528,63,1.0929177110083401,1.0
PF64_DENSE_PHASE,PF64_DENSE_PHASE_c0_t19,64,48,0.75,dense,8.0,0.5,0.5,0.25,0.0,0.35,1.0,0.0,no_slip,True,63,0,19,8662988116673220771,plain_osd_batch_o2,True,8662988116673220771,True,False,False,best_marginal_in_osd_union,56,0,1,1,56,56,56,56,3584,56,1,0.015899286954663694,1.0
PF64_DENSE_PHASE,PF64_DENSE_PHASE_c0_t19,64,48,0.75,dense,8.0,0.5,0.5,0.25,0.0,0.35,1.0,0.0,no_slip,True,63,0,19,8662988116673220771,lsgrand_certified_v1_bound,True,8662988116673220771,True,True,False,strict_unseen_codeword_certificate,96,96,63,63,1,1,0,96,6144,0,63,0.003000041004270315,1.0
PF64_SPARSE_PHASE,PF64_SPARSE_PHASE_c0_t0,64,48,0.75,sparse,8.0,0.5,0.5,0.25,0.0,0.35,1.0,0.0,slip_8_1,True,63,0,0,12041502406750536845,ls_first_valid,True,12041502406750536845,True,False,False,valid_list_complete,16,16,63,16,1,1,0,0,0,0,63,0.0023141130805015564,0.25396825396825395
PF64_SPARSE_PHASE,PF64_SPARSE_PHASE_c0_t0,64,48,0.75,sparse,8.0,0.5,0.5,0.25,0.0,0.35,1.0,0.0,slip_8_1,True,63,0,0,12041502406750536845,ls_list_marginal_L2,True,12041502406750536845,True,False,False,valid_list_complete,416,403,63,63,3,2,2,126,8064,0,126,0.00819511094596237,1.0
PF64_SPARSE_PHASE,PF64_SPARSE_PHASE_c0_t0,64,48,0.75,sparse,8.0,0.5,0.5,0.25,0.0,0.35,1.0,0.0,slip_8_1,True,63,0,0,12041502406750536845,ls_list_marginal_L4,True,12041502406750536845,True,False,False,valid_list_complete,4367,4143,63,63,5,4,4,252,16128,0,126,0.051918760989792645,1.0
PF64_SPARSE_PHASE,PF64_SPARSE_PHASE_c0_t0,64,48,0.75,sparse,8.0,0.5,0.5,0.25,0.0,0.35,1.0,0.0,slip_8_1,True,63,0,0,12041502406750536845,ls_list_marginal_L8,True,12041502406750536845,True,False,False,valid_list_complete,7152,6750,63,63,9,8,8,504,32256,0,126,0.08020659792236984,1.0
PF64_SPARSE_PHASE,PF64_SPARSE_PHASE_c0_t0,64,48,0.75,sparse,8.0,0.5,0.5,0.25,0.0,0.35,1.0,0.0,slip_8_1,True,63,0,0,12041502406750536845,latent_osd_batch_o2_s63,True,12041502406750536845,True,False,False,best_marginal_in_osd_union,3528,0,63,63,2391,2391,2391,150633,9640512,3528,63,0.956993680098094,1.0
PF64_SPARSE_PHASE,PF64_SPARSE_PHASE_c0_t0,64,48,0.75,sparse,8.0,0.5,0.5,0.25,0.0,0.35,1.0,0.0,slip_8_1,True,63,0,0,12041502406750536845,plain_osd_batch_o2,False,13770930119344108260,True,False,False,best_marginal_in_osd_union,56,0,1,1,56,56,56,56,3584,56,1,0.01562158903107047,1.0
PF64_SPARSE_PHASE,PF64_SPARSE_PHASE_c0_t0,64,48,0.75,sparse,8.0,0.5,0.5,0.25,0.0,0.35,1.0,0.0,slip_8_1,True,63,0,0,12041502406750536845,lsgrand_certified_v1_bound,True,12041502406750536845,True,True,False,strict_unseen_codeword_certificate,96,96,63,63,1,1,0,96,6144,0,63,0.0032166169257834554,1.0
PF64_SPARSE_PHASE,PF64_SPARSE_PHASE_c0_t1,64,48,0.75,sparse,8.0,0.5,0.5,0.25,0.0,0.35,1.0,0.0,slip_8_1,True,63,0,1,15613270152211444711,ls_first_valid,True,15613270152211444711,True,False,False,valid_list_complete,19,19,63,16,1,1,0,0,0,0,63,0.0018809330649673939,0.25396825396825395
PF64_SPARSE_PHASE,PF64_SPARSE_PHASE_c0_t1,64,48,0.75,sparse,8.0,0.5,0.5,0.25,0.0,0.35,1.0,0.0,slip_8_1,True,63,0,1,15613270152211444711,ls_list_marginal_L2,True,15613270152211444711,True,False,False,valid_list_complete,2929,2757,63,63,3,2,2,126,8064,0,126,0.03656797797884792,1.0
PF64_SPARSE_PHASE,PF64_SPARSE_PHASE_c0_t1,64,48,0.75,sparse,8.0,0.5,0.5,0.25,0.0,0.35,1.0,0.0,slip_8_1,True,63,0,1,15613270152211444711,ls_list_marginal_L4,True,15613270152211444711,True,False,False,valid_list_complete,5581,5204,63,63,5,4,4,252,16128,0,126,0.059832558035850525,1.0
PF64_SPARSE_PHASE,PF64_SPARSE_PHASE_c0_t1,64,48,0.75,sparse,8.0,0.5,0.5,0.25,0.0,0.35,1.0,0.0,slip_8_1,True,63,0,1,15613270152211444711,ls_list_marginal_L8,True,15613270152211444711,True,False,False,valid_list_complete,10383,9610,63,63,9,8,8,504,32256,0,126,0.11353669001255184,1.0
PF64_SPARSE_PHASE,PF64_SPARSE_PHASE_c0_t1,64,48,0.75,sparse,8.0,0.5,0.5,0.25,0.0,0.35,1.0,0.0,slip_8_1,True,63,0,1,15613270152211444711,latent_osd_batch_o2_s63,True,15613270152211444711,True,False,False,best_marginal_in_osd_union,3528,0,63,63,2669,2669,2669,168147,10761408,3528,63,1.1921803609002382,1.0
PF64_SPARSE_PHASE,PF64_SPARSE_PHASE_c0_t1,64,48,0.75,sparse,8.0,0.5,0.5,0.25,0.0,0.35,1.0,0.0,slip_8_1,True,63,0,1,15613270152211444711,plain_osd_batch_o2,False,6389797584913095153,True,False,False,best_marginal_in_osd_union,56,0,1,1,56,56,56,56,3584,56,1,0.014520611031912267,1.0
PF64_SPARSE_PHASE,PF64_SPARSE_PHASE_c0_t1,64,48,0.75,sparse,8.0,0.5,0.5,0.25,0.0,0.35,1.0,0.0,slip_8_1,True,63,0,1,15613270152211444711,lsgrand_certified_v1_bound,True,15613270152211444711,True,True,False,strict_unseen_codeword_certificate,256,256,63,63,1,1,0,256,16384,0,63,0.005122888018377125,1.0
PF64_SPARSE_PHASE,PF64_SPARSE_PHASE_c0_t2,64,48,0.75,sparse,8.0,0.5,0.5,0.25,0.0,0.35,1.0,0.0,slip_8_3,True,63,0,2,9881862973524729706,ls_first_valid,True,9881862973524729706,True,False,False,valid_list_complete,21,21,63,17,1,1,0,0,0,0,63,0.001864523976109922,0.2698412698412698
PF64_SPARSE_PHASE,PF64_SPARSE_PHASE_c0_t2,64,48,0.75,sparse,8.0,0.5,0.5,0.25,0.0,0.35,1.0,0.0,slip_8_3,True,63,0,2,9881862973524729706,ls_list_marginal_L2,True,9881862973524729706,True,False,False,valid_list_complete,698,672,63,63,2,2,2,126,8064,0,126,0.010859636007808149,1.0
PF64_SPARSE_PHASE,PF64_SPARSE_PHASE_c0_t2,64,48,0.75,sparse,8.0,0.5,0.5,0.25,0.0,0.35,1.0,0.0,slip_8_3,True,63,0,2,9881862973524729706,ls_list_marginal_L4,True,9881862973524729706,True,False,False,valid_list_complete,1084,1040,63,63,4,4,4,252,16128,0,126,0.014335469924844801,1.0
PF64_SPARSE_PHASE,PF64_SPARSE_PHASE_c0_t2,64,48,0.75,sparse,8.0,0.5,0.5,0.25,0.0,0.35,1.0,0.0,slip_8_3,True,63,0,2,9881862973524729706,ls_list_marginal_L8,True,9881862973524729706,True,False,False,valid_list_complete,9267,8664,63,63,8,8,8,504,32256,0,126,0.11099460499826819,1.0
PF64_SPARSE_PHASE,PF64_SPARSE_PHASE_c0_t2,64,48,0.75,sparse,8.0,0.5,0.5,0.25,0.0,0.35,1.0,0.0,slip_8_3,True,63,0,2,9881862973524729706,latent_osd_batch_o2_s63,True,9881862973524729706,True,False,False,best_marginal_in_osd_union,3528,0,63,63,2699,2699,2699,170037,10882368,3528,63,1.046679179999046,1.0
PF64_SPARSE_PHASE,PF64_SPARSE_PHASE_c0_t2,64,48,0.75,sparse,8.0,0.5,0.5,0.25,0.0,0.35,1.0,0.0,slip_8_3,True,63,0,2,9881862973524729706,plain_osd_batch_o2,False,10170192651022547268,True,False,False,best_marginal_in_osd_union,56,0,1,1,56,56,56,56,3584,56,1,0.024461215012706816,1.0
PF64_SPARSE_PHASE,PF64_SPARSE_PHASE_c0_t2,64,48,0.75,sparse,8.0,0.5,0.5,0.25,0.0,0.35,1.0,0.0,slip_8_3,True,63,0,2,9881862973524729706,lsgrand_certified_v1_bound,True,9881862973524729706,True,True,False,strict_unseen_codeword_certificate,320,320,63,63,1,1,0,320,20480,0,63,0.009468663018196821,1.0
PF64_SPARSE_PHASE,PF64_SPARSE_PHASE_c0_t3,64,48,0.75,sparse,8.0,0.5,0.5,0.25,0.0,0.35,1.0,0.0,no_slip,True,63,0,3,17473636581039859006,ls_first_valid,True,17473636581039859006,True,False,False,valid_list_complete,2,2,63,1,1,1,0,0,0,0,63,0.003264809027314186,0.015873015873015872
PF64_SPARSE_PHASE,PF64_SPARSE_PHASE_c0_t3,64,48,0.75,sparse,8.0,0.5,0.5,0.25,0.0,0.35,1.0,0.0,no_slip,True,63,0,3,17473636581039859006,ls_list_marginal_L2,True,17473636581039859006,True,False,False,valid_list_complete,70,70,63,63,2,2,2,126,8064,0,126,0.005874447990208864,1.0
PF64_SPARSE_PHASE,PF64_SPARSE_PHASE_c0_t3,64,48,0.75,sparse,8.0,0.5,0.5,0.25,0.0,0.35,1.0,0.0,no_slip,True,63,0,3,17473636581039859006,ls_list_marginal_L4,True,17473636581039859006,True,False,False,valid_list_complete,3467,3261,63,63,4,4,4,252,16128,0,126,0.05287349701393396,1.0
PF64_SPARSE_PHASE,PF64_SPARSE_PHASE_c0_t3,64,48,0.75,sparse,8.0,0.5,0.5,0.25,0.0,0.35,1.0,0.0,no_slip,True,63,0,3,17473636581039859006,ls_list_marginal_L8,True,17473636581039859006,True,False,False,valid_list_complete,5072,4758,63,63,9,8,8,504,32256,0,126,0.08895442297216505,1.0
PF64_SPARSE_PHASE,PF64_SPARSE_PHASE_c0_t3,64,48,0.75,sparse,8.0,0.5,0.5,0.25,0.0,0.35,1.0,0.0,no_slip,True,63,0,3,17473636581039859006,latent_osd_batch_o2_s63,True,17473636581039859006,True,False,False,best_marginal_in_osd_union,3528,0,63,63,2489,2489,2489,156807,10035648,3528,63,1.0125707410043105,1.0
PF64_SPARSE_PHASE,PF64_SPARSE_PHASE_c0_t3,64,48,0.75,sparse,8.0,0.5,0.5,0.25,0.0,0.35,1.0,0.0,no_slip,True,63,0,3,17473636581039859006,plain_osd_batch_o2,True,17473636581039859006,True,False,False,best_marginal_in_osd_union,56,0,1,1,56,56,56,56,3584,56,1,0.01655615004710853,1.0
PF64_SPARSE_PHASE,PF64_SPARSE_PHASE_c0_t3,64,48,0.75,sparse,8.0,0.5,0.5,0.25,0.0,0.35,1.0,0.0,no_slip,True,63,0,3,17473636581039859006,lsgrand_certified_v1_bound,True,17473636581039859006,True,True,False,strict_unseen_codeword_certificate,96,96,63,63,2,2,0,96,6144,0,63,0.003248424967750907,1.0
PF64_SPARSE_PHASE,PF64_SPARSE_PHASE_c0_t4,64,48,0.75,sparse,8.0,0.5,0.5,0.25,0.0,0.35,1.0,0.0,slip_8_1,True,63,0,4,12961938799208954022,ls_first_valid,True,12961938799208954022,True,False,False,valid_list_complete,19,19,63,16,1,1,0,0,0,0,63,0.0020407510455697775,0.25396825396825395
PF64_SPARSE_PHASE,PF64_SPARSE_PHASE_c0_t4,64,48,0.75,sparse,8.0,0.5,0.5,0.25,0.0,0.35,1.0,0.0,slip_8_1,True,63,0,4,12961938799208954022,ls_list_marginal_L2,True,12961938799208954022,True,False,False,valid_list_complete,85,83,63,63,2,2,2,126,8064,0,126,0.004245207062922418,1.0
PF64_SPARSE_PHASE,PF64_SPARSE_PHASE_c0_t4,64,48,0.75,sparse,8.0,0.5,0.5,0.25,0.0,0.35,1.0,0.0,slip_8_1,True,63,0,4,12961938799208954022,ls_list_marginal_L4,True,12961938799208954022,True,False,False,valid_list_complete,682,652,63,63,5,4,4,252,16128,0,126,0.010389075032435358,1.0
PF64_SPARSE_PHASE,PF64_SPARSE_PHASE_c0_t4,64,48,0.75,sparse,8.0,0.5,0.5,0.25,0.0,0.35,1.0,0.0,slip_8_1,True,63,0,4,12961938799208954022,ls_list_marginal_L8,True,12961938799208954022,True,False,False,valid_list_complete,6601,6132,63,63,10,8,8,504,32256,0,126,0.07479419198352844,1.0
PF64_SPARSE_PHASE,PF64_SPARSE_PHASE_c0_t4,64,48,0.75,sparse,8.0,0.5,0.5,0.25,0.0,0.35,1.0,0.0,slip_8_1,True,63,0,4,12961938799208954022,latent_osd_batch_o2_s63,True,12961938799208954022,True,False,False,best_marginal_in_osd_union,3528,0,63,63,2634,2634,2634,165942,10620288,3528,63,0.9087117729941383,1.0
PF64_SPARSE_PHASE,PF64_SPARSE_PHASE_c0_t4,64,48,0.75,sparse,8.0,0.5,0.5,0.25,0.0,0.35,1.0,0.0,slip_8_1,True,63,0,4,12961938799208954022,plain_osd_batch_o2,False,12962107380544920818,True,False,False,best_marginal_in_osd_union,56,0,1,1,56,56,56,56,3584,56,1,0.013428310048766434,1.0
PF64_SPARSE_PHASE,PF64_SPARSE_PHASE_c0_t4,64,48,0.75,sparse,8.0,0.5,0.5,0.25,0.0,0.35,1.0,0.0,slip_8_1,True,63,0,4,12961938799208954022,lsgrand_certified_v1_bound,True,12961938799208954022,True,True,False,strict_unseen_codeword_certificate,288,288,63,63,3,3,0,288,18432,0,63,0.006282528047449887,1.0
PF64_SPARSE_PHASE,PF64_SPARSE_PHASE_c0_t5,64,48,0.75,sparse,8.0,0.5,0.5,0.25,0.0,0.35,1.0,0.0,no_slip,True,63,0,5,399193325772664030,ls_first_valid,True,399193325772664030,True,False,False,valid_list_complete,1,1,63,1,1,1,0,0,0,0,63,0.0016582899261265993,0.015873015873015872
PF64_SPARSE_PHASE,PF64_SPARSE_PHASE_c0_t5,64,48,0.75,sparse,8.0,0.5,0.5,0.25,0.0,0.35,1.0,0.0,no_slip,True,63,0,5,399193325772664030,ls_list_marginal_L2,True,399193325772664030,True,False,False,valid_list_complete,205,200,63,63,3,2,2,126,8064,0,126,0.005280280020087957,1.0
PF64_SPARSE_PHASE,PF64_SPARSE_PHASE_c0_t5,64,48,0.75,sparse,8.0,0.5,0.5,0.25,0.0,0.35,1.0,0.0,no_slip,True,63,0,5,399193325772664030,ls_list_marginal_L4,True,399193325772664030,True,False,False,valid_list_complete,603,578,63,63,5,4,4,252,16128,0,126,0.008876456995494664,1.0
PF64_SPARSE_PHASE,PF64_SPARSE_PHASE_c0_t5,64,48,0.75,sparse,8.0,0.5,0.5,0.25,0.0,0.35,1.0,0.0,no_slip,True,63,0,5,399193325772664030,ls_list_marginal_L8,True,399193325772664030,True,False,False,valid_list_complete,1916,1812,63,63,10,8,8,504,32256,0,126,0.023012852994725108,1.0
PF64_SPARSE_PHASE,PF64_SPARSE_PHASE_c0_t5,64,48,0.75,sparse,8.0,0.5,0.5,0.25,0.0,0.35,1.0,0.0,no_slip,True,63,0,5,399193325772664030,latent_osd_batch_o2_s63,True,399193325772664030,True,False,False,best_marginal_in_osd_union,3528,0,63,63,2375,2375,2375,149625,9576000,3528,63,1.0551341020036489,1.0
PF64_SPARSE_PHASE,PF64_SPARSE_PHASE_c0_t5,64,48,0.75,sparse,8.0,0.5,0.5,0.25,0.0,0.35,1.0,0.0,no_slip,True,63,0,5,399193325772664030,plain_osd_batch_o2,True,399193325772664030,True,False,False,best_marginal_in_osd_union,56,0,1,1,56,56,56,56,3584,56,1,0.01776950398925692,1.0
PF64_SPARSE_PHASE,PF64_SPARSE_PHASE_c0_t5,64,48,0.75,sparse,8.0,0.5,0.5,0.25,0.0,0.35,1.0,0.0,no_slip,True,63,0,5,399193325772664030,lsgrand_certified_v1_bound,True,399193325772664030,True,True,False,strict_unseen_codeword_certificate,32,32,63,31,1,1,0,32,2048,0,63,0.0024567570071667433,0.49206349206349204
PF64_SPARSE_PHASE,PF64_SPARSE_PHASE_c0_t6,64,48,0.75,sparse,8.0,0.5,0.5,0.25,0.0,0.35,1.0,0.0,no_slip,True,63,0,6,1617789332095009879,ls_first_valid,True,1617789332095009879,True,False,False,valid_list_complete,1,1,63,1,1,1,0,0,0,0,63,0.0017873410833999515,0.015873015873015872
PF64_SPARSE_PHASE,PF64_SPARSE_PHASE_c0_t6,64,48,0.75,sparse,8.0,0.5,0.5,0.25,0.0,0.35,1.0,0.0,no_slip,True,63,0,6,1617789332095009879,ls_list_marginal_L2,True,1617789332095009879,True,False,False,valid_list_complete,472,459,63,63,2,2,2,126,8064,0,126,0.009776904946193099,1.0
PF64_SPARSE_PHASE,PF64_SPARSE_PHASE_c0_t6,64,48,0.75,sparse,8.0,0.5,0.5,0.25,0.0,0.35,1.0,0.0,no_slip,True,63,0,6,1617789332095009879,ls_list_marginal_L4,True,1617789332095009879,True,False,False,valid_list_complete,1530,1472,63,63,4,4,4,252,16128,0,126,0.04153227596543729,1.0
PF64_SPARSE_PHASE,PF64_SPARSE_PHASE_c0_t6,64,48,0.75,sparse,8.0,0.5,0.5,0.25,0.0,0.35,1.0,0.0,no_slip,True,63,0,6,1617789332095009879,ls_list_marginal_L8,True,1617789332095009879,True,False,False,valid_list_complete,2786,2652,63,63,9,8,8,504,32256,0,126,0.06775434105657041,1.0
PF64_SPARSE_PHASE,PF64_SPARSE_PHASE_c0_t6,64,48,0.75,sparse,8.0,0.5,0.5,0.25,0.0,0.35,1.0,0.0,no_slip,True,63,0,6,1617789332095009879,latent_osd_batch_o2_s63,True,1617789332095009879,True,False,False,best_marginal_in_osd_union,3528,0,63,63,2476,2476,2476,155988,9983232,3528,63,1.0420435210689902,1.0
PF64_SPARSE_PHASE,PF64_SPARSE_PHASE_c0_t6,64,48,0.75,sparse,8.0,0.5,0.5,0.25,0.0,0.35,1.0,0.0,no_slip,True,63,0,6,1617789332095009879,plain_osd_batch_o2,True,1617789332095009879,True,False,False,best_marginal_in_osd_union,56,0,1,1,56,56,56,56,3584,56,1,0.016570477979257703,1.0
PF64_SPARSE_PHASE,PF64_SPARSE_PHASE_c0_t6,64,48,0.75,sparse,8.0,0.5,0.5,0.25,0.0,0.35,1.0,0.0,no_slip,True,63,0,6,1617789332095009879,lsgrand_certified_v1_bound,True,1617789332095009879,True,True,False,strict_unseen_codeword_certificate,32,32,63,30,1,1,0,32,2048,0,63,0.0023182600270956755,0.47619047619047616
PF64_SPARSE_PHASE,PF64_SPARSE_PHASE_c0_t7,64,48,0.75,sparse,8.0,0.5,0.5,0.25,0.0,0.35,1.0,0.0,no_slip,True,63,0,7,8739721920614183336,ls_first_valid,True,8739721920614183336,True,False,False,valid_list_complete,1,1,63,1,1,1,0,0,0,0,63,0.0021208079997450113,0.015873015873015872
PF64_SPARSE_PHASE,PF64_SPARSE_PHASE_c0_t7,64,48,0.75,sparse,8.0,0.5,0.5,0.25,0.0,0.35,1.0,0.0,no_slip,True,63,0,7,8739721920614183336,ls_list_marginal_L2,True,8739721920614183336,True,False,False,valid_list_complete,261,255,63,63,2,2,2,126,8064,0,126,0.0056395940482616425,1.0
PF64_SPARSE_PHASE,PF64_SPARSE_PHASE_c0_t7,64,48,0.75,sparse,8.0,0.5,0.5,0.25,0.0,0.35,1.0,0.0,no_slip,True,63,0,7,8739721920614183336,ls_list_marginal_L4,True,8739721920614183336,True,False,False,valid_list_complete,341,333,63,63,4,4,4,252,16128,0,126,0.006875117891468108,1.0
PF64_SPARSE_PHASE,PF64_SPARSE_PHASE_c0_t7,64,48,0.75,sparse,8.0,0.5,0.5,0.25,0.0,0.35,1.0,0.0,no_slip,True,63,0,7,8739721920614183336,ls_list_marginal_L8,True,8739721920614183336,True,False,False,valid_list_complete,3770,3582,63,63,9,8,8,504,32256,0,126,0.059888376970775425,1.0
PF64_SPARSE_PHASE,PF64_SPARSE_PHASE_c0_t7,64,48,0.75,sparse,8.0,0.5,0.5,0.25,0.0,0.35,1.0,0.0,no_slip,True,63,0,7,8739721920614183336,latent_osd_batch_o2_s63,True,8739721920614183336,True,False,False,best_marginal_in_osd_union,3528,0,63,63,2468,2468,2468,155484,9950976,3528,63,1.0255201989784837,1.0
PF64_SPARSE_PHASE,PF64_SPARSE_PHASE_c0_t7,64,48,0.75,sparse,8.0,0.5,0.5,0.25,0.0,0.35,1.0,0.0,no_slip,True,63,0,7,8739721920614183336,plain_osd_batch_o2,True,8739721920614183336,True,False,False,best_marginal_in_osd_union,56,0,1,1,56,56,56,56,3584,56,1,0.015055633033625782,1.0
PF64_SPARSE_PHASE,PF64_SPARSE_PHASE_c0_t7,64,48,0.75,sparse,8.0,0.5,0.5,0.25,0.0,0.35,1.0,0.0,no_slip,True,63,0,7,8739721920614183336,lsgrand_certified_v1_bound,True,8739721920614183336,True,True,False,strict_unseen_codeword_certificate,32,32,63,29,1,1,0,32,2048,0,63,0.0036414869828149676,0.4603174603174603
PF64_SPARSE_PHASE,PF64_SPARSE_PHASE_c0_t8,64,48,0.75,sparse,8.0,0.5,0.5,0.25,0.0,0.35,1.0,0.0,no_slip,True,63,0,8,6761757732805987706,ls_first_valid,True,6761757732805987706,True,False,False,valid_list_complete,2,2,63,1,1,1,0,0,0,0,63,0.0021656699245795608,0.015873015873015872
PF64_SPARSE_PHASE,PF64_SPARSE_PHASE_c0_t8,64,48,0.75,sparse,8.0,0.5,0.5,0.25,0.0,0.35,1.0,0.0,no_slip,True,63,0,8,6761757732805987706,ls_list_marginal_L2,True,6761757732805987706,True,False,False,valid_list_complete,149,147,63,63,2,2,2,126,8064,0,126,0.005079877912066877,1.0
PF64_SPARSE_PHASE,PF64_SPARSE_PHASE_c0_t8,64,48,0.75,sparse,8.0,0.5,0.5,0.25,0.0,0.35,1.0,0.0,no_slip,True,63,0,8,6761757732805987706,ls_list_marginal_L4,True,6761757732805987706,True,False,False,valid_list_complete,811,779,63,63,4,4,4,252,16128,0,126,0.013354563969187438,1.0
PF64_SPARSE_PHASE,PF64_SPARSE_PHASE_c0_t8,64,48,0.75,sparse,8.0,0.5,0.5,0.25,0.0,0.35,1.0,0.0,no_slip,True,63,0,8,6761757732805987706,ls_list_marginal_L8,True,6761757732805987706,True,False,False,valid_list_complete,2793,2633,63,63,8,8,8,504,32256,0,126,0.04363443795591593,1.0
PF64_SPARSE_PHASE,PF64_SPARSE_PHASE_c0_t8,64,48,0.75,sparse,8.0,0.5,0.5,0.25,0.0,0.35,1.0,0.0,no_slip,True,63,0,8,6761757732805987706,latent_osd_batch_o2_s63,True,6761757732805987706,True,False,False,best_marginal_in_osd_union,3528,0,63,63,2563,2563,2563,161469,10334016,3528,63,1.1553566640941426,1.0
PF64_SPARSE_PHASE,PF64_SPARSE_PHASE_c0_t8,64,48,0.75,sparse,8.0,0.5,0.5,0.25,0.0,0.35,1.0,0.0,no_slip,True,63,0,8,6761757732805987706,plain_osd_batch_o2,True,6761757732805987706,True,False,False,best_marginal_in_osd_union,56,0,1,1,56,56,56,56,3584,56,1,0.02406313200481236,1.0
PF64_SPARSE_PHASE,PF64_SPARSE_PHASE_c0_t8,64,48,0.75,sparse,8.0,0.5,0.5,0.25,0.0,0.35,1.0,0.0,no_slip,True,63,0,8,6761757732805987706,lsgrand_certified_v1_bound,True,6761757732805987706,True,True,False,strict_unseen_codeword_certificate,96,96,63,63,1,1,0,96,6144,0,63,0.003870944958180189,1.0
PF64_SPARSE_PHASE,PF64_SPARSE_PHASE_c0_t9,64,48,0.75,sparse,8.0,0.5,0.5,0.25,0.0,0.35,1.0,0.0,slip_8_1,True,63,0,9,15595680261447703794,ls_first_valid,True,15595680261447703794,True,False,False,valid_list_complete,18,18,63,16,1,1,0,0,0,0,63,0.003103368915617466,0.25396825396825395
PF64_SPARSE_PHASE,PF64_SPARSE_PHASE_c0_t9,64,48,0.75,sparse,8.0,0.5,0.5,0.25,0.0,0.35,1.0,0.0,slip_8_1,True,63,0,9,15595680261447703794,ls_list_marginal_L2,True,15595680261447703794,True,False,False,valid_list_complete,150,148,63,63,2,2,2,126,8064,0,126,0.005740231019444764,1.0
PF64_SPARSE_PHASE,PF64_SPARSE_PHASE_c0_t9,64,48,0.75,sparse,8.0,0.5,0.5,0.25,0.0,0.35,1.0,0.0,slip_8_1,True,63,0,9,15595680261447703794,ls_list_marginal_L4,True,15595680261447703794,True,False,False,valid_list_complete,748,721,63,63,6,4,4,252,16128,0,126,0.014034120948053896,1.0
PF64_SPARSE_PHASE,PF64_SPARSE_PHASE_c0_t9,64,48,0.75,sparse,8.0,0.5,0.5,0.25,0.0,0.35,1.0,0.0,slip_8_1,True,63,0,9,15595680261447703794,ls_list_marginal_L8,True,15595680261447703794,True,False,False,valid_list_complete,8728,8191,63,63,14,8,8,504,32256,0,126,0.09757375007029623,1.0
PF64_SPARSE_PHASE,PF64_SPARSE_PHASE_c0_t9,64,48,0.75,sparse,8.0,0.5,0.5,0.25,0.0,0.35,1.0,0.0,slip_8_1,True,63,0,9,15595680261447703794,latent_osd_batch_o2_s63,True,15595680261447703794,True,False,False,best_marginal_in_osd_union,3528,0,63,63,2310,2310,2310,145530,9313920,3528,63,0.975703228963539,1.0
PF64_SPARSE_PHASE,PF64_SPARSE_PHASE_c0_t9,64,48,0.75,sparse,8.0,0.5,0.5,0.25,0.0,0.35,1.0,0.0,slip_8_1,True,63,0,9,15595680261447703794,plain_osd_batch_o2,False,15600213507507234331,True,False,False,best_marginal_in_osd_union,56,0,1,1,56,56,56,56,3584,56,1,0.01717318396549672,1.0
PF64_SPARSE_PHASE,PF64_SPARSE_PHASE_c0_t9,64,48,0.75,sparse,8.0,0.5,0.5,0.25,0.0,0.35,1.0,0.0,slip_8_1,True,63,0,9,15595680261447703794,lsgrand_certified_v1_bound,True,15595680261447703794,True,True,False,strict_unseen_codeword_certificate,192,192,63,63,2,2,0,192,12288,0,63,0.00479850999545306,1.0
PF64_SPARSE_PHASE,PF64_SPARSE_PHASE_c0_t10,64,48,0.75,sparse,8.0,0.5,0.5,0.25,0.0,0.35,1.0,0.0,slip_8_1,True,63,0,10,2826632570393328111,ls_first_valid,True,2826632570393328111,True,False,False,valid_list_complete,18,18,63,16,1,1,0,0,0,0,63,0.0018395869992673397,0.25396825396825395
PF64_SPARSE_PHASE,PF64_SPARSE_PHASE_c0_t10,64,48,0.75,sparse,8.0,0.5,0.5,0.25,0.0,0.35,1.0,0.0,slip_8_1,True,63,0,10,2826632570393328111,ls_list_marginal_L2,True,2826632570393328111,True,False,False,valid_list_complete,235,229,63,63,2,2,2,126,8064,0,126,0.0056600309908390045,1.0
PF64_SPARSE_PHASE,PF64_SPARSE_PHASE_c0_t10,64,48,0.75,sparse,8.0,0.5,0.5,0.25,0.0,0.35,1.0,0.0,slip_8_1,True,63,0,10,2826632570393328111,ls_list_marginal_L4,True,2826632570393328111,True,False,False,valid_list_complete,809,782,63,63,4,4,4,252,16128,0,126,0.011924815946258605,1.0
PF64_SPARSE_PHASE,PF64_SPARSE_PHASE_c0_t10,64,48,0.75,sparse,8.0,0.5,0.5,0.25,0.0,0.35,1.0,0.0,slip_8_1,True,63,0,10,2826632570393328111,ls_list_marginal_L8,True,2826632570393328111,True,False,False,valid_list_complete,3901,3704,63,63,9,8,8,504,32256,0,126,0.04992213100194931,1.0
PF64_SPARSE_PHASE,PF64_SPARSE_PHASE_c0_t10,64,48,0.75,sparse,8.0,0.5,0.5,0.25,0.0,0.35,1.0,0.0,slip_8_1,True,63,0,10,2826632570393328111,latent_osd_batch_o2_s63,True,2826632570393328111,True,False,False,best_marginal_in_osd_union,3528,0,63,63,2577,2577,2577,162351,10390464,3528,63,1.0854658369207755,1.0
PF64_SPARSE_PHASE,PF64_SPARSE_PHASE_c0_t10,64,48,0.75,sparse,8.0,0.5,0.5,0.25,0.0,0.35,1.0,0.0,slip_8_1,True,63,0,10,2826632570393328111,plain_osd_batch_o2,False,2817724283319570551,True,False,False,best_marginal_in_osd_union,56,0,1,1,56,56,56,56,3584,56,1,0.01633497409056872,1.0
PF64_SPARSE_PHASE,PF64_SPARSE_PHASE_c0_t10,64,48,0.75,sparse,8.0,0.5,0.5,0.25,0.0,0.35,1.0,0.0,slip_8_1,True,63,0,10,2826632570393328111,lsgrand_certified_v1_bound,True,2826632570393328111,True,True,False,strict_unseen_codeword_certificate,192,192,63,63,1,1,0,192,12288,0,63,0.006501078954897821,1.0
PF64_SPARSE_PHASE,PF64_SPARSE_PHASE_c0_t11,64,48,0.75,sparse,8.0,0.5,0.5,0.25,0.0,0.35,1.0,0.0,slip_8_1,True,63,0,11,5777200413638087260,ls_first_valid,True,5777200413638087260,True,False,False,valid_list_complete,81,81,63,63,1,1,0,0,0,0,63,0.002580254920758307,1.0
PF64_SPARSE_PHASE,PF64_SPARSE_PHASE_c0_t11,64,48,0.75,sparse,8.0,0.5,0.5,0.25,0.0,0.35,1.0,0.0,slip_8_1,True,63,0,11,5777200413638087260,ls_list_marginal_L2,True,5777200413638087260,True,False,False,valid_list_complete,7132,6655,63,63,3,2,2,126,8064,0,126,0.08301197993569076,1.0
PF64_SPARSE_PHASE,PF64_SPARSE_PHASE_c0_t11,64,48,0.75,sparse,8.0,0.5,0.5,0.25,0.0,0.35,1.0,0.0,slip_8_1,True,63,0,11,5777200413638087260,ls_list_marginal_L4,True,5777200413638087260,True,False,False,valid_list_complete,16589,15330,63,63,5,4,4,252,16128,0,126,0.2535915019689128,1.0
PF64_SPARSE_PHASE,PF64_SPARSE_PHASE_c0_t11,64,48,0.75,sparse,8.0,0.5,0.5,0.25,0.0,0.35,1.0,0.0,slip_8_1,True,63,0,11,5777200413638087260,ls_list_marginal_L8,True,5777200413638087260,True,False,False,valid_list_complete,24146,22203,63,63,11,8,8,504,32256,0,126,0.37839815102051944,1.0
PF64_SPARSE_PHASE,PF64_SPARSE_PHASE_c0_t11,64,48,0.75,sparse,8.0,0.5,0.5,0.25,0.0,0.35,1.0,0.0,slip_8_1,True,63,0,11,5777200413638087260,latent_osd_batch_o2_s63,True,5777200413638087260,True,False,False,best_marginal_in_osd_union,3528,0,63,63,2753,2753,2753,173439,11100096,3528,63,1.1523663809057325,1.0
PF64_SPARSE_PHASE,PF64_SPARSE_PHASE_c0_t11,64,48,0.75,sparse,8.0,0.5,0.5,0.25,0.0,0.35,1.0,0.0,slip_8_1,True,63,0,11,5777200413638087260,plain_osd_batch_o2,False,15018894250925952582,True,False,False,best_marginal_in_osd_union,56,0,1,1,56,56,56,56,3584,56,1,0.022745343972928822,1.0
PF64_SPARSE_PHASE,PF64_SPARSE_PHASE_c0_t11,64,48,0.75,sparse,8.0,0.5,0.5,0.25,0.0,0.35,1.0,0.0,slip_8_1,True,63,0,11,5777200413638087260,lsgrand_certified_v1_bound,True,5777200413638087260,True,True,False,strict_unseen_codeword_certificate,288,288,63,63,1,1,0,288,18432,0,63,0.007220590021461248,1.0
PF64_SPARSE_PHASE,PF64_SPARSE_PHASE_c0_t12,64,48,0.75,sparse,8.0,0.5,0.5,0.25,0.0,0.35,1.0,0.0,no_slip,True,63,0,12,11552387803020547590,ls_first_valid,True,11552387803020547590,True,False,False,valid_list_complete,1,1,63,1,1,1,0,0,0,0,63,0.00292816199362278,0.015873015873015872
PF64_SPARSE_PHASE,PF64_SPARSE_PHASE_c0_t12,64,48,0.75,sparse,8.0,0.5,0.5,0.25,0.0,0.35,1.0,0.0,no_slip,True,63,0,12,11552387803020547590,ls_list_marginal_L2,True,11552387803020547590,True,False,False,valid_list_complete,205,201,63,63,2,2,2,126,8064,0,126,0.008131285081617534,1.0
PF64_SPARSE_PHASE,PF64_SPARSE_PHASE_c0_t12,64,48,0.75,sparse,8.0,0.5,0.5,0.25,0.0,0.35,1.0,0.0,no_slip,True,63,0,12,11552387803020547590,ls_list_marginal_L4,True,11552387803020547590,True,False,False,valid_list_complete,1526,1466,63,63,4,4,4,252,16128,0,126,0.025606225011870265,1.0
PF64_SPARSE_PHASE,PF64_SPARSE_PHASE_c0_t12,64,48,0.75,sparse,8.0,0.5,0.5,0.25,0.0,0.35,1.0,0.0,no_slip,True,63,0,12,11552387803020547590,ls_list_marginal_L8,True,11552387803020547590,True,False,False,valid_list_complete,6187,5840,63,63,8,8,8,504,32256,0,126,0.07575004501268268,1.0
PF64_SPARSE_PHASE,PF64_SPARSE_PHASE_c0_t12,64,48,0.75,sparse,8.0,0.5,0.5,0.25,0.0,0.35,1.0,0.0,no_slip,True,63,0,12,11552387803020547590,latent_osd_batch_o2_s63,True,11552387803020547590,True,False,False,best_marginal_in_osd_union,3528,0,63,63,2418,2418,2418,152334,9749376,3528,63,1.0995660870103166,1.0
PF64_SPARSE_PHASE,PF64_SPARSE_PHASE_c0_t12,64,48,0.75,sparse,8.0,0.5,0.5,0.25,0.0,0.35,1.0,0.0,no_slip,True,63,0,12,11552387803020547590,plain_osd_batch_o2,True,11552387803020547590,True,False,False,best_marginal_in_osd_union,56,0,1,1,56,56,56,56,3584,56,1,0.016104998998343945,1.0
PF64_SPARSE_PHASE,PF64_SPARSE_PHASE_c0_t12,64,48,0.75,sparse,8.0,0.5,0.5,0.25,0.0,0.35,1.0,0.0,no_slip,True,63,0,12,11552387803020547590,lsgrand_certified_v1_bound,True,11552387803020547590,True,True,False,strict_unseen_codeword_certificate,32,32,63,30,1,1,0,32,2048,0,63,0.0024422379210591316,0.47619047619047616
PF64_SPARSE_PHASE,PF64_SPARSE_PHASE_c0_t13,64,48,0.75,sparse,8.0,0.5,0.5,0.25,0.0,0.35,1.0,0.0,no_slip,True,63,0,13,8771348925238111785,ls_first_valid,True,8771348925238111785,True,False,False,valid_list_complete,3,3,63,1,1,1,0,0,0,0,63,0.0017534890212118626,0.015873015873015872
PF64_SPARSE_PHASE,PF64_SPARSE_PHASE_c0_t13,64,48,0.75,sparse,8.0,0.5,0.5,0.25,0.0,0.35,1.0,0.0,no_slip,True,63,0,13,8771348925238111785,ls_list_marginal_L2,True,8771348925238111785,True,False,False,valid_list_complete,138,136,63,63,2,2,2,126,8064,0,126,0.004411501926369965,1.0
PF64_SPARSE_PHASE,PF64_SPARSE_PHASE_c0_t13,64,48,0.75,sparse,8.0,0.5,0.5,0.25,0.0,0.35,1.0,0.0,no_slip,True,63,0,13,8771348925238111785,ls_list_marginal_L4,True,8771348925238111785,True,False,False,valid_list_complete,813,777,63,63,4,4,4,252,16128,0,126,0.011536133009940386,1.0
PF64_SPARSE_PHASE,PF64_SPARSE_PHASE_c0_t13,64,48,0.75,sparse,8.0,0.5,0.5,0.25,0.0,0.35,1.0,0.0,no_slip,True,63,0,13,8771348925238111785,ls_list_marginal_L8,True,8771348925238111785,True,False,False,valid_list_complete,2389,2260,63,63,8,8,8,504,32256,0,126,0.028279624064452946,1.0
PF64_SPARSE_PHASE,PF64_SPARSE_PHASE_c0_t13,64,48,0.75,sparse,8.0,0.5,0.5,0.25,0.0,0.35,1.0,0.0,no_slip,True,63,0,13,8771348925238111785,latent_osd_batch_o2_s63,True,8771348925238111785,True,False,False,best_marginal_in_osd_union,3528,0,63,63,2469,2469,2469,155547,9955008,3528,63,1.0154409130336717,1.0
PF64_SPARSE_PHASE,PF64_SPARSE_PHASE_c0_t13,64,48,0.75,sparse,8.0,0.5,0.5,0.25,0.0,0.35,1.0,0.0,no_slip,True,63,0,13,8771348925238111785,plain_osd_batch_o2,True,8771348925238111785,True,False,False,best_marginal_in_osd_union,56,0,1,1,56,56,56,56,3584,56,1,0.01611036597751081,1.0
PF64_SPARSE_PHASE,PF64_SPARSE_PHASE_c0_t13,64,48,0.75,sparse,8.0,0.5,0.5,0.25,0.0,0.35,1.0,0.0,no_slip,True,63,0,13,8771348925238111785,lsgrand_certified_v1_bound,True,8771348925238111785,True,True,False,strict_unseen_codeword_certificate,160,160,63,63,2,2,0,160,10240,0,63,0.003965192008763552,1.0
PF64_SPARSE_PHASE,PF64_SPARSE_PHASE_c0_t14,64,48,0.75,sparse,8.0,0.5,0.5,0.25,0.0,0.35,1.0,0.0,no_slip,True,63,0,14,8727527382990637497,ls_first_valid,True,8727527382990637497,True,False,False,valid_list_complete,1,1,63,1,1,1,0,0,0,0,63,0.0017982380231842399,0.015873015873015872
PF64_SPARSE_PHASE,PF64_SPARSE_PHASE_c0_t14,64,48,0.75,sparse,8.0,0.5,0.5,0.25,0.0,0.35,1.0,0.0,no_slip,True,63,0,14,8727527382990637497,ls_list_marginal_L2,True,8727527382990637497,True,False,False,valid_list_complete,201,197,63,63,2,2,2,126,8064,0,126,0.004873016034252942,1.0
PF64_SPARSE_PHASE,PF64_SPARSE_PHASE_c0_t14,64,48,0.75,sparse,8.0,0.5,0.5,0.25,0.0,0.35,1.0,0.0,no_slip,True,63,0,14,8727527382990637497,ls_list_marginal_L4,True,8727527382990637497,True,False,False,valid_list_complete,944,912,63,63,4,4,4,252,16128,0,126,0.012383449007757008,1.0
PF64_SPARSE_PHASE,PF64_SPARSE_PHASE_c0_t14,64,48,0.75,sparse,8.0,0.5,0.5,0.25,0.0,0.35,1.0,0.0,no_slip,True,63,0,14,8727527382990637497,ls_list_marginal_L8,True,8727527382990637497,True,False,False,valid_list_complete,3345,3179,63,63,8,8,8,504,32256,0,126,0.03726277395617217,1.0
PF64_SPARSE_PHASE,PF64_SPARSE_PHASE_c0_t14,64,48,0.75,sparse,8.0,0.5,0.5,0.25,0.0,0.35,1.0,0.0,no_slip,True,63,0,14,8727527382990637497,latent_osd_batch_o2_s63,True,8727527382990637497,True,False,False,best_marginal_in_osd_union,3528,0,63,63,2722,2722,2722,171486,10975104,3528,63,0.9975119070149958,1.0
PF64_SPARSE_PHASE,PF64_SPARSE_PHASE_c0_t14,64,48,0.75,sparse,8.0,0.5,0.5,0.25,0.0,0.35,1.0,0.0,no_slip,True,63,0,14,8727527382990637497,plain_osd_batch_o2,True,8727527382990637497,True,False,False,best_marginal_in_osd_union,56,0,1,1,56,56,56,56,3584,56,1,0.018007389036938548,1.0
PF64_SPARSE_PHASE,PF64_SPARSE_PHASE_c0_t14,64,48,0.75,sparse,8.0,0.5,0.5,0.25,0.0,0.35,1.0,0.0,no_slip,True,63,0,14,8727527382990637497,lsgrand_certified_v1_bound,True,8727527382990637497,True,True,False,strict_unseen_codeword_certificate,32,32,63,30,1,1,0,32,2048,0,63,0.0027476559625938535,0.47619047619047616
PF64_SPARSE_PHASE,PF64_SPARSE_PHASE_c0_t15,64,48,0.75,sparse,8.0,0.5,0.5,0.25,0.0,0.35,1.0,0.0,slip_8_3,True,63,0,15,6869536842970989895,ls_first_valid,True,6869536842970989895,True,False,False,valid_list_complete,210,204,63,63,1,1,0,0,0,0,63,0.0038857859326526523,1.0
PF64_SPARSE_PHASE,PF64_SPARSE_PHASE_c0_t15,64,48,0.75,sparse,8.0,0.5,0.5,0.25,0.0,0.35,1.0,0.0,slip_8_3,True,63,0,15,6869536842970989895,ls_list_marginal_L2,True,6869536842970989895,True,False,False,valid_list_complete,2794,2633,63,63,2,2,2,126,8064,0,126,0.03395288798492402,1.0
PF64_SPARSE_PHASE,PF64_SPARSE_PHASE_c0_t15,64,48,0.75,sparse,8.0,0.5,0.5,0.25,0.0,0.35,1.0,0.0,slip_8_3,True,63,0,15,6869536842970989895,ls_list_marginal_L4,True,6869536842970989895,True,False,False,valid_list_complete,9192,8547,63,63,4,4,4,252,16128,0,126,0.1024854889838025,1.0
PF64_SPARSE_PHASE,PF64_SPARSE_PHASE_c0_t15,64,48,0.75,sparse,8.0,0.5,0.5,0.25,0.0,0.35,1.0,0.0,slip_8_3,True,63,0,15,6869536842970989895,ls_list_marginal_L8,True,6869536842970989895,True,False,False,valid_list_complete,23319,21447,63,63,9,8,8,504,32256,0,126,0.33714166504796594,1.0
PF64_SPARSE_PHASE,PF64_SPARSE_PHASE_c0_t15,64,48,0.75,sparse,8.0,0.5,0.5,0.25,0.0,0.35,1.0,0.0,slip_8_3,True,63,0,15,6869536842970989895,latent_osd_batch_o2_s63,True,6869536842970989895,True,False,False,best_marginal_in_osd_union,3528,0,63,63,2432,2432,2432,153216,9805824,3528,63,1.0887611290672794,1.0
PF64_SPARSE_PHASE,PF64_SPARSE_PHASE_c0_t15,64,48,0.75,sparse,8.0,0.5,0.5,0.25,0.0,0.35,1.0,0.0,slip_8_3,True,63,0,15,6869536842970989895,plain_osd_batch_o2,False,6221136818497655838,True,False,False,best_marginal_in_osd_union,56,0,1,1,56,56,56,56,3584,56,1,0.014713957905769348,1.0
PF64_SPARSE_PHASE,PF64_SPARSE_PHASE_c0_t15,64,48,0.75,sparse,8.0,0.5,0.5,0.25,0.0,0.35,1.0,0.0,slip_8_3,True,63,0,15,6869536842970989895,lsgrand_certified_v1_bound,True,6869536842970989895,True,True,False,strict_unseen_codeword_certificate,544,544,63,63,1,1,0,544,34816,0,63,0.007541683968156576,1.0
PF64_SPARSE_PHASE,PF64_SPARSE_PHASE_c0_t16,64,48,0.75,sparse,8.0,0.5,0.5,0.25,0.0,0.35,1.0,0.0,no_slip,True,63,0,16,5062147900863104306,ls_first_valid,True,5062147900863104306,True,False,False,valid_list_complete,1,1,63,1,1,1,0,0,0,0,63,0.002648652996867895,0.015873015873015872
PF64_SPARSE_PHASE,PF64_SPARSE_PHASE_c0_t16,64,48,0.75,sparse,8.0,0.5,0.5,0.25,0.0,0.35,1.0,0.0,no_slip,True,63,0,16,5062147900863104306,ls_list_marginal_L2,True,5062147900863104306,True,False,False,valid_list_complete,200,196,63,63,2,2,2,126,8064,0,126,0.006714810966514051,1.0
PF64_SPARSE_PHASE,PF64_SPARSE_PHASE_c0_t16,64,48,0.75,sparse,8.0,0.5,0.5,0.25,0.0,0.35,1.0,0.0,no_slip,True,63,0,16,5062147900863104306,ls_list_marginal_L4,True,5062147900863104306,True,False,False,valid_list_complete,1188,1143,63,63,4,4,4,252,16128,0,126,0.020326958037912846,1.0
PF64_SPARSE_PHASE,PF64_SPARSE_PHASE_c0_t16,64,48,0.75,sparse,8.0,0.5,0.5,0.25,0.0,0.35,1.0,0.0,no_slip,True,63,0,16,5062147900863104306,ls_list_marginal_L8,True,5062147900863104306,True,False,False,valid_list_complete,5808,5493,63,63,8,8,8,504,32256,0,126,0.0958767399424687,1.0
PF64_SPARSE_PHASE,PF64_SPARSE_PHASE_c0_t16,64,48,0.75,sparse,8.0,0.5,0.5,0.25,0.0,0.35,1.0,0.0,no_slip,True,63,0,16,5062147900863104306,latent_osd_batch_o2_s63,True,5062147900863104306,True,False,False,best_marginal_in_osd_union,3528,0,63,63,2683,2683,2683,169029,10817856,3528,63,1.3080116260098293,1.0
PF64_SPARSE_PHASE,PF64_SPARSE_PHASE_c0_t16,64,48,0.75,sparse,8.0,0.5,0.5,0.25,0.0,0.35,1.0,0.0,no_slip,True,63,0,16,5062147900863104306,plain_osd_batch_o2,True,5062147900863104306,True,False,False,best_marginal_in_osd_union,56,0,1,1,56,56,56,56,3584,56,1,0.021938018035143614,1.0
PF64_SPARSE_PHASE,PF64_SPARSE_PHASE_c0_t16,64,48,0.75,sparse,8.0,0.5,0.5,0.25,0.0,0.35,1.0,0.0,no_slip,True,63,0,16,5062147900863104306,lsgrand_certified_v1_bound,True,5062147900863104306,True,True,False,strict_unseen_codeword_certificate,32,32,63,30,1,1,0,32,2048,0,63,0.0030633759452030063,0.47619047619047616
PF64_SPARSE_PHASE,PF64_SPARSE_PHASE_c0_t17,64,48,0.75,sparse,8.0,0.5,0.5,0.25,0.0,0.35,1.0,0.0,slip_8_1,True,63,0,17,10217221884901483272,ls_first_valid,True,10217221884901483272,True,False,False,valid_list_complete,19,19,63,16,1,1,0,0,0,0,63,0.003669828991405666,0.25396825396825395
PF64_SPARSE_PHASE,PF64_SPARSE_PHASE_c0_t17,64,48,0.75,sparse,8.0,0.5,0.5,0.25,0.0,0.35,1.0,0.0,slip_8_1,True,63,0,17,10217221884901483272,ls_list_marginal_L2,True,10217221884901483272,True,False,False,valid_list_complete,428,414,63,63,2,2,2,126,8064,0,126,0.014250171021558344,1.0
PF64_SPARSE_PHASE,PF64_SPARSE_PHASE_c0_t17,64,48,0.75,sparse,8.0,0.5,0.5,0.25,0.0,0.35,1.0,0.0,slip_8_1,True,63,0,17,10217221884901483272,ls_list_marginal_L4,True,10217221884901483272,True,False,False,valid_list_complete,824,798,63,63,5,4,4,252,16128,0,126,0.021428228938020766,1.0
PF64_SPARSE_PHASE,PF64_SPARSE_PHASE_c0_t17,64,48,0.75,sparse,8.0,0.5,0.5,0.25,0.0,0.35,1.0,0.0,slip_8_1,True,63,0,17,10217221884901483272,ls_list_marginal_L8,True,10217221884901483272,True,False,False,valid_list_complete,1995,1906,63,63,10,8,8,504,32256,0,126,0.03719863493461162,1.0
PF64_SPARSE_PHASE,PF64_SPARSE_PHASE_c0_t17,64,48,0.75,sparse,8.0,0.5,0.5,0.25,0.0,0.35,1.0,0.0,slip_8_1,True,63,0,17,10217221884901483272,latent_osd_batch_o2_s63,True,10217221884901483272,True,False,False,best_marginal_in_osd_union,3528,0,63,63,2588,2588,2588,163044,10434816,3528,63,1.285831838962622,1.0
PF64_SPARSE_PHASE,PF64_SPARSE_PHASE_c0_t17,64,48,0.75,sparse,8.0,0.5,0.5,0.25,0.0,0.35,1.0,0.0,slip_8_1,True,63,0,17,10217221884901483272,plain_osd_batch_o2,False,5605649743145803182,True,False,False,best_marginal_in_osd_union,56,0,1,1,56,56,56,56,3584,56,1,0.023144203005358577,1.0
PF64_SPARSE_PHASE,PF64_SPARSE_PHASE_c0_t17,64,48,0.75,sparse,8.0,0.5,0.5,0.25,0.0,0.35,1.0,0.0,slip_8_1,True,63,0,17,10217221884901483272,lsgrand_certified_v1_bound,True,10217221884901483272,True,True,False,strict_unseen_codeword_certificate,224,224,63,63,1,1,0,224,14336,0,63,0.005855388008058071,1.0
PF64_SPARSE_PHASE,PF64_SPARSE_PHASE_c0_t18,64,48,0.75,sparse,8.0,0.5,0.5,0.25,0.0,0.35,1.0,0.0,no_slip,True,63,0,18,1709712906084003510,ls_first_valid,True,1709712906084003510,True,False,False,valid_list_complete,1,1,63,1,1,1,0,0,0,0,63,0.002315826015546918,0.015873015873015872
PF64_SPARSE_PHASE,PF64_SPARSE_PHASE_c0_t18,64,48,0.75,sparse,8.0,0.5,0.5,0.25,0.0,0.35,1.0,0.0,no_slip,True,63,0,18,1709712906084003510,ls_list_marginal_L2,True,1709712906084003510,True,False,False,valid_list_complete,690,666,63,63,2,2,2,126,8064,0,126,0.012968210969120264,1.0
PF64_SPARSE_PHASE,PF64_SPARSE_PHASE_c0_t18,64,48,0.75,sparse,8.0,0.5,0.5,0.25,0.0,0.35,1.0,0.0,no_slip,True,63,0,18,1709712906084003510,ls_list_marginal_L4,True,1709712906084003510,True,False,False,valid_list_complete,1288,1236,63,63,4,4,4,252,16128,0,126,0.025855561019852757,1.0
PF64_SPARSE_PHASE,PF64_SPARSE_PHASE_c0_t18,64,48,0.75,sparse,8.0,0.5,0.5,0.25,0.0,0.35,1.0,0.0,no_slip,True,63,0,18,1709712906084003510,ls_list_marginal_L8,True,1709712906084003510,True,False,False,valid_list_complete,4895,4612,63,63,8,8,8,504,32256,0,126,0.07992176606785506,1.0
PF64_SPARSE_PHASE,PF64_SPARSE_PHASE_c0_t18,64,48,0.75,sparse,8.0,0.5,0.5,0.25,0.0,0.35,1.0,0.0,no_slip,True,63,0,18,1709712906084003510,latent_osd_batch_o2_s63,True,1709712906084003510,True,False,False,best_marginal_in_osd_union,3528,0,63,63,2788,2788,2788,175644,11241216,3528,63,1.2148786199977621,1.0
PF64_SPARSE_PHASE,PF64_SPARSE_PHASE_c0_t18,64,48,0.75,sparse,8.0,0.5,0.5,0.25,0.0,0.35,1.0,0.0,no_slip,True,63,0,18,1709712906084003510,plain_osd_batch_o2,True,1709712906084003510,True,False,False,best_marginal_in_osd_union,56,0,1,1,56,56,56,56,3584,56,1,0.030823278008028865,1.0
PF64_SPARSE_PHASE,PF64_SPARSE_PHASE_c0_t18,64,48,0.75,sparse,8.0,0.5,0.5,0.25,0.0,0.35,1.0,0.0,no_slip,True,63,0,18,1709712906084003510,lsgrand_certified_v1_bound,True,1709712906084003510,True,True,False,strict_unseen_codeword_certificate,32,32,63,26,1,1,0,32,2048,0,63,0.0043201789958402514,0.4126984126984127
PF64_SPARSE_PHASE,PF64_SPARSE_PHASE_c0_t19,64,48,0.75,sparse,8.0,0.5,0.5,0.25,0.0,0.35,1.0,0.0,slip_8_1,True,63,0,19,17319468136703551138,ls_first_valid,True,17319468136703551138,True,False,False,valid_list_complete,20,20,63,16,1,1,0,0,0,0,63,0.00305380392819643,0.25396825396825395
PF64_SPARSE_PHASE,PF64_SPARSE_PHASE_c0_t19,64,48,0.75,sparse,8.0,0.5,0.5,0.25,0.0,0.35,1.0,0.0,slip_8_1,True,63,0,19,17319468136703551138,ls_list_marginal_L2,True,17319468136703551138,True,False,False,valid_list_complete,86,83,63,63,2,2,2,126,8064,0,126,0.00499486702028662,1.0
PF64_SPARSE_PHASE,PF64_SPARSE_PHASE_c0_t19,64,48,0.75,sparse,8.0,0.5,0.5,0.25,0.0,0.35,1.0,0.0,slip_8_1,True,63,0,19,17319468136703551138,ls_list_marginal_L4,True,17319468136703551138,True,False,False,valid_list_complete,1754,1645,63,63,4,4,4,252,16128,0,126,0.027288050041534007,1.0
PF64_SPARSE_PHASE,PF64_SPARSE_PHASE_c0_t19,64,48,0.75,sparse,8.0,0.5,0.5,0.25,0.0,0.35,1.0,0.0,slip_8_1,True,63,0,19,17319468136703551138,ls_list_marginal_L8,True,17319468136703551138,True,False,False,valid_list_complete,10822,9983,63,63,10,8,8,504,32256,0,126,0.2013177979970351,1.0
PF64_SPARSE_PHASE,PF64_SPARSE_PHASE_c0_t19,64,48,0.75,sparse,8.0,0.5,0.5,0.25,0.0,0.35,1.0,0.0,slip_8_1,True,63,0,19,17319468136703551138,latent_osd_batch_o2_s63,True,17319468136703551138,True,False,False,best_marginal_in_osd_union,3528,0,63,63,2662,2662,2662,167706,10733184,3528,63,1.3129245330346748,1.0
PF64_SPARSE_PHASE,PF64_SPARSE_PHASE_c0_t19,64,48,0.75,sparse,8.0,0.5,0.5,0.25,0.0,0.35,1.0,0.0,slip_8_1,True,63,0,19,17319468136703551138,plain_osd_batch_o2,False,4925687723798082539,True,False,False,best_marginal_in_osd_union,56,0,1,1,56,56,56,56,3584,56,1,0.0200707990443334,1.0
PF64_SPARSE_PHASE,PF64_SPARSE_PHASE_c0_t19,64,48,0.75,sparse,8.0,0.5,0.5,0.25,0.0,0.35,1.0,0.0,slip_8_1,True,63,0,19,17319468136703551138,lsgrand_certified_v1_bound,True,17319468136703551138,True,True,False,strict_unseen_codeword_certificate,384,384,63,63,2,2,0,384,24576,0,63,0.008703761035576463,1.0
