experiment,config_id,trial_uid,n,k,rate,family,snr_db,transmitted_int,decoder,decoded_int,decoded_correct,true_slip_prob,model_slip_prob,forced_location_fraction,two_slip_fraction,assumed_noise_offset_db,true_state_label,model_contains_true_path,state_hypothesis_count,code_replicate,trial_index,success,certified,certificate_margin_log,stop_reason,membership_queries,residual_patterns_generated,latent_hypotheses_available,latent_queues_touched,valid_witnesses,unique_codewords_seen,complete_marginal_scores,state_codeword_likelihoods,cap_hit,wall_seconds,winner_partial_logscore,oracle_first_seen_query,certificate_query_overhead,queue_touch_fraction
mismatch,M32_DENSE_PRIOR_LOW,M32_DENSE_PRIOR_LOW_c0_t0,32,24,0.75,dense,7.0,1333546670,lsgrand_certified,1333546670,True,0.8,0.2,0.25,0.0,0.0,slip_4_3,True,31,0,0,True,True,0.3126156013197203,strict_unseen_codeword_certificate,64,64,31,31,1,1,0,64,False,0.0011385839898139238,-14.3117070324491,11.0,5.818181818181818,1.0
mismatch,M32_DENSE_PRIOR_LOW,M32_DENSE_PRIOR_LOW_c0_t0,32,24,0.75,dense,7.0,1333546670,lsgrand_first_valid,1333546670,True,0.8,0.2,0.25,0.0,0.0,slip_4_3,True,31,0,0,True,False,,first_valid_witness,11,11,31,9,1,1,0,11,False,0.0007058889605104923,-14.3117070324491,,,0.2903225806451613
mismatch,M32_DENSE_PRIOR_LOW,M32_DENSE_PRIOR_LOW_c0_t0,32,24,0.75,dense,7.0,1333546670,per_state_grand_sweep,1333546670,True,0.8,0.2,0.25,0.0,0.0,slip_4_3,True,31,0,0,True,False,,best_fixed_state_codeword,6627,6627,31,31,21,17,0,6627,True,0.03541675698943436,-14.3117070324491,,,1.0
mismatch,M32_DENSE_PRIOR_LOW,M32_DENSE_PRIOR_LOW_c0_t0,32,24,0.75,dense,7.0,1333546670,plain_reliability_grand,3484014728,False,0.8,0.2,0.25,0.0,0.0,slip_4_3,True,31,0,0,True,False,,first_valid_witness,428,428,1,1,1,1,0,428,False,0.002380387973971665,-31.29927061510856,,,1.0
mismatch,M32_DENSE_PRIOR_LOW,M32_DENSE_PRIOR_LOW_c0_t0,32,24,0.75,dense,7.0,1333546670,latent_osd_order2,1333546670,True,0.8,0.2,0.25,0.0,0.0,slip_4_3,True,31,0,0,True,False,,best_complete_marginal_score_in_osd_list,0,0,31,16,1295,971,971,30101,False,0.33639516902621835,-14.311626143473786,,,0.5161290322580645
mismatch,M32_DENSE_PRIOR_LOW,M32_DENSE_PRIOR_LOW_c0_t1,32,24,0.75,dense,7.0,3962861839,lsgrand_certified,3975144258,False,0.8,0.2,0.25,0.0,0.0,slip_4_3,True,31,0,1,True,True,0.08831405586838414,strict_unseen_codeword_certificate,192,192,31,31,2,2,0,192,False,0.0021700550569221377,-16.79567923026031,12.0,16.0,1.0
mismatch,M32_DENSE_PRIOR_LOW,M32_DENSE_PRIOR_LOW_c0_t1,32,24,0.75,dense,7.0,3962861839,lsgrand_first_valid,3975144258,False,0.8,0.2,0.25,0.0,0.0,slip_4_3,True,31,0,1,True,False,,first_valid_witness,12,12,31,1,1,1,0,12,False,0.0006840780843049288,-16.79567923026031,,,0.03225806451612903
mismatch,M32_DENSE_PRIOR_LOW,M32_DENSE_PRIOR_LOW_c0_t1,32,24,0.75,dense,7.0,3962861839,per_state_grand_sweep,3975144258,False,0.8,0.2,0.25,0.0,0.0,slip_4_3,True,31,0,1,True,False,,best_fixed_state_codeword,4737,4737,31,31,28,22,0,4737,True,0.025840718997642398,-16.79567923026031,,,1.0
mismatch,M32_DENSE_PRIOR_LOW,M32_DENSE_PRIOR_LOW_c0_t1,32,24,0.75,dense,7.0,3962861839,plain_reliability_grand,3975144258,False,0.8,0.2,0.25,0.0,0.0,slip_4_3,True,31,0,1,True,False,,first_valid_witness,12,12,1,1,1,1,0,12,False,0.00011322903446853161,-16.5725356789461,,,1.0
mismatch,M32_DENSE_PRIOR_LOW,M32_DENSE_PRIOR_LOW_c0_t1,32,24,0.75,dense,7.0,3962861839,latent_osd_order2,3975144258,False,0.8,0.2,0.25,0.0,0.0,slip_4_3,True,31,0,1,True,False,,best_complete_marginal_score_in_osd_list,0,0,31,16,1295,948,948,29388,False,0.28530785301700234,-16.79567694681197,,,0.5161290322580645
mismatch,M32_DENSE_PRIOR_LOW,M32_DENSE_PRIOR_LOW_c0_t2,32,24,0.75,dense,7.0,1253613758,lsgrand_certified,1253613758,True,0.8,0.2,0.25,0.0,0.0,slip_4_1,True,31,0,2,True,True,0.5287363784464247,strict_unseen_codeword_certificate,192,192,31,31,1,1,0,192,False,0.001919382018968463,-19.008942032451365,17.0,11.294117647058824,1.0
mismatch,M32_DENSE_PRIOR_LOW,M32_DENSE_PRIOR_LOW_c0_t2,32,24,0.75,dense,7.0,1253613758,lsgrand_first_valid,1253613758,True,0.8,0.2,0.25,0.0,0.0,slip_4_1,True,31,0,2,True,False,,first_valid_witness,17,17,31,8,1,1,0,17,False,0.0005887220613658428,-19.008942032451365,,,0.25806451612903225
mismatch,M32_DENSE_PRIOR_LOW,M32_DENSE_PRIOR_LOW_c0_t2,32,24,0.75,dense,7.0,1253613758,per_state_grand_sweep,1253613758,True,0.8,0.2,0.25,0.0,0.0,slip_4_1,True,31,0,2,True,False,,best_fixed_state_codeword,7135,7135,31,31,21,16,0,7135,True,0.03592662594746798,-19.008942032451365,,,1.0
mismatch,M32_DENSE_PRIOR_LOW,M32_DENSE_PRIOR_LOW_c0_t2,32,24,0.75,dense,7.0,1253613758,plain_reliability_grand,1251668695,False,0.8,0.2,0.25,0.0,0.0,slip_4_1,True,31,0,2,True,False,,first_valid_witness,387,387,1,1,1,1,0,387,False,0.002143259975127876,-28.329969949694934,,,1.0
mismatch,M32_DENSE_PRIOR_LOW,M32_DENSE_PRIOR_LOW_c0_t2,32,24,0.75,dense,7.0,1253613758,latent_osd_order2,1253613758,True,0.8,0.2,0.25,0.0,0.0,slip_4_1,True,31,0,2,True,False,,best_complete_marginal_score_in_osd_list,0,0,31,16,1295,879,879,27249,False,0.2997840989846736,-18.99816641282981,,,0.5161290322580645
mismatch,M32_DENSE_PRIOR_LOW,M32_DENSE_PRIOR_LOW_c0_t3,32,24,0.75,dense,7.0,2155549147,lsgrand_certified,2155549147,True,0.8,0.2,0.25,0.0,0.0,slip_4_1,True,31,0,3,True,True,0.5115368374560525,strict_unseen_codeword_certificate,375,375,31,31,3,2,0,375,False,0.0033154310658574104,-16.864430824883943,113.0,3.3185840707964602,1.0
mismatch,M32_DENSE_PRIOR_LOW,M32_DENSE_PRIOR_LOW_c0_t3,32,24,0.75,dense,7.0,2155549147,lsgrand_first_valid,2155549147,True,0.8,0.2,0.25,0.0,0.0,slip_4_1,True,31,0,3,True,False,,first_valid_witness,113,113,31,31,1,1,0,113,False,0.0011779549531638622,-16.915789760512627,,,1.0
mismatch,M32_DENSE_PRIOR_LOW,M32_DENSE_PRIOR_LOW_c0_t3,32,24,0.75,dense,7.0,2155549147,per_state_grand_sweep,2155549147,True,0.8,0.2,0.25,0.0,0.0,slip_4_1,True,31,0,3,True,False,,best_fixed_state_codeword,3706,3706,31,31,29,22,0,3706,True,0.020259765908122063,-16.915789760512627,,,1.0
mismatch,M32_DENSE_PRIOR_LOW,M32_DENSE_PRIOR_LOW_c0_t3,32,24,0.75,dense,7.0,2155549147,plain_reliability_grand,2468186189,False,0.8,0.2,0.25,0.0,0.0,slip_4_1,True,31,0,3,True,False,,first_valid_witness,216,216,1,1,1,1,0,216,False,0.001310068997554481,-24.280757310059847,,,1.0
mismatch,M32_DENSE_PRIOR_LOW,M32_DENSE_PRIOR_LOW_c0_t3,32,24,0.75,dense,7.0,2155549147,latent_osd_order2,2155549147,True,0.8,0.2,0.25,0.0,0.0,slip_4_1,True,31,0,3,True,False,,best_complete_marginal_score_in_osd_list,0,0,31,16,1295,891,891,27621,False,0.28453001100569963,-16.86441786794404,,,0.5161290322580645
mismatch,M32_DENSE_PRIOR_LOW,M32_DENSE_PRIOR_LOW_c0_t4,32,24,0.75,dense,7.0,116300229,lsgrand_certified,116300229,True,0.8,0.2,0.25,0.0,0.0,slip_4_3,True,31,0,4,True,True,1.3199556180923757,strict_unseen_codeword_certificate,128,128,31,31,2,2,0,128,False,0.0015873570227995515,-16.993783139555667,11.0,11.636363636363637,1.0
mismatch,M32_DENSE_PRIOR_LOW,M32_DENSE_PRIOR_LOW_c0_t4,32,24,0.75,dense,7.0,116300229,lsgrand_first_valid,116300229,True,0.8,0.2,0.25,0.0,0.0,slip_4_3,True,31,0,4,True,False,,first_valid_witness,11,11,31,9,1,1,0,11,False,0.0006327920127660036,-16.993783139555667,,,0.2903225806451613
mismatch,M32_DENSE_PRIOR_LOW,M32_DENSE_PRIOR_LOW_c0_t4,32,24,0.75,dense,7.0,116300229,per_state_grand_sweep,116300229,True,0.8,0.2,0.25,0.0,0.0,slip_4_3,True,31,0,4,True,False,,best_fixed_state_codeword,5341,5341,31,31,26,21,0,5341,True,0.026774241006933153,-16.993783139555667,,,1.0
mismatch,M32_DENSE_PRIOR_LOW,M32_DENSE_PRIOR_LOW_c0_t4,32,24,0.75,dense,7.0,116300229,plain_reliability_grand,109788063,False,0.8,0.2,0.25,0.0,0.0,slip_4_3,True,31,0,4,True,False,,first_valid_witness,488,488,1,1,1,1,0,488,False,0.0027187980012968183,-30.43024522917382,,,1.0
mismatch,M32_DENSE_PRIOR_LOW,M32_DENSE_PRIOR_LOW_c0_t4,32,24,0.75,dense,7.0,116300229,latent_osd_order2,116300229,True,0.8,0.2,0.25,0.0,0.0,slip_4_3,True,31,0,4,True,False,,best_complete_marginal_score_in_osd_list,0,0,31,16,1295,951,951,29481,False,0.3002731309970841,-16.98753326371935,,,0.5161290322580645
mismatch,M32_DENSE_PRIOR_LOW,M32_DENSE_PRIOR_LOW_c0_t5,32,24,0.75,dense,7.0,2152974701,lsgrand_certified,2152974701,True,0.8,0.2,0.25,0.0,0.0,slip_4_3,True,31,0,5,True,True,1.45680603567555,strict_unseen_codeword_certificate,64,64,31,31,1,1,0,64,False,0.0014689930249005556,-10.80172914086456,10.0,6.4,1.0
mismatch,M32_DENSE_PRIOR_LOW,M32_DENSE_PRIOR_LOW_c0_t5,32,24,0.75,dense,7.0,2152974701,lsgrand_first_valid,2152974701,True,0.8,0.2,0.25,0.0,0.0,slip_4_3,True,31,0,5,True,False,,first_valid_witness,10,10,31,9,1,1,0,10,False,0.0008294020080938935,-10.80172914086456,,,0.2903225806451613
mismatch,M32_DENSE_PRIOR_LOW,M32_DENSE_PRIOR_LOW_c0_t5,32,24,0.75,dense,7.0,2152974701,per_state_grand_sweep,2152974701,True,0.8,0.2,0.25,0.0,0.0,slip_4_3,True,31,0,5,True,False,,best_fixed_state_codeword,4775,4775,31,31,30,22,0,4775,True,0.026872807065956295,-10.80172914086456,,,1.0
mismatch,M32_DENSE_PRIOR_LOW,M32_DENSE_PRIOR_LOW_c0_t5,32,24,0.75,dense,7.0,2152974701,plain_reliability_grand,2161548235,False,0.8,0.2,0.25,0.0,0.0,slip_4_3,True,31,0,5,True,False,,first_valid_witness,57,57,1,1,1,1,0,57,False,0.00035332096740603447,-20.937040816057575,,,1.0
mismatch,M32_DENSE_PRIOR_LOW,M32_DENSE_PRIOR_LOW_c0_t5,32,24,0.75,dense,7.0,2152974701,latent_osd_order2,2152974701,True,0.8,0.2,0.25,0.0,0.0,slip_4_3,True,31,0,5,True,False,,best_complete_marginal_score_in_osd_list,0,0,31,16,1295,888,888,27528,False,0.28336247394327074,-10.801715991485313,,,0.5161290322580645
mismatch,M32_DENSE_PRIOR_LOW,M32_DENSE_PRIOR_LOW_c0_t6,32,24,0.75,dense,7.0,1276918293,lsgrand_certified,1276918293,True,0.8,0.2,0.25,0.0,0.0,slip_4_3,True,31,0,6,True,True,1.1143535663637003,strict_unseen_codeword_certificate,128,128,31,31,1,1,0,128,False,0.0014245370402932167,-10.75704057278253,12.0,10.666666666666666,1.0
mismatch,M32_DENSE_PRIOR_LOW,M32_DENSE_PRIOR_LOW_c0_t6,32,24,0.75,dense,7.0,1276918293,lsgrand_first_valid,1276918293,True,0.8,0.2,0.25,0.0,0.0,slip_4_3,True,31,0,6,True,False,,first_valid_witness,12,12,31,9,1,1,0,12,False,0.0005707949167117476,-10.75704057278253,,,0.2903225806451613
mismatch,M32_DENSE_PRIOR_LOW,M32_DENSE_PRIOR_LOW_c0_t6,32,24,0.75,dense,7.0,1276918293,per_state_grand_sweep,1276918293,True,0.8,0.2,0.25,0.0,0.0,slip_4_3,True,31,0,6,True,False,,best_fixed_state_codeword,6159,6159,31,31,26,19,0,6159,True,0.03008384199347347,-10.75704057278253,,,1.0
mismatch,M32_DENSE_PRIOR_LOW,M32_DENSE_PRIOR_LOW_c0_t6,32,24,0.75,dense,7.0,1276918293,plain_reliability_grand,1585012863,False,0.8,0.2,0.25,0.0,0.0,slip_4_3,True,31,0,6,True,False,,first_valid_witness,133,133,1,1,1,1,0,133,False,0.0007341390009969473,-20.933370491644045,,,1.0
mismatch,M32_DENSE_PRIOR_LOW,M32_DENSE_PRIOR_LOW_c0_t6,32,24,0.75,dense,7.0,1276918293,latent_osd_order2,1276918293,True,0.8,0.2,0.25,0.0,0.0,slip_4_3,True,31,0,6,True,False,,best_complete_marginal_score_in_osd_list,0,0,31,16,1295,933,933,28923,False,0.2869822880020365,-10.75703121949528,,,0.5161290322580645
mismatch,M32_DENSE_PRIOR_LOW,M32_DENSE_PRIOR_LOW_c0_t7,32,24,0.75,dense,7.0,942629423,lsgrand_certified,942629423,True,0.8,0.2,0.25,0.0,0.0,slip_4_1,True,31,0,7,True,True,0.35771599897791084,strict_unseen_codeword_certificate,128,128,31,31,2,1,0,128,False,0.0015724149998277426,-10.095650876520324,14.0,9.142857142857142,1.0
mismatch,M32_DENSE_PRIOR_LOW,M32_DENSE_PRIOR_LOW_c0_t7,32,24,0.75,dense,7.0,942629423,lsgrand_first_valid,942629423,True,0.8,0.2,0.25,0.0,0.0,slip_4_1,True,31,0,7,True,False,,first_valid_witness,14,14,31,8,1,1,0,14,False,0.0005918099777773023,-10.133424427543485,,,0.25806451612903225
mismatch,M32_DENSE_PRIOR_LOW,M32_DENSE_PRIOR_LOW_c0_t7,32,24,0.75,dense,7.0,942629423,per_state_grand_sweep,942629423,True,0.8,0.2,0.25,0.0,0.0,slip_4_1,True,31,0,7,True,False,,best_fixed_state_codeword,4361,4361,31,31,29,24,0,4361,True,0.02327971695922315,-10.133424427543485,,,1.0
mismatch,M32_DENSE_PRIOR_LOW,M32_DENSE_PRIOR_LOW_c0_t7,32,24,0.75,dense,7.0,942629423,plain_reliability_grand,949304245,False,0.8,0.2,0.25,0.0,0.0,slip_4_1,True,31,0,7,True,False,,first_valid_witness,114,114,1,1,1,1,0,114,False,0.0007131780730560422,-17.4370548697026,,,1.0
mismatch,M32_DENSE_PRIOR_LOW,M32_DENSE_PRIOR_LOW_c0_t7,32,24,0.75,dense,7.0,942629423,latent_osd_order2,942629423,True,0.8,0.2,0.25,0.0,0.0,slip_4_1,True,31,0,7,True,False,,best_complete_marginal_score_in_osd_list,0,0,31,16,1295,915,915,28365,False,0.28994827007409185,-10.095373994624518,,,0.5161290322580645
mismatch,M32_DENSE_PRIOR_LOW,M32_DENSE_PRIOR_LOW_c0_t8,32,24,0.75,dense,7.0,263802371,lsgrand_certified,263802371,True,0.8,0.2,0.25,0.0,0.0,slip_4_3,True,31,0,8,True,True,0.9285006301769556,strict_unseen_codeword_certificate,59,59,31,31,2,2,0,59,False,0.0010349410586059093,-17.428238366209957,11.0,5.363636363636363,1.0
mismatch,M32_DENSE_PRIOR_LOW,M32_DENSE_PRIOR_LOW_c0_t8,32,24,0.75,dense,7.0,263802371,lsgrand_first_valid,263802371,True,0.8,0.2,0.25,0.0,0.0,slip_4_3,True,31,0,8,True,False,,first_valid_witness,11,11,31,9,1,1,0,11,False,0.0005844970000907779,-17.428238366209957,,,0.2903225806451613
mismatch,M32_DENSE_PRIOR_LOW,M32_DENSE_PRIOR_LOW_c0_t8,32,24,0.75,dense,7.0,263802371,per_state_grand_sweep,263802371,True,0.8,0.2,0.25,0.0,0.0,slip_4_3,True,31,0,8,True,False,,best_fixed_state_codeword,5837,5837,31,31,24,17,0,5837,True,0.03024986304808408,-17.428238366209957,,,1.0
mismatch,M32_DENSE_PRIOR_LOW,M32_DENSE_PRIOR_LOW_c0_t8,32,24,0.75,dense,7.0,263802371,plain_reliability_grand,254004310,False,0.8,0.2,0.25,0.0,0.0,slip_4_3,True,31,0,8,True,False,,first_valid_witness,78,78,1,1,1,1,0,78,False,0.0004740579752251506,-27.752258765998242,,,1.0
mismatch,M32_DENSE_PRIOR_LOW,M32_DENSE_PRIOR_LOW_c0_t8,32,24,0.75,dense,7.0,263802371,latent_osd_order2,263802371,True,0.8,0.2,0.25,0.0,0.0,slip_4_3,True,31,0,8,True,False,,best_complete_marginal_score_in_osd_list,0,0,31,16,1295,939,939,29109,False,0.29228530498221517,-17.428235547749257,,,0.5161290322580645
mismatch,M32_DENSE_PRIOR_LOW,M32_DENSE_PRIOR_LOW_c0_t9,32,24,0.75,dense,7.0,1557844971,lsgrand_certified,481343106,False,0.8,0.2,0.25,0.0,0.0,slip_4_3,True,31,0,9,True,True,0.09986292569539579,strict_unseen_codeword_certificate,128,128,31,31,2,2,0,128,False,0.001504303072579205,-11.036555275572765,4.0,32.0,1.0
mismatch,M32_DENSE_PRIOR_LOW,M32_DENSE_PRIOR_LOW_c0_t9,32,24,0.75,dense,7.0,1557844971,lsgrand_first_valid,481343106,False,0.8,0.2,0.25,0.0,0.0,slip_4_3,True,31,0,9,True,False,,first_valid_witness,4,4,31,1,1,1,0,4,False,0.0005167979979887605,-11.036555275572765,,,0.03225806451612903
mismatch,M32_DENSE_PRIOR_LOW,M32_DENSE_PRIOR_LOW_c0_t9,32,24,0.75,dense,7.0,1557844971,per_state_grand_sweep,481343106,False,0.8,0.2,0.25,0.0,0.0,slip_4_3,True,31,0,9,True,False,,best_fixed_state_codeword,5166,5166,31,31,26,19,0,5166,True,0.025826100958511233,-11.036555275572765,,,1.0
mismatch,M32_DENSE_PRIOR_LOW,M32_DENSE_PRIOR_LOW_c0_t9,32,24,0.75,dense,7.0,1557844971,plain_reliability_grand,481343106,False,0.8,0.2,0.25,0.0,0.0,slip_4_3,True,31,0,9,True,False,,first_valid_witness,4,4,1,1,1,1,0,4,False,5.445594433695078e-05,-10.813411724258554,,,1.0
mismatch,M32_DENSE_PRIOR_LOW,M32_DENSE_PRIOR_LOW_c0_t9,32,24,0.75,dense,7.0,1557844971,latent_osd_order2,481343106,False,0.8,0.2,0.25,0.0,0.0,slip_4_3,True,31,0,9,True,False,,best_complete_marginal_score_in_osd_list,0,0,31,16,1295,975,975,30225,False,0.30239461408928037,-11.036553763201441,,,0.5161290322580645
mismatch,M32_DENSE_PRIOR_LOW,M32_DENSE_PRIOR_LOW_c0_t10,32,24,0.75,dense,7.0,2339219308,lsgrand_certified,2339219308,True,0.8,0.2,0.25,0.0,0.0,no_slip,True,31,0,10,True,True,0.3524254765200805,strict_unseen_codeword_certificate,1,1,31,1,1,1,0,1,False,0.0007096579065546393,-10.760547843670194,1.0,1.0,0.03225806451612903
mismatch,M32_DENSE_PRIOR_LOW,M32_DENSE_PRIOR_LOW_c0_t10,32,24,0.75,dense,7.0,2339219308,lsgrand_first_valid,2339219308,True,0.8,0.2,0.25,0.0,0.0,no_slip,True,31,0,10,True,False,,first_valid_witness,1,1,31,1,1,1,0,1,False,0.0005031659966334701,-10.760547843670194,,,0.03225806451612903
mismatch,M32_DENSE_PRIOR_LOW,M32_DENSE_PRIOR_LOW_c0_t10,32,24,0.75,dense,7.0,2339219308,per_state_grand_sweep,2339219308,True,0.8,0.2,0.25,0.0,0.0,no_slip,True,31,0,10,True,False,,best_fixed_state_codeword,8108,8108,31,31,18,15,0,8108,True,0.04065686895046383,-10.760547843670194,,,1.0
mismatch,M32_DENSE_PRIOR_LOW,M32_DENSE_PRIOR_LOW_c0_t10,32,24,0.75,dense,7.0,2339219308,plain_reliability_grand,2339219308,True,0.8,0.2,0.25,0.0,0.0,no_slip,True,31,0,10,True,False,,first_valid_witness,1,1,1,1,1,1,0,1,False,3.318407107144594e-05,-10.537404292355985,,,1.0
mismatch,M32_DENSE_PRIOR_LOW,M32_DENSE_PRIOR_LOW_c0_t10,32,24,0.75,dense,7.0,2339219308,latent_osd_order2,2339219308,True,0.8,0.2,0.25,0.0,0.0,no_slip,True,31,0,10,True,False,,best_complete_marginal_score_in_osd_list,0,0,31,16,1295,1042,1042,32302,False,0.3179084829753265,-10.760539415872442,,,0.5161290322580645
mismatch,M32_DENSE_PRIOR_LOW,M32_DENSE_PRIOR_LOW_c0_t11,32,24,0.75,dense,7.0,3107583431,lsgrand_certified,3107583431,True,0.8,0.2,0.25,0.0,0.0,slip_4_3,True,31,0,11,True,True,0.19486734318923027,strict_unseen_codeword_certificate,64,64,31,31,1,1,0,64,False,0.001078824046999216,-16.314908872131653,11.0,5.818181818181818,1.0
mismatch,M32_DENSE_PRIOR_LOW,M32_DENSE_PRIOR_LOW_c0_t11,32,24,0.75,dense,7.0,3107583431,lsgrand_first_valid,3107583431,True,0.8,0.2,0.25,0.0,0.0,slip_4_3,True,31,0,11,True,False,,first_valid_witness,11,11,31,9,1,1,0,11,False,0.0005463240668177605,-16.314908872131653,,,0.2903225806451613
mismatch,M32_DENSE_PRIOR_LOW,M32_DENSE_PRIOR_LOW_c0_t11,32,24,0.75,dense,7.0,3107583431,per_state_grand_sweep,3107583431,True,0.8,0.2,0.25,0.0,0.0,slip_4_3,True,31,0,11,True,False,,best_fixed_state_codeword,7489,7489,31,31,21,18,0,7489,True,0.03582289000041783,-16.314908872131653,,,1.0
mismatch,M32_DENSE_PRIOR_LOW,M32_DENSE_PRIOR_LOW_c0_t11,32,24,0.75,dense,7.0,3107583431,plain_reliability_grand,3185815198,False,0.8,0.2,0.25,0.0,0.0,slip_4_3,True,31,0,11,True,False,,first_valid_witness,225,225,1,1,1,1,0,225,False,0.0012170530389994383,-31.263987020146246,,,1.0
mismatch,M32_DENSE_PRIOR_LOW,M32_DENSE_PRIOR_LOW_c0_t11,32,24,0.75,dense,7.0,3107583431,latent_osd_order2,3107583431,True,0.8,0.2,0.25,0.0,0.0,slip_4_3,True,31,0,11,True,False,,best_complete_marginal_score_in_osd_list,0,0,31,16,1295,995,995,30845,False,0.2841622970299795,-16.31489589464504,,,0.5161290322580645
mismatch,M32_DENSE_PRIOR_LOW,M32_DENSE_PRIOR_LOW_c0_t12,32,24,0.75,dense,7.0,680524592,lsgrand_certified,680524592,True,0.8,0.2,0.25,0.0,0.0,slip_4_1,True,31,0,12,True,True,0.5436140731423098,strict_unseen_codeword_certificate,128,128,31,31,1,1,0,128,False,0.0013522130902856588,-12.215452758530292,12.0,10.666666666666666,1.0
mismatch,M32_DENSE_PRIOR_LOW,M32_DENSE_PRIOR_LOW_c0_t12,32,24,0.75,dense,7.0,680524592,lsgrand_first_valid,680524592,True,0.8,0.2,0.25,0.0,0.0,slip_4_1,True,31,0,12,True,False,,first_valid_witness,12,12,31,8,1,1,0,12,False,0.0005676610162481666,-12.215452758530292,,,0.25806451612903225
mismatch,M32_DENSE_PRIOR_LOW,M32_DENSE_PRIOR_LOW_c0_t12,32,24,0.75,dense,7.0,680524592,per_state_grand_sweep,680524592,True,0.8,0.2,0.25,0.0,0.0,slip_4_1,True,31,0,12,True,False,,best_fixed_state_codeword,5251,5251,31,31,27,17,0,5251,True,0.025750066037289798,-12.215452758530292,,,1.0
mismatch,M32_DENSE_PRIOR_LOW,M32_DENSE_PRIOR_LOW_c0_t12,32,24,0.75,dense,7.0,680524592,plain_reliability_grand,686120920,False,0.8,0.2,0.25,0.0,0.0,slip_4_1,True,31,0,12,True,False,,first_valid_witness,135,135,1,1,1,1,0,135,False,0.0007539709331467748,-20.7565388750523,,,1.0
mismatch,M32_DENSE_PRIOR_LOW,M32_DENSE_PRIOR_LOW_c0_t12,32,24,0.75,dense,7.0,680524592,latent_osd_order2,680524592,True,0.8,0.2,0.25,0.0,0.0,slip_4_1,True,31,0,12,True,False,,best_complete_marginal_score_in_osd_list,0,0,31,16,1295,935,935,28985,False,0.274955386063084,-12.209511913181668,,,0.5161290322580645
mismatch,M32_DENSE_PRIOR_LOW,M32_DENSE_PRIOR_LOW_c0_t13,32,24,0.75,dense,7.0,2623803216,lsgrand_certified,2623803216,True,0.8,0.2,0.25,0.0,0.0,slip_4_3,True,31,0,13,True,True,0.44799578408092877,strict_unseen_codeword_certificate,64,64,31,31,2,2,0,64,False,0.0011426580604165792,-12.619906443926796,10.0,6.4,1.0
mismatch,M32_DENSE_PRIOR_LOW,M32_DENSE_PRIOR_LOW_c0_t13,32,24,0.75,dense,7.0,2623803216,lsgrand_first_valid,2623803216,True,0.8,0.2,0.25,0.0,0.0,slip_4_3,True,31,0,13,True,False,,first_valid_witness,10,10,31,9,1,1,0,10,False,0.0005319220945239067,-12.619906443926796,,,0.2903225806451613
mismatch,M32_DENSE_PRIOR_LOW,M32_DENSE_PRIOR_LOW_c0_t13,32,24,0.75,dense,7.0,2623803216,per_state_grand_sweep,2623803216,True,0.8,0.2,0.25,0.0,0.0,slip_4_3,True,31,0,13,True,False,,best_fixed_state_codeword,4166,4166,31,31,29,22,0,4166,True,0.02049740101210773,-12.619906443926796,,,1.0
mismatch,M32_DENSE_PRIOR_LOW,M32_DENSE_PRIOR_LOW_c0_t13,32,24,0.75,dense,7.0,2623803216,plain_reliability_grand,2630699765,False,0.8,0.2,0.25,0.0,0.0,slip_4_3,True,31,0,13,True,False,,first_valid_witness,6,6,1,1,1,1,0,6,False,7.805402856320143e-05,-13.535220620037578,,,1.0
mismatch,M32_DENSE_PRIOR_LOW,M32_DENSE_PRIOR_LOW_c0_t13,32,24,0.75,dense,7.0,2623803216,latent_osd_order2,2623803216,True,0.8,0.2,0.25,0.0,0.0,slip_4_3,True,31,0,13,True,False,,best_complete_marginal_score_in_osd_list,0,0,31,16,1295,997,997,30907,False,0.2982822459889576,-12.61956766952235,,,0.5161290322580645
mismatch,M32_DENSE_PRIOR_LOW,M32_DENSE_PRIOR_LOW_c0_t14,32,24,0.75,dense,7.0,2226309671,lsgrand_certified,2226309671,True,0.8,0.2,0.25,0.0,0.0,no_slip,True,31,0,14,True,True,0.15825348281657092,strict_unseen_codeword_certificate,192,192,31,31,1,1,0,192,False,0.001960732974112034,-12.708729417292332,39.0,4.923076923076923,1.0
mismatch,M32_DENSE_PRIOR_LOW,M32_DENSE_PRIOR_LOW_c0_t14,32,24,0.75,dense,7.0,2226309671,lsgrand_first_valid,2226309671,True,0.8,0.2,0.25,0.0,0.0,no_slip,True,31,0,14,True,False,,first_valid_witness,39,39,31,31,1,1,0,39,False,0.0007554070325568318,-12.708729417292332,,,1.0
mismatch,M32_DENSE_PRIOR_LOW,M32_DENSE_PRIOR_LOW_c0_t14,32,24,0.75,dense,7.0,2226309671,per_state_grand_sweep,2226309671,True,0.8,0.2,0.25,0.0,0.0,no_slip,True,31,0,14,True,False,,best_fixed_state_codeword,6591,6591,31,31,23,17,0,6591,True,0.03502054396085441,-12.708729417292332,,,1.0
mismatch,M32_DENSE_PRIOR_LOW,M32_DENSE_PRIOR_LOW_c0_t14,32,24,0.75,dense,7.0,2226309671,plain_reliability_grand,2226309671,True,0.8,0.2,0.25,0.0,0.0,no_slip,True,31,0,14,True,False,,first_valid_witness,9,9,1,1,1,1,0,9,False,8.315395098179579e-05,-12.485585865978123,,,1.0
mismatch,M32_DENSE_PRIOR_LOW,M32_DENSE_PRIOR_LOW_c0_t14,32,24,0.75,dense,7.0,2226309671,latent_osd_order2,2226309671,True,0.8,0.2,0.25,0.0,0.0,no_slip,True,31,0,14,True,False,,best_complete_marginal_score_in_osd_list,0,0,31,16,1295,977,977,30287,False,0.30202844901941717,-12.708728883097729,,,0.5161290322580645
mismatch,M32_DENSE_PRIOR_LOW,M32_DENSE_PRIOR_LOW_c0_t15,32,24,0.75,dense,7.0,619451807,lsgrand_certified,2759231717,False,0.8,0.2,0.25,0.0,0.0,slip_4_1,True,31,0,15,True,True,0.0031891546001254767,strict_unseen_codeword_certificate,320,320,31,31,2,2,0,320,False,0.0029707379871979356,-13.798396966004244,12.0,26.666666666666668,1.0
mismatch,M32_DENSE_PRIOR_LOW,M32_DENSE_PRIOR_LOW_c0_t15,32,24,0.75,dense,7.0,619451807,lsgrand_first_valid,2759231717,False,0.8,0.2,0.25,0.0,0.0,slip_4_1,True,31,0,15,True,False,,first_valid_witness,12,12,31,1,1,1,0,12,False,0.0006503110053017735,-13.798396966004244,,,0.03225806451612903
mismatch,M32_DENSE_PRIOR_LOW,M32_DENSE_PRIOR_LOW_c0_t15,32,24,0.75,dense,7.0,619451807,per_state_grand_sweep,2759231717,False,0.8,0.2,0.25,0.0,0.0,slip_4_1,True,31,0,15,True,False,,best_fixed_state_codeword,6658,6658,31,31,26,21,0,6658,True,0.03507276496384293,-13.798396966004244,,,1.0
mismatch,M32_DENSE_PRIOR_LOW,M32_DENSE_PRIOR_LOW_c0_t15,32,24,0.75,dense,7.0,619451807,plain_reliability_grand,2759231717,False,0.8,0.2,0.25,0.0,0.0,slip_4_1,True,31,0,15,True,False,,first_valid_witness,12,12,1,1,1,1,0,12,False,9.922590106725693e-05,-13.575253414690035,,,1.0
mismatch,M32_DENSE_PRIOR_LOW,M32_DENSE_PRIOR_LOW_c0_t15,32,24,0.75,dense,7.0,619451807,latent_osd_order2,2759231717,False,0.8,0.2,0.25,0.0,0.0,slip_4_1,True,31,0,15,True,False,,best_complete_marginal_score_in_osd_list,0,0,31,16,1295,957,957,29667,False,0.3247816020157188,-13.798395699873605,,,0.5161290322580645
mismatch,M32_DENSE_PRIOR_LOW,M32_DENSE_PRIOR_LOW_c0_t16,32,24,0.75,dense,7.0,2679012410,lsgrand_certified,2679012410,True,0.8,0.2,0.25,0.0,0.0,slip_4_3,True,31,0,16,True,True,0.04833211141946592,strict_unseen_codeword_certificate,192,192,31,31,3,3,0,192,False,0.00224125396925956,-12.18954780122964,16.0,12.0,1.0
mismatch,M32_DENSE_PRIOR_LOW,M32_DENSE_PRIOR_LOW_c0_t16,32,24,0.75,dense,7.0,2679012410,lsgrand_first_valid,2679012410,True,0.8,0.2,0.25,0.0,0.0,slip_4_3,True,31,0,16,True,False,,first_valid_witness,16,16,31,9,1,1,0,16,False,0.000662062899209559,-12.18954780122964,,,0.2903225806451613
mismatch,M32_DENSE_PRIOR_LOW,M32_DENSE_PRIOR_LOW_c0_t16,32,24,0.75,dense,7.0,2679012410,per_state_grand_sweep,2679012410,True,0.8,0.2,0.25,0.0,0.0,slip_4_3,True,31,0,16,True,False,,best_fixed_state_codeword,6680,6680,31,31,23,20,0,6680,True,0.03598432592116296,-12.18954780122964,,,1.0
mismatch,M32_DENSE_PRIOR_LOW,M32_DENSE_PRIOR_LOW_c0_t16,32,24,0.75,dense,7.0,2679012410,plain_reliability_grand,2672355680,False,0.8,0.2,0.25,0.0,0.0,slip_4_3,True,31,0,16,True,False,,first_valid_witness,13,13,1,1,1,1,0,13,False,0.00010861107148230076,-12.872900517451106,,,1.0
mismatch,M32_DENSE_PRIOR_LOW,M32_DENSE_PRIOR_LOW_c0_t16,32,24,0.75,dense,7.0,2679012410,latent_osd_order2,2679012410,True,0.8,0.2,0.25,0.0,0.0,slip_4_3,True,31,0,16,True,False,,best_complete_marginal_score_in_osd_list,0,0,31,16,1295,970,970,30070,False,0.32462895300704986,-12.169538912975192,,,0.5161290322580645
mismatch,M32_DENSE_PRIOR_LOW,M32_DENSE_PRIOR_LOW_c0_t17,32,24,0.75,dense,7.0,1353610541,lsgrand_certified,1353610541,True,0.8,0.2,0.25,0.0,0.0,slip_4_3,True,31,0,17,True,True,0.022971878125396472,strict_unseen_codeword_certificate,512,512,31,31,4,3,0,512,False,0.00472689198795706,-14.161751455088114,19.0,26.94736842105263,1.0
mismatch,M32_DENSE_PRIOR_LOW,M32_DENSE_PRIOR_LOW_c0_t17,32,24,0.75,dense,7.0,1353610541,lsgrand_first_valid,1353610541,True,0.8,0.2,0.25,0.0,0.0,slip_4_3,True,31,0,17,True,False,,first_valid_witness,19,19,31,9,1,1,0,19,False,0.0006679421057924628,-14.185225687788478,,,0.2903225806451613
mismatch,M32_DENSE_PRIOR_LOW,M32_DENSE_PRIOR_LOW_c0_t17,32,24,0.75,dense,7.0,1353610541,per_state_grand_sweep,1353610541,True,0.8,0.2,0.25,0.0,0.0,slip_4_3,True,31,0,17,True,False,,best_fixed_state_codeword,4144,4144,31,31,26,18,0,4144,True,0.02326737390831113,-14.185225687788478,,,1.0
mismatch,M32_DENSE_PRIOR_LOW,M32_DENSE_PRIOR_LOW_c0_t17,32,24,0.75,dense,7.0,1353610541,plain_reliability_grand,1344843595,False,0.8,0.2,0.25,0.0,0.0,slip_4_3,True,31,0,17,True,False,,first_valid_witness,504,504,1,1,1,1,0,504,False,0.0030558770522475243,-25.7019209732794,,,1.0
mismatch,M32_DENSE_PRIOR_LOW,M32_DENSE_PRIOR_LOW_c0_t17,32,24,0.75,dense,7.0,1353610541,latent_osd_order2,1353610541,True,0.8,0.2,0.25,0.0,0.0,slip_4_3,True,31,0,17,True,False,,best_complete_marginal_score_in_osd_list,0,0,31,16,1295,936,936,29016,False,0.32031707698479295,-14.161596228956865,,,0.5161290322580645
mismatch,M32_DENSE_PRIOR_LOW,M32_DENSE_PRIOR_LOW_c1_t0,32,24,0.75,dense,7.0,81881378,lsgrand_certified,81881378,True,0.8,0.2,0.25,0.0,0.0,no_slip,True,31,1,0,True,True,0.31151809415877807,strict_unseen_codeword_certificate,1,1,31,1,1,1,0,1,False,0.0007171550532802939,-14.113091166386821,1.0,1.0,0.03225806451612903
mismatch,M32_DENSE_PRIOR_LOW,M32_DENSE_PRIOR_LOW_c1_t0,32,24,0.75,dense,7.0,81881378,lsgrand_first_valid,81881378,True,0.8,0.2,0.25,0.0,0.0,no_slip,True,31,1,0,True,False,,first_valid_witness,1,1,31,1,1,1,0,1,False,0.0005388139979913831,-14.113091166386821,,,0.03225806451612903
mismatch,M32_DENSE_PRIOR_LOW,M32_DENSE_PRIOR_LOW_c1_t0,32,24,0.75,dense,7.0,81881378,per_state_grand_sweep,81881378,True,0.8,0.2,0.25,0.0,0.0,no_slip,True,31,1,0,True,False,,best_fixed_state_codeword,5169,5169,31,31,29,23,0,5169,True,0.028554568998515606,-14.113091166386821,,,1.0
mismatch,M32_DENSE_PRIOR_LOW,M32_DENSE_PRIOR_LOW_c1_t0,32,24,0.75,dense,7.0,81881378,plain_reliability_grand,81881378,True,0.8,0.2,0.25,0.0,0.0,no_slip,True,31,1,0,True,False,,first_valid_witness,1,1,1,1,1,1,0,1,False,3.994500730186701e-05,-13.889947615072613,,,1.0
mismatch,M32_DENSE_PRIOR_LOW,M32_DENSE_PRIOR_LOW_c1_t0,32,24,0.75,dense,7.0,81881378,latent_osd_order2,81881378,True,0.8,0.2,0.25,0.0,0.0,no_slip,True,31,1,0,True,False,,best_complete_marginal_score_in_osd_list,0,0,31,16,1295,943,943,29233,False,0.3015130399726331,-14.113091109434977,,,0.5161290322580645
mismatch,M32_DENSE_PRIOR_LOW,M32_DENSE_PRIOR_LOW_c1_t1,32,24,0.75,dense,7.0,357948662,lsgrand_certified,357948662,True,0.8,0.2,0.25,0.0,0.0,no_slip,True,31,1,1,True,True,1.0824001215647527,strict_unseen_codeword_certificate,1,1,31,1,1,1,0,1,False,0.0006998919416218996,-16.8668794742825,1.0,1.0,0.03225806451612903
mismatch,M32_DENSE_PRIOR_LOW,M32_DENSE_PRIOR_LOW_c1_t1,32,24,0.75,dense,7.0,357948662,lsgrand_first_valid,357948662,True,0.8,0.2,0.25,0.0,0.0,no_slip,True,31,1,1,True,False,,first_valid_witness,1,1,31,1,1,1,0,1,False,0.0005204339977353811,-16.8668794742825,,,0.03225806451612903
mismatch,M32_DENSE_PRIOR_LOW,M32_DENSE_PRIOR_LOW_c1_t1,32,24,0.75,dense,7.0,357948662,per_state_grand_sweep,357948662,True,0.8,0.2,0.25,0.0,0.0,no_slip,True,31,1,1,True,False,,best_fixed_state_codeword,6176,6176,31,31,25,20,0,6176,True,0.03260632499586791,-16.8668794742825,,,1.0
mismatch,M32_DENSE_PRIOR_LOW,M32_DENSE_PRIOR_LOW_c1_t1,32,24,0.75,dense,7.0,357948662,plain_reliability_grand,357948662,True,0.8,0.2,0.25,0.0,0.0,no_slip,True,31,1,1,True,False,,first_valid_witness,1,1,1,1,1,1,0,1,False,3.840296994894743e-05,-16.64373592296829,,,1.0
mismatch,M32_DENSE_PRIOR_LOW,M32_DENSE_PRIOR_LOW_c1_t1,32,24,0.75,dense,7.0,357948662,latent_osd_order2,357948662,True,0.8,0.2,0.25,0.0,0.0,no_slip,True,31,1,1,True,False,,best_complete_marginal_score_in_osd_list,0,0,31,16,1295,846,846,26226,False,0.28495343204122037,-16.866492786814277,,,0.5161290322580645
mismatch,M32_DENSE_PRIOR_LOW,M32_DENSE_PRIOR_LOW_c1_t2,32,24,0.75,dense,7.0,960647368,lsgrand_certified,959122023,False,0.8,0.2,0.25,0.0,0.0,slip_4_1,True,31,1,2,True,True,0.0005967674348017482,strict_unseen_codeword_certificate,1024,1024,31,31,13,11,0,1024,False,0.011471902951598167,-8.459551283690969,34.0,30.11764705882353,1.0
mismatch,M32_DENSE_PRIOR_LOW,M32_DENSE_PRIOR_LOW_c1_t2,32,24,0.75,dense,7.0,960647368,lsgrand_first_valid,960647368,True,0.8,0.2,0.25,0.0,0.0,slip_4_1,True,31,1,2,True,False,,first_valid_witness,13,13,31,8,1,1,0,13,False,0.0007307479390874505,-8.465847877786754,,,0.25806451612903225
mismatch,M32_DENSE_PRIOR_LOW,M32_DENSE_PRIOR_LOW_c1_t2,32,24,0.75,dense,7.0,960647368,per_state_grand_sweep,960647368,True,0.8,0.2,0.25,0.0,0.0,slip_4_1,True,31,1,2,True,False,,best_fixed_state_codeword,6708,6708,31,31,21,15,0,6708,True,0.039054146967828274,-8.465847877786754,,,1.0
mismatch,M32_DENSE_PRIOR_LOW,M32_DENSE_PRIOR_LOW_c1_t2,32,24,0.75,dense,7.0,960647368,plain_reliability_grand,963316334,False,0.8,0.2,0.25,0.0,0.0,slip_4_1,True,31,1,2,True,False,,first_valid_witness,19,19,1,1,1,1,0,19,False,0.00018703506793826818,-10.797742350563873,,,1.0
mismatch,M32_DENSE_PRIOR_LOW,M32_DENSE_PRIOR_LOW_c1_t2,32,24,0.75,dense,7.0,960647368,latent_osd_order2,959122023,False,0.8,0.2,0.25,0.0,0.0,slip_4_1,True,31,1,2,True,False,,best_complete_marginal_score_in_osd_list,0,0,31,16,1295,920,920,28520,False,0.3335787809919566,-8.45944079229754,,,0.5161290322580645
mismatch,M32_DENSE_PRIOR_LOW,M32_DENSE_PRIOR_LOW_c1_t3,32,24,0.75,dense,7.0,2457098,lsgrand_certified,2457098,True,0.8,0.2,0.25,0.0,0.0,slip_4_1,True,31,1,3,True,True,1.4933664288991544,strict_unseen_codeword_certificate,128,128,31,31,1,1,0,128,False,0.0016233029309660196,-13.150552265108791,10.0,12.8,1.0
mismatch,M32_DENSE_PRIOR_LOW,M32_DENSE_PRIOR_LOW_c1_t3,32,24,0.75,dense,7.0,2457098,lsgrand_first_valid,2457098,True,0.8,0.2,0.25,0.0,0.0,slip_4_1,True,31,1,3,True,False,,first_valid_witness,10,10,31,8,1,1,0,10,False,0.0006521680625155568,-13.150552265108791,,,0.25806451612903225
mismatch,M32_DENSE_PRIOR_LOW,M32_DENSE_PRIOR_LOW_c1_t3,32,24,0.75,dense,7.0,2457098,per_state_grand_sweep,2457098,True,0.8,0.2,0.25,0.0,0.0,slip_4_1,True,31,1,3,True,False,,best_fixed_state_codeword,6204,6204,31,31,23,19,0,6204,True,0.03632832400035113,-13.150552265108791,,,1.0
mismatch,M32_DENSE_PRIOR_LOW,M32_DENSE_PRIOR_LOW_c1_t3,32,24,0.75,dense,7.0,2457098,plain_reliability_grand,615520175,False,0.8,0.2,0.25,0.0,0.0,slip_4_1,True,31,1,3,True,False,,first_valid_witness,76,76,1,1,1,1,0,76,False,0.0005278129829093814,-21.990306502947988,,,1.0
mismatch,M32_DENSE_PRIOR_LOW,M32_DENSE_PRIOR_LOW_c1_t3,32,24,0.75,dense,7.0,2457098,latent_osd_order2,2457098,True,0.8,0.2,0.25,0.0,0.0,slip_4_1,True,31,1,3,True,False,,best_complete_marginal_score_in_osd_list,0,0,31,16,1295,1057,1057,32767,False,0.35850892507005483,-13.149938135869451,,,0.5161290322580645
mismatch,M32_DENSE_PRIOR_LOW,M32_DENSE_PRIOR_LOW_c1_t4,32,24,0.75,dense,7.0,3295579764,lsgrand_certified,3295579764,True,0.8,0.2,0.25,0.0,0.0,slip_4_1,True,31,1,4,True,True,0.1867168972726887,strict_unseen_codeword_certificate,448,448,31,31,3,3,0,448,False,0.00424253405071795,-16.40697894595771,56.0,8.0,1.0
mismatch,M32_DENSE_PRIOR_LOW,M32_DENSE_PRIOR_LOW_c1_t4,32,24,0.75,dense,7.0,3295579764,lsgrand_first_valid,3295579764,True,0.8,0.2,0.25,0.0,0.0,slip_4_1,True,31,1,4,True,False,,first_valid_witness,56,56,31,31,1,1,0,56,False,0.0009874850511550903,-16.40697894595771,,,1.0
mismatch,M32_DENSE_PRIOR_LOW,M32_DENSE_PRIOR_LOW_c1_t4,32,24,0.75,dense,7.0,3295579764,per_state_grand_sweep,3295579764,True,0.8,0.2,0.25,0.0,0.0,slip_4_1,True,31,1,4,True,False,,best_fixed_state_codeword,5997,5997,31,31,23,19,0,5997,True,0.03496434399858117,-16.40697894595771,,,1.0
mismatch,M32_DENSE_PRIOR_LOW,M32_DENSE_PRIOR_LOW_c1_t4,32,24,0.75,dense,7.0,3295579764,plain_reliability_grand,3291948946,False,0.8,0.2,0.25,0.0,0.0,slip_4_1,True,31,1,4,True,False,,first_valid_witness,299,299,1,1,1,1,0,299,False,0.0018567299703136086,-22.695940083527823,,,1.0
mismatch,M32_DENSE_PRIOR_LOW,M32_DENSE_PRIOR_LOW_c1_t4,32,24,0.75,dense,7.0,3295579764,latent_osd_order2,3295579764,True,0.8,0.2,0.25,0.0,0.0,slip_4_1,True,31,1,4,True,False,,best_complete_marginal_score_in_osd_list,0,0,31,16,1295,1007,1007,31217,False,0.34446355199906975,-16.406974537709328,,,0.5161290322580645
mismatch,M32_DENSE_PRIOR_LOW,M32_DENSE_PRIOR_LOW_c1_t5,32,24,0.75,dense,7.0,1939710324,lsgrand_certified,1717722763,False,0.8,0.2,0.25,0.0,0.0,slip_4_3,True,31,1,5,True,True,3.547190736696848e-07,strict_unseen_codeword_certificate,8256,8256,31,31,36,29,0,8256,False,0.09467503405176103,-15.767658463020851,40.0,206.4,1.0
mismatch,M32_DENSE_PRIOR_LOW,M32_DENSE_PRIOR_LOW_c1_t5,32,24,0.75,dense,7.0,1939710324,lsgrand_first_valid,1717722763,False,0.8,0.2,0.25,0.0,0.0,slip_4_3,True,31,1,5,True,False,,first_valid_witness,40,40,31,31,1,1,0,40,False,0.0008758240146562457,-15.767678434286216,,,1.0
mismatch,M32_DENSE_PRIOR_LOW,M32_DENSE_PRIOR_LOW_c1_t5,32,24,0.75,dense,7.0,1939710324,per_state_grand_sweep,1717722763,False,0.8,0.2,0.25,0.0,0.0,slip_4_3,True,31,1,5,True,False,,best_fixed_state_codeword,5049,5049,31,31,27,23,0,5049,True,0.028104039025492966,-15.767678434286216,,,1.0
mismatch,M32_DENSE_PRIOR_LOW,M32_DENSE_PRIOR_LOW_c1_t5,32,24,0.75,dense,7.0,1939710324,plain_reliability_grand,2033911789,False,0.8,0.2,0.25,0.0,0.0,slip_4_3,True,31,1,5,True,False,,first_valid_witness,624,624,1,1,1,1,0,624,False,0.003755577956326306,-29.751589499610937,,,1.0
mismatch,M32_DENSE_PRIOR_LOW,M32_DENSE_PRIOR_LOW_c1_t5,32,24,0.75,dense,7.0,1939710324,latent_osd_order2,1717722763,False,0.8,0.2,0.25,0.0,0.0,slip_4_3,True,31,1,5,True,False,,best_complete_marginal_score_in_osd_list,0,0,31,16,1295,956,956,29636,False,0.3220930069219321,-15.767658457372514,,,0.5161290322580645
mismatch,M32_DENSE_PRIOR_LOW,M32_DENSE_PRIOR_LOW_c1_t6,32,24,0.75,dense,7.0,2137646535,lsgrand_certified,2137646535,True,0.8,0.2,0.25,0.0,0.0,no_slip,True,31,1,6,True,True,0.6551899110814938,strict_unseen_codeword_certificate,1,1,31,1,1,1,0,1,False,0.0006344560533761978,-7.872367995831776,1.0,1.0,0.03225806451612903
mismatch,M32_DENSE_PRIOR_LOW,M32_DENSE_PRIOR_LOW_c1_t6,32,24,0.75,dense,7.0,2137646535,lsgrand_first_valid,2137646535,True,0.8,0.2,0.25,0.0,0.0,no_slip,True,31,1,6,True,False,,first_valid_witness,1,1,31,1,1,1,0,1,False,0.0005687040975317359,-7.872367995831776,,,0.03225806451612903
mismatch,M32_DENSE_PRIOR_LOW,M32_DENSE_PRIOR_LOW_c1_t6,32,24,0.75,dense,7.0,2137646535,per_state_grand_sweep,2137646535,True,0.8,0.2,0.25,0.0,0.0,no_slip,True,31,1,6,True,False,,best_fixed_state_codeword,5827,5827,31,31,24,20,0,5827,True,0.032685772981494665,-7.872367995831776,,,1.0
mismatch,M32_DENSE_PRIOR_LOW,M32_DENSE_PRIOR_LOW_c1_t6,32,24,0.75,dense,7.0,2137646535,plain_reliability_grand,2137646535,True,0.8,0.2,0.25,0.0,0.0,no_slip,True,31,1,6,True,False,,first_valid_witness,1,1,1,1,1,1,0,1,False,3.7079909816384315e-05,-7.649224444517566,,,1.0
mismatch,M32_DENSE_PRIOR_LOW,M32_DENSE_PRIOR_LOW_c1_t6,32,24,0.75,dense,7.0,2137646535,latent_osd_order2,2137646535,True,0.8,0.2,0.25,0.0,0.0,no_slip,True,31,1,6,True,False,,best_complete_marginal_score_in_osd_list,0,0,31,16,1295,1016,1016,31496,False,0.3495472820941359,-7.872362515598317,,,0.5161290322580645
mismatch,M32_DENSE_PRIOR_LOW,M32_DENSE_PRIOR_LOW_c1_t7,32,24,0.75,dense,7.0,1253699772,lsgrand_certified,1253699772,True,0.8,0.2,0.25,0.0,0.0,slip_4_1,True,31,1,7,True,True,0.01825821210036338,strict_unseen_codeword_certificate,1152,1152,31,31,6,5,0,1152,False,0.010261281044222414,-17.563229536093125,86.0,13.395348837209303,1.0
mismatch,M32_DENSE_PRIOR_LOW,M32_DENSE_PRIOR_LOW_c1_t7,32,24,0.75,dense,7.0,1253699772,lsgrand_first_valid,1253699772,True,0.8,0.2,0.25,0.0,0.0,slip_4_1,True,31,1,7,True,False,,first_valid_witness,86,86,31,31,1,1,0,86,False,0.0011370909633114934,-17.59155513341262,,,1.0
mismatch,M32_DENSE_PRIOR_LOW,M32_DENSE_PRIOR_LOW_c1_t7,32,24,0.75,dense,7.0,1253699772,per_state_grand_sweep,1253699772,True,0.8,0.2,0.25,0.0,0.0,slip_4_1,True,31,1,7,True,False,,best_fixed_state_codeword,6932,6932,31,31,21,18,0,6932,True,0.038020057952962816,-17.59155513341262,,,1.0
mismatch,M32_DENSE_PRIOR_LOW,M32_DENSE_PRIOR_LOW_c1_t7,32,24,0.75,dense,7.0,1253699772,plain_reliability_grand,1256094686,False,0.8,0.2,0.25,0.0,0.0,slip_4_1,True,31,1,7,True,False,,first_valid_witness,202,202,1,1,1,1,0,202,False,0.0012460360303521156,-20.77193294879855,,,1.0
mismatch,M32_DENSE_PRIOR_LOW,M32_DENSE_PRIOR_LOW_c1_t7,32,24,0.75,dense,7.0,1253699772,latent_osd_order2,1253699772,True,0.8,0.2,0.25,0.0,0.0,slip_4_1,True,31,1,7,True,False,,best_complete_marginal_score_in_osd_list,0,0,31,16,1295,984,984,30504,False,0.3234856480266899,-17.563219468743604,,,0.5161290322580645
mismatch,M32_DENSE_PRIOR_LOW,M32_DENSE_PRIOR_LOW_c1_t8,32,24,0.75,dense,7.0,477327958,lsgrand_certified,477327958,True,0.8,0.2,0.25,0.0,0.0,slip_4_3,True,31,1,8,True,True,0.6843041940329577,strict_unseen_codeword_certificate,128,128,31,31,2,2,0,128,False,0.001666705938987434,-14.432980670068773,12.0,10.666666666666666,1.0
mismatch,M32_DENSE_PRIOR_LOW,M32_DENSE_PRIOR_LOW_c1_t8,32,24,0.75,dense,7.0,477327958,lsgrand_first_valid,477327958,True,0.8,0.2,0.25,0.0,0.0,slip_4_3,True,31,1,8,True,False,,first_valid_witness,12,12,31,9,1,1,0,12,False,0.0006325070280581713,-14.432980670068773,,,0.2903225806451613
mismatch,M32_DENSE_PRIOR_LOW,M32_DENSE_PRIOR_LOW_c1_t8,32,24,0.75,dense,7.0,477327958,per_state_grand_sweep,477327958,True,0.8,0.2,0.25,0.0,0.0,slip_4_3,True,31,1,8,True,False,,best_fixed_state_codeword,4955,4955,31,31,29,25,0,4955,True,0.028005443047732115,-14.432980670068773,,,1.0
mismatch,M32_DENSE_PRIOR_LOW,M32_DENSE_PRIOR_LOW_c1_t8,32,24,0.75,dense,7.0,477327958,plain_reliability_grand,476505342,False,0.8,0.2,0.25,0.0,0.0,slip_4_3,True,31,1,8,True,False,,first_valid_witness,66,66,1,1,1,1,0,66,False,0.000452966894954443,-21.431898375161573,,,1.0
mismatch,M32_DENSE_PRIOR_LOW,M32_DENSE_PRIOR_LOW_c1_t8,32,24,0.75,dense,7.0,477327958,latent_osd_order2,477327958,True,0.8,0.2,0.25,0.0,0.0,slip_4_3,True,31,1,8,True,False,,best_complete_marginal_score_in_osd_list,0,0,31,16,1295,930,930,28830,False,0.3208616969641298,-14.426108892598995,,,0.5161290322580645
mismatch,M32_DENSE_PRIOR_LOW,M32_DENSE_PRIOR_LOW_c1_t9,32,24,0.75,dense,7.0,2127237906,lsgrand_certified,2127237906,True,0.8,0.2,0.25,0.0,0.0,slip_4_1,True,31,1,9,True,True,0.29522522445012456,strict_unseen_codeword_certificate,128,128,31,31,2,2,0,128,False,0.001577966962940991,-15.59732195932995,11.0,11.636363636363637,1.0
mismatch,M32_DENSE_PRIOR_LOW,M32_DENSE_PRIOR_LOW_c1_t9,32,24,0.75,dense,7.0,2127237906,lsgrand_first_valid,2127237906,True,0.8,0.2,0.25,0.0,0.0,slip_4_1,True,31,1,9,True,False,,first_valid_witness,11,11,31,8,1,1,0,11,False,0.0006221870426088572,-15.59732195932995,,,0.25806451612903225
mismatch,M32_DENSE_PRIOR_LOW,M32_DENSE_PRIOR_LOW_c1_t9,32,24,0.75,dense,7.0,2127237906,per_state_grand_sweep,2127237906,True,0.8,0.2,0.25,0.0,0.0,slip_4_1,True,31,1,9,True,False,,best_fixed_state_codeword,4650,4650,31,31,25,17,0,4650,True,0.026449496974237263,-15.59732195932995,,,1.0
mismatch,M32_DENSE_PRIOR_LOW,M32_DENSE_PRIOR_LOW_c1_t9,32,24,0.75,dense,7.0,2127237906,plain_reliability_grand,1584236939,False,0.8,0.2,0.25,0.0,0.0,slip_4_1,True,31,1,9,True,False,,first_valid_witness,7,7,1,1,1,1,0,7,False,7.72880157455802e-05,-16.310364743249938,,,1.0
mismatch,M32_DENSE_PRIOR_LOW,M32_DENSE_PRIOR_LOW_c1_t9,32,24,0.75,dense,7.0,2127237906,latent_osd_order2,2127237906,True,0.8,0.2,0.25,0.0,0.0,slip_4_1,True,31,1,9,True,False,,best_complete_marginal_score_in_osd_list,0,0,31,16,1295,980,980,30380,False,0.32814185798633844,-15.59710581477395,,,0.5161290322580645
mismatch,M32_DENSE_PRIOR_LOW,M32_DENSE_PRIOR_LOW_c1_t10,32,24,0.75,dense,7.0,2799767607,lsgrand_certified,2799767607,True,0.8,0.2,0.25,0.0,0.0,slip_4_3,True,31,1,10,True,True,0.8152813942906612,strict_unseen_codeword_certificate,128,128,31,31,4,3,0,128,False,0.0019005798967555165,-10.728820099229006,13.0,9.846153846153847,1.0
mismatch,M32_DENSE_PRIOR_LOW,M32_DENSE_PRIOR_LOW_c1_t10,32,24,0.75,dense,7.0,2799767607,lsgrand_first_valid,2799767607,True,0.8,0.2,0.25,0.0,0.0,slip_4_3,True,31,1,10,True,False,,first_valid_witness,13,13,31,9,1,1,0,13,False,0.0006705630803480744,-10.799197466586602,,,0.2903225806451613
mismatch,M32_DENSE_PRIOR_LOW,M32_DENSE_PRIOR_LOW_c1_t10,32,24,0.75,dense,7.0,2799767607,per_state_grand_sweep,2799767607,True,0.8,0.2,0.25,0.0,0.0,slip_4_3,True,31,1,10,True,False,,best_fixed_state_codeword,5109,5109,31,31,25,17,0,5109,True,0.02887540904339403,-10.799197466586602,,,1.0
mismatch,M32_DENSE_PRIOR_LOW,M32_DENSE_PRIOR_LOW_c1_t10,32,24,0.75,dense,7.0,2799767607,plain_reliability_grand,3871831406,False,0.8,0.2,0.25,0.0,0.0,slip_4_3,True,31,1,10,True,False,,first_valid_witness,29,29,1,1,1,1,0,29,False,0.00024387601297348738,-15.173177667355743,,,1.0
mismatch,M32_DENSE_PRIOR_LOW,M32_DENSE_PRIOR_LOW_c1_t10,32,24,0.75,dense,7.0,2799767607,latent_osd_order2,2799767607,True,0.8,0.2,0.25,0.0,0.0,slip_4_3,True,31,1,10,True,False,,best_complete_marginal_score_in_osd_list,0,0,31,16,1295,937,937,29047,False,0.3139112381031737,-10.728743203782788,,,0.5161290322580645
mismatch,M32_DENSE_PRIOR_LOW,M32_DENSE_PRIOR_LOW_c1_t11,32,24,0.75,dense,7.0,3657724292,lsgrand_certified,3657724292,True,0.8,0.2,0.25,0.0,0.0,slip_4_3,True,31,1,11,True,True,0.0022808185349969534,strict_unseen_codeword_certificate,1792,1792,31,31,11,10,0,1792,False,0.01614250394050032,-15.490730373868162,65.0,27.56923076923077,1.0
mismatch,M32_DENSE_PRIOR_LOW,M32_DENSE_PRIOR_LOW_c1_t11,32,24,0.75,dense,7.0,3657724292,lsgrand_first_valid,3657724292,True,0.8,0.2,0.25,0.0,0.0,slip_4_3,True,31,1,11,True,False,,first_valid_witness,65,65,31,31,1,1,0,65,False,0.0010296939872205257,-15.490730373868162,,,1.0
mismatch,M32_DENSE_PRIOR_LOW,M32_DENSE_PRIOR_LOW_c1_t11,32,24,0.75,dense,7.0,3657724292,per_state_grand_sweep,3657724292,True,0.8,0.2,0.25,0.0,0.0,slip_4_3,True,31,1,11,True,False,,best_fixed_state_codeword,6395,6395,31,31,22,16,0,6395,True,0.03580072592012584,-15.490730373868162,,,1.0
mismatch,M32_DENSE_PRIOR_LOW,M32_DENSE_PRIOR_LOW_c1_t11,32,24,0.75,dense,7.0,3657724292,plain_reliability_grand,3663722269,False,0.8,0.2,0.25,0.0,0.0,slip_4_3,True,31,1,11,True,False,,first_valid_witness,273,273,1,1,1,1,0,273,False,0.0016927389660850167,-21.100466103262814,,,1.0
mismatch,M32_DENSE_PRIOR_LOW,M32_DENSE_PRIOR_LOW_c1_t11,32,24,0.75,dense,7.0,3657724292,latent_osd_order2,3657724292,True,0.8,0.2,0.25,0.0,0.0,slip_4_3,True,31,1,11,True,False,,best_complete_marginal_score_in_osd_list,0,0,31,16,1295,814,814,25234,False,0.3096305839717388,-15.489846459094135,,,0.5161290322580645
mismatch,M32_DENSE_PRIOR_LOW,M32_DENSE_PRIOR_LOW_c1_t12,32,24,0.75,dense,7.0,103260843,lsgrand_certified,2271716011,False,0.8,0.2,0.25,0.0,0.0,slip_4_3,True,31,1,12,True,True,0.38261823984794674,strict_unseen_codeword_certificate,128,128,31,31,2,2,0,128,False,0.0016650400357320905,-14.086879752901309,45.0,2.8444444444444446,1.0
mismatch,M32_DENSE_PRIOR_LOW,M32_DENSE_PRIOR_LOW_c1_t12,32,24,0.75,dense,7.0,103260843,lsgrand_first_valid,2271716011,False,0.8,0.2,0.25,0.0,0.0,slip_4_3,True,31,1,12,True,False,,first_valid_witness,45,45,31,31,1,1,0,45,False,0.0008274130523204803,-14.086879752901309,,,1.0
mismatch,M32_DENSE_PRIOR_LOW,M32_DENSE_PRIOR_LOW_c1_t12,32,24,0.75,dense,7.0,103260843,per_state_grand_sweep,2271716011,False,0.8,0.2,0.25,0.0,0.0,slip_4_3,True,31,1,12,True,False,,best_fixed_state_codeword,7290,7290,31,31,19,16,0,7290,True,0.041665412951260805,-14.086879752901309,,,1.0
mismatch,M32_DENSE_PRIOR_LOW,M32_DENSE_PRIOR_LOW_c1_t12,32,24,0.75,dense,7.0,103260843,plain_reliability_grand,2269513219,False,0.8,0.2,0.25,0.0,0.0,slip_4_3,True,31,1,12,True,False,,first_valid_witness,1957,1957,1,1,1,1,0,1957,False,0.012542868964374065,-35.97434716583046,,,1.0
mismatch,M32_DENSE_PRIOR_LOW,M32_DENSE_PRIOR_LOW_c1_t12,32,24,0.75,dense,7.0,103260843,latent_osd_order2,2271716011,False,0.8,0.2,0.25,0.0,0.0,slip_4_3,True,31,1,12,True,False,,best_complete_marginal_score_in_osd_list,0,0,31,16,1295,929,929,28799,False,0.3151160660199821,-14.086685384984522,,,0.5161290322580645
mismatch,M32_DENSE_PRIOR_LOW,M32_DENSE_PRIOR_LOW_c1_t13,32,24,0.75,dense,7.0,2885202455,lsgrand_certified,2885202455,True,0.8,0.2,0.25,0.0,0.0,slip_4_3,True,31,1,13,True,True,0.49783826734434555,strict_unseen_codeword_certificate,64,64,31,31,1,1,0,64,False,0.0011914200149476528,-11.572637519107744,10.0,6.4,1.0
mismatch,M32_DENSE_PRIOR_LOW,M32_DENSE_PRIOR_LOW_c1_t13,32,24,0.75,dense,7.0,2885202455,lsgrand_first_valid,2885202455,True,0.8,0.2,0.25,0.0,0.0,slip_4_3,True,31,1,13,True,False,,first_valid_witness,10,10,31,9,1,1,0,10,False,0.0006113840499892831,-11.572637519107744,,,0.2903225806451613
mismatch,M32_DENSE_PRIOR_LOW,M32_DENSE_PRIOR_LOW_c1_t13,32,24,0.75,dense,7.0,2885202455,per_state_grand_sweep,2885202455,True,0.8,0.2,0.25,0.0,0.0,slip_4_3,True,31,1,13,True,False,,best_fixed_state_codeword,6186,6186,31,31,24,18,0,6186,True,0.03496018995065242,-11.572637519107744,,,1.0
mismatch,M32_DENSE_PRIOR_LOW,M32_DENSE_PRIOR_LOW_c1_t13,32,24,0.75,dense,7.0,2885202455,plain_reliability_grand,2879401086,False,0.8,0.2,0.25,0.0,0.0,slip_4_3,True,31,1,13,True,False,,first_valid_witness,343,343,1,1,1,1,0,343,False,0.0020674819825217128,-25.81693956045278,,,1.0
mismatch,M32_DENSE_PRIOR_LOW,M32_DENSE_PRIOR_LOW_c1_t13,32,24,0.75,dense,7.0,2885202455,latent_osd_order2,2885202455,True,0.8,0.2,0.25,0.0,0.0,slip_4_3,True,31,1,13,True,False,,best_complete_marginal_score_in_osd_list,0,0,31,16,1295,1015,1015,31465,False,0.3468073080293834,-11.572594500543694,,,0.5161290322580645
mismatch,M32_DENSE_PRIOR_LOW,M32_DENSE_PRIOR_LOW_c1_t14,32,24,0.75,dense,7.0,2946993713,lsgrand_certified,2946993713,True,0.8,0.2,0.25,0.0,0.0,slip_4_1,True,31,1,14,True,True,2.075136874513632,strict_unseen_codeword_certificate,64,64,31,31,1,1,0,64,False,0.0011856850469484925,-7.946837312227467,8.0,8.0,1.0
mismatch,M32_DENSE_PRIOR_LOW,M32_DENSE_PRIOR_LOW_c1_t14,32,24,0.75,dense,7.0,2946993713,lsgrand_first_valid,2946993713,True,0.8,0.2,0.25,0.0,0.0,slip_4_1,True,31,1,14,True,False,,first_valid_witness,8,8,31,8,1,1,0,8,False,0.0008583739399909973,-7.946837312227467,,,0.25806451612903225
mismatch,M32_DENSE_PRIOR_LOW,M32_DENSE_PRIOR_LOW_c1_t14,32,24,0.75,dense,7.0,2946993713,per_state_grand_sweep,2946993713,True,0.8,0.2,0.25,0.0,0.0,slip_4_1,True,31,1,14,True,False,,best_fixed_state_codeword,5632,5632,31,31,25,20,0,5632,True,0.032202997943386436,-7.946837312227467,,,1.0
mismatch,M32_DENSE_PRIOR_LOW,M32_DENSE_PRIOR_LOW_c1_t14,32,24,0.75,dense,7.0,2946993713,plain_reliability_grand,4021413784,False,0.8,0.2,0.25,0.0,0.0,slip_4_1,True,31,1,14,True,False,,first_valid_witness,382,382,1,1,1,1,0,382,False,0.0022140220971778035,-23.51316970562526,,,1.0
mismatch,M32_DENSE_PRIOR_LOW,M32_DENSE_PRIOR_LOW_c1_t14,32,24,0.75,dense,7.0,2946993713,latent_osd_order2,2946993713,True,0.8,0.2,0.25,0.0,0.0,slip_4_1,True,31,1,14,True,False,,best_complete_marginal_score_in_osd_list,0,0,31,16,1295,1015,1015,31465,False,0.33532488299533725,-7.942266358039242,,,0.5161290322580645
mismatch,M32_DENSE_PRIOR_LOW,M32_DENSE_PRIOR_LOW_c1_t15,32,24,0.75,dense,7.0,16925305,lsgrand_certified,16925305,True,0.8,0.2,0.25,0.0,0.0,slip_4_1,True,31,1,15,True,True,0.8097185486792888,strict_unseen_codeword_certificate,128,128,31,31,2,1,0,128,False,0.0014967990573495626,-12.757742801833265,16.0,8.0,1.0
mismatch,M32_DENSE_PRIOR_LOW,M32_DENSE_PRIOR_LOW_c1_t15,32,24,0.75,dense,7.0,16925305,lsgrand_first_valid,16925305,True,0.8,0.2,0.25,0.0,0.0,slip_4_1,True,31,1,15,True,False,,first_valid_witness,16,16,31,8,1,1,0,16,False,0.0006904200417920947,-13.289679339930585,,,0.25806451612903225
mismatch,M32_DENSE_PRIOR_LOW,M32_DENSE_PRIOR_LOW_c1_t15,32,24,0.75,dense,7.0,16925305,per_state_grand_sweep,16925305,True,0.8,0.2,0.25,0.0,0.0,slip_4_1,True,31,1,15,True,False,,best_fixed_state_codeword,5111,5111,31,31,27,21,0,5111,True,0.0276515370933339,-13.289679339930585,,,1.0
mismatch,M32_DENSE_PRIOR_LOW,M32_DENSE_PRIOR_LOW_c1_t15,32,24,0.75,dense,7.0,16925305,plain_reliability_grand,2820892,False,0.8,0.2,0.25,0.0,0.0,slip_4_1,True,31,1,15,True,False,,first_valid_witness,186,186,1,1,1,1,0,186,False,0.001048801001161337,-21.308048361218955,,,1.0
mismatch,M32_DENSE_PRIOR_LOW,M32_DENSE_PRIOR_LOW_c1_t15,32,24,0.75,dense,7.0,16925305,latent_osd_order2,16925305,True,0.8,0.2,0.25,0.0,0.0,slip_4_1,True,31,1,15,True,False,,best_complete_marginal_score_in_osd_list,0,0,31,16,1295,874,874,27094,False,0.2868709870381281,-12.751396005772671,,,0.5161290322580645
mismatch,M32_DENSE_PRIOR_LOW,M32_DENSE_PRIOR_LOW_c1_t16,32,24,0.75,dense,7.0,863363611,lsgrand_certified,863363611,True,0.8,0.2,0.25,0.0,0.0,slip_4_1,True,31,1,16,True,True,0.9551192677480866,strict_unseen_codeword_certificate,192,192,31,31,2,2,0,192,False,0.0020431929733604193,-14.649917000823141,14.0,13.714285714285714,1.0
mismatch,M32_DENSE_PRIOR_LOW,M32_DENSE_PRIOR_LOW_c1_t16,32,24,0.75,dense,7.0,863363611,lsgrand_first_valid,863363611,True,0.8,0.2,0.25,0.0,0.0,slip_4_1,True,31,1,16,True,False,,first_valid_witness,14,14,31,8,1,1,0,14,False,0.0009489220101386309,-14.649917000823141,,,0.25806451612903225
mismatch,M32_DENSE_PRIOR_LOW,M32_DENSE_PRIOR_LOW_c1_t16,32,24,0.75,dense,7.0,863363611,per_state_grand_sweep,863363611,True,0.8,0.2,0.25,0.0,0.0,slip_4_1,True,31,1,16,True,False,,best_fixed_state_codeword,4872,4872,31,31,23,16,0,4872,True,0.02590598608367145,-14.649917000823141,,,1.0
mismatch,M32_DENSE_PRIOR_LOW,M32_DENSE_PRIOR_LOW_c1_t16,32,24,0.75,dense,7.0,863363611,plain_reliability_grand,856718233,False,0.8,0.2,0.25,0.0,0.0,slip_4_1,True,31,1,16,True,False,,first_valid_witness,399,399,1,1,1,1,0,399,False,0.0022259720135480165,-26.96536803544828,,,1.0
mismatch,M32_DENSE_PRIOR_LOW,M32_DENSE_PRIOR_LOW_c1_t16,32,24,0.75,dense,7.0,863363611,latent_osd_order2,863363611,True,0.8,0.2,0.25,0.0,0.0,slip_4_1,True,31,1,16,True,False,,best_complete_marginal_score_in_osd_list,0,0,31,16,1295,995,995,30845,False,0.3058865920174867,-14.647398373335564,,,0.5161290322580645
mismatch,M32_DENSE_PRIOR_LOW,M32_DENSE_PRIOR_LOW_c1_t17,32,24,0.75,dense,7.0,3441187812,lsgrand_certified,3441187812,True,0.8,0.2,0.25,0.0,0.0,no_slip,True,31,1,17,True,True,1.2165556531523034,strict_unseen_codeword_certificate,1,1,31,1,1,1,0,1,False,0.0006751810433343053,-9.49463566533892,1.0,1.0,0.03225806451612903
mismatch,M32_DENSE_PRIOR_LOW,M32_DENSE_PRIOR_LOW_c1_t17,32,24,0.75,dense,7.0,3441187812,lsgrand_first_valid,3441187812,True,0.8,0.2,0.25,0.0,0.0,no_slip,True,31,1,17,True,False,,first_valid_witness,1,1,31,1,1,1,0,1,False,0.00048124592285603285,-9.49463566533892,,,0.03225806451612903
mismatch,M32_DENSE_PRIOR_LOW,M32_DENSE_PRIOR_LOW_c1_t17,32,24,0.75,dense,7.0,3441187812,per_state_grand_sweep,3441187812,True,0.8,0.2,0.25,0.0,0.0,no_slip,True,31,1,17,True,False,,best_fixed_state_codeword,4883,4883,31,31,27,23,0,4883,True,0.02316354203503579,-9.49463566533892,,,1.0
mismatch,M32_DENSE_PRIOR_LOW,M32_DENSE_PRIOR_LOW_c1_t17,32,24,0.75,dense,7.0,3441187812,plain_reliability_grand,3441187812,True,0.8,0.2,0.25,0.0,0.0,no_slip,True,31,1,17,True,False,,first_valid_witness,1,1,1,1,1,1,0,1,False,3.1673931516706944e-05,-9.271492114024712,,,1.0
mismatch,M32_DENSE_PRIOR_LOW,M32_DENSE_PRIOR_LOW_c1_t17,32,24,0.75,dense,7.0,3441187812,latent_osd_order2,3441187812,True,0.8,0.2,0.25,0.0,0.0,no_slip,True,31,1,17,True,False,,best_complete_marginal_score_in_osd_list,0,0,31,16,1295,1085,1085,33635,False,0.3144285399466753,-9.49463431101859,,,0.5161290322580645
mismatch,M32_SPARSE_PRIOR_HIGH,M32_SPARSE_PRIOR_HIGH_c0_t0,32,24,0.75,sparse,7.0,3710257933,lsgrand_certified,3710257933,True,0.2,0.8,,0.0,0.0,no_slip,True,31,0,0,True,True,3.298749284323211,strict_unseen_codeword_certificate,64,64,31,31,1,1,0,64,False,0.00098983698990196,-4.836623425713093,1.0,64.0,1.0
mismatch,M32_SPARSE_PRIOR_HIGH,M32_SPARSE_PRIOR_HIGH_c0_t0,32,24,0.75,sparse,7.0,3710257933,lsgrand_first_valid,3710257933,True,0.2,0.8,,0.0,0.0,no_slip,True,31,0,0,True,False,,first_valid_witness,1,1,31,1,1,1,0,1,False,0.0004976820200681686,-4.836623425713093,,,0.03225806451612903
mismatch,M32_SPARSE_PRIOR_HIGH,M32_SPARSE_PRIOR_HIGH_c0_t0,32,24,0.75,sparse,7.0,3710257933,per_state_grand_sweep,3710257933,True,0.2,0.8,,0.0,0.0,no_slip,True,31,0,0,True,False,,best_fixed_state_codeword,8354,8354,31,31,14,12,0,8354,True,0.04034572304226458,-4.836623425713093,,,1.0
mismatch,M32_SPARSE_PRIOR_HIGH,M32_SPARSE_PRIOR_HIGH_c0_t0,32,24,0.75,sparse,7.0,3710257933,plain_reliability_grand,3710257933,True,0.2,0.8,,0.0,0.0,no_slip,True,31,0,0,True,False,,first_valid_witness,1,1,1,1,1,1,0,1,False,2.992700319737196e-05,-3.2271855132789913,,,1.0
mismatch,M32_SPARSE_PRIOR_HIGH,M32_SPARSE_PRIOR_HIGH_c0_t0,32,24,0.75,sparse,7.0,3710257933,latent_osd_order2,3710257933,True,0.2,0.8,,0.0,0.0,no_slip,True,31,0,0,True,False,,best_complete_marginal_score_in_osd_list,0,0,31,16,1295,966,966,29946,False,0.2821214320138097,-4.8366165883948655,,,0.5161290322580645
mismatch,M32_SPARSE_PRIOR_HIGH,M32_SPARSE_PRIOR_HIGH_c0_t1,32,24,0.75,sparse,7.0,435570809,lsgrand_certified,435570809,True,0.2,0.8,,0.0,0.0,no_slip,True,31,0,1,True,True,0.21683820699084677,strict_unseen_codeword_certificate,64,64,31,31,2,2,0,64,False,0.0013168459990993142,-7.259345562630104,1.0,64.0,1.0
mismatch,M32_SPARSE_PRIOR_HIGH,M32_SPARSE_PRIOR_HIGH_c0_t1,32,24,0.75,sparse,7.0,435570809,lsgrand_first_valid,435570809,True,0.2,0.8,,0.0,0.0,no_slip,True,31,0,1,True,False,,first_valid_witness,1,1,31,1,1,1,0,1,False,0.0005188239738345146,-7.259345562630104,,,0.03225806451612903
mismatch,M32_SPARSE_PRIOR_HIGH,M32_SPARSE_PRIOR_HIGH_c0_t1,32,24,0.75,sparse,7.0,435570809,per_state_grand_sweep,435570809,True,0.2,0.8,,0.0,0.0,no_slip,True,31,0,1,True,False,,best_fixed_state_codeword,7851,7851,31,31,16,13,0,7851,True,0.03763150703161955,-7.259345562630104,,,1.0
mismatch,M32_SPARSE_PRIOR_HIGH,M32_SPARSE_PRIOR_HIGH_c0_t1,32,24,0.75,sparse,7.0,435570809,plain_reliability_grand,435570809,True,0.2,0.8,,0.0,0.0,no_slip,True,31,0,1,True,False,,first_valid_witness,1,1,1,1,1,1,0,1,False,3.128999378532171e-05,-5.649907650196003,,,1.0
mismatch,M32_SPARSE_PRIOR_HIGH,M32_SPARSE_PRIOR_HIGH_c0_t1,32,24,0.75,sparse,7.0,435570809,latent_osd_order2,435570809,True,0.2,0.8,,0.0,0.0,no_slip,True,31,0,1,True,False,,best_complete_marginal_score_in_osd_list,0,0,31,16,1295,848,848,26288,False,0.2538120199460536,-7.2456117227960375,,,0.5161290322580645
mismatch,M32_SPARSE_PRIOR_HIGH,M32_SPARSE_PRIOR_HIGH_c0_t2,32,24,0.75,sparse,7.0,3568873251,lsgrand_certified,3568873251,True,0.2,0.8,,0.0,0.0,no_slip,True,31,0,2,True,True,1.2467777698559672,strict_unseen_codeword_certificate,64,64,31,31,1,1,0,64,False,0.0009604881051927805,-12.788470817527156,1.0,64.0,1.0
mismatch,M32_SPARSE_PRIOR_HIGH,M32_SPARSE_PRIOR_HIGH_c0_t2,32,24,0.75,sparse,7.0,3568873251,lsgrand_first_valid,3568873251,True,0.2,0.8,,0.0,0.0,no_slip,True,31,0,2,True,False,,first_valid_witness,1,1,31,1,1,1,0,1,False,0.000491095008328557,-12.788470817527156,,,0.03225806451612903
mismatch,M32_SPARSE_PRIOR_HIGH,M32_SPARSE_PRIOR_HIGH_c0_t2,32,24,0.75,sparse,7.0,3568873251,per_state_grand_sweep,3568873251,True,0.2,0.8,,0.0,0.0,no_slip,True,31,0,2,True,False,,best_fixed_state_codeword,9000,9000,31,31,11,8,0,9000,True,0.041851938934996724,-12.788470817527156,,,1.0
mismatch,M32_SPARSE_PRIOR_HIGH,M32_SPARSE_PRIOR_HIGH_c0_t2,32,24,0.75,sparse,7.0,3568873251,plain_reliability_grand,3568873251,True,0.2,0.8,,0.0,0.0,no_slip,True,31,0,2,True,False,,first_valid_witness,1,1,1,1,1,1,0,1,False,3.204599488526583e-05,-11.179032905093054,,,1.0
mismatch,M32_SPARSE_PRIOR_HIGH,M32_SPARSE_PRIOR_HIGH_c0_t2,32,24,0.75,sparse,7.0,3568873251,latent_osd_order2,3568873251,True,0.2,0.8,,0.0,0.0,no_slip,True,31,0,2,True,False,,best_complete_marginal_score_in_osd_list,0,0,31,16,1295,867,867,26877,False,0.2633645619498566,-12.788270211501255,,,0.5161290322580645
mismatch,M32_SPARSE_PRIOR_HIGH,M32_SPARSE_PRIOR_HIGH_c0_t3,32,24,0.75,sparse,7.0,4122267429,lsgrand_certified,4122267429,True,0.2,0.8,,0.0,0.0,no_slip,True,31,0,3,True,True,3.7318282269077585,strict_unseen_codeword_certificate,64,64,31,31,1,1,0,64,False,0.0009539229795336723,-7.978690580581413,1.0,64.0,1.0
mismatch,M32_SPARSE_PRIOR_HIGH,M32_SPARSE_PRIOR_HIGH_c0_t3,32,24,0.75,sparse,7.0,4122267429,lsgrand_first_valid,4122267429,True,0.2,0.8,,0.0,0.0,no_slip,True,31,0,3,True,False,,first_valid_witness,1,1,31,1,1,1,0,1,False,0.0004846099764108658,-7.978690580581413,,,0.03225806451612903
mismatch,M32_SPARSE_PRIOR_HIGH,M32_SPARSE_PRIOR_HIGH_c0_t3,32,24,0.75,sparse,7.0,4122267429,per_state_grand_sweep,4122267429,True,0.2,0.8,,0.0,0.0,no_slip,True,31,0,3,True,False,,best_fixed_state_codeword,7368,7368,31,31,17,14,0,7368,True,0.036588486982509494,-7.978690580581413,,,1.0
mismatch,M32_SPARSE_PRIOR_HIGH,M32_SPARSE_PRIOR_HIGH_c0_t3,32,24,0.75,sparse,7.0,4122267429,plain_reliability_grand,4122267429,True,0.2,0.8,,0.0,0.0,no_slip,True,31,0,3,True,False,,first_valid_witness,1,1,1,1,1,1,0,1,False,3.290793392807245e-05,-6.369252668147311,,,1.0
mismatch,M32_SPARSE_PRIOR_HIGH,M32_SPARSE_PRIOR_HIGH_c0_t3,32,24,0.75,sparse,7.0,4122267429,latent_osd_order2,4122267429,True,0.2,0.8,,0.0,0.0,no_slip,True,31,0,3,True,False,,best_complete_marginal_score_in_osd_list,0,0,31,16,1295,827,827,25637,False,0.2563816140173003,-7.978441251670499,,,0.5161290322580645
mismatch,M32_SPARSE_PRIOR_HIGH,M32_SPARSE_PRIOR_HIGH_c0_t4,32,24,0.75,sparse,7.0,1001459092,lsgrand_certified,1001459092,True,0.2,0.8,,0.0,0.0,no_slip,True,31,0,4,True,True,1.7785964826492737,strict_unseen_codeword_certificate,64,64,31,31,1,1,0,64,False,0.0010109029244631529,-9.238860681236329,1.0,64.0,1.0
mismatch,M32_SPARSE_PRIOR_HIGH,M32_SPARSE_PRIOR_HIGH_c0_t4,32,24,0.75,sparse,7.0,1001459092,lsgrand_first_valid,1001459092,True,0.2,0.8,,0.0,0.0,no_slip,True,31,0,4,True,False,,first_valid_witness,1,1,31,1,1,1,0,1,False,0.0005743540823459625,-9.238860681236329,,,0.03225806451612903
mismatch,M32_SPARSE_PRIOR_HIGH,M32_SPARSE_PRIOR_HIGH_c0_t4,32,24,0.75,sparse,7.0,1001459092,per_state_grand_sweep,1001459092,True,0.2,0.8,,0.0,0.0,no_slip,True,31,0,4,True,False,,best_fixed_state_codeword,7422,7422,31,31,15,12,0,7422,True,0.03625654091592878,-9.238860681236329,,,1.0
mismatch,M32_SPARSE_PRIOR_HIGH,M32_SPARSE_PRIOR_HIGH_c0_t4,32,24,0.75,sparse,7.0,1001459092,plain_reliability_grand,1001459092,True,0.2,0.8,,0.0,0.0,no_slip,True,31,0,4,True,False,,first_valid_witness,1,1,1,1,1,1,0,1,False,3.315310459583998e-05,-7.629422768802227,,,1.0
mismatch,M32_SPARSE_PRIOR_HIGH,M32_SPARSE_PRIOR_HIGH_c0_t4,32,24,0.75,sparse,7.0,1001459092,latent_osd_order2,1001459092,True,0.2,0.8,,0.0,0.0,no_slip,True,31,0,4,True,False,,best_complete_marginal_score_in_osd_list,0,0,31,16,1295,828,828,25668,False,0.24963075504638255,-9.238860126085706,,,0.5161290322580645
mismatch,M32_SPARSE_PRIOR_HIGH,M32_SPARSE_PRIOR_HIGH_c0_t5,32,24,0.75,sparse,7.0,747243385,lsgrand_certified,747243385,True,0.2,0.8,,0.0,0.0,no_slip,True,31,0,5,True,True,1.2226948794048198,strict_unseen_codeword_certificate,64,64,31,31,1,1,0,64,False,0.0010530229192227125,-7.402974224363417,1.0,64.0,1.0
mismatch,M32_SPARSE_PRIOR_HIGH,M32_SPARSE_PRIOR_HIGH_c0_t5,32,24,0.75,sparse,7.0,747243385,lsgrand_first_valid,747243385,True,0.2,0.8,,0.0,0.0,no_slip,True,31,0,5,True,False,,first_valid_witness,1,1,31,1,1,1,0,1,False,0.0004803190240636468,-7.402974224363417,,,0.03225806451612903
mismatch,M32_SPARSE_PRIOR_HIGH,M32_SPARSE_PRIOR_HIGH_c0_t5,32,24,0.75,sparse,7.0,747243385,per_state_grand_sweep,747243385,True,0.2,0.8,,0.0,0.0,no_slip,True,31,0,5,True,False,,best_fixed_state_codeword,8491,8491,31,31,13,10,0,8491,True,0.041002824902534485,-7.402974224363417,,,1.0
mismatch,M32_SPARSE_PRIOR_HIGH,M32_SPARSE_PRIOR_HIGH_c0_t5,32,24,0.75,sparse,7.0,747243385,plain_reliability_grand,747243385,True,0.2,0.8,,0.0,0.0,no_slip,True,31,0,5,True,False,,first_valid_witness,1,1,1,1,1,1,0,1,False,3.158301115036011e-05,-5.793536311929316,,,1.0
mismatch,M32_SPARSE_PRIOR_HIGH,M32_SPARSE_PRIOR_HIGH_c0_t5,32,24,0.75,sparse,7.0,747243385,latent_osd_order2,747243385,True,0.2,0.8,,0.0,0.0,no_slip,True,31,0,5,True,False,,best_complete_marginal_score_in_osd_list,0,0,31,16,1295,981,981,30411,False,0.28104821103625,-7.4029616117808565,,,0.5161290322580645
mismatch,M32_SPARSE_PRIOR_HIGH,M32_SPARSE_PRIOR_HIGH_c0_t6,32,24,0.75,sparse,7.0,185805794,lsgrand_certified,185805794,True,0.2,0.8,,0.0,0.0,slip_14_3,True,31,0,6,True,True,0.3402010829213147,strict_unseen_codeword_certificate,64,64,31,31,1,1,0,64,False,0.0010071449214592576,-14.12639859600226,29.0,2.206896551724138,1.0
mismatch,M32_SPARSE_PRIOR_HIGH,M32_SPARSE_PRIOR_HIGH_c0_t6,32,24,0.75,sparse,7.0,185805794,lsgrand_first_valid,185805794,True,0.2,0.8,,0.0,0.0,slip_14_3,True,31,0,6,True,False,,first_valid_witness,29,29,31,29,1,1,0,29,False,0.0006218090420588851,-14.12639859600226,,,0.9354838709677419
mismatch,M32_SPARSE_PRIOR_HIGH,M32_SPARSE_PRIOR_HIGH_c0_t6,32,24,0.75,sparse,7.0,185805794,per_state_grand_sweep,185805794,True,0.2,0.8,,0.0,0.0,slip_14_3,True,31,0,6,True,False,,best_fixed_state_codeword,6444,6444,31,31,19,13,0,6444,True,0.03060248598922044,-14.12639859600226,,,1.0
mismatch,M32_SPARSE_PRIOR_HIGH,M32_SPARSE_PRIOR_HIGH_c0_t6,32,24,0.75,sparse,7.0,185805794,plain_reliability_grand,169044960,False,0.2,0.8,,0.0,0.0,slip_14_3,True,31,0,6,True,False,,first_valid_witness,135,135,1,1,1,1,0,135,False,0.0007160509703680873,-23.912126864923323,,,1.0
mismatch,M32_SPARSE_PRIOR_HIGH,M32_SPARSE_PRIOR_HIGH_c0_t6,32,24,0.75,sparse,7.0,185805794,latent_osd_order2,185805794,True,0.2,0.8,,0.0,0.0,slip_14_3,True,31,0,6,True,False,,best_complete_marginal_score_in_osd_list,0,0,31,16,1295,769,769,23839,False,0.22811520798131824,-14.102127323509599,,,0.5161290322580645
mismatch,M32_SPARSE_PRIOR_HIGH,M32_SPARSE_PRIOR_HIGH_c0_t7,32,24,0.75,sparse,7.0,1811321758,lsgrand_certified,1834206110,False,0.2,0.8,,0.0,0.0,slip_10_3,True,31,0,7,True,True,0.04200550833759209,strict_unseen_codeword_certificate,144,144,31,31,4,3,0,144,False,0.0016672489000484347,-7.302352935980164,6.0,24.0,1.0
mismatch,M32_SPARSE_PRIOR_HIGH,M32_SPARSE_PRIOR_HIGH_c0_t7,32,24,0.75,sparse,7.0,1811321758,lsgrand_first_valid,1834206110,False,0.2,0.8,,0.0,0.0,slip_10_3,True,31,0,7,True,False,,first_valid_witness,6,6,31,5,1,1,0,6,False,0.0005262990016490221,-7.483448230764661,,,0.16129032258064516
mismatch,M32_SPARSE_PRIOR_HIGH,M32_SPARSE_PRIOR_HIGH_c0_t7,32,24,0.75,sparse,7.0,1811321758,per_state_grand_sweep,1834206110,False,0.2,0.8,,0.0,0.0,slip_10_3,True,31,0,7,True,False,,best_fixed_state_codeword,7083,7083,31,31,15,12,0,7083,True,0.03322166996076703,-7.483448230764661,,,1.0
mismatch,M32_SPARSE_PRIOR_HIGH,M32_SPARSE_PRIOR_HIGH_c0_t7,32,24,0.75,sparse,7.0,1811321758,plain_reliability_grand,787650104,False,0.2,0.8,,0.0,0.0,slip_10_3,True,31,0,7,True,False,,first_valid_witness,4964,4964,1,1,1,1,0,4964,False,0.02634674299042672,-32.801980801558145,,,1.0
mismatch,M32_SPARSE_PRIOR_HIGH,M32_SPARSE_PRIOR_HIGH_c0_t7,32,24,0.75,sparse,7.0,1811321758,latent_osd_order2,1834206110,False,0.2,0.8,,0.0,0.0,slip_10_3,True,31,0,7,True,False,,best_complete_marginal_score_in_osd_list,0,0,31,16,1295,893,893,27683,False,0.25008431694004685,-7.302328664288091,,,0.5161290322580645
mismatch,M32_SPARSE_PRIOR_HIGH,M32_SPARSE_PRIOR_HIGH_c0_t8,32,24,0.75,sparse,7.0,2939767031,lsgrand_certified,2939767031,True,0.2,0.8,,0.0,0.0,no_slip,True,31,0,8,True,True,0.04144910550159153,strict_unseen_codeword_certificate,64,64,31,31,1,1,0,64,False,0.001016829046420753,-9.56225996773949,2.0,32.0,1.0
mismatch,M32_SPARSE_PRIOR_HIGH,M32_SPARSE_PRIOR_HIGH_c0_t8,32,24,0.75,sparse,7.0,2939767031,lsgrand_first_valid,2939767031,True,0.2,0.8,,0.0,0.0,no_slip,True,31,0,8,True,False,,first_valid_witness,2,2,31,1,1,1,0,2,False,0.0004847990348935127,-9.56225996773949,,,0.03225806451612903
mismatch,M32_SPARSE_PRIOR_HIGH,M32_SPARSE_PRIOR_HIGH_c0_t8,32,24,0.75,sparse,7.0,2939767031,per_state_grand_sweep,2939767031,True,0.2,0.8,,0.0,0.0,no_slip,True,31,0,8,True,False,,best_fixed_state_codeword,7705,7705,31,31,16,14,0,7705,True,0.03516381001099944,-9.56225996773949,,,1.0
mismatch,M32_SPARSE_PRIOR_HIGH,M32_SPARSE_PRIOR_HIGH_c0_t8,32,24,0.75,sparse,7.0,2939767031,plain_reliability_grand,2939767031,True,0.2,0.8,,0.0,0.0,no_slip,True,31,0,8,True,False,,first_valid_witness,2,2,1,1,1,1,0,2,False,3.9514037780463696e-05,-7.952822055305388,,,1.0
mismatch,M32_SPARSE_PRIOR_HIGH,M32_SPARSE_PRIOR_HIGH_c0_t8,32,24,0.75,sparse,7.0,2939767031,latent_osd_order2,2939767031,True,0.2,0.8,,0.0,0.0,no_slip,True,31,0,8,True,False,,best_complete_marginal_score_in_osd_list,0,0,31,16,1295,994,994,30814,False,0.2749539250507951,-9.562259575692226,,,0.5161290322580645
mismatch,M32_SPARSE_PRIOR_HIGH,M32_SPARSE_PRIOR_HIGH_c0_t9,32,24,0.75,sparse,7.0,2098954908,lsgrand_certified,2098954908,True,0.2,0.8,,0.0,0.0,no_slip,True,31,0,9,True,True,0.23785025983229602,strict_unseen_codeword_certificate,256,256,31,31,3,2,0,256,False,0.0022295309463515878,-17.226016419672053,32.0,8.0,1.0
mismatch,M32_SPARSE_PRIOR_HIGH,M32_SPARSE_PRIOR_HIGH_c0_t9,32,24,0.75,sparse,7.0,2098954908,lsgrand_first_valid,2098954908,True,0.2,0.8,,0.0,0.0,no_slip,True,31,0,9,True,False,,first_valid_witness,32,32,31,31,1,1,0,32,False,0.0006781870033591986,-17.403546511242613,,,1.0
mismatch,M32_SPARSE_PRIOR_HIGH,M32_SPARSE_PRIOR_HIGH_c0_t9,32,24,0.75,sparse,7.0,2098954908,per_state_grand_sweep,2098954908,True,0.2,0.8,,0.0,0.0,no_slip,True,31,0,9,True,False,,best_fixed_state_codeword,9574,9574,31,31,8,6,0,9574,True,0.04395931400358677,-17.403546511242613,,,1.0
mismatch,M32_SPARSE_PRIOR_HIGH,M32_SPARSE_PRIOR_HIGH_c0_t9,32,24,0.75,sparse,7.0,2098954908,plain_reliability_grand,2098954908,True,0.2,0.8,,0.0,0.0,no_slip,True,31,0,9,True,False,,first_valid_witness,7,7,1,1,1,1,0,7,False,6.262504030019045e-05,-17.43264584665395,,,1.0
mismatch,M32_SPARSE_PRIOR_HIGH,M32_SPARSE_PRIOR_HIGH_c0_t9,32,24,0.75,sparse,7.0,2098954908,latent_osd_order2,2098954908,True,0.2,0.8,,0.0,0.0,no_slip,True,31,0,9,True,False,,best_complete_marginal_score_in_osd_list,0,0,31,16,1295,903,903,27993,False,0.26102975104004145,-17.213393032669707,,,0.5161290322580645
mismatch,M32_SPARSE_PRIOR_HIGH,M32_SPARSE_PRIOR_HIGH_c0_t10,32,24,0.75,sparse,7.0,4142725619,lsgrand_certified,4142725619,True,0.2,0.8,,0.0,0.0,slip_11_1,True,31,0,10,True,True,0.6163377237639232,strict_unseen_codeword_certificate,64,64,31,31,1,1,0,64,False,0.0009193470468744636,-13.79985318291315,22.0,2.909090909090909,1.0
mismatch,M32_SPARSE_PRIOR_HIGH,M32_SPARSE_PRIOR_HIGH_c0_t10,32,24,0.75,sparse,7.0,4142725619,lsgrand_first_valid,4142725619,True,0.2,0.8,,0.0,0.0,slip_11_1,True,31,0,10,True,False,,first_valid_witness,22,22,31,22,1,1,0,22,False,0.0005803389940410852,-13.79985318291315,,,0.7096774193548387
mismatch,M32_SPARSE_PRIOR_HIGH,M32_SPARSE_PRIOR_HIGH_c0_t10,32,24,0.75,sparse,7.0,4142725619,per_state_grand_sweep,4142725619,True,0.2,0.8,,0.0,0.0,slip_11_1,True,31,0,10,True,False,,best_fixed_state_codeword,9255,9255,31,31,10,8,0,9255,True,0.042499164934270084,-13.79985318291315,,,1.0
mismatch,M32_SPARSE_PRIOR_HIGH,M32_SPARSE_PRIOR_HIGH_c0_t10,32,24,0.75,sparse,7.0,4142725619,plain_reliability_grand,3872176241,False,0.2,0.8,,0.0,0.0,slip_11_1,True,31,0,10,True,False,,first_valid_witness,4558,4558,1,1,1,1,0,4558,False,0.02414870692882687,-39.570880747427665,,,1.0
mismatch,M32_SPARSE_PRIOR_HIGH,M32_SPARSE_PRIOR_HIGH_c0_t10,32,24,0.75,sparse,7.0,4142725619,latent_osd_order2,4142725619,True,0.2,0.8,,0.0,0.0,slip_11_1,True,31,0,10,True,False,,best_complete_marginal_score_in_osd_list,0,0,31,16,1295,950,950,29450,False,0.2596047070110217,-13.798656601593212,,,0.5161290322580645
mismatch,M32_SPARSE_PRIOR_HIGH,M32_SPARSE_PRIOR_HIGH_c0_t11,32,24,0.75,sparse,7.0,4090731957,lsgrand_certified,4090731957,True,0.2,0.8,,0.0,0.0,no_slip,True,31,0,11,True,True,0.3212740650201198,strict_unseen_codeword_certificate,64,64,31,31,1,1,0,64,False,0.000922888983041048,-16.59890659916643,1.0,64.0,1.0
mismatch,M32_SPARSE_PRIOR_HIGH,M32_SPARSE_PRIOR_HIGH_c0_t11,32,24,0.75,sparse,7.0,4090731957,lsgrand_first_valid,4090731957,True,0.2,0.8,,0.0,0.0,no_slip,True,31,0,11,True,False,,first_valid_witness,1,1,31,1,1,1,0,1,False,0.0005441280081868172,-16.59890659916643,,,0.03225806451612903
mismatch,M32_SPARSE_PRIOR_HIGH,M32_SPARSE_PRIOR_HIGH_c0_t11,32,24,0.75,sparse,7.0,4090731957,per_state_grand_sweep,4090731957,True,0.2,0.8,,0.0,0.0,no_slip,True,31,0,11,True,False,,best_fixed_state_codeword,8213,8213,31,31,13,12,0,8213,True,0.03750203596428037,-16.59890659916643,,,1.0
mismatch,M32_SPARSE_PRIOR_HIGH,M32_SPARSE_PRIOR_HIGH_c0_t11,32,24,0.75,sparse,7.0,4090731957,plain_reliability_grand,4090731957,True,0.2,0.8,,0.0,0.0,no_slip,True,31,0,11,True,False,,first_valid_witness,1,1,1,1,1,1,0,1,False,3.0098017305135727e-05,-14.989468686732328,,,1.0
mismatch,M32_SPARSE_PRIOR_HIGH,M32_SPARSE_PRIOR_HIGH_c0_t11,32,24,0.75,sparse,7.0,4090731957,latent_osd_order2,4090731957,True,0.2,0.8,,0.0,0.0,no_slip,True,31,0,11,True,False,,best_complete_marginal_score_in_osd_list,0,0,31,16,1295,913,913,28303,False,0.25927965994924307,-16.59886375118046,,,0.5161290322580645
mismatch,M32_SPARSE_PRIOR_HIGH,M32_SPARSE_PRIOR_HIGH_c0_t12,32,24,0.75,sparse,7.0,3094377831,lsgrand_certified,3094377831,True,0.2,0.8,,0.0,0.0,no_slip,True,31,0,12,True,True,0.8608902893780623,strict_unseen_codeword_certificate,64,64,31,31,1,1,0,64,False,0.0009227490518242121,-7.237074649539773,1.0,64.0,1.0
mismatch,M32_SPARSE_PRIOR_HIGH,M32_SPARSE_PRIOR_HIGH_c0_t12,32,24,0.75,sparse,7.0,3094377831,lsgrand_first_valid,3094377831,True,0.2,0.8,,0.0,0.0,no_slip,True,31,0,12,True,False,,first_valid_witness,1,1,31,1,1,1,0,1,False,0.0004855250008404255,-7.237074649539773,,,0.03225806451612903
mismatch,M32_SPARSE_PRIOR_HIGH,M32_SPARSE_PRIOR_HIGH_c0_t12,32,24,0.75,sparse,7.0,3094377831,per_state_grand_sweep,3094377831,True,0.2,0.8,,0.0,0.0,no_slip,True,31,0,12,True,False,,best_fixed_state_codeword,8003,8003,31,31,16,15,0,8003,True,0.03644801408518106,-7.237074649539773,,,1.0
mismatch,M32_SPARSE_PRIOR_HIGH,M32_SPARSE_PRIOR_HIGH_c0_t12,32,24,0.75,sparse,7.0,3094377831,plain_reliability_grand,3094377831,True,0.2,0.8,,0.0,0.0,no_slip,True,31,0,12,True,False,,first_valid_witness,1,1,1,1,1,1,0,1,False,2.9982998967170715e-05,-5.6276367371056715,,,1.0
mismatch,M32_SPARSE_PRIOR_HIGH,M32_SPARSE_PRIOR_HIGH_c0_t12,32,24,0.75,sparse,7.0,3094377831,latent_osd_order2,3094377831,True,0.2,0.8,,0.0,0.0,no_slip,True,31,0,12,True,False,,best_complete_marginal_score_in_osd_list,0,0,31,16,1295,917,917,28427,False,0.25263211806304753,-7.23706932260906,,,0.5161290322580645
mismatch,M32_SPARSE_PRIOR_HIGH,M32_SPARSE_PRIOR_HIGH_c0_t13,32,24,0.75,sparse,7.0,1170527435,lsgrand_certified,1170527435,True,0.2,0.8,,0.0,0.0,no_slip,True,31,0,13,True,True,4.243312120962512,strict_unseen_codeword_certificate,64,64,31,31,1,1,0,64,False,0.0009786949958652258,-8.468544927135353,1.0,64.0,1.0
mismatch,M32_SPARSE_PRIOR_HIGH,M32_SPARSE_PRIOR_HIGH_c0_t13,32,24,0.75,sparse,7.0,1170527435,lsgrand_first_valid,1170527435,True,0.2,0.8,,0.0,0.0,no_slip,True,31,0,13,True,False,,first_valid_witness,1,1,31,1,1,1,0,1,False,0.00047164096031337976,-8.468544927135353,,,0.03225806451612903
mismatch,M32_SPARSE_PRIOR_HIGH,M32_SPARSE_PRIOR_HIGH_c0_t13,32,24,0.75,sparse,7.0,1170527435,per_state_grand_sweep,1170527435,True,0.2,0.8,,0.0,0.0,no_slip,True,31,0,13,True,False,,best_fixed_state_codeword,7624,7624,31,31,14,13,0,7624,True,0.034955102019011974,-8.468544927135353,,,1.0
mismatch,M32_SPARSE_PRIOR_HIGH,M32_SPARSE_PRIOR_HIGH_c0_t13,32,24,0.75,sparse,7.0,1170527435,plain_reliability_grand,1170527435,True,0.2,0.8,,0.0,0.0,no_slip,True,31,0,13,True,False,,first_valid_witness,1,1,1,1,1,1,0,1,False,2.8562964871525764e-05,-6.859107014701252,,,1.0
mismatch,M32_SPARSE_PRIOR_HIGH,M32_SPARSE_PRIOR_HIGH_c0_t13,32,24,0.75,sparse,7.0,1170527435,latent_osd_order2,1170527435,True,0.2,0.8,,0.0,0.0,no_slip,True,31,0,13,True,False,,best_complete_marginal_score_in_osd_list,0,0,31,16,1295,1000,1000,31000,False,0.2726730360882357,-8.46854475752992,,,0.5161290322580645
mismatch,M32_SPARSE_PRIOR_HIGH,M32_SPARSE_PRIOR_HIGH_c0_t14,32,24,0.75,sparse,7.0,2020829967,lsgrand_certified,4168248079,False,0.2,0.8,,0.0,0.0,no_slip,True,31,0,14,True,True,0.7460793531521448,strict_unseen_codeword_certificate,64,64,31,31,2,2,0,64,False,0.0010115050245076418,-5.0865236584927,1.0,64.0,1.0
mismatch,M32_SPARSE_PRIOR_HIGH,M32_SPARSE_PRIOR_HIGH_c0_t14,32,24,0.75,sparse,7.0,2020829967,lsgrand_first_valid,4168248079,False,0.2,0.8,,0.0,0.0,no_slip,True,31,0,14,True,False,,first_valid_witness,1,1,31,1,1,1,0,1,False,0.00048758694902062416,-5.0865236584927,,,0.03225806451612903
mismatch,M32_SPARSE_PRIOR_HIGH,M32_SPARSE_PRIOR_HIGH_c0_t14,32,24,0.75,sparse,7.0,2020829967,per_state_grand_sweep,4168248079,False,0.2,0.8,,0.0,0.0,no_slip,True,31,0,14,True,False,,best_fixed_state_codeword,7797,7797,31,31,14,12,0,7797,True,0.03567313100211322,-5.0865236584927,,,1.0
mismatch,M32_SPARSE_PRIOR_HIGH,M32_SPARSE_PRIOR_HIGH_c0_t14,32,24,0.75,sparse,7.0,2020829967,plain_reliability_grand,4168248079,False,0.2,0.8,,0.0,0.0,no_slip,True,31,0,14,True,False,,first_valid_witness,1,1,1,1,1,1,0,1,False,2.843595575541258e-05,-3.4770857460585987,,,1.0
mismatch,M32_SPARSE_PRIOR_HIGH,M32_SPARSE_PRIOR_HIGH_c0_t14,32,24,0.75,sparse,7.0,2020829967,latent_osd_order2,4168248079,False,0.2,0.8,,0.0,0.0,no_slip,True,31,0,14,True,False,,best_complete_marginal_score_in_osd_list,0,0,31,16,1295,941,941,29171,False,0.2634115839609876,-5.086520782831954,,,0.5161290322580645
mismatch,M32_SPARSE_PRIOR_HIGH,M32_SPARSE_PRIOR_HIGH_c0_t15,32,24,0.75,sparse,7.0,1992742738,lsgrand_certified,1992742738,True,0.2,0.8,,0.0,0.0,slip_8_3,True,31,0,15,True,True,0.2335817084469447,strict_unseen_codeword_certificate,128,128,31,31,3,1,0,128,False,0.0014322209171950817,-14.142706876634728,19.0,6.7368421052631575,1.0
mismatch,M32_SPARSE_PRIOR_HIGH,M32_SPARSE_PRIOR_HIGH_c0_t15,32,24,0.75,sparse,7.0,1992742738,lsgrand_first_valid,1992742738,True,0.2,0.8,,0.0,0.0,slip_8_3,True,31,0,15,True,False,,first_valid_witness,19,19,31,17,1,1,0,19,False,0.0005923389689996839,-14.40174851514496,,,0.5483870967741935
mismatch,M32_SPARSE_PRIOR_HIGH,M32_SPARSE_PRIOR_HIGH_c0_t15,32,24,0.75,sparse,7.0,1992742738,per_state_grand_sweep,1992742738,True,0.2,0.8,,0.0,0.0,slip_8_3,True,31,0,15,True,False,,best_fixed_state_codeword,8246,8246,31,31,15,12,0,8246,True,0.038085449021309614,-14.40174851514496,,,1.0
mismatch,M32_SPARSE_PRIOR_HIGH,M32_SPARSE_PRIOR_HIGH_c0_t15,32,24,0.75,sparse,7.0,1992742738,plain_reliability_grand,1724167920,False,0.2,0.8,,0.0,0.0,slip_8_3,True,31,0,15,True,False,,first_valid_witness,7889,7889,1,1,1,1,0,7889,False,0.0417318120598793,-40.19796547176327,,,1.0
mismatch,M32_SPARSE_PRIOR_HIGH,M32_SPARSE_PRIOR_HIGH_c0_t15,32,24,0.75,sparse,7.0,1992742738,latent_osd_order2,1992742738,True,0.2,0.8,,0.0,0.0,slip_8_3,True,31,0,15,True,False,,best_complete_marginal_score_in_osd_list,0,0,31,16,1295,938,938,29078,False,0.26536675298120826,-14.142521391026568,,,0.5161290322580645
mismatch,M32_SPARSE_PRIOR_HIGH,M32_SPARSE_PRIOR_HIGH_c0_t16,32,24,0.75,sparse,7.0,2191735621,lsgrand_certified,2191735621,True,0.2,0.8,,0.0,0.0,no_slip,True,31,0,16,True,True,1.4779788399503584,strict_unseen_codeword_certificate,128,128,31,31,1,1,0,128,False,0.0013536979677155614,-7.804485311622136,1.0,128.0,1.0
mismatch,M32_SPARSE_PRIOR_HIGH,M32_SPARSE_PRIOR_HIGH_c0_t16,32,24,0.75,sparse,7.0,2191735621,lsgrand_first_valid,2191735621,True,0.2,0.8,,0.0,0.0,no_slip,True,31,0,16,True,False,,first_valid_witness,1,1,31,1,1,1,0,1,False,0.0005294070579111576,-7.804485311622136,,,0.03225806451612903
mismatch,M32_SPARSE_PRIOR_HIGH,M32_SPARSE_PRIOR_HIGH_c0_t16,32,24,0.75,sparse,7.0,2191735621,per_state_grand_sweep,2191735621,True,0.2,0.8,,0.0,0.0,no_slip,True,31,0,16,True,False,,best_fixed_state_codeword,8605,8605,31,31,14,12,0,8605,True,0.04109987907577306,-7.804485311622136,,,1.0
mismatch,M32_SPARSE_PRIOR_HIGH,M32_SPARSE_PRIOR_HIGH_c0_t16,32,24,0.75,sparse,7.0,2191735621,plain_reliability_grand,2191735621,True,0.2,0.8,,0.0,0.0,no_slip,True,31,0,16,True,False,,first_valid_witness,1,1,1,1,1,1,0,1,False,3.245600964874029e-05,-6.195047399188034,,,1.0
mismatch,M32_SPARSE_PRIOR_HIGH,M32_SPARSE_PRIOR_HIGH_c0_t16,32,24,0.75,sparse,7.0,2191735621,latent_osd_order2,2191735621,True,0.2,0.8,,0.0,0.0,no_slip,True,31,0,16,True,False,,best_complete_marginal_score_in_osd_list,0,0,31,16,1295,893,893,27683,False,0.2729154200060293,-7.797254046133773,,,0.5161290322580645
mismatch,M32_SPARSE_PRIOR_HIGH,M32_SPARSE_PRIOR_HIGH_c0_t17,32,24,0.75,sparse,7.0,3604213643,lsgrand_certified,3604213643,True,0.2,0.8,,0.0,0.0,no_slip,True,31,0,17,True,True,1.7928717361535789,strict_unseen_codeword_certificate,64,64,31,31,1,1,0,64,False,0.0009881129954010248,-6.367188300670396,1.0,64.0,1.0
mismatch,M32_SPARSE_PRIOR_HIGH,M32_SPARSE_PRIOR_HIGH_c0_t17,32,24,0.75,sparse,7.0,3604213643,lsgrand_first_valid,3604213643,True,0.2,0.8,,0.0,0.0,no_slip,True,31,0,17,True,False,,first_valid_witness,1,1,31,1,1,1,0,1,False,0.0005049309693276882,-6.367188300670396,,,0.03225806451612903
mismatch,M32_SPARSE_PRIOR_HIGH,M32_SPARSE_PRIOR_HIGH_c0_t17,32,24,0.75,sparse,7.0,3604213643,per_state_grand_sweep,3604213643,True,0.2,0.8,,0.0,0.0,no_slip,True,31,0,17,True,False,,best_fixed_state_codeword,10054,10054,31,31,7,3,0,10054,True,0.05070585396606475,-6.367188300670396,,,1.0
mismatch,M32_SPARSE_PRIOR_HIGH,M32_SPARSE_PRIOR_HIGH_c0_t17,32,24,0.75,sparse,7.0,3604213643,plain_reliability_grand,3604213643,True,0.2,0.8,,0.0,0.0,no_slip,True,31,0,17,True,False,,first_valid_witness,1,1,1,1,1,1,0,1,False,3.310106694698334e-05,-4.757750388236294,,,1.0
mismatch,M32_SPARSE_PRIOR_HIGH,M32_SPARSE_PRIOR_HIGH_c0_t17,32,24,0.75,sparse,7.0,3604213643,latent_osd_order2,3604213643,True,0.2,0.8,,0.0,0.0,no_slip,True,31,0,17,True,False,,best_complete_marginal_score_in_osd_list,0,0,31,16,1295,783,783,24273,False,0.25124653801321983,-6.3619146843044385,,,0.5161290322580645
mismatch,M32_SPARSE_PRIOR_HIGH,M32_SPARSE_PRIOR_HIGH_c1_t0,32,24,0.75,sparse,7.0,2723934273,lsgrand_certified,2723934273,True,0.2,0.8,,0.0,0.0,no_slip,True,31,1,0,True,True,0.040313289493102644,strict_unseen_codeword_certificate,128,128,31,31,2,2,0,128,False,0.0014214330585673451,-12.529449356341026,1.0,128.0,1.0
mismatch,M32_SPARSE_PRIOR_HIGH,M32_SPARSE_PRIOR_HIGH_c1_t0,32,24,0.75,sparse,7.0,2723934273,lsgrand_first_valid,2723934273,True,0.2,0.8,,0.0,0.0,no_slip,True,31,1,0,True,False,,first_valid_witness,1,1,31,1,1,1,0,1,False,0.0005305319791659713,-12.529449356341026,,,0.03225806451612903
mismatch,M32_SPARSE_PRIOR_HIGH,M32_SPARSE_PRIOR_HIGH_c1_t0,32,24,0.75,sparse,7.0,2723934273,per_state_grand_sweep,2723934273,True,0.2,0.8,,0.0,0.0,no_slip,True,31,1,0,True,False,,best_fixed_state_codeword,8135,8135,31,31,16,14,0,8135,True,0.03940698190126568,-12.529449356341026,,,1.0
mismatch,M32_SPARSE_PRIOR_HIGH,M32_SPARSE_PRIOR_HIGH_c1_t0,32,24,0.75,sparse,7.0,2723934273,plain_reliability_grand,2723934273,True,0.2,0.8,,0.0,0.0,no_slip,True,31,1,0,True,False,,first_valid_witness,1,1,1,1,1,1,0,1,False,3.5183969885110855e-05,-10.920011443906924,,,1.0
mismatch,M32_SPARSE_PRIOR_HIGH,M32_SPARSE_PRIOR_HIGH_c1_t0,32,24,0.75,sparse,7.0,2723934273,latent_osd_order2,2723934273,True,0.2,0.8,,0.0,0.0,no_slip,True,31,1,0,True,False,,best_complete_marginal_score_in_osd_list,0,0,31,16,1295,871,871,27001,False,0.2683649860555306,-12.514003571299412,,,0.5161290322580645
mismatch,M32_SPARSE_PRIOR_HIGH,M32_SPARSE_PRIOR_HIGH_c1_t1,32,24,0.75,sparse,7.0,669708907,lsgrand_certified,669708907,True,0.2,0.8,,0.0,0.0,no_slip,True,31,1,1,True,True,2.431746904554723,strict_unseen_codeword_certificate,62,62,31,31,2,2,0,62,False,0.0010627310257405043,-11.495650114431957,1.0,62.0,1.0
mismatch,M32_SPARSE_PRIOR_HIGH,M32_SPARSE_PRIOR_HIGH_c1_t1,32,24,0.75,sparse,7.0,669708907,lsgrand_first_valid,669708907,True,0.2,0.8,,0.0,0.0,no_slip,True,31,1,1,True,False,,first_valid_witness,1,1,31,1,1,1,0,1,False,0.0006104669300839305,-11.495650114431957,,,0.03225806451612903
mismatch,M32_SPARSE_PRIOR_HIGH,M32_SPARSE_PRIOR_HIGH_c1_t1,32,24,0.75,sparse,7.0,669708907,per_state_grand_sweep,669708907,True,0.2,0.8,,0.0,0.0,no_slip,True,31,1,1,True,False,,best_fixed_state_codeword,9170,9170,31,31,10,10,0,9170,True,0.045807580929249525,-11.495650114431957,,,1.0
mismatch,M32_SPARSE_PRIOR_HIGH,M32_SPARSE_PRIOR_HIGH_c1_t1,32,24,0.75,sparse,7.0,669708907,plain_reliability_grand,669708907,True,0.2,0.8,,0.0,0.0,no_slip,True,31,1,1,True,False,,first_valid_witness,1,1,1,1,1,1,0,1,False,3.298395313322544e-05,-9.886212201997855,,,1.0
mismatch,M32_SPARSE_PRIOR_HIGH,M32_SPARSE_PRIOR_HIGH_c1_t1,32,24,0.75,sparse,7.0,669708907,latent_osd_order2,669708907,True,0.2,0.8,,0.0,0.0,no_slip,True,31,1,1,True,False,,best_complete_marginal_score_in_osd_list,0,0,31,16,1295,1069,1069,33139,False,0.3169236039975658,-11.495643773418045,,,0.5161290322580645
mismatch,M32_SPARSE_PRIOR_HIGH,M32_SPARSE_PRIOR_HIGH_c1_t2,32,24,0.75,sparse,7.0,2947801060,lsgrand_certified,2947801060,True,0.2,0.8,,0.0,0.0,no_slip,True,31,1,2,True,True,4.2599900288429495,strict_unseen_codeword_certificate,64,64,31,31,1,1,0,64,False,0.001072834013029933,-7.0702192631636755,1.0,64.0,1.0
mismatch,M32_SPARSE_PRIOR_HIGH,M32_SPARSE_PRIOR_HIGH_c1_t2,32,24,0.75,sparse,7.0,2947801060,lsgrand_first_valid,2947801060,True,0.2,0.8,,0.0,0.0,no_slip,True,31,1,2,True,False,,first_valid_witness,1,1,31,1,1,1,0,1,False,0.0005331459688022733,-7.0702192631636755,,,0.03225806451612903
mismatch,M32_SPARSE_PRIOR_HIGH,M32_SPARSE_PRIOR_HIGH_c1_t2,32,24,0.75,sparse,7.0,2947801060,per_state_grand_sweep,2947801060,True,0.2,0.8,,0.0,0.0,no_slip,True,31,1,2,True,False,,best_fixed_state_codeword,9137,9137,31,31,11,10,0,9137,True,0.04659428994636983,-7.0702192631636755,,,1.0
mismatch,M32_SPARSE_PRIOR_HIGH,M32_SPARSE_PRIOR_HIGH_c1_t2,32,24,0.75,sparse,7.0,2947801060,plain_reliability_grand,2947801060,True,0.2,0.8,,0.0,0.0,no_slip,True,31,1,2,True,False,,first_valid_witness,1,1,1,1,1,1,0,1,False,3.5104923881590366e-05,-5.460781350729574,,,1.0
mismatch,M32_SPARSE_PRIOR_HIGH,M32_SPARSE_PRIOR_HIGH_c1_t2,32,24,0.75,sparse,7.0,2947801060,latent_osd_order2,2947801060,True,0.2,0.8,,0.0,0.0,no_slip,True,31,1,2,True,False,,best_complete_marginal_score_in_osd_list,0,0,31,16,1295,977,977,30287,False,0.28761997097171843,-7.069656504680697,,,0.5161290322580645
mismatch,M32_SPARSE_PRIOR_HIGH,M32_SPARSE_PRIOR_HIGH_c1_t3,32,24,0.75,sparse,7.0,549257399,lsgrand_certified,549257399,True,0.2,0.8,,0.0,0.0,no_slip,True,31,1,3,True,True,2.5292288269981995,strict_unseen_codeword_certificate,64,64,31,31,1,1,0,64,False,0.0009910289663821459,-14.62344633002624,1.0,64.0,1.0
mismatch,M32_SPARSE_PRIOR_HIGH,M32_SPARSE_PRIOR_HIGH_c1_t3,32,24,0.75,sparse,7.0,549257399,lsgrand_first_valid,549257399,True,0.2,0.8,,0.0,0.0,no_slip,True,31,1,3,True,False,,first_valid_witness,1,1,31,1,1,1,0,1,False,0.0005071050254628062,-14.62344633002624,,,0.03225806451612903
mismatch,M32_SPARSE_PRIOR_HIGH,M32_SPARSE_PRIOR_HIGH_c1_t3,32,24,0.75,sparse,7.0,549257399,per_state_grand_sweep,549257399,True,0.2,0.8,,0.0,0.0,no_slip,True,31,1,3,True,False,,best_fixed_state_codeword,9419,9419,31,31,10,8,0,9419,True,0.0454357760027051,-14.62344633002624,,,1.0
mismatch,M32_SPARSE_PRIOR_HIGH,M32_SPARSE_PRIOR_HIGH_c1_t3,32,24,0.75,sparse,7.0,549257399,plain_reliability_grand,549257399,True,0.2,0.8,,0.0,0.0,no_slip,True,31,1,3,True,False,,first_valid_witness,1,1,1,1,1,1,0,1,False,3.47009627148509e-05,-13.014008417592139,,,1.0
mismatch,M32_SPARSE_PRIOR_HIGH,M32_SPARSE_PRIOR_HIGH_c1_t3,32,24,0.75,sparse,7.0,549257399,latent_osd_order2,549257399,True,0.2,0.8,,0.0,0.0,no_slip,True,31,1,3,True,False,,best_complete_marginal_score_in_osd_list,0,0,31,16,1295,911,911,28241,False,0.27030167600605637,-14.623376709071355,,,0.5161290322580645
mismatch,M32_SPARSE_PRIOR_HIGH,M32_SPARSE_PRIOR_HIGH_c1_t4,32,24,0.75,sparse,7.0,151592194,lsgrand_certified,151592194,True,0.2,0.8,,0.0,0.0,no_slip,True,31,1,4,True,True,0.6244368672860201,strict_unseen_codeword_certificate,192,192,31,31,2,2,0,192,False,0.001958703971467912,-7.38526965539457,33.0,5.818181818181818,1.0
mismatch,M32_SPARSE_PRIOR_HIGH,M32_SPARSE_PRIOR_HIGH_c1_t4,32,24,0.75,sparse,7.0,151592194,lsgrand_first_valid,151592194,True,0.2,0.8,,0.0,0.0,no_slip,True,31,1,4,True,False,,first_valid_witness,33,33,31,31,1,1,0,33,False,0.0006712940521538258,-7.38526965539457,,,1.0
mismatch,M32_SPARSE_PRIOR_HIGH,M32_SPARSE_PRIOR_HIGH_c1_t4,32,24,0.75,sparse,7.0,151592194,per_state_grand_sweep,151592194,True,0.2,0.8,,0.0,0.0,no_slip,True,31,1,4,True,False,,best_fixed_state_codeword,6519,6519,31,31,21,19,0,6519,True,0.032969407038763165,-7.38526965539457,,,1.0
mismatch,M32_SPARSE_PRIOR_HIGH,M32_SPARSE_PRIOR_HIGH_c1_t4,32,24,0.75,sparse,7.0,151592194,plain_reliability_grand,151592194,True,0.2,0.8,,0.0,0.0,no_slip,True,31,1,4,True,False,,first_valid_witness,3,3,1,1,1,1,0,3,False,4.8832967877388e-05,-5.775831742960469,,,1.0
mismatch,M32_SPARSE_PRIOR_HIGH,M32_SPARSE_PRIOR_HIGH_c1_t4,32,24,0.75,sparse,7.0,151592194,latent_osd_order2,151592194,True,0.2,0.8,,0.0,0.0,no_slip,True,31,1,4,True,False,,best_complete_marginal_score_in_osd_list,0,0,31,16,1295,1087,1087,33697,False,0.3249705529306084,-7.384970354291212,,,0.5161290322580645
mismatch,M32_SPARSE_PRIOR_HIGH,M32_SPARSE_PRIOR_HIGH_c1_t5,32,24,0.75,sparse,7.0,2238260535,lsgrand_certified,2238260535,True,0.2,0.8,,0.0,0.0,no_slip,True,31,1,5,True,True,0.12355243572435004,strict_unseen_codeword_certificate,128,128,31,31,3,3,0,128,False,0.001682605012319982,-7.510115489854455,2.0,64.0,1.0
mismatch,M32_SPARSE_PRIOR_HIGH,M32_SPARSE_PRIOR_HIGH_c1_t5,32,24,0.75,sparse,7.0,2238260535,lsgrand_first_valid,2238260535,True,0.2,0.8,,0.0,0.0,no_slip,True,31,1,5,True,False,,first_valid_witness,2,2,31,1,1,1,0,2,False,0.0005517180543392897,-7.510115489854455,,,0.03225806451612903
mismatch,M32_SPARSE_PRIOR_HIGH,M32_SPARSE_PRIOR_HIGH_c1_t5,32,24,0.75,sparse,7.0,2238260535,per_state_grand_sweep,2238260535,True,0.2,0.8,,0.0,0.0,no_slip,True,31,1,5,True,False,,best_fixed_state_codeword,5354,5354,31,31,23,17,0,5354,True,0.028102649957872927,-7.510115489854455,,,1.0
mismatch,M32_SPARSE_PRIOR_HIGH,M32_SPARSE_PRIOR_HIGH_c1_t5,32,24,0.75,sparse,7.0,2238260535,plain_reliability_grand,2238260535,True,0.2,0.8,,0.0,0.0,no_slip,True,31,1,5,True,False,,first_valid_witness,2,2,1,1,1,1,0,2,False,4.397600423544645e-05,-5.900677577420353,,,1.0
mismatch,M32_SPARSE_PRIOR_HIGH,M32_SPARSE_PRIOR_HIGH_c1_t5,32,24,0.75,sparse,7.0,2238260535,latent_osd_order2,2238260535,True,0.2,0.8,,0.0,0.0,no_slip,True,31,1,5,True,False,,best_complete_marginal_score_in_osd_list,0,0,31,16,1295,902,902,27962,False,0.2706252180505544,-7.510064879652725,,,0.5161290322580645
mismatch,M32_SPARSE_PRIOR_HIGH,M32_SPARSE_PRIOR_HIGH_c1_t6,32,24,0.75,sparse,7.0,106616773,lsgrand_certified,106616773,True,0.2,0.8,,0.0,0.0,no_slip,True,31,1,6,True,True,3.2149441499337517,strict_unseen_codeword_certificate,64,64,31,31,1,1,0,64,False,0.0010354630649089813,-10.849270282407947,1.0,64.0,1.0
mismatch,M32_SPARSE_PRIOR_HIGH,M32_SPARSE_PRIOR_HIGH_c1_t6,32,24,0.75,sparse,7.0,106616773,lsgrand_first_valid,106616773,True,0.2,0.8,,0.0,0.0,no_slip,True,31,1,6,True,False,,first_valid_witness,1,1,31,1,1,1,0,1,False,0.0005006319843232632,-10.849270282407947,,,0.03225806451612903
mismatch,M32_SPARSE_PRIOR_HIGH,M32_SPARSE_PRIOR_HIGH_c1_t6,32,24,0.75,sparse,7.0,106616773,per_state_grand_sweep,106616773,True,0.2,0.8,,0.0,0.0,no_slip,True,31,1,6,True,False,,best_fixed_state_codeword,8402,8402,31,31,16,15,0,8402,True,0.04108472401276231,-10.849270282407947,,,1.0
mismatch,M32_SPARSE_PRIOR_HIGH,M32_SPARSE_PRIOR_HIGH_c1_t6,32,24,0.75,sparse,7.0,106616773,plain_reliability_grand,106616773,True,0.2,0.8,,0.0,0.0,no_slip,True,31,1,6,True,False,,first_valid_witness,1,1,1,1,1,1,0,1,False,3.2226904295384884e-05,-9.239832369973845,,,1.0
mismatch,M32_SPARSE_PRIOR_HIGH,M32_SPARSE_PRIOR_HIGH_c1_t6,32,24,0.75,sparse,7.0,106616773,latent_osd_order2,106616773,True,0.2,0.8,,0.0,0.0,no_slip,True,31,1,6,True,False,,best_complete_marginal_score_in_osd_list,0,0,31,16,1295,1056,1056,32736,False,0.30665144801605493,-10.849270227694774,,,0.5161290322580645
mismatch,M32_SPARSE_PRIOR_HIGH,M32_SPARSE_PRIOR_HIGH_c1_t7,32,24,0.75,sparse,7.0,3568344027,lsgrand_certified,3568344027,True,0.2,0.8,,0.0,0.0,no_slip,True,31,1,7,True,True,0.17751966970255495,strict_unseen_codeword_certificate,512,512,31,31,1,1,0,512,False,0.0035879130009561777,-17.061768528118627,128.0,4.0,1.0
mismatch,M32_SPARSE_PRIOR_HIGH,M32_SPARSE_PRIOR_HIGH_c1_t7,32,24,0.75,sparse,7.0,3568344027,lsgrand_first_valid,3568344027,True,0.2,0.8,,0.0,0.0,no_slip,True,31,1,7,True,False,,first_valid_witness,128,128,31,31,1,1,0,128,False,0.0012216089526191354,-17.061768528118627,,,1.0
mismatch,M32_SPARSE_PRIOR_HIGH,M32_SPARSE_PRIOR_HIGH_c1_t7,32,24,0.75,sparse,7.0,3568344027,per_state_grand_sweep,3568344027,True,0.2,0.8,,0.0,0.0,no_slip,True,31,1,7,True,False,,best_fixed_state_codeword,7862,7862,31,31,18,14,0,7862,True,0.038571387995034456,-17.061768528118627,,,1.0
mismatch,M32_SPARSE_PRIOR_HIGH,M32_SPARSE_PRIOR_HIGH_c1_t7,32,24,0.75,sparse,7.0,3568344027,plain_reliability_grand,3568344027,True,0.2,0.8,,0.0,0.0,no_slip,True,31,1,7,True,False,,first_valid_witness,8,8,1,1,1,1,0,8,False,7.525295950472355e-05,-15.452330615684527,,,1.0
mismatch,M32_SPARSE_PRIOR_HIGH,M32_SPARSE_PRIOR_HIGH_c1_t7,32,24,0.75,sparse,7.0,3568344027,latent_osd_order2,3568344027,True,0.2,0.8,,0.0,0.0,no_slip,True,31,1,7,True,False,,best_complete_marginal_score_in_osd_list,0,0,31,16,1295,909,909,28179,False,0.2741950290510431,-17.05949625990881,,,0.5161290322580645
mismatch,M32_SPARSE_PRIOR_HIGH,M32_SPARSE_PRIOR_HIGH_c1_t8,32,24,0.75,sparse,7.0,3175875385,lsgrand_certified,3175875385,True,0.2,0.8,,0.0,0.0,no_slip,True,31,1,8,True,True,1.2522684662066013,strict_unseen_codeword_certificate,61,61,31,31,2,2,0,61,False,0.0010169019224122167,-8.836736204819081,1.0,61.0,1.0
mismatch,M32_SPARSE_PRIOR_HIGH,M32_SPARSE_PRIOR_HIGH_c1_t8,32,24,0.75,sparse,7.0,3175875385,lsgrand_first_valid,3175875385,True,0.2,0.8,,0.0,0.0,no_slip,True,31,1,8,True,False,,first_valid_witness,1,1,31,1,1,1,0,1,False,0.0005000579403713346,-8.836736204819081,,,0.03225806451612903
mismatch,M32_SPARSE_PRIOR_HIGH,M32_SPARSE_PRIOR_HIGH_c1_t8,32,24,0.75,sparse,7.0,3175875385,per_state_grand_sweep,3175875385,True,0.2,0.8,,0.0,0.0,no_slip,True,31,1,8,True,False,,best_fixed_state_codeword,8394,8394,31,31,11,11,0,8394,True,0.038899095030501485,-8.836736204819081,,,1.0
mismatch,M32_SPARSE_PRIOR_HIGH,M32_SPARSE_PRIOR_HIGH_c1_t8,32,24,0.75,sparse,7.0,3175875385,plain_reliability_grand,3175875385,True,0.2,0.8,,0.0,0.0,no_slip,True,31,1,8,True,False,,first_valid_witness,1,1,1,1,1,1,0,1,False,3.0566006898880005e-05,-7.22729829238498,,,1.0
mismatch,M32_SPARSE_PRIOR_HIGH,M32_SPARSE_PRIOR_HIGH_c1_t8,32,24,0.75,sparse,7.0,3175875385,latent_osd_order2,3175875385,True,0.2,0.8,,0.0,0.0,no_slip,True,31,1,8,True,False,,best_complete_marginal_score_in_osd_list,0,0,31,16,1295,972,972,30132,False,0.27702577190939337,-8.836730786255632,,,0.5161290322580645
mismatch,M32_SPARSE_PRIOR_HIGH,M32_SPARSE_PRIOR_HIGH_c1_t9,32,24,0.75,sparse,7.0,1627596836,lsgrand_certified,1627596836,True,0.2,0.8,,0.0,0.0,no_slip,True,31,1,9,True,True,1.7206384613272423,strict_unseen_codeword_certificate,64,64,31,31,1,1,0,64,False,0.0010298260021954775,-12.086165596407003,1.0,64.0,1.0
mismatch,M32_SPARSE_PRIOR_HIGH,M32_SPARSE_PRIOR_HIGH_c1_t9,32,24,0.75,sparse,7.0,1627596836,lsgrand_first_valid,1627596836,True,0.2,0.8,,0.0,0.0,no_slip,True,31,1,9,True,False,,first_valid_witness,1,1,31,1,1,1,0,1,False,0.0004928549751639366,-12.086165596407003,,,0.03225806451612903
mismatch,M32_SPARSE_PRIOR_HIGH,M32_SPARSE_PRIOR_HIGH_c1_t9,32,24,0.75,sparse,7.0,1627596836,per_state_grand_sweep,1627596836,True,0.2,0.8,,0.0,0.0,no_slip,True,31,1,9,True,False,,best_fixed_state_codeword,8771,8771,31,31,11,10,0,8771,True,0.044444730039685965,-12.086165596407003,,,1.0
mismatch,M32_SPARSE_PRIOR_HIGH,M32_SPARSE_PRIOR_HIGH_c1_t9,32,24,0.75,sparse,7.0,1627596836,plain_reliability_grand,1627596836,True,0.2,0.8,,0.0,0.0,no_slip,True,31,1,9,True,False,,first_valid_witness,1,1,1,1,1,1,0,1,False,5.4567004553973675e-05,-10.476727683972902,,,1.0
mismatch,M32_SPARSE_PRIOR_HIGH,M32_SPARSE_PRIOR_HIGH_c1_t9,32,24,0.75,sparse,7.0,1627596836,latent_osd_order2,1627596836,True,0.2,0.8,,0.0,0.0,no_slip,True,31,1,9,True,False,,best_complete_marginal_score_in_osd_list,0,0,31,16,1295,990,990,30690,False,0.29543549998197705,-12.08602848323824,,,0.5161290322580645
mismatch,M32_SPARSE_PRIOR_HIGH,M32_SPARSE_PRIOR_HIGH_c1_t10,32,24,0.75,sparse,7.0,4221380932,lsgrand_certified,4221380932,True,0.2,0.8,,0.0,0.0,slip_6_3,True,31,1,10,True,True,0.00012996330511150234,strict_unseen_codeword_certificate,576,576,31,31,5,4,0,576,False,0.004609878058545291,-5.592714743074458,13.0,44.30769230769231,1.0
mismatch,M32_SPARSE_PRIOR_HIGH,M32_SPARSE_PRIOR_HIGH_c1_t10,32,24,0.75,sparse,7.0,4221380932,lsgrand_first_valid,4224526660,False,0.2,0.8,,0.0,0.0,slip_6_3,True,31,1,10,True,False,,first_valid_witness,9,9,31,9,1,1,0,9,False,0.0005593829555436969,-5.59541723535443,,,0.2903225806451613
mismatch,M32_SPARSE_PRIOR_HIGH,M32_SPARSE_PRIOR_HIGH_c1_t10,32,24,0.75,sparse,7.0,4221380932,per_state_grand_sweep,4224526660,False,0.2,0.8,,0.0,0.0,slip_6_3,True,31,1,10,True,False,,best_fixed_state_codeword,8091,8091,31,31,13,11,0,8091,True,0.038418362964875996,-5.59541723535443,,,1.0
mismatch,M32_SPARSE_PRIOR_HIGH,M32_SPARSE_PRIOR_HIGH_c1_t10,32,24,0.75,sparse,7.0,4221380932,plain_reliability_grand,4204479133,False,0.2,0.8,,0.0,0.0,slip_6_3,True,31,1,10,True,False,,first_valid_witness,516,516,1,1,1,1,0,516,False,0.002651277929544449,-21.838463640235354,,,1.0
mismatch,M32_SPARSE_PRIOR_HIGH,M32_SPARSE_PRIOR_HIGH_c1_t10,32,24,0.75,sparse,7.0,4221380932,latent_osd_order2,4221380932,True,0.2,0.8,,0.0,0.0,slip_6_3,True,31,1,10,True,False,,best_complete_marginal_score_in_osd_list,0,0,31,16,1295,1049,1049,32519,False,0.3023823909461498,-5.592676910875879,,,0.5161290322580645
mismatch,M32_SPARSE_PRIOR_HIGH,M32_SPARSE_PRIOR_HIGH_c1_t11,32,24,0.75,sparse,7.0,1181363903,lsgrand_certified,1178742463,False,0.2,0.8,,0.0,0.0,slip_5_3,True,31,1,11,True,True,1.0716459174275883e-05,strict_unseen_codeword_certificate,1920,1920,31,31,15,12,0,1920,False,0.019226400996558368,-15.920674356071492,46.0,41.73913043478261,1.0
mismatch,M32_SPARSE_PRIOR_HIGH,M32_SPARSE_PRIOR_HIGH_c1_t11,32,24,0.75,sparse,7.0,1181363903,lsgrand_first_valid,1181363903,True,0.2,0.8,,0.0,0.0,slip_5_3,True,31,1,11,True,False,,first_valid_witness,42,42,31,31,1,1,0,42,False,0.0009131879778578877,-15.921017025886588,,,1.0
mismatch,M32_SPARSE_PRIOR_HIGH,M32_SPARSE_PRIOR_HIGH_c1_t11,32,24,0.75,sparse,7.0,1181363903,per_state_grand_sweep,1181363903,True,0.2,0.8,,0.0,0.0,slip_5_3,True,31,1,11,True,False,,best_fixed_state_codeword,8521,8521,31,31,13,11,0,8521,True,0.0439272680087015,-15.921017025886588,,,1.0
mismatch,M32_SPARSE_PRIOR_HIGH,M32_SPARSE_PRIOR_HIGH_c1_t11,32,24,0.75,sparse,7.0,1181363903,plain_reliability_grand,3326086762,False,0.2,0.8,,0.0,0.0,slip_5_3,True,31,1,11,True,False,,first_valid_witness,2909,2909,1,1,1,1,0,2909,False,0.017161299008876085,-39.67138138992212,,,1.0
mismatch,M32_SPARSE_PRIOR_HIGH,M32_SPARSE_PRIOR_HIGH_c1_t11,32,24,0.75,sparse,7.0,1181363903,latent_osd_order2,1178742463,False,0.2,0.8,,0.0,0.0,slip_5_3,True,31,1,11,True,False,,best_complete_marginal_score_in_osd_list,0,0,31,16,1295,944,944,29264,False,0.29880615300498903,-15.920670112924975,,,0.5161290322580645
mismatch,M32_SPARSE_PRIOR_HIGH,M32_SPARSE_PRIOR_HIGH_c1_t12,32,24,0.75,sparse,7.0,4163012542,lsgrand_certified,4163012542,True,0.2,0.8,,0.0,0.0,no_slip,True,31,1,12,True,True,0.5405141546775027,strict_unseen_codeword_certificate,128,128,31,31,1,1,0,128,False,0.0016439820174127817,-15.948579730210202,33.0,3.878787878787879,1.0
mismatch,M32_SPARSE_PRIOR_HIGH,M32_SPARSE_PRIOR_HIGH_c1_t12,32,24,0.75,sparse,7.0,4163012542,lsgrand_first_valid,4163012542,True,0.2,0.8,,0.0,0.0,no_slip,True,31,1,12,True,False,,first_valid_witness,33,33,31,31,1,1,0,33,False,0.0007414079736918211,-15.948579730210202,,,1.0
mismatch,M32_SPARSE_PRIOR_HIGH,M32_SPARSE_PRIOR_HIGH_c1_t12,32,24,0.75,sparse,7.0,4163012542,per_state_grand_sweep,4163012542,True,0.2,0.8,,0.0,0.0,no_slip,True,31,1,12,True,False,,best_fixed_state_codeword,6760,6760,31,31,19,14,0,6760,True,0.034952874993905425,-15.948579730210202,,,1.0
mismatch,M32_SPARSE_PRIOR_HIGH,M32_SPARSE_PRIOR_HIGH_c1_t12,32,24,0.75,sparse,7.0,4163012542,plain_reliability_grand,4163012542,True,0.2,0.8,,0.0,0.0,no_slip,True,31,1,12,True,False,,first_valid_witness,3,3,1,1,1,1,0,3,False,6.959796883165836e-05,-14.339141817776103,,,1.0
mismatch,M32_SPARSE_PRIOR_HIGH,M32_SPARSE_PRIOR_HIGH_c1_t12,32,24,0.75,sparse,7.0,4163012542,latent_osd_order2,4163012542,True,0.2,0.8,,0.0,0.0,no_slip,True,31,1,12,True,False,,best_complete_marginal_score_in_osd_list,0,0,31,16,1295,884,884,27404,False,0.27756495599169284,-15.948535085791027,,,0.5161290322580645
mismatch,M32_SPARSE_PRIOR_HIGH,M32_SPARSE_PRIOR_HIGH_c1_t13,32,24,0.75,sparse,7.0,775257232,lsgrand_certified,1043692692,False,0.2,0.8,,0.0,0.0,no_slip,True,31,1,13,True,True,0.2367402494187374,strict_unseen_codeword_certificate,768,768,31,31,3,3,0,768,False,0.005746738985180855,-24.971970534912998,73.0,10.520547945205479,1.0
mismatch,M32_SPARSE_PRIOR_HIGH,M32_SPARSE_PRIOR_HIGH_c1_t13,32,24,0.75,sparse,7.0,775257232,lsgrand_first_valid,1043692692,False,0.2,0.8,,0.0,0.0,no_slip,True,31,1,13,True,False,,first_valid_witness,73,73,31,31,1,1,0,73,False,0.0010135560296475887,-24.971970534912998,,,1.0
mismatch,M32_SPARSE_PRIOR_HIGH,M32_SPARSE_PRIOR_HIGH_c1_t13,32,24,0.75,sparse,7.0,775257232,per_state_grand_sweep,1043692692,False,0.2,0.8,,0.0,0.0,no_slip,True,31,1,13,True,False,,best_fixed_state_codeword,7844,7844,31,31,20,17,0,7844,True,0.04037483292631805,-24.971970534912998,,,1.0
mismatch,M32_SPARSE_PRIOR_HIGH,M32_SPARSE_PRIOR_HIGH_c1_t13,32,24,0.75,sparse,7.0,775257232,plain_reliability_grand,1043692692,False,0.2,0.8,,0.0,0.0,no_slip,True,31,1,13,True,False,,first_valid_witness,13,13,1,1,1,1,0,13,False,0.00010466296225786209,-23.3625326224789,,,1.0
mismatch,M32_SPARSE_PRIOR_HIGH,M32_SPARSE_PRIOR_HIGH_c1_t13,32,24,0.75,sparse,7.0,775257232,latent_osd_order2,1043692692,False,0.2,0.8,,0.0,0.0,no_slip,True,31,1,13,True,False,,best_complete_marginal_score_in_osd_list,0,0,31,16,1295,1027,1027,31837,False,0.3144169800216332,-24.971970507382245,,,0.5161290322580645
mismatch,M32_SPARSE_PRIOR_HIGH,M32_SPARSE_PRIOR_HIGH_c1_t14,32,24,0.75,sparse,7.0,3498222520,lsgrand_certified,3498222520,True,0.2,0.8,,0.0,0.0,no_slip,True,31,1,14,True,True,1.4102129675098904,strict_unseen_codeword_certificate,128,128,31,31,1,1,0,128,False,0.0015459971036762,-11.460549793229863,34.0,3.764705882352941,1.0
mismatch,M32_SPARSE_PRIOR_HIGH,M32_SPARSE_PRIOR_HIGH_c1_t14,32,24,0.75,sparse,7.0,3498222520,lsgrand_first_valid,3498222520,True,0.2,0.8,,0.0,0.0,no_slip,True,31,1,14,True,False,,first_valid_witness,34,34,31,31,1,1,0,34,False,0.0007097780471667647,-11.460549793229863,,,1.0
mismatch,M32_SPARSE_PRIOR_HIGH,M32_SPARSE_PRIOR_HIGH_c1_t14,32,24,0.75,sparse,7.0,3498222520,per_state_grand_sweep,3498222520,True,0.2,0.8,,0.0,0.0,no_slip,True,31,1,14,True,False,,best_fixed_state_codeword,8778,8778,31,31,11,9,0,8778,True,0.04558310401625931,-11.460549793229863,,,1.0
mismatch,M32_SPARSE_PRIOR_HIGH,M32_SPARSE_PRIOR_HIGH_c1_t14,32,24,0.75,sparse,7.0,3498222520,plain_reliability_grand,3498222520,True,0.2,0.8,,0.0,0.0,no_slip,True,31,1,14,True,False,,first_valid_witness,4,4,1,1,1,1,0,4,False,5.687098018825054e-05,-9.851111880795763,,,1.0
mismatch,M32_SPARSE_PRIOR_HIGH,M32_SPARSE_PRIOR_HIGH_c1_t14,32,24,0.75,sparse,7.0,3498222520,latent_osd_order2,3498222520,True,0.2,0.8,,0.0,0.0,no_slip,True,31,1,14,True,False,,best_complete_marginal_score_in_osd_list,0,0,31,16,1295,903,903,27993,False,0.2697395000141114,-11.460479459566828,,,0.5161290322580645
mismatch,M32_SPARSE_PRIOR_HIGH,M32_SPARSE_PRIOR_HIGH_c1_t15,32,24,0.75,sparse,7.0,2797636022,lsgrand_certified,2797636022,True,0.2,0.8,,0.0,0.0,slip_3_3,True,31,1,15,True,True,0.3976691457547208,strict_unseen_codeword_certificate,64,64,31,31,1,1,0,64,False,0.00103308807592839,-10.482114145169312,7.0,9.142857142857142,1.0
mismatch,M32_SPARSE_PRIOR_HIGH,M32_SPARSE_PRIOR_HIGH_c1_t15,32,24,0.75,sparse,7.0,2797636022,lsgrand_first_valid,2797636022,True,0.2,0.8,,0.0,0.0,slip_3_3,True,31,1,15,True,False,,first_valid_witness,7,7,31,7,1,1,0,7,False,0.0005435149651020765,-10.482114145169312,,,0.22580645161290322
mismatch,M32_SPARSE_PRIOR_HIGH,M32_SPARSE_PRIOR_HIGH_c1_t15,32,24,0.75,sparse,7.0,2797636022,per_state_grand_sweep,2797636022,True,0.2,0.8,,0.0,0.0,slip_3_3,True,31,1,15,True,False,,best_fixed_state_codeword,7422,7422,31,31,19,17,0,7422,True,0.03615505597554147,-10.482114145169312,,,1.0
mismatch,M32_SPARSE_PRIOR_HIGH,M32_SPARSE_PRIOR_HIGH_c1_t15,32,24,0.75,sparse,7.0,2797636022,plain_reliability_grand,2761252655,False,0.2,0.8,,0.0,0.0,slip_3_3,True,31,1,15,True,False,,first_valid_witness,2162,2162,1,1,1,1,0,2162,False,0.011940105934627354,-31.373924489208434,,,1.0
mismatch,M32_SPARSE_PRIOR_HIGH,M32_SPARSE_PRIOR_HIGH_c1_t15,32,24,0.75,sparse,7.0,2797636022,latent_osd_order2,2797636022,True,0.2,0.8,,0.0,0.0,slip_3_3,True,31,1,15,True,False,,best_complete_marginal_score_in_osd_list,0,0,31,16,1295,1009,1009,31279,False,0.2903623109450564,-10.482076495487561,,,0.5161290322580645
mismatch,M32_SPARSE_PRIOR_HIGH,M32_SPARSE_PRIOR_HIGH_c1_t16,32,24,0.75,sparse,7.0,851458062,lsgrand_certified,851458062,True,0.2,0.8,,0.0,0.0,no_slip,True,31,1,16,True,True,0.6749963795786833,strict_unseen_codeword_certificate,100,100,31,31,2,2,0,100,False,0.0012298260116949677,-20.831682487868353,1.0,100.0,1.0
mismatch,M32_SPARSE_PRIOR_HIGH,M32_SPARSE_PRIOR_HIGH_c1_t16,32,24,0.75,sparse,7.0,851458062,lsgrand_first_valid,851458062,True,0.2,0.8,,0.0,0.0,no_slip,True,31,1,16,True,False,,first_valid_witness,1,1,31,1,1,1,0,1,False,0.00048319599591195583,-20.831682487868353,,,0.03225806451612903
mismatch,M32_SPARSE_PRIOR_HIGH,M32_SPARSE_PRIOR_HIGH_c1_t16,32,24,0.75,sparse,7.0,851458062,per_state_grand_sweep,851458062,True,0.2,0.8,,0.0,0.0,no_slip,True,31,1,16,True,False,,best_fixed_state_codeword,10030,10030,31,31,10,9,0,10030,True,0.04912549303844571,-20.831682487868353,,,1.0
mismatch,M32_SPARSE_PRIOR_HIGH,M32_SPARSE_PRIOR_HIGH_c1_t16,32,24,0.75,sparse,7.0,851458062,plain_reliability_grand,851458062,True,0.2,0.8,,0.0,0.0,no_slip,True,31,1,16,True,False,,first_valid_witness,1,1,1,1,1,1,0,1,False,4.173407796770334e-05,-19.222244575434253,,,1.0
mismatch,M32_SPARSE_PRIOR_HIGH,M32_SPARSE_PRIOR_HIGH_c1_t16,32,24,0.75,sparse,7.0,851458062,latent_osd_order2,851458062,True,0.2,0.8,,0.0,0.0,no_slip,True,31,1,16,True,False,,best_complete_marginal_score_in_osd_list,0,0,31,16,1295,955,955,29605,False,0.298368948046118,-20.831680687895037,,,0.5161290322580645
mismatch,M32_SPARSE_PRIOR_HIGH,M32_SPARSE_PRIOR_HIGH_c1_t17,32,24,0.75,sparse,7.0,2769928890,lsgrand_certified,2769928890,True,0.2,0.8,,0.0,0.0,no_slip,True,31,1,17,True,True,0.5588777570632484,strict_unseen_codeword_certificate,64,64,31,31,2,1,0,64,False,0.0010866569355130196,-13.964502942790245,2.0,32.0,1.0
mismatch,M32_SPARSE_PRIOR_HIGH,M32_SPARSE_PRIOR_HIGH_c1_t17,32,24,0.75,sparse,7.0,2769928890,lsgrand_first_valid,2769928890,True,0.2,0.8,,0.0,0.0,no_slip,True,31,1,17,True,False,,first_valid_witness,2,2,31,1,1,1,0,2,False,0.0004820729373022914,-14.360231018836076,,,0.03225806451612903
mismatch,M32_SPARSE_PRIOR_HIGH,M32_SPARSE_PRIOR_HIGH_c1_t17,32,24,0.75,sparse,7.0,2769928890,per_state_grand_sweep,2769928890,True,0.2,0.8,,0.0,0.0,no_slip,True,31,1,17,True,False,,best_fixed_state_codeword,8527,8527,31,31,13,10,0,8527,True,0.038972448906861246,-14.360231018836076,,,1.0
mismatch,M32_SPARSE_PRIOR_HIGH,M32_SPARSE_PRIOR_HIGH_c1_t17,32,24,0.75,sparse,7.0,2769928890,plain_reliability_grand,2769928890,True,0.2,0.8,,0.0,0.0,no_slip,True,31,1,17,True,False,,first_valid_witness,2,2,1,1,1,1,0,2,False,3.521598409861326e-05,-12.750793106401975,,,1.0
mismatch,M32_SPARSE_PRIOR_HIGH,M32_SPARSE_PRIOR_HIGH_c1_t17,32,24,0.75,sparse,7.0,2769928890,latent_osd_order2,2769928890,True,0.2,0.8,,0.0,0.0,no_slip,True,31,1,17,True,False,,best_complete_marginal_score_in_osd_list,0,0,31,16,1295,952,952,29512,False,0.2804395849816501,-13.964404479083806,,,0.5161290322580645
mismatch,M64_DENSE_NOISE,M64_DENSE_NOISE_c0_t0,64,56,0.875,dense,7.0,6524913476022620764,lsgrand_certified,6524913476022620764,True,0.5,0.5,0.3,0.0,2.0,slip_10_1,True,63,0,0,True,True,0.016837495076611475,strict_unseen_codeword_certificate,1728,1728,63,63,9,8,0,1728,False,0.015167059958912432,-22.895832193735693,39.0,44.30769230769231,1.0
mismatch,M64_DENSE_NOISE,M64_DENSE_NOISE_c0_t0,64,56,0.875,dense,7.0,6524913476022620764,lsgrand_first_valid,6524913476022620764,True,0.5,0.5,0.3,0.0,2.0,slip_10_1,True,63,0,0,True,False,,first_valid_witness,39,39,63,20,1,1,0,39,False,0.0014324949588626623,-22.895832193735693,,,0.31746031746031744
mismatch,M64_DENSE_NOISE,M64_DENSE_NOISE_c0_t0,64,56,0.875,dense,7.0,6524913476022620764,per_state_grand_sweep,6524913476022620764,True,0.5,0.5,0.3,0.0,2.0,slip_10_1,True,63,0,0,True,False,,best_fixed_state_codeword,20052,20052,63,63,57,54,0,20052,True,0.10260398907121271,-22.895832193735693,,,1.0
mismatch,M64_DENSE_NOISE,M64_DENSE_NOISE_c0_t0,64,56,0.875,dense,7.0,6524913476022620764,plain_reliability_grand,6524910563256322818,False,0.5,0.5,0.3,0.0,2.0,slip_10_1,True,63,0,0,True,False,,first_valid_witness,242,242,1,1,1,1,0,242,False,0.001354319043457508,-25.7289818581122,,,1.0
mismatch,M64_DENSE_NOISE,M64_DENSE_NOISE_c0_t0,64,56,0.875,dense,7.0,6524913476022620764,latent_osd_order2,6524913476022620764,True,0.5,0.5,0.3,0.0,2.0,slip_10_1,True,63,0,0,True,False,,best_complete_marginal_score_in_osd_list,0,0,63,24,2607,2298,2298,144774,False,1.8801618430297822,-22.892249795518094,,,0.38095238095238093
mismatch,M64_DENSE_NOISE,M64_DENSE_NOISE_c0_t1,64,56,0.875,dense,7.0,12100168425674487380,lsgrand_certified,12100168425674487380,True,0.5,0.5,0.3,0.0,2.0,slip_10_1,True,63,0,1,True,True,0.0015206696734999525,strict_unseen_codeword_certificate,24384,24384,63,63,98,94,0,24384,False,0.754947884939611,-22.44473715529254,236.0,103.32203389830508,1.0
mismatch,M64_DENSE_NOISE,M64_DENSE_NOISE_c0_t1,64,56,0.875,dense,7.0,12100168425674487380,lsgrand_first_valid,12100168425674487380,True,0.5,0.5,0.3,0.0,2.0,slip_10_1,True,63,0,1,True,False,,first_valid_witness,236,236,63,63,1,1,0,236,False,0.002455711946822703,-22.470091923428658,,,1.0
mismatch,M64_DENSE_NOISE,M64_DENSE_NOISE_c0_t1,64,56,0.875,dense,7.0,12100168425674487380,per_state_grand_sweep,12100168425674487380,True,0.5,0.5,0.3,0.0,2.0,slip_10_1,True,63,0,1,True,False,,best_fixed_state_codeword,14244,14244,63,63,62,62,0,14244,True,0.07272834505420178,-22.470091923428658,,,1.0
mismatch,M64_DENSE_NOISE,M64_DENSE_NOISE_c0_t1,64,56,0.875,dense,7.0,12100168425674487380,plain_reliability_grand,12100439423231251202,False,0.5,0.5,0.3,0.0,2.0,slip_10_1,True,63,0,1,True,False,,first_valid_witness,358,358,1,1,1,1,0,358,False,0.001945649040862918,-22.90217693233784,,,1.0
mismatch,M64_DENSE_NOISE,M64_DENSE_NOISE_c0_t1,64,56,0.875,dense,7.0,12100168425674487380,latent_osd_order2,12100168425674487380,True,0.5,0.5,0.3,0.0,2.0,slip_10_1,True,63,0,1,True,False,,best_complete_marginal_score_in_osd_list,0,0,63,24,2607,2406,2406,151578,False,2.0328507880913094,-22.444705123989422,,,0.38095238095238093
mismatch,M64_DENSE_NOISE,M64_DENSE_NOISE_c0_t2,64,56,0.875,dense,7.0,5130352415746609330,lsgrand_certified,5130352415746609330,True,0.5,0.5,0.3,0.0,2.0,no_slip,True,63,0,2,True,True,0.000990133186334674,strict_unseen_codeword_certificate,126,126,63,63,2,1,0,126,False,0.001976371044293046,-24.070752246621776,2.0,63.0,1.0
mismatch,M64_DENSE_NOISE,M64_DENSE_NOISE_c0_t2,64,56,0.875,dense,7.0,5130352415746609330,lsgrand_first_valid,5130352415746609330,True,0.5,0.5,0.3,0.0,2.0,no_slip,True,63,0,2,True,False,,first_valid_witness,2,2,63,1,1,1,0,2,False,0.0011965479934588075,-24.094580598681013,,,0.015873015873015872
mismatch,M64_DENSE_NOISE,M64_DENSE_NOISE_c0_t2,64,56,0.875,dense,7.0,5130352415746609330,per_state_grand_sweep,5130352415746609330,True,0.5,0.5,0.3,0.0,2.0,no_slip,True,63,0,2,True,False,,best_fixed_state_codeword,19703,19703,63,63,57,51,0,19703,True,0.10208575497381389,-24.094580598681013,,,1.0
mismatch,M64_DENSE_NOISE,M64_DENSE_NOISE_c0_t2,64,56,0.875,dense,7.0,5130352415746609330,plain_reliability_grand,5130352415746609330,True,0.5,0.5,0.3,0.0,2.0,no_slip,True,63,0,2,True,False,,first_valid_witness,2,2,1,1,1,1,0,2,False,4.342000465840101e-05,-23.40143341812107,,,1.0
mismatch,M64_DENSE_NOISE,M64_DENSE_NOISE_c0_t2,64,56,0.875,dense,7.0,5130352415746609330,latent_osd_order2,5130352415746609330,True,0.5,0.5,0.3,0.0,2.0,no_slip,True,63,0,2,True,False,,best_complete_marginal_score_in_osd_list,0,0,63,24,2607,2286,2286,144018,False,1.884644124074839,-24.069949938327547,,,0.38095238095238093
mismatch,M64_DENSE_NOISE,M64_DENSE_NOISE_c0_t3,64,56,0.875,dense,7.0,8218435756894235359,lsgrand_certified,8218435756894235359,True,0.5,0.5,0.3,0.0,2.0,slip_10_1,True,63,0,3,True,True,0.0007472741011724793,strict_unseen_codeword_certificate,5056,5056,63,63,33,30,0,5056,False,0.07641890901140869,-23.637084420910508,53.0,95.39622641509433,1.0
mismatch,M64_DENSE_NOISE,M64_DENSE_NOISE_c0_t3,64,56,0.875,dense,7.0,8218435756894235359,lsgrand_first_valid,8218435756894235359,True,0.5,0.5,0.3,0.0,2.0,slip_10_1,True,63,0,3,True,False,,first_valid_witness,53,53,63,20,1,1,0,53,False,0.0014371729921549559,-23.637084420910508,,,0.31746031746031744
mismatch,M64_DENSE_NOISE,M64_DENSE_NOISE_c0_t3,64,56,0.875,dense,7.0,8218435756894235359,per_state_grand_sweep,8218435756894235359,True,0.5,0.5,0.3,0.0,2.0,slip_10_1,True,63,0,3,True,False,,best_fixed_state_codeword,13089,13089,63,63,62,57,0,13089,True,0.06482572702225298,-23.637084420910508,,,1.0
mismatch,M64_DENSE_NOISE,M64_DENSE_NOISE_c0_t3,64,56,0.875,dense,7.0,8218435756894235359,plain_reliability_grand,8218283588058545989,False,0.5,0.5,0.3,0.0,2.0,slip_10_1,True,63,0,3,True,False,,first_valid_witness,357,357,1,1,1,1,0,357,False,0.001901088049635291,-26.043008918458607,,,1.0
mismatch,M64_DENSE_NOISE,M64_DENSE_NOISE_c0_t3,64,56,0.875,dense,7.0,8218435756894235359,latent_osd_order2,8218435756894235359,True,0.5,0.5,0.3,0.0,2.0,slip_10_1,True,63,0,3,True,False,,best_complete_marginal_score_in_osd_list,0,0,63,24,2607,2405,2405,151515,False,2.0208940230077133,-23.635332316309587,,,0.38095238095238093
mismatch,M64_DENSE_NOISE,M64_DENSE_NOISE_c0_t4,64,56,0.875,dense,7.0,5508441089797559096,lsgrand_certified,5508441089797559096,True,0.5,0.5,0.3,0.0,2.0,no_slip,True,63,0,4,True,True,0.43457621215138076,strict_unseen_codeword_certificate,64,64,63,42,1,1,0,64,False,0.0016045280499383807,-22.21480829393833,1.0,64.0,0.6666666666666666
mismatch,M64_DENSE_NOISE,M64_DENSE_NOISE_c0_t4,64,56,0.875,dense,7.0,5508441089797559096,lsgrand_first_valid,5508441089797559096,True,0.5,0.5,0.3,0.0,2.0,no_slip,True,63,0,4,True,False,,first_valid_witness,1,1,63,1,1,1,0,1,False,0.0010206919396296144,-22.21480829393833,,,0.015873015873015872
mismatch,M64_DENSE_NOISE,M64_DENSE_NOISE_c0_t4,64,56,0.875,dense,7.0,5508441089797559096,per_state_grand_sweep,5508441089797559096,True,0.5,0.5,0.3,0.0,2.0,no_slip,True,63,0,4,True,False,,best_fixed_state_codeword,17188,17188,63,63,58,56,0,17188,True,0.08418721903581172,-22.21480829393833,,,1.0
mismatch,M64_DENSE_NOISE,M64_DENSE_NOISE_c0_t4,64,56,0.875,dense,7.0,5508441089797559096,plain_reliability_grand,5508441089797559096,True,0.5,0.5,0.3,0.0,2.0,no_slip,True,63,0,4,True,False,,first_valid_witness,1,1,1,1,1,1,0,1,False,3.846106119453907e-05,-21.521661113378386,,,1.0
mismatch,M64_DENSE_NOISE,M64_DENSE_NOISE_c0_t4,64,56,0.875,dense,7.0,5508441089797559096,latent_osd_order2,5508441089797559096,True,0.5,0.5,0.3,0.0,2.0,no_slip,True,63,0,4,True,False,,best_complete_marginal_score_in_osd_list,0,0,63,24,2607,2307,2307,145341,False,1.937592584057711,-22.21476998156583,,,0.38095238095238093
mismatch,M64_DENSE_NOISE,M64_DENSE_NOISE_c0_t5,64,56,0.875,dense,7.0,16166457210703217075,lsgrand_certified,16166457210703217075,True,0.5,0.5,0.3,0.0,2.0,no_slip,True,63,0,5,True,True,0.0568705760266468,strict_unseen_codeword_certificate,64,64,63,33,1,1,0,64,False,0.0015555080026388168,-16.745321106548456,1.0,64.0,0.5238095238095238
mismatch,M64_DENSE_NOISE,M64_DENSE_NOISE_c0_t5,64,56,0.875,dense,7.0,16166457210703217075,lsgrand_first_valid,16166457210703217075,True,0.5,0.5,0.3,0.0,2.0,no_slip,True,63,0,5,True,False,,first_valid_witness,1,1,63,1,1,1,0,1,False,0.0010109440190717578,-16.745321106548456,,,0.015873015873015872
mismatch,M64_DENSE_NOISE,M64_DENSE_NOISE_c0_t5,64,56,0.875,dense,7.0,16166457210703217075,per_state_grand_sweep,16166457210703217075,True,0.5,0.5,0.3,0.0,2.0,no_slip,True,63,0,5,True,False,,best_fixed_state_codeword,17487,17487,63,63,61,52,0,17487,True,0.08701516198925674,-16.745321106548456,,,1.0
mismatch,M64_DENSE_NOISE,M64_DENSE_NOISE_c0_t5,64,56,0.875,dense,7.0,16166457210703217075,plain_reliability_grand,16166457210703217075,True,0.5,0.5,0.3,0.0,2.0,no_slip,True,63,0,5,True,False,,first_valid_witness,1,1,1,1,1,1,0,1,False,3.6402023397386074e-05,-16.052173925988512,,,1.0
mismatch,M64_DENSE_NOISE,M64_DENSE_NOISE_c0_t5,64,56,0.875,dense,7.0,16166457210703217075,latent_osd_order2,16166457210703217075,True,0.5,0.5,0.3,0.0,2.0,no_slip,True,63,0,5,True,False,,best_complete_marginal_score_in_osd_list,0,0,63,24,2607,2372,2372,149436,False,1.8848780320258811,-16.745256949355284,,,0.38095238095238093
mismatch,M64_DENSE_NOISE,M64_DENSE_NOISE_c0_t6,64,56,0.875,dense,7.0,16999616493781922660,lsgrand_certified,16999616493781922660,True,0.5,0.5,0.3,0.0,2.0,no_slip,True,63,0,6,True,True,0.0377953638838342,strict_unseen_codeword_certificate,1408,1408,63,63,7,7,0,1408,False,0.013852425036020577,-19.25512591738743,15.0,93.86666666666666,1.0
mismatch,M64_DENSE_NOISE,M64_DENSE_NOISE_c0_t6,64,56,0.875,dense,7.0,16999616493781922660,lsgrand_first_valid,16999616493781922660,True,0.5,0.5,0.3,0.0,2.0,no_slip,True,63,0,6,True,False,,first_valid_witness,15,15,63,1,1,1,0,15,False,0.0013416060246527195,-19.25512591738743,,,0.015873015873015872
mismatch,M64_DENSE_NOISE,M64_DENSE_NOISE_c0_t6,64,56,0.875,dense,7.0,16999616493781922660,per_state_grand_sweep,16999616493781922660,True,0.5,0.5,0.3,0.0,2.0,no_slip,True,63,0,6,True,False,,best_fixed_state_codeword,11663,11663,63,63,63,61,0,11663,False,0.06318400602322072,-19.25512591738743,,,1.0
mismatch,M64_DENSE_NOISE,M64_DENSE_NOISE_c0_t6,64,56,0.875,dense,7.0,16999616493781922660,plain_reliability_grand,16999616493781922660,True,0.5,0.5,0.3,0.0,2.0,no_slip,True,63,0,6,True,False,,first_valid_witness,15,15,1,1,1,1,0,15,False,0.00016215501818805933,-18.561978736827484,,,1.0
mismatch,M64_DENSE_NOISE,M64_DENSE_NOISE_c0_t6,64,56,0.875,dense,7.0,16999616493781922660,latent_osd_order2,16999616493781922660,True,0.5,0.5,0.3,0.0,2.0,no_slip,True,63,0,6,True,False,,best_complete_marginal_score_in_osd_list,0,0,63,24,2607,2327,2327,146601,False,2.195005554938689,-19.255115061069255,,,0.38095238095238093
mismatch,M64_DENSE_NOISE,M64_DENSE_NOISE_c0_t7,64,56,0.875,dense,7.0,9565079470466258361,lsgrand_certified,9595942541084731974,False,0.5,0.5,0.3,0.0,2.0,slip_10_3,True,63,0,7,True,True,0.0006747675900911076,strict_unseen_codeword_certificate,5568,5568,63,63,20,19,0,5568,False,0.07015613000839949,-31.135444318089785,177.0,31.45762711864407,1.0
mismatch,M64_DENSE_NOISE,M64_DENSE_NOISE_c0_t7,64,56,0.875,dense,7.0,9565079470466258361,lsgrand_first_valid,9595942541084731974,False,0.5,0.5,0.3,0.0,2.0,slip_10_3,True,63,0,7,True,False,,first_valid_witness,177,177,63,63,1,1,0,177,False,0.0022923260694369674,-31.16180406251846,,,1.0
mismatch,M64_DENSE_NOISE,M64_DENSE_NOISE_c0_t7,64,56,0.875,dense,7.0,9565079470466258361,per_state_grand_sweep,9595942541084731974,False,0.5,0.5,0.3,0.0,2.0,slip_10_3,True,63,0,7,True,False,,best_fixed_state_codeword,15221,15221,63,63,61,59,0,15221,True,0.08250589203089476,-31.16180406251846,,,1.0
mismatch,M64_DENSE_NOISE,M64_DENSE_NOISE_c0_t7,64,56,0.875,dense,7.0,9565079470466258361,plain_reliability_grand,10141538339187044131,False,0.5,0.5,0.3,0.0,2.0,slip_10_3,True,63,0,7,True,False,,first_valid_witness,708,708,1,1,1,1,0,708,False,0.004210911924019456,-34.783722116870976,,,1.0
mismatch,M64_DENSE_NOISE,M64_DENSE_NOISE_c0_t7,64,56,0.875,dense,7.0,9565079470466258361,latent_osd_order2,9595942541084731974,False,0.5,0.5,0.3,0.0,2.0,slip_10_3,True,63,0,7,True,False,,best_complete_marginal_score_in_osd_list,0,0,63,24,2607,2402,2402,151326,False,2.237068544025533,-31.135434557731205,,,0.38095238095238093
mismatch,M64_DENSE_NOISE,M64_DENSE_NOISE_c0_t8,64,56,0.875,dense,7.0,15537989861791053833,lsgrand_certified,15421548345370527730,False,0.5,0.5,0.3,0.0,2.0,slip_10_3,True,63,0,8,True,True,0.0005529743810157584,strict_unseen_codeword_certificate,14249,14249,63,63,71,63,0,14249,False,0.364896351005882,-26.43133398722973,158.0,90.18354430379746,1.0
mismatch,M64_DENSE_NOISE,M64_DENSE_NOISE_c0_t8,64,56,0.875,dense,7.0,15537989861791053833,lsgrand_first_valid,15421548345370527730,False,0.5,0.5,0.3,0.0,2.0,slip_10_3,True,63,0,8,True,False,,first_valid_witness,158,158,63,63,1,1,0,158,False,0.0020969799952581525,-26.437456722558665,,,1.0
mismatch,M64_DENSE_NOISE,M64_DENSE_NOISE_c0_t8,64,56,0.875,dense,7.0,15537989861791053833,per_state_grand_sweep,15421548345370527730,False,0.5,0.5,0.3,0.0,2.0,slip_10_3,True,63,0,8,True,False,,best_fixed_state_codeword,11928,11928,63,63,63,59,0,11928,False,0.06497807800769806,-26.437456722558665,,,1.0
mismatch,M64_DENSE_NOISE,M64_DENSE_NOISE_c0_t8,64,56,0.875,dense,7.0,15537989861791053833,plain_reliability_grand,15249767682959696211,False,0.5,0.5,0.3,0.0,2.0,slip_10_3,True,63,0,8,True,False,,first_valid_witness,168,168,1,1,1,1,0,168,False,0.0010695239761844277,-26.603289986593524,,,1.0
mismatch,M64_DENSE_NOISE,M64_DENSE_NOISE_c0_t8,64,56,0.875,dense,7.0,15537989861791053833,latent_osd_order2,15421548345370527730,False,0.5,0.5,0.3,0.0,2.0,slip_10_3,True,63,0,8,True,False,,best_complete_marginal_score_in_osd_list,0,0,63,24,2607,2216,2216,139608,False,1.9081541399937123,-26.430875508339952,,,0.38095238095238093
mismatch,M64_DENSE_NOISE,M64_DENSE_NOISE_c0_t9,64,56,0.875,dense,7.0,10499276701004209910,lsgrand_certified,10435530244967096585,False,0.5,0.5,0.3,0.0,2.0,slip_10_1,True,63,0,9,True,False,-0.000902032661407759,query_cap_before_certificate,60000,60000,63,63,211,193,0,60000,True,3.5011527399765328,-19.383968232179615,24.0,2500.0,1.0
mismatch,M64_DENSE_NOISE,M64_DENSE_NOISE_c0_t9,64,56,0.875,dense,7.0,10499276701004209910,lsgrand_first_valid,10435530244967096585,False,0.5,0.5,0.3,0.0,2.0,slip_10_1,True,63,0,9,True,False,,first_valid_witness,24,24,63,7,1,1,0,24,False,0.0014062318950891495,-19.387666660175437,,,0.1111111111111111
mismatch,M64_DENSE_NOISE,M64_DENSE_NOISE_c0_t9,64,56,0.875,dense,7.0,10499276701004209910,per_state_grand_sweep,10435530244967096585,False,0.5,0.5,0.3,0.0,2.0,slip_10_1,True,63,0,9,True,False,,best_fixed_state_codeword,17586,17586,63,63,59,54,0,17586,True,0.09210423403419554,-19.387666660175437,,,1.0
mismatch,M64_DENSE_NOISE,M64_DENSE_NOISE_c0_t9,64,56,0.875,dense,7.0,10499276701004209910,plain_reliability_grand,12805113535775545171,False,0.5,0.5,0.3,0.0,2.0,slip_10_1,True,63,0,9,True,False,,first_valid_witness,419,419,1,1,1,1,0,419,False,0.0024054580135270953,-23.30008857111084,,,1.0
mismatch,M64_DENSE_NOISE,M64_DENSE_NOISE_c0_t9,64,56,0.875,dense,7.0,10499276701004209910,latent_osd_order2,10435530244967096585,False,0.5,0.5,0.3,0.0,2.0,slip_10_1,True,63,0,9,True,False,,best_complete_marginal_score_in_osd_list,0,0,63,24,2607,2394,2394,150822,False,1.9037156749982387,-19.38396448156823,,,0.38095238095238093
mismatch,M64_DENSE_NOISE,M64_DENSE_NOISE_c0_t10,64,56,0.875,dense,7.0,8291217446551721705,lsgrand_certified,8291217446551721705,True,0.5,0.5,0.3,0.0,2.0,slip_10_3,True,63,0,10,True,True,0.0007152596688406732,strict_unseen_codeword_certificate,16128,16128,63,63,72,66,0,16128,False,0.38352006394416094,-21.184078842443622,40.0,403.2,1.0
mismatch,M64_DENSE_NOISE,M64_DENSE_NOISE_c0_t10,64,56,0.875,dense,7.0,8291217446551721705,lsgrand_first_valid,8536007572094937366,False,0.5,0.5,0.3,0.0,2.0,slip_10_3,True,63,0,10,True,False,,first_valid_witness,23,23,63,4,1,1,0,23,False,0.0014256550930440426,-21.232555224004912,,,0.06349206349206349
mismatch,M64_DENSE_NOISE,M64_DENSE_NOISE_c0_t10,64,56,0.875,dense,7.0,8291217446551721705,per_state_grand_sweep,8536007572094937366,False,0.5,0.5,0.3,0.0,2.0,slip_10_3,True,63,0,10,True,False,,best_fixed_state_codeword,13569,13569,63,63,61,51,0,13569,True,0.07548166799824685,-21.232555224004912,,,1.0
mismatch,M64_DENSE_NOISE,M64_DENSE_NOISE_c0_t10,64,56,0.875,dense,7.0,8291217446551721705,plain_reliability_grand,5985377357214071939,False,0.5,0.5,0.3,0.0,2.0,slip_10_3,True,63,0,10,True,False,,first_valid_witness,488,488,1,1,1,1,0,488,False,0.002924402942880988,-24.985447454109874,,,1.0
mismatch,M64_DENSE_NOISE,M64_DENSE_NOISE_c0_t10,64,56,0.875,dense,7.0,8291217446551721705,latent_osd_order2,8291217446551721705,True,0.5,0.5,0.3,0.0,2.0,slip_10_3,True,63,0,10,True,False,,best_complete_marginal_score_in_osd_list,0,0,63,24,2607,2354,2354,148302,False,1.9645211080787703,-21.184065566148607,,,0.38095238095238093
mismatch,M64_DENSE_NOISE,M64_DENSE_NOISE_c0_t11,64,56,0.875,dense,7.0,3543486981853981882,lsgrand_certified,3543486981853981882,True,0.5,0.5,0.3,0.0,2.0,no_slip,True,63,0,11,True,True,0.006738738792602561,strict_unseen_codeword_certificate,4608,4608,63,63,21,20,0,4608,False,0.050668551004491746,-31.279087705071007,52.0,88.61538461538461,1.0
mismatch,M64_DENSE_NOISE,M64_DENSE_NOISE_c0_t11,64,56,0.875,dense,7.0,3543486981853981882,lsgrand_first_valid,3543486981853981882,True,0.5,0.5,0.3,0.0,2.0,no_slip,True,63,0,11,True,False,,first_valid_witness,52,52,63,1,1,1,0,52,False,0.00143079599365592,-31.279087705071007,,,0.015873015873015872
mismatch,M64_DENSE_NOISE,M64_DENSE_NOISE_c0_t11,64,56,0.875,dense,7.0,3543486981853981882,per_state_grand_sweep,3543486981853981882,True,0.5,0.5,0.3,0.0,2.0,no_slip,True,63,0,11,True,False,,best_fixed_state_codeword,14237,14237,63,63,61,55,0,14237,True,0.07008189102634788,-31.279087705071007,,,1.0
mismatch,M64_DENSE_NOISE,M64_DENSE_NOISE_c0_t11,64,56,0.875,dense,7.0,3543486981853981882,plain_reliability_grand,3543486981853981882,True,0.5,0.5,0.3,0.0,2.0,no_slip,True,63,0,11,True,False,,first_valid_witness,52,52,1,1,1,1,0,52,False,0.00033635995350778103,-30.585940524511063,,,1.0
mismatch,M64_DENSE_NOISE,M64_DENSE_NOISE_c0_t11,64,56,0.875,dense,7.0,3543486981853981882,latent_osd_order2,3543486981853981882,True,0.5,0.5,0.3,0.0,2.0,no_slip,True,63,0,11,True,False,,best_complete_marginal_score_in_osd_list,0,0,63,24,2607,2326,2326,146538,False,2.1433753160526976,-31.2790721409536,,,0.38095238095238093
mismatch,M64_DENSE_NOISE,M64_DENSE_NOISE_c0_t12,64,56,0.875,dense,7.0,2592065127416914663,lsgrand_certified,2592065127416914663,True,0.5,0.5,0.3,0.0,2.0,no_slip,True,63,0,12,True,True,0.036410064971402534,strict_unseen_codeword_certificate,384,384,63,63,5,5,0,384,False,0.004807210993021727,-26.293136291901313,5.0,76.8,1.0
mismatch,M64_DENSE_NOISE,M64_DENSE_NOISE_c0_t12,64,56,0.875,dense,7.0,2592065127416914663,lsgrand_first_valid,2592065127416914663,True,0.5,0.5,0.3,0.0,2.0,no_slip,True,63,0,12,True,False,,first_valid_witness,5,5,63,1,1,1,0,5,False,0.001189946080558002,-26.293136291901313,,,0.015873015873015872
mismatch,M64_DENSE_NOISE,M64_DENSE_NOISE_c0_t12,64,56,0.875,dense,7.0,2592065127416914663,per_state_grand_sweep,2592065127416914663,True,0.5,0.5,0.3,0.0,2.0,no_slip,True,63,0,12,True,False,,best_fixed_state_codeword,13144,13144,63,63,60,55,0,13144,True,0.06693860702216625,-26.293136291901313,,,1.0
mismatch,M64_DENSE_NOISE,M64_DENSE_NOISE_c0_t12,64,56,0.875,dense,7.0,2592065127416914663,plain_reliability_grand,2592065127416914663,True,0.5,0.5,0.3,0.0,2.0,no_slip,True,63,0,12,True,False,,first_valid_witness,5,5,1,1,1,1,0,5,False,6.397301331162453e-05,-25.59998911134137,,,1.0
mismatch,M64_DENSE_NOISE,M64_DENSE_NOISE_c0_t12,64,56,0.875,dense,7.0,2592065127416914663,latent_osd_order2,2592065127416914663,True,0.5,0.5,0.3,0.0,2.0,no_slip,True,63,0,12,True,False,,best_complete_marginal_score_in_osd_list,0,0,63,24,2607,2273,2273,143199,False,1.9667878270847723,-26.290223738288038,,,0.38095238095238093
mismatch,M64_DENSE_NOISE,M64_DENSE_NOISE_c0_t13,64,56,0.875,dense,7.0,4241156135294276300,lsgrand_certified,4241156135294276300,True,0.5,0.5,0.3,0.0,2.0,slip_10_1,True,63,0,13,True,True,0.023649702508652837,strict_unseen_codeword_certificate,5568,5568,63,63,21,21,0,5568,False,0.06874475697986782,-23.049943520687908,134.0,41.55223880597015,1.0
mismatch,M64_DENSE_NOISE,M64_DENSE_NOISE_c0_t13,64,56,0.875,dense,7.0,4241156135294276300,lsgrand_first_valid,4241156135294276300,True,0.5,0.5,0.3,0.0,2.0,slip_10_1,True,63,0,13,True,False,,first_valid_witness,134,134,63,63,1,1,0,134,False,0.001977579086087644,-23.049943520687908,,,1.0
mismatch,M64_DENSE_NOISE,M64_DENSE_NOISE_c0_t13,64,56,0.875,dense,7.0,4241156135294276300,per_state_grand_sweep,4241156135294276300,True,0.5,0.5,0.3,0.0,2.0,slip_10_1,True,63,0,13,True,False,,best_fixed_state_codeword,15056,15056,63,63,63,58,0,15056,False,0.07974126399494708,-23.049943520687908,,,1.0
mismatch,M64_DENSE_NOISE,M64_DENSE_NOISE_c0_t13,64,56,0.875,dense,7.0,4241156135294276300,plain_reliability_grand,6546989959578225510,False,0.5,0.5,0.3,0.0,2.0,slip_10_1,True,63,0,13,True,False,,first_valid_witness,165,165,1,1,1,1,0,165,False,0.0009568360401317477,-23.835958263730916,,,1.0
mismatch,M64_DENSE_NOISE,M64_DENSE_NOISE_c0_t13,64,56,0.875,dense,7.0,4241156135294276300,latent_osd_order2,4241156135294276300,True,0.5,0.5,0.3,0.0,2.0,slip_10_1,True,63,0,13,True,False,,best_complete_marginal_score_in_osd_list,0,0,63,24,2607,2356,2356,148428,False,2.0009940040763468,-23.041716775406186,,,0.38095238095238093
mismatch,M64_DENSE_NOISE,M64_DENSE_NOISE_c0_t14,64,56,0.875,dense,7.0,5741961820862905020,lsgrand_certified,5741961820862905020,True,0.5,0.5,0.3,0.0,2.0,no_slip,True,63,0,14,True,True,0.22028830976311653,strict_unseen_codeword_certificate,64,64,63,30,1,1,0,64,False,0.0016761490842327476,-25.826349742726002,1.0,64.0,0.47619047619047616
mismatch,M64_DENSE_NOISE,M64_DENSE_NOISE_c0_t14,64,56,0.875,dense,7.0,5741961820862905020,lsgrand_first_valid,5741961820862905020,True,0.5,0.5,0.3,0.0,2.0,no_slip,True,63,0,14,True,False,,first_valid_witness,1,1,63,1,1,1,0,1,False,0.0010417189914733171,-25.826349742726002,,,0.015873015873015872
mismatch,M64_DENSE_NOISE,M64_DENSE_NOISE_c0_t14,64,56,0.875,dense,7.0,5741961820862905020,per_state_grand_sweep,5741961820862905020,True,0.5,0.5,0.3,0.0,2.0,no_slip,True,63,0,14,True,False,,best_fixed_state_codeword,14317,14317,63,63,62,60,0,14317,True,0.07543474005069584,-25.826349742726002,,,1.0
mismatch,M64_DENSE_NOISE,M64_DENSE_NOISE_c0_t14,64,56,0.875,dense,7.0,5741961820862905020,plain_reliability_grand,5741961820862905020,True,0.5,0.5,0.3,0.0,2.0,no_slip,True,63,0,14,True,False,,first_valid_witness,1,1,1,1,1,1,0,1,False,3.8838014006614685e-05,-25.13320256216606,,,1.0
mismatch,M64_DENSE_NOISE,M64_DENSE_NOISE_c0_t14,64,56,0.875,dense,7.0,5741961820862905020,latent_osd_order2,5741961820862905020,True,0.5,0.5,0.3,0.0,2.0,no_slip,True,63,0,14,True,False,,best_complete_marginal_score_in_osd_list,0,0,63,24,2607,2322,2322,146286,False,1.9643971431069076,-25.825174633995996,,,0.38095238095238093
mismatch,M64_DENSE_NOISE,M64_DENSE_NOISE_c0_t15,64,56,0.875,dense,7.0,11749662849708808932,lsgrand_certified,11749662849708808932,True,0.5,0.5,0.3,0.0,2.0,slip_10_1,True,63,0,15,True,True,0.022292732488160993,strict_unseen_codeword_certificate,3328,3328,63,63,11,11,0,3328,False,0.03005095396656543,-23.357658283243413,57.0,58.3859649122807,1.0
mismatch,M64_DENSE_NOISE,M64_DENSE_NOISE_c0_t15,64,56,0.875,dense,7.0,11749662849708808932,lsgrand_first_valid,11749662849708808932,True,0.5,0.5,0.3,0.0,2.0,slip_10_1,True,63,0,15,True,False,,first_valid_witness,57,57,63,20,1,1,0,57,False,0.001424478949047625,-23.357658283243413,,,0.31746031746031744
mismatch,M64_DENSE_NOISE,M64_DENSE_NOISE_c0_t15,64,56,0.875,dense,7.0,11749662849708808932,per_state_grand_sweep,11749662849708808932,True,0.5,0.5,0.3,0.0,2.0,slip_10_1,True,63,0,15,True,False,,best_fixed_state_codeword,17260,17260,63,63,62,60,0,17260,True,0.08469973097089678,-23.357658283243413,,,1.0
mismatch,M64_DENSE_NOISE,M64_DENSE_NOISE_c0_t15,64,56,0.875,dense,7.0,11749662849708808932,plain_reliability_grand,11605559112646332274,False,0.5,0.5,0.3,0.0,2.0,slip_10_1,True,63,0,15,True,False,,first_valid_witness,114,114,1,1,1,1,0,114,False,0.0006292039761319757,-24.324075418708624,,,1.0
mismatch,M64_DENSE_NOISE,M64_DENSE_NOISE_c0_t15,64,56,0.875,dense,7.0,11749662849708808932,latent_osd_order2,11749662849708808932,True,0.5,0.5,0.3,0.0,2.0,slip_10_1,True,63,0,15,True,False,,best_complete_marginal_score_in_osd_list,0,0,63,24,2607,2322,2322,146286,False,1.9827744349604473,-23.347964321367908,,,0.38095238095238093
mismatch,M64_DENSE_NOISE,M64_DENSE_NOISE_c0_t16,64,56,0.875,dense,7.0,14785191914025880258,lsgrand_certified,14785191914025880258,True,0.5,0.5,0.3,0.0,2.0,slip_10_3,True,63,0,16,True,True,0.00304104644617631,strict_unseen_codeword_certificate,461,461,63,63,3,2,0,461,False,0.004605329013429582,-14.795491647161017,26.0,17.73076923076923,1.0
mismatch,M64_DENSE_NOISE,M64_DENSE_NOISE_c0_t16,64,56,0.875,dense,7.0,14785191914025880258,lsgrand_first_valid,14785191914025880258,True,0.5,0.5,0.3,0.0,2.0,slip_10_3,True,63,0,16,True,False,,first_valid_witness,26,26,63,21,1,1,0,26,False,0.0013603130355477333,-14.94554585202598,,,0.3333333333333333
mismatch,M64_DENSE_NOISE,M64_DENSE_NOISE_c0_t16,64,56,0.875,dense,7.0,14785191914025880258,per_state_grand_sweep,14785191914025880258,True,0.5,0.5,0.3,0.0,2.0,slip_10_3,True,63,0,16,True,False,,best_fixed_state_codeword,14534,14534,63,63,61,53,0,14534,True,0.07861255994066596,-14.94554585202598,,,1.0
mismatch,M64_DENSE_NOISE,M64_DENSE_NOISE_c0_t16,64,56,0.875,dense,7.0,14785191914025880258,plain_reliability_grand,14785189138997645456,False,0.5,0.5,0.3,0.0,2.0,slip_10_3,True,63,0,16,True,False,,first_valid_witness,381,381,1,1,1,1,0,381,False,0.002256621024571359,-20.183912076786818,,,1.0
mismatch,M64_DENSE_NOISE,M64_DENSE_NOISE_c0_t16,64,56,0.875,dense,7.0,14785191914025880258,latent_osd_order2,14785191914025880258,True,0.5,0.5,0.3,0.0,2.0,slip_10_3,True,63,0,16,True,False,,best_complete_marginal_score_in_osd_list,0,0,63,24,2607,2195,2195,138285,False,1.898840470938012,-14.795309460673357,,,0.38095238095238093
mismatch,M64_DENSE_NOISE,M64_DENSE_NOISE_c0_t17,64,56,0.875,dense,7.0,10358548836509541242,lsgrand_certified,10358548836509541242,True,0.5,0.5,0.3,0.0,2.0,slip_10_3,True,63,0,17,True,True,0.0018114014156651592,strict_unseen_codeword_certificate,17024,17024,63,63,59,55,0,17024,False,0.3626491839531809,-25.914244254108223,76.0,224.0,1.0
mismatch,M64_DENSE_NOISE,M64_DENSE_NOISE_c0_t17,64,56,0.875,dense,7.0,10358548836509541242,lsgrand_first_valid,10358548836509541242,True,0.5,0.5,0.3,0.0,2.0,slip_10_3,True,63,0,17,True,False,,first_valid_witness,76,76,63,21,1,1,0,76,False,0.0016428920207545161,-26.09421796411789,,,0.3333333333333333
mismatch,M64_DENSE_NOISE,M64_DENSE_NOISE_c0_t17,64,56,0.875,dense,7.0,10358548836509541242,per_state_grand_sweep,10358548836509541242,True,0.5,0.5,0.3,0.0,2.0,slip_10_3,True,63,0,17,True,False,,best_fixed_state_codeword,15141,15141,63,63,61,54,0,15141,True,0.08015556796453893,-26.09421796411789,,,1.0
mismatch,M64_DENSE_NOISE,M64_DENSE_NOISE_c0_t17,64,56,0.875,dense,7.0,10358548836509541242,plain_reliability_grand,10358547224225040096,False,0.5,0.5,0.3,0.0,2.0,slip_10_3,True,63,0,17,True,False,,first_valid_witness,311,311,1,1,1,1,0,311,False,0.001804115017876029,-27.490192094164044,,,1.0
mismatch,M64_DENSE_NOISE,M64_DENSE_NOISE_c0_t17,64,56,0.875,dense,7.0,10358548836509541242,latent_osd_order2,10358548836509541242,True,0.5,0.5,0.3,0.0,2.0,slip_10_3,True,63,0,17,True,False,,best_complete_marginal_score_in_osd_list,0,0,63,24,2607,2330,2330,146790,False,2.1430694290902466,-25.912257526929075,,,0.38095238095238093
mismatch,M64_DENSE_NOISE,M64_DENSE_NOISE_c1_t0,64,56,0.875,dense,7.0,10585929976994905373,lsgrand_certified,11204508121618662114,False,0.5,0.5,0.3,0.0,2.0,slip_10_1,True,63,1,0,True,False,-0.0009660663708785933,query_cap_before_certificate,60000,60000,63,63,226,211,0,60000,True,3.7858307359274477,-26.53207814913044,26.0,2307.6923076923076,1.0
mismatch,M64_DENSE_NOISE,M64_DENSE_NOISE_c1_t0,64,56,0.875,dense,7.0,10585929976994905373,lsgrand_first_valid,11204508121618662114,False,0.5,0.5,0.3,0.0,2.0,slip_10_1,True,63,1,0,True,False,,first_valid_witness,26,26,63,5,1,1,0,26,False,0.0014966289745643735,-26.578869444194495,,,0.07936507936507936
mismatch,M64_DENSE_NOISE,M64_DENSE_NOISE_c1_t0,64,56,0.875,dense,7.0,10585929976994905373,per_state_grand_sweep,11204508121618662114,False,0.5,0.5,0.3,0.0,2.0,slip_10_1,True,63,1,0,True,False,,best_fixed_state_codeword,18024,18024,63,63,60,57,0,18024,True,0.10734829609282315,-26.578869444194495,,,1.0
mismatch,M64_DENSE_NOISE,M64_DENSE_NOISE_c1_t0,64,56,0.875,dense,7.0,10585929976994905373,plain_reliability_grand,10568472366660899972,False,0.5,0.5,0.3,0.0,2.0,slip_10_1,True,63,1,0,True,False,,first_valid_witness,225,225,1,1,1,1,0,225,False,0.0014499209355562925,-29.313094145755716,,,1.0
mismatch,M64_DENSE_NOISE,M64_DENSE_NOISE_c1_t0,64,56,0.875,dense,7.0,10585929976994905373,latent_osd_order2,11204508121618662114,False,0.5,0.5,0.3,0.0,2.0,slip_10_1,True,63,1,0,True,False,,best_complete_marginal_score_in_osd_list,0,0,63,24,2607,2345,2345,147735,False,2.1302476410055533,-26.532078142975525,,,0.38095238095238093
mismatch,M64_DENSE_NOISE,M64_DENSE_NOISE_c1_t1,64,56,0.875,dense,7.0,4428012263912842004,lsgrand_certified,4427982289215085803,False,0.5,0.5,0.3,0.0,2.0,slip_10_1,True,63,1,1,True,False,-0.05317456190259051,query_cap_before_certificate,60000,60000,63,63,227,200,0,60000,True,4.185151575016789,-26.63063637337206,181.0,331.49171270718233,1.0
mismatch,M64_DENSE_NOISE,M64_DENSE_NOISE_c1_t1,64,56,0.875,dense,7.0,4428012263912842004,lsgrand_first_valid,4427982289215085803,False,0.5,0.5,0.3,0.0,2.0,slip_10_1,True,63,1,1,True,False,,first_valid_witness,181,181,63,63,1,1,0,181,False,0.0023679729783907533,-26.67729127031026,,,1.0
mismatch,M64_DENSE_NOISE,M64_DENSE_NOISE_c1_t1,64,56,0.875,dense,7.0,4428012263912842004,per_state_grand_sweep,4427982289215085803,False,0.5,0.5,0.3,0.0,2.0,slip_10_1,True,63,1,1,True,False,,best_fixed_state_codeword,16426,16426,63,63,58,49,0,16426,True,0.09181822999380529,-26.67729127031026,,,1.0
mismatch,M64_DENSE_NOISE,M64_DENSE_NOISE_c1_t1,64,56,0.875,dense,7.0,4428012263912842004,plain_reliability_grand,4423503267225844098,False,0.5,0.5,0.3,0.0,2.0,slip_10_1,True,63,1,1,True,False,,first_valid_witness,388,388,1,1,1,1,0,388,False,0.0023593080695718527,-27.504395511173875,,,1.0
mismatch,M64_DENSE_NOISE,M64_DENSE_NOISE_c1_t1,64,56,0.875,dense,7.0,4428012263912842004,latent_osd_order2,4427982289215085803,False,0.5,0.5,0.3,0.0,2.0,slip_10_1,True,63,1,1,True,False,,best_complete_marginal_score_in_osd_list,0,0,63,24,2607,2404,2404,151452,False,2.331884755054489,-26.629339508152633,,,0.38095238095238093
mismatch,M64_DENSE_NOISE,M64_DENSE_NOISE_c1_t2,64,56,0.875,dense,7.0,2051780284879870261,lsgrand_certified,2051780284879870261,True,0.5,0.5,0.3,0.0,2.0,slip_10_3,True,63,1,2,True,True,0.001323760122179607,strict_unseen_codeword_certificate,9664,9664,63,63,43,40,0,9664,False,0.16897689492907375,-22.745555372624207,78.0,123.8974358974359,1.0
mismatch,M64_DENSE_NOISE,M64_DENSE_NOISE_c1_t2,64,56,0.875,dense,7.0,2051780284879870261,lsgrand_first_valid,2051780284879870261,True,0.5,0.5,0.3,0.0,2.0,slip_10_3,True,63,1,2,True,False,,first_valid_witness,78,78,63,21,1,1,0,78,False,0.0018152670236304402,-22.745555372624207,,,0.3333333333333333
mismatch,M64_DENSE_NOISE,M64_DENSE_NOISE_c1_t2,64,56,0.875,dense,7.0,2051780284879870261,per_state_grand_sweep,2051780284879870261,True,0.5,0.5,0.3,0.0,2.0,slip_10_3,True,63,1,2,True,False,,best_fixed_state_codeword,17756,17756,63,63,58,50,0,17756,True,0.10360460297670215,-22.745555372624207,,,1.0
mismatch,M64_DENSE_NOISE,M64_DENSE_NOISE_c1_t2,64,56,0.875,dense,7.0,2051780284879870261,plain_reliability_grand,2051785289025745775,False,0.5,0.5,0.3,0.0,2.0,slip_10_3,True,63,1,2,True,False,,first_valid_witness,101,101,1,1,1,1,0,101,False,0.00066382996737957,-22.629635856266496,,,1.0
mismatch,M64_DENSE_NOISE,M64_DENSE_NOISE_c1_t2,64,56,0.875,dense,7.0,2051780284879870261,latent_osd_order2,2051780284879870261,True,0.5,0.5,0.3,0.0,2.0,slip_10_3,True,63,1,2,True,False,,best_complete_marginal_score_in_osd_list,0,0,63,24,2607,2145,2145,135135,False,2.1793903440702707,-22.742192448142845,,,0.38095238095238093
mismatch,M64_DENSE_NOISE,M64_DENSE_NOISE_c1_t3,64,56,0.875,dense,7.0,1016778939824329592,lsgrand_certified,1016778939824329592,True,0.5,0.5,0.3,0.0,2.0,slip_10_1,True,63,1,3,True,True,0.00277898699512491,strict_unseen_codeword_certificate,13568,13568,63,63,50,47,0,13568,False,0.2936059759231284,-26.358814791461946,104.0,130.46153846153845,1.0
mismatch,M64_DENSE_NOISE,M64_DENSE_NOISE_c1_t3,64,56,0.875,dense,7.0,1016778939824329592,lsgrand_first_valid,1016786046483515678,False,0.5,0.5,0.3,0.0,2.0,slip_10_1,True,63,1,3,True,False,,first_valid_witness,74,74,63,1,1,1,0,74,False,0.0016791550442576408,-26.691198431627022,,,0.015873015873015872
mismatch,M64_DENSE_NOISE,M64_DENSE_NOISE_c1_t3,64,56,0.875,dense,7.0,1016778939824329592,per_state_grand_sweep,1016786046483515678,False,0.5,0.5,0.3,0.0,2.0,slip_10_1,True,63,1,3,True,False,,best_fixed_state_codeword,16391,16391,63,63,61,56,0,16391,True,0.08920872502494603,-26.691198431627022,,,1.0
mismatch,M64_DENSE_NOISE,M64_DENSE_NOISE_c1_t3,64,56,0.875,dense,7.0,1016778939824329592,plain_reliability_grand,1016786046483515678,False,0.5,0.5,0.3,0.0,2.0,slip_10_1,True,63,1,3,True,False,,first_valid_witness,74,74,1,1,1,1,0,74,False,0.00046204705722630024,-25.99805125106708,,,1.0
mismatch,M64_DENSE_NOISE,M64_DENSE_NOISE_c1_t3,64,56,0.875,dense,7.0,1016778939824329592,latent_osd_order2,1016778939824329592,True,0.5,0.5,0.3,0.0,2.0,slip_10_1,True,63,1,3,True,False,,best_complete_marginal_score_in_osd_list,0,0,63,24,2607,2428,2428,152964,False,2.228949240059592,-26.35868600031025,,,0.38095238095238093
mismatch,M64_DENSE_NOISE,M64_DENSE_NOISE_c1_t4,64,56,0.875,dense,7.0,3249153798089225,lsgrand_certified,3249153798089225,True,0.5,0.5,0.3,0.0,2.0,no_slip,True,63,1,4,True,True,0.09771907015339565,strict_unseen_codeword_certificate,448,448,63,63,4,2,0,448,False,0.004918060032650828,-20.87340775622328,4.0,112.0,1.0
mismatch,M64_DENSE_NOISE,M64_DENSE_NOISE_c1_t4,64,56,0.875,dense,7.0,3249153798089225,lsgrand_first_valid,3249153798089225,True,0.5,0.5,0.3,0.0,2.0,no_slip,True,63,1,4,True,False,,first_valid_witness,4,4,63,1,1,1,0,4,False,0.0012933199759572744,-20.89975274208958,,,0.015873015873015872
mismatch,M64_DENSE_NOISE,M64_DENSE_NOISE_c1_t4,64,56,0.875,dense,7.0,3249153798089225,per_state_grand_sweep,3249153798089225,True,0.5,0.5,0.3,0.0,2.0,no_slip,True,63,1,4,True,False,,best_fixed_state_codeword,16481,16481,63,63,59,53,0,16481,True,0.09994889807421714,-20.89975274208958,,,1.0
mismatch,M64_DENSE_NOISE,M64_DENSE_NOISE_c1_t4,64,56,0.875,dense,7.0,3249153798089225,plain_reliability_grand,3249153798089225,True,0.5,0.5,0.3,0.0,2.0,no_slip,True,63,1,4,True,False,,first_valid_witness,4,4,1,1,1,1,0,4,False,6.950495298951864e-05,-20.206605561529635,,,1.0
mismatch,M64_DENSE_NOISE,M64_DENSE_NOISE_c1_t4,64,56,0.875,dense,7.0,3249153798089225,latent_osd_order2,3249153798089225,True,0.5,0.5,0.3,0.0,2.0,no_slip,True,63,1,4,True,False,,best_complete_marginal_score_in_osd_list,0,0,63,24,2607,2216,2216,139608,False,2.3338238659780473,-20.873327926704313,,,0.38095238095238093
mismatch,M64_DENSE_NOISE,M64_DENSE_NOISE_c1_t5,64,56,0.875,dense,7.0,8648605280634165534,lsgrand_certified,8648605280634165534,True,0.5,0.5,0.3,0.0,2.0,no_slip,True,63,1,5,True,True,0.7140085047993949,strict_unseen_codeword_certificate,64,64,63,49,1,1,0,64,False,0.0018970959354192019,-17.27506309031321,1.0,64.0,0.7777777777777778
mismatch,M64_DENSE_NOISE,M64_DENSE_NOISE_c1_t5,64,56,0.875,dense,7.0,8648605280634165534,lsgrand_first_valid,8648605280634165534,True,0.5,0.5,0.3,0.0,2.0,no_slip,True,63,1,5,True,False,,first_valid_witness,1,1,63,1,1,1,0,1,False,0.0012131500989198685,-17.27506309031321,,,0.015873015873015872
mismatch,M64_DENSE_NOISE,M64_DENSE_NOISE_c1_t5,64,56,0.875,dense,7.0,8648605280634165534,per_state_grand_sweep,8648605280634165534,True,0.5,0.5,0.3,0.0,2.0,no_slip,True,63,1,5,True,False,,best_fixed_state_codeword,17258,17258,63,63,62,59,0,17258,True,0.1032356140203774,-17.27506309031321,,,1.0
mismatch,M64_DENSE_NOISE,M64_DENSE_NOISE_c1_t5,64,56,0.875,dense,7.0,8648605280634165534,plain_reliability_grand,8648605280634165534,True,0.5,0.5,0.3,0.0,2.0,no_slip,True,63,1,5,True,False,,first_valid_witness,1,1,1,1,1,1,0,1,False,4.546600393950939e-05,-16.581915909753267,,,1.0
mismatch,M64_DENSE_NOISE,M64_DENSE_NOISE_c1_t5,64,56,0.875,dense,7.0,8648605280634165534,latent_osd_order2,8648605280634165534,True,0.5,0.5,0.3,0.0,2.0,no_slip,True,63,1,5,True,False,,best_complete_marginal_score_in_osd_list,0,0,63,24,2607,2341,2341,147483,False,2.4924866589717567,-17.27394035518458,,,0.38095238095238093
mismatch,M64_DENSE_NOISE,M64_DENSE_NOISE_c1_t6,64,56,0.875,dense,7.0,9996506655520883340,lsgrand_certified,9996506655520883340,True,0.5,0.5,0.3,0.0,2.0,slip_10_1,True,63,1,6,True,True,0.11772931932241804,strict_unseen_codeword_certificate,1460,1460,63,63,7,7,0,1460,False,0.016258490970358253,-19.303516905406973,37.0,39.45945945945946,1.0
mismatch,M64_DENSE_NOISE,M64_DENSE_NOISE_c1_t6,64,56,0.875,dense,7.0,9996506655520883340,lsgrand_first_valid,9996506655520883340,True,0.5,0.5,0.3,0.0,2.0,slip_10_1,True,63,1,6,True,False,,first_valid_witness,37,37,63,20,1,1,0,37,False,0.0017286890652030706,-19.303516905406973,,,0.31746031746031744
mismatch,M64_DENSE_NOISE,M64_DENSE_NOISE_c1_t6,64,56,0.875,dense,7.0,9996506655520883340,per_state_grand_sweep,9996506655520883340,True,0.5,0.5,0.3,0.0,2.0,slip_10_1,True,63,1,6,True,False,,best_fixed_state_codeword,16219,16219,63,63,61,56,0,16219,True,0.10387414693832397,-19.303516905406973,,,1.0
mismatch,M64_DENSE_NOISE,M64_DENSE_NOISE_c1_t6,64,56,0.875,dense,7.0,9996506655520883340,plain_reliability_grand,9996500524648819686,False,0.5,0.5,0.3,0.0,2.0,slip_10_1,True,63,1,6,True,False,,first_valid_witness,161,161,1,1,1,1,0,161,False,0.0011523949215188622,-21.75368553057455,,,1.0
mismatch,M64_DENSE_NOISE,M64_DENSE_NOISE_c1_t6,64,56,0.875,dense,7.0,9996506655520883340,latent_osd_order2,9996506655520883340,True,0.5,0.5,0.3,0.0,2.0,slip_10_1,True,63,1,6,True,False,,best_complete_marginal_score_in_osd_list,0,0,63,24,2607,2283,2283,143829,False,2.4761542639462277,-19.299628118297846,,,0.38095238095238093
mismatch,M64_DENSE_NOISE,M64_DENSE_NOISE_c1_t7,64,56,0.875,dense,7.0,11066225821183311569,lsgrand_certified,11066225821183311569,True,0.5,0.5,0.3,0.0,2.0,slip_10_1,True,63,1,7,True,True,0.0011908835639822257,strict_unseen_codeword_certificate,4890,4890,63,63,36,32,0,4890,False,0.10094165906775743,-23.01407060865645,61.0,80.1639344262295,1.0
mismatch,M64_DENSE_NOISE,M64_DENSE_NOISE_c1_t7,64,56,0.875,dense,7.0,11066225821183311569,lsgrand_first_valid,11066225821183311569,True,0.5,0.5,0.3,0.0,2.0,slip_10_1,True,63,1,7,True,False,,first_valid_witness,61,61,63,20,1,1,0,61,False,0.0019068180117756128,-23.036117981268404,,,0.31746031746031744
mismatch,M64_DENSE_NOISE,M64_DENSE_NOISE_c1_t7,64,56,0.875,dense,7.0,11066225821183311569,per_state_grand_sweep,11066225821183311569,True,0.5,0.5,0.3,0.0,2.0,slip_10_1,True,63,1,7,True,False,,best_fixed_state_codeword,11988,11988,63,63,61,57,0,11988,True,0.07552104000933468,-23.036117981268404,,,1.0
mismatch,M64_DENSE_NOISE,M64_DENSE_NOISE_c1_t7,64,56,0.875,dense,7.0,11066225821183311569,plain_reliability_grand,11066233146880774976,False,0.5,0.5,0.3,0.0,2.0,slip_10_1,True,63,1,7,True,False,,first_valid_witness,149,149,1,1,1,1,0,149,False,0.0010015580337494612,-24.219269971130934,,,1.0
mismatch,M64_DENSE_NOISE,M64_DENSE_NOISE_c1_t7,64,56,0.875,dense,7.0,11066225821183311569,latent_osd_order2,11066225821183311569,True,0.5,0.5,0.3,0.0,2.0,slip_10_1,True,63,1,7,True,False,,best_complete_marginal_score_in_osd_list,0,0,63,24,2607,2355,2355,148365,False,2.460806449991651,-23.012658287370588,,,0.38095238095238093
mismatch,M64_DENSE_NOISE,M64_DENSE_NOISE_c1_t8,64,56,0.875,dense,7.0,2345304880149699174,lsgrand_certified,2345307752604496588,False,0.5,0.5,0.3,0.0,2.0,slip_10_3,True,63,1,8,True,True,0.057776782462688914,strict_unseen_codeword_certificate,1024,1024,63,63,6,6,0,1024,False,0.012448886060155928,-21.547953252653812,10.0,102.4,1.0
mismatch,M64_DENSE_NOISE,M64_DENSE_NOISE_c1_t8,64,56,0.875,dense,7.0,2345304880149699174,lsgrand_first_valid,2345307752604496588,False,0.5,0.5,0.3,0.0,2.0,slip_10_3,True,63,1,8,True,False,,first_valid_witness,10,10,63,1,1,1,0,10,False,0.0015071029774844646,-21.547953252653812,,,0.015873015873015872
mismatch,M64_DENSE_NOISE,M64_DENSE_NOISE_c1_t8,64,56,0.875,dense,7.0,2345304880149699174,per_state_grand_sweep,2345307752604496588,False,0.5,0.5,0.3,0.0,2.0,slip_10_3,True,63,1,8,True,False,,best_fixed_state_codeword,10357,10357,63,63,63,54,0,10357,False,0.06704716000240296,-21.547953252653812,,,1.0
mismatch,M64_DENSE_NOISE,M64_DENSE_NOISE_c1_t8,64,56,0.875,dense,7.0,2345304880149699174,plain_reliability_grand,2345307752604496588,False,0.5,0.5,0.3,0.0,2.0,slip_10_3,True,63,1,8,True,False,,first_valid_witness,10,10,1,1,1,1,0,10,False,0.00011499400716274977,-20.85480607209387,,,1.0
mismatch,M64_DENSE_NOISE,M64_DENSE_NOISE_c1_t8,64,56,0.875,dense,7.0,2345304880149699174,latent_osd_order2,2345307752604496588,False,0.5,0.5,0.3,0.0,2.0,slip_10_3,True,63,1,8,True,False,,best_complete_marginal_score_in_osd_list,0,0,63,24,2607,2328,2328,146664,False,2.568154075066559,-21.54794961754486,,,0.38095238095238093
mismatch,M64_DENSE_NOISE,M64_DENSE_NOISE_c1_t9,64,56,0.875,dense,7.0,16368395972374758365,lsgrand_certified,16368395972374758365,True,0.5,0.5,0.3,0.0,2.0,no_slip,True,63,1,9,True,True,0.13724452202713877,strict_unseen_codeword_certificate,192,192,63,63,1,1,0,192,False,0.004344723070971668,-18.681900036992282,2.0,96.0,1.0
mismatch,M64_DENSE_NOISE,M64_DENSE_NOISE_c1_t9,64,56,0.875,dense,7.0,16368395972374758365,lsgrand_first_valid,16368395972374758365,True,0.5,0.5,0.3,0.0,2.0,no_slip,True,63,1,9,True,False,,first_valid_witness,2,2,63,1,1,1,0,2,False,0.0012906070332974195,-18.681900036992282,,,0.015873015873015872
mismatch,M64_DENSE_NOISE,M64_DENSE_NOISE_c1_t9,64,56,0.875,dense,7.0,16368395972374758365,per_state_grand_sweep,16368395972374758365,True,0.5,0.5,0.3,0.0,2.0,no_slip,True,63,1,9,True,False,,best_fixed_state_codeword,20366,20366,63,63,59,54,0,20366,True,0.11881938297301531,-18.681900036992282,,,1.0
mismatch,M64_DENSE_NOISE,M64_DENSE_NOISE_c1_t9,64,56,0.875,dense,7.0,16368395972374758365,plain_reliability_grand,16368395972374758365,True,0.5,0.5,0.3,0.0,2.0,no_slip,True,63,1,9,True,False,,first_valid_witness,2,2,1,1,1,1,0,2,False,5.507795140147209e-05,-17.98875285643234,,,1.0
mismatch,M64_DENSE_NOISE,M64_DENSE_NOISE_c1_t9,64,56,0.875,dense,7.0,16368395972374758365,latent_osd_order2,16368395972374758365,True,0.5,0.5,0.3,0.0,2.0,no_slip,True,63,1,9,True,False,,best_complete_marginal_score_in_osd_list,0,0,63,24,2607,2418,2418,152334,False,2.379762355936691,-18.681713028822607,,,0.38095238095238093
mismatch,M64_DENSE_NOISE,M64_DENSE_NOISE_c1_t10,64,56,0.875,dense,7.0,13622107561151342414,lsgrand_certified,13622107561151342414,True,0.5,0.5,0.3,0.0,2.0,slip_10_3,True,63,1,10,True,True,0.0017058020853646383,strict_unseen_codeword_certificate,20288,20288,63,63,79,75,0,20288,False,0.6296917230356485,-23.503919276886407,341.0,59.495601173020525,1.0
mismatch,M64_DENSE_NOISE,M64_DENSE_NOISE_c1_t10,64,56,0.875,dense,7.0,13622107561151342414,lsgrand_first_valid,13622107561151342414,True,0.5,0.5,0.3,0.0,2.0,slip_10_3,True,63,1,10,True,False,,first_valid_witness,341,341,63,63,1,1,0,341,False,0.0035651898942887783,-23.560189316061017,,,1.0
mismatch,M64_DENSE_NOISE,M64_DENSE_NOISE_c1_t10,64,56,0.875,dense,7.0,13622107561151342414,per_state_grand_sweep,13622107561151342414,True,0.5,0.5,0.3,0.0,2.0,slip_10_3,True,63,1,10,True,False,,best_fixed_state_codeword,15395,15395,63,63,62,58,0,15395,True,0.09196969505865127,-23.560189316061017,,,1.0
mismatch,M64_DENSE_NOISE,M64_DENSE_NOISE_c1_t10,64,56,0.875,dense,7.0,13622107561151342414,plain_reliability_grand,13622111303689309896,False,0.5,0.5,0.3,0.0,2.0,slip_10_3,True,63,1,10,True,False,,first_valid_witness,557,557,1,1,1,1,0,557,False,0.0036351870512589812,-24.844847505050517,,,1.0
mismatch,M64_DENSE_NOISE,M64_DENSE_NOISE_c1_t10,64,56,0.875,dense,7.0,13622107561151342414,latent_osd_order2,13622107561151342414,True,0.5,0.5,0.3,0.0,2.0,slip_10_3,True,63,1,10,True,False,,best_complete_marginal_score_in_osd_list,0,0,63,24,2607,2487,2487,156681,False,2.296792292036116,-23.499671345612192,,,0.38095238095238093
mismatch,M64_DENSE_NOISE,M64_DENSE_NOISE_c1_t11,64,56,0.875,dense,7.0,2412507296434220427,lsgrand_certified,2412507296434220427,True,0.5,0.5,0.3,0.0,2.0,no_slip,True,63,1,11,True,True,0.4750219650446006,strict_unseen_codeword_certificate,64,64,63,42,1,1,0,64,False,0.001971759949810803,-16.5400411404849,1.0,64.0,0.6666666666666666
mismatch,M64_DENSE_NOISE,M64_DENSE_NOISE_c1_t11,64,56,0.875,dense,7.0,2412507296434220427,lsgrand_first_valid,2412507296434220427,True,0.5,0.5,0.3,0.0,2.0,no_slip,True,63,1,11,True,False,,first_valid_witness,1,1,63,1,1,1,0,1,False,0.0012625620001927018,-16.5400411404849,,,0.015873015873015872
mismatch,M64_DENSE_NOISE,M64_DENSE_NOISE_c1_t11,64,56,0.875,dense,7.0,2412507296434220427,per_state_grand_sweep,2412507296434220427,True,0.5,0.5,0.3,0.0,2.0,no_slip,True,63,1,11,True,False,,best_fixed_state_codeword,20551,20551,63,63,59,56,0,20551,True,0.1267531430348754,-16.5400411404849,,,1.0
mismatch,M64_DENSE_NOISE,M64_DENSE_NOISE_c1_t11,64,56,0.875,dense,7.0,2412507296434220427,plain_reliability_grand,2412507296434220427,True,0.5,0.5,0.3,0.0,2.0,no_slip,True,63,1,11,True,False,,first_valid_witness,1,1,1,1,1,1,0,1,False,4.435400478541851e-05,-15.846893959924953,,,1.0
mismatch,M64_DENSE_NOISE,M64_DENSE_NOISE_c1_t11,64,56,0.875,dense,7.0,2412507296434220427,latent_osd_order2,2412507296434220427,True,0.5,0.5,0.3,0.0,2.0,no_slip,True,63,1,11,True,False,,best_complete_marginal_score_in_osd_list,0,0,63,24,2607,2184,2184,137592,False,2.2852842239663005,-16.539419873415135,,,0.38095238095238093
mismatch,M64_DENSE_NOISE,M64_DENSE_NOISE_c1_t12,64,56,0.875,dense,7.0,9571265879753279273,lsgrand_certified,9570897308291971286,False,0.5,0.5,0.3,0.0,2.0,slip_10_3,True,63,1,12,True,True,0.05906811706316617,strict_unseen_codeword_certificate,1728,1728,63,63,8,7,0,1728,False,0.019403169979341328,-19.125366776600355,32.0,54.0,1.0
mismatch,M64_DENSE_NOISE,M64_DENSE_NOISE_c1_t12,64,56,0.875,dense,7.0,9571265879753279273,lsgrand_first_valid,9570897308291971286,False,0.5,0.5,0.3,0.0,2.0,slip_10_3,True,63,1,12,True,False,,first_valid_witness,32,32,63,14,1,1,0,32,False,0.0015862240688875318,-19.151752548408513,,,0.2222222222222222
mismatch,M64_DENSE_NOISE,M64_DENSE_NOISE_c1_t12,64,56,0.875,dense,7.0,9571265879753279273,per_state_grand_sweep,9570897308291971286,False,0.5,0.5,0.3,0.0,2.0,slip_10_3,True,63,1,12,True,False,,best_fixed_state_codeword,18574,18574,63,63,57,51,0,18574,True,0.11165756999980658,-19.151752548408513,,,1.0
mismatch,M64_DENSE_NOISE,M64_DENSE_NOISE_c1_t12,64,56,0.875,dense,7.0,9571265879753279273,plain_reliability_grand,9571273128005770827,False,0.5,0.5,0.3,0.0,2.0,slip_10_3,True,63,1,12,True,False,,first_valid_witness,95,95,1,1,1,1,0,95,False,0.0006328709423542023,-20.744732416673706,,,1.0
mismatch,M64_DENSE_NOISE,M64_DENSE_NOISE_c1_t12,64,56,0.875,dense,7.0,9571265879753279273,latent_osd_order2,9570897308291971286,False,0.5,0.5,0.3,0.0,2.0,slip_10_3,True,63,1,12,True,False,,best_complete_marginal_score_in_osd_list,0,0,63,24,2607,2287,2287,144081,False,2.1576613140059635,-19.121702813119512,,,0.38095238095238093
mismatch,M64_DENSE_NOISE,M64_DENSE_NOISE_c1_t13,64,56,0.875,dense,7.0,18066320927950311495,lsgrand_certified,18066320927950311495,True,0.5,0.5,0.3,0.0,2.0,no_slip,True,63,1,13,True,True,0.731810213399573,strict_unseen_codeword_certificate,383,383,63,63,3,3,0,383,False,0.004419500008225441,-20.16080492208228,4.0,95.75,1.0
mismatch,M64_DENSE_NOISE,M64_DENSE_NOISE_c1_t13,64,56,0.875,dense,7.0,18066320927950311495,lsgrand_first_valid,18066320927950311495,True,0.5,0.5,0.3,0.0,2.0,no_slip,True,63,1,13,True,False,,first_valid_witness,4,4,63,1,1,1,0,4,False,0.001303197001107037,-20.16080492208228,,,0.015873015873015872
mismatch,M64_DENSE_NOISE,M64_DENSE_NOISE_c1_t13,64,56,0.875,dense,7.0,18066320927950311495,per_state_grand_sweep,18066320927950311495,True,0.5,0.5,0.3,0.0,2.0,no_slip,True,63,1,13,True,False,,best_fixed_state_codeword,15675,15675,63,63,62,57,0,15675,True,0.08917755098082125,-20.16080492208228,,,1.0
mismatch,M64_DENSE_NOISE,M64_DENSE_NOISE_c1_t13,64,56,0.875,dense,7.0,18066320927950311495,plain_reliability_grand,18066320927950311495,True,0.5,0.5,0.3,0.0,2.0,no_slip,True,63,1,13,True,False,,first_valid_witness,4,4,1,1,1,1,0,4,False,7.077399641275406e-05,-19.467657741522338,,,1.0
mismatch,M64_DENSE_NOISE,M64_DENSE_NOISE_c1_t13,64,56,0.875,dense,7.0,18066320927950311495,latent_osd_order2,18066320927950311495,True,0.5,0.5,0.3,0.0,2.0,no_slip,True,63,1,13,True,False,,best_complete_marginal_score_in_osd_list,0,0,63,24,2607,2351,2351,148113,False,2.172460834030062,-20.160729761574803,,,0.38095238095238093
mismatch,M64_DENSE_NOISE,M64_DENSE_NOISE_c1_t14,64,56,0.875,dense,7.0,2200001285819862278,lsgrand_certified,2200004884283761831,False,0.5,0.5,0.3,0.0,2.0,slip_10_1,True,63,1,14,True,True,0.01694450756266974,strict_unseen_codeword_certificate,574,574,63,63,3,3,0,574,False,0.005937326932325959,-17.13047048032812,7.0,82.0,1.0
mismatch,M64_DENSE_NOISE,M64_DENSE_NOISE_c1_t14,64,56,0.875,dense,7.0,2200001285819862278,lsgrand_first_valid,2200004884283761831,False,0.5,0.5,0.3,0.0,2.0,slip_10_1,True,63,1,14,True,False,,first_valid_witness,7,7,63,1,1,1,0,7,False,0.0013348120264708996,-17.13047048032812,,,0.015873015873015872
mismatch,M64_DENSE_NOISE,M64_DENSE_NOISE_c1_t14,64,56,0.875,dense,7.0,2200001285819862278,per_state_grand_sweep,2200004884283761831,False,0.5,0.5,0.3,0.0,2.0,slip_10_1,True,63,1,14,True,False,,best_fixed_state_codeword,13477,13477,63,63,61,53,0,13477,True,0.07772514293901622,-17.13047048032812,,,1.0
mismatch,M64_DENSE_NOISE,M64_DENSE_NOISE_c1_t14,64,56,0.875,dense,7.0,2200001285819862278,plain_reliability_grand,2200004884283761831,False,0.5,0.5,0.3,0.0,2.0,slip_10_1,True,63,1,14,True,False,,first_valid_witness,7,7,1,1,1,1,0,7,False,8.12289072200656e-05,-16.437323299768174,,,1.0
mismatch,M64_DENSE_NOISE,M64_DENSE_NOISE_c1_t14,64,56,0.875,dense,7.0,2200001285819862278,latent_osd_order2,2200004884283761831,False,0.5,0.5,0.3,0.0,2.0,slip_10_1,True,63,1,14,True,False,,best_complete_marginal_score_in_osd_list,0,0,63,24,2607,2219,2219,139797,False,1.9250644959975034,-17.12764932882962,,,0.38095238095238093
mismatch,M64_DENSE_NOISE,M64_DENSE_NOISE_c1_t15,64,56,0.875,dense,7.0,547712547990324944,lsgrand_certified,547712547990324944,True,0.5,0.5,0.3,0.0,2.0,no_slip,True,63,1,15,True,True,0.7488743738860499,strict_unseen_codeword_certificate,64,64,63,43,1,1,0,64,False,0.0018825350562110543,-18.161148391790295,1.0,64.0,0.6825396825396826
mismatch,M64_DENSE_NOISE,M64_DENSE_NOISE_c1_t15,64,56,0.875,dense,7.0,547712547990324944,lsgrand_first_valid,547712547990324944,True,0.5,0.5,0.3,0.0,2.0,no_slip,True,63,1,15,True,False,,first_valid_witness,1,1,63,1,1,1,0,1,False,0.0011145529570057988,-18.161148391790295,,,0.015873015873015872
mismatch,M64_DENSE_NOISE,M64_DENSE_NOISE_c1_t15,64,56,0.875,dense,7.0,547712547990324944,per_state_grand_sweep,547712547990324944,True,0.5,0.5,0.3,0.0,2.0,no_slip,True,63,1,15,True,False,,best_fixed_state_codeword,17960,17960,63,63,60,54,0,17960,True,0.09532539895735681,-18.161148391790295,,,1.0
mismatch,M64_DENSE_NOISE,M64_DENSE_NOISE_c1_t15,64,56,0.875,dense,7.0,547712547990324944,plain_reliability_grand,547712547990324944,True,0.5,0.5,0.3,0.0,2.0,no_slip,True,63,1,15,True,False,,first_valid_witness,1,1,1,1,1,1,0,1,False,3.7400983273983e-05,-17.46800121123035,,,1.0
mismatch,M64_DENSE_NOISE,M64_DENSE_NOISE_c1_t15,64,56,0.875,dense,7.0,547712547990324944,latent_osd_order2,547712547990324944,True,0.5,0.5,0.3,0.0,2.0,no_slip,True,63,1,15,True,False,,best_complete_marginal_score_in_osd_list,0,0,63,24,2607,2296,2296,144648,False,1.96593645401299,-18.159646730549543,,,0.38095238095238093
mismatch,M64_DENSE_NOISE,M64_DENSE_NOISE_c1_t16,64,56,0.875,dense,7.0,8194491967485425652,lsgrand_certified,8194491967485425652,True,0.5,0.5,0.3,0.0,2.0,no_slip,True,63,1,16,True,True,0.23040173110265272,strict_unseen_codeword_certificate,448,448,63,63,1,1,0,448,False,0.004162723082117736,-20.471765054499766,6.0,74.66666666666667,1.0
mismatch,M64_DENSE_NOISE,M64_DENSE_NOISE_c1_t16,64,56,0.875,dense,7.0,8194491967485425652,lsgrand_first_valid,8194491967485425652,True,0.5,0.5,0.3,0.0,2.0,no_slip,True,63,1,16,True,False,,first_valid_witness,6,6,63,1,1,1,0,6,False,0.0011431080056354403,-20.471765054499766,,,0.015873015873015872
mismatch,M64_DENSE_NOISE,M64_DENSE_NOISE_c1_t16,64,56,0.875,dense,7.0,8194491967485425652,per_state_grand_sweep,8194491967485425652,True,0.5,0.5,0.3,0.0,2.0,no_slip,True,63,1,16,True,False,,best_fixed_state_codeword,18514,18514,63,63,61,58,0,18514,True,0.09380748507101089,-20.471765054499766,,,1.0
mismatch,M64_DENSE_NOISE,M64_DENSE_NOISE_c1_t16,64,56,0.875,dense,7.0,8194491967485425652,plain_reliability_grand,8194491967485425652,True,0.5,0.5,0.3,0.0,2.0,no_slip,True,63,1,16,True,False,,first_valid_witness,6,6,1,1,1,1,0,6,False,7.043802179396152e-05,-19.778617873939822,,,1.0
mismatch,M64_DENSE_NOISE,M64_DENSE_NOISE_c1_t16,64,56,0.875,dense,7.0,8194491967485425652,latent_osd_order2,8194491967485425652,True,0.5,0.5,0.3,0.0,2.0,no_slip,True,63,1,16,True,False,,best_complete_marginal_score_in_osd_list,0,0,63,24,2607,2341,2341,147483,False,2.030439806985669,-20.471709434048346,,,0.38095238095238093
mismatch,M64_DENSE_NOISE,M64_DENSE_NOISE_c1_t17,64,56,0.875,dense,7.0,4413796522289186483,lsgrand_certified,4413796522289186483,True,0.5,0.5,0.3,0.0,2.0,slip_10_1,True,63,1,17,True,True,0.014248746397285572,strict_unseen_codeword_certificate,1979,1979,63,63,8,7,0,1979,False,0.01960522390436381,-22.696031719152316,37.0,53.486486486486484,1.0
mismatch,M64_DENSE_NOISE,M64_DENSE_NOISE_c1_t17,64,56,0.875,dense,7.0,4413796522289186483,lsgrand_first_valid,4413796522289186483,True,0.5,0.5,0.3,0.0,2.0,slip_10_1,True,63,1,17,True,False,,first_valid_witness,37,37,63,20,1,1,0,37,False,0.0015060260193422437,-22.696031719152316,,,0.31746031746031744
mismatch,M64_DENSE_NOISE,M64_DENSE_NOISE_c1_t17,64,56,0.875,dense,7.0,4413796522289186483,per_state_grand_sweep,4413796522289186483,True,0.5,0.5,0.3,0.0,2.0,slip_10_1,True,63,1,17,True,False,,best_fixed_state_codeword,17443,17443,63,63,61,56,0,17443,True,0.09605709405150265,-22.696031719152316,,,1.0
mismatch,M64_DENSE_NOISE,M64_DENSE_NOISE_c1_t17,64,56,0.875,dense,7.0,4413796522289186483,plain_reliability_grand,3837333954666587097,False,0.5,0.5,0.3,0.0,2.0,slip_10_1,True,63,1,17,True,False,,first_valid_witness,120,120,1,1,1,1,0,120,False,0.0007260399870574474,-24.713871379572822,,,1.0
mismatch,M64_DENSE_NOISE,M64_DENSE_NOISE_c1_t17,64,56,0.875,dense,7.0,4413796522289186483,latent_osd_order2,4413796522289186483,True,0.5,0.5,0.3,0.0,2.0,slip_10_1,True,63,1,17,True,False,,best_complete_marginal_score_in_osd_list,0,0,63,24,2607,2300,2300,144900,False,2.0397311800625175,-22.695949882362374,,,0.38095238095238093
mismatch,M64_SPARSE_TWO_SLIP,M64_SPARSE_TWO_SLIP_c0_t0,64,56,0.875,sparse,7.0,5364540906842671067,lsgrand_certified,5358107593461413924,False,0.8,0.5,,0.15,0.0,two_slip_5_1_9_1,False,63,0,0,True,True,0.020003990524307014,strict_unseen_codeword_certificate,128,128,63,63,3,3,0,128,False,0.0024812890915200114,-15.469716068037933,2.0,64.0,1.0
mismatch,M64_SPARSE_TWO_SLIP,M64_SPARSE_TWO_SLIP_c0_t0,64,56,0.875,sparse,7.0,5364540906842671067,lsgrand_first_valid,5358107593461413924,False,0.8,0.5,,0.15,0.0,two_slip_5_1_9_1,False,63,0,0,True,False,,first_valid_witness,2,2,63,1,1,1,0,2,False,0.0011217569699510932,-15.469716068037933,,,0.015873015873015872
mismatch,M64_SPARSE_TWO_SLIP,M64_SPARSE_TWO_SLIP_c0_t0,64,56,0.875,sparse,7.0,5364540906842671067,per_state_grand_sweep,5358107593461413924,False,0.8,0.5,,0.15,0.0,two_slip_5_1_9_1,False,63,0,0,True,False,,best_fixed_state_codeword,41927,41927,63,63,27,24,0,41927,True,0.2267344300635159,-15.469716068037933,,,1.0
mismatch,M64_SPARSE_TWO_SLIP,M64_SPARSE_TWO_SLIP_c0_t0,64,56,0.875,sparse,7.0,5364540906842671067,plain_reliability_grand,5358107593461413924,False,0.8,0.5,,0.15,0.0,two_slip_5_1_9_1,False,63,0,0,True,False,,first_valid_witness,2,2,1,1,1,1,0,2,False,9.161897469311953e-05,-14.776568887477987,,,1.0
mismatch,M64_SPARSE_TWO_SLIP,M64_SPARSE_TWO_SLIP_c0_t0,64,56,0.875,sparse,7.0,5364540906842671067,latent_osd_order2,5358107593461413924,False,0.8,0.5,,0.15,0.0,two_slip_5_1_9_1,False,63,0,0,True,False,,best_complete_marginal_score_in_osd_list,0,0,63,24,2607,2177,2177,137151,False,1.9396190260304138,-15.469646188828577,,,0.38095238095238093
mismatch,M64_SPARSE_TWO_SLIP,M64_SPARSE_TWO_SLIP_c0_t1,64,56,0.875,sparse,7.0,9847360720803519290,lsgrand_certified,9847360720803519290,True,0.8,0.5,,0.15,0.0,no_slip,True,63,0,1,True,True,0.32505726637535304,strict_unseen_codeword_certificate,64,64,63,47,2,2,0,64,False,0.0017343050567433238,-20.70787971346904,1.0,64.0,0.746031746031746
mismatch,M64_SPARSE_TWO_SLIP,M64_SPARSE_TWO_SLIP_c0_t1,64,56,0.875,sparse,7.0,9847360720803519290,lsgrand_first_valid,9847360720803519290,True,0.8,0.5,,0.15,0.0,no_slip,True,63,0,1,True,False,,first_valid_witness,1,1,63,1,1,1,0,1,False,0.0011967509053647518,-20.70787971346904,,,0.015873015873015872
mismatch,M64_SPARSE_TWO_SLIP,M64_SPARSE_TWO_SLIP_c0_t1,64,56,0.875,sparse,7.0,9847360720803519290,per_state_grand_sweep,9847360720803519290,True,0.8,0.5,,0.15,0.0,no_slip,True,63,0,1,True,False,,best_fixed_state_codeword,42607,42607,63,63,29,27,0,42607,True,0.2311090410221368,-20.70787971346904,,,1.0
mismatch,M64_SPARSE_TWO_SLIP,M64_SPARSE_TWO_SLIP_c0_t1,64,56,0.875,sparse,7.0,9847360720803519290,plain_reliability_grand,9847360720803519290,True,0.8,0.5,,0.15,0.0,no_slip,True,63,0,1,True,False,,first_valid_witness,1,1,1,1,1,1,0,1,False,4.166096914559603e-05,-20.014732532909097,,,1.0
mismatch,M64_SPARSE_TWO_SLIP,M64_SPARSE_TWO_SLIP_c0_t1,64,56,0.875,sparse,7.0,9847360720803519290,latent_osd_order2,9847360720803519290,True,0.8,0.5,,0.15,0.0,no_slip,True,63,0,1,True,False,,best_complete_marginal_score_in_osd_list,0,0,63,24,2607,2231,2231,140553,False,1.8863415479427204,-20.706638672799347,,,0.38095238095238093
mismatch,M64_SPARSE_TWO_SLIP,M64_SPARSE_TWO_SLIP_c0_t2,64,56,0.875,sparse,7.0,14553996982795213397,lsgrand_certified,14553996982795213397,True,0.8,0.5,,0.15,0.0,slip_30_3,True,63,0,2,True,True,0.15606850171101172,strict_unseen_codeword_certificate,1088,1088,63,63,2,2,0,1088,False,0.008433699957095087,-32.1464198593178,75.0,14.506666666666666,1.0
mismatch,M64_SPARSE_TWO_SLIP,M64_SPARSE_TWO_SLIP_c0_t2,64,56,0.875,sparse,7.0,14553996982795213397,lsgrand_first_valid,14553996982795213397,True,0.8,0.5,,0.15,0.0,slip_30_3,True,63,0,2,True,False,,first_valid_witness,75,75,63,61,1,1,0,75,False,0.0015023569576442242,-32.1464198593178,,,0.9682539682539683
mismatch,M64_SPARSE_TWO_SLIP,M64_SPARSE_TWO_SLIP_c0_t2,64,56,0.875,sparse,7.0,14553996982795213397,per_state_grand_sweep,14553996982795213397,True,0.8,0.5,,0.15,0.0,slip_30_3,True,63,0,2,True,False,,best_fixed_state_codeword,42214,42214,63,63,26,26,0,42214,True,0.2161465580575168,-32.1464198593178,,,1.0
mismatch,M64_SPARSE_TWO_SLIP,M64_SPARSE_TWO_SLIP_c0_t2,64,56,0.875,sparse,7.0,14553996982795213397,plain_reliability_grand,14553959599399869023,False,0.8,0.5,,0.15,0.0,slip_30_3,True,63,0,2,True,False,,first_valid_witness,390,390,1,1,1,1,0,390,False,0.0021929240319877863,-37.33100041679128,,,1.0
mismatch,M64_SPARSE_TWO_SLIP,M64_SPARSE_TWO_SLIP_c0_t2,64,56,0.875,sparse,7.0,14553996982795213397,latent_osd_order2,14553996982795213397,True,0.8,0.5,,0.15,0.0,slip_30_3,True,63,0,2,True,False,,best_complete_marginal_score_in_osd_list,0,0,63,24,2607,2280,2280,143640,False,1.9103664570720866,-32.14388906074637,,,0.38095238095238093
mismatch,M64_SPARSE_TWO_SLIP,M64_SPARSE_TWO_SLIP_c0_t3,64,56,0.875,sparse,7.0,2396950558756540715,lsgrand_certified,2396950558756540715,True,0.8,0.5,,0.15,0.0,no_slip,True,63,0,3,True,True,0.08575447919860579,strict_unseen_codeword_certificate,182,182,63,63,4,4,0,182,False,0.002970051020383835,-17.85311651425903,2.0,91.0,1.0
mismatch,M64_SPARSE_TWO_SLIP,M64_SPARSE_TWO_SLIP_c0_t3,64,56,0.875,sparse,7.0,2396950558756540715,lsgrand_first_valid,2396950558756540715,True,0.8,0.5,,0.15,0.0,no_slip,True,63,0,3,True,False,,first_valid_witness,2,2,63,1,1,1,0,2,False,0.0012283410178497434,-17.85311651425903,,,0.015873015873015872
mismatch,M64_SPARSE_TWO_SLIP,M64_SPARSE_TWO_SLIP_c0_t3,64,56,0.875,sparse,7.0,2396950558756540715,per_state_grand_sweep,2396950558756540715,True,0.8,0.5,,0.15,0.0,no_slip,True,63,0,3,True,False,,best_fixed_state_codeword,29536,29536,63,63,41,37,0,29536,True,0.16163696500007063,-17.85311651425903,,,1.0
mismatch,M64_SPARSE_TWO_SLIP,M64_SPARSE_TWO_SLIP_c0_t3,64,56,0.875,sparse,7.0,2396950558756540715,plain_reliability_grand,2396950558756540715,True,0.8,0.5,,0.15,0.0,no_slip,True,63,0,3,True,False,,first_valid_witness,2,2,1,1,1,1,0,2,False,4.707102198153734e-05,-17.159969333699085,,,1.0
mismatch,M64_SPARSE_TWO_SLIP,M64_SPARSE_TWO_SLIP_c0_t3,64,56,0.875,sparse,7.0,2396950558756540715,latent_osd_order2,2396950558756540715,True,0.8,0.5,,0.15,0.0,no_slip,True,63,0,3,True,False,,best_complete_marginal_score_in_osd_list,0,0,63,24,2607,2328,2328,146664,False,2.017471981002018,-17.853116143598623,,,0.38095238095238093
mismatch,M64_SPARSE_TWO_SLIP,M64_SPARSE_TWO_SLIP_c0_t4,64,56,0.875,sparse,7.0,14958222905837090277,lsgrand_certified,14958222905837090277,True,0.8,0.5,,0.15,0.0,slip_23_3,True,63,0,4,True,True,0.019443843874748623,strict_unseen_codeword_certificate,896,896,63,63,10,8,0,896,False,0.01215987594332546,-15.931020442866258,51.0,17.568627450980394,1.0
mismatch,M64_SPARSE_TWO_SLIP,M64_SPARSE_TWO_SLIP_c0_t4,64,56,0.875,sparse,7.0,14958222905837090277,lsgrand_first_valid,14958222905837090277,True,0.8,0.5,,0.15,0.0,slip_23_3,True,63,0,4,True,False,,first_valid_witness,51,51,63,47,1,1,0,51,False,0.0016624570125713944,-16.119992531456308,,,0.746031746031746
mismatch,M64_SPARSE_TWO_SLIP,M64_SPARSE_TWO_SLIP_c0_t4,64,56,0.875,sparse,7.0,14958222905837090277,per_state_grand_sweep,14958222905837090277,True,0.8,0.5,,0.15,0.0,slip_23_3,True,63,0,4,True,False,,best_fixed_state_codeword,31254,31254,63,63,43,39,0,31254,True,0.1804955550469458,-16.119992531456308,,,1.0
mismatch,M64_SPARSE_TWO_SLIP,M64_SPARSE_TWO_SLIP_c0_t4,64,56,0.875,sparse,7.0,14958222905837090277,plain_reliability_grand,14597934935638978447,False,0.8,0.5,,0.15,0.0,slip_23_3,True,63,0,4,True,False,,first_valid_witness,558,558,1,1,1,1,0,558,False,0.0035223549930378795,-25.80809644608846,,,1.0
mismatch,M64_SPARSE_TWO_SLIP,M64_SPARSE_TWO_SLIP_c0_t4,64,56,0.875,sparse,7.0,14958222905837090277,latent_osd_order2,14958222905837090277,True,0.8,0.5,,0.15,0.0,slip_23_3,True,63,0,4,True,False,,best_complete_marginal_score_in_osd_list,0,0,63,24,2607,2222,2222,139986,False,2.101181352045387,-15.931020160283124,,,0.38095238095238093
mismatch,M64_SPARSE_TWO_SLIP,M64_SPARSE_TWO_SLIP_c0_t5,64,56,0.875,sparse,7.0,15556062245721005266,lsgrand_certified,15556906670651135186,False,0.8,0.5,,0.15,0.0,slip_8_1,True,63,0,5,True,True,7.923771008222502e-07,strict_unseen_codeword_certificate,33600,33600,63,63,273,242,0,33600,False,3.276834202115424,-16.4124168486132,26.0,1292.3076923076924,1.0
mismatch,M64_SPARSE_TWO_SLIP,M64_SPARSE_TWO_SLIP_c0_t5,64,56,0.875,sparse,7.0,15556062245721005266,lsgrand_first_valid,15529885072886912210,False,0.8,0.5,,0.15,0.0,slip_8_1,True,63,0,5,True,False,,first_valid_witness,22,22,63,8,1,1,0,22,False,0.0018920949660241604,-16.41352206923853,,,0.12698412698412698
mismatch,M64_SPARSE_TWO_SLIP,M64_SPARSE_TWO_SLIP_c0_t5,64,56,0.875,sparse,7.0,15556062245721005266,per_state_grand_sweep,15529885072886912210,False,0.8,0.5,,0.15,0.0,slip_8_1,True,63,0,5,True,False,,best_fixed_state_codeword,28401,28401,63,63,43,39,0,28401,True,0.17081594502087682,-16.41352206923853,,,1.0
mismatch,M64_SPARSE_TWO_SLIP,M64_SPARSE_TWO_SLIP_c0_t5,64,56,0.875,sparse,7.0,15556062245721005266,plain_reliability_grand,17862004893050094155,False,0.8,0.5,,0.15,0.0,slip_8_1,True,63,0,5,True,False,,first_valid_witness,651,651,1,1,1,1,0,651,False,0.004358944948762655,-23.42697375433429,,,1.0
mismatch,M64_SPARSE_TWO_SLIP,M64_SPARSE_TWO_SLIP_c0_t5,64,56,0.875,sparse,7.0,15556062245721005266,latent_osd_order2,15556906670651135186,False,0.8,0.5,,0.15,0.0,slip_8_1,True,63,0,5,True,False,,best_complete_marginal_score_in_osd_list,0,0,63,24,2607,2158,2158,135954,False,2.0398487279890105,-16.41241632030331,,,0.38095238095238093
mismatch,M64_SPARSE_TWO_SLIP,M64_SPARSE_TWO_SLIP_c0_t6,64,56,0.875,sparse,7.0,14303338707292426797,lsgrand_certified,14339367504848268077,False,0.8,0.5,,0.15,0.0,slip_25_1,True,63,0,6,True,True,0.01993527648994231,strict_unseen_codeword_certificate,1792,1792,63,63,16,15,0,1792,False,0.026662509073503315,-24.80392843205685,131.0,13.679389312977099,1.0
mismatch,M64_SPARSE_TWO_SLIP,M64_SPARSE_TWO_SLIP_c0_t6,64,56,0.875,sparse,7.0,14303338707292426797,lsgrand_first_valid,14339367504848268077,False,0.8,0.5,,0.15,0.0,slip_25_1,True,63,0,6,True,False,,first_valid_witness,131,131,63,63,1,1,0,131,False,0.0022078920155763626,-24.80392843205685,,,1.0
mismatch,M64_SPARSE_TWO_SLIP,M64_SPARSE_TWO_SLIP_c0_t6,64,56,0.875,sparse,7.0,14303338707292426797,per_state_grand_sweep,14339367504848268077,False,0.8,0.5,,0.15,0.0,slip_25_1,True,63,0,6,True,False,,best_fixed_state_codeword,33182,33182,63,63,34,31,0,33182,True,0.1914415470091626,-24.80392843205685,,,1.0
mismatch,M64_SPARSE_TWO_SLIP,M64_SPARSE_TWO_SLIP_c0_t6,64,56,0.875,sparse,7.0,14303338707292426797,plain_reliability_grand,5115995536712961972,False,0.8,0.5,,0.15,0.0,slip_25_1,True,63,0,6,True,False,,first_valid_witness,4020,4020,1,1,1,1,0,4020,False,0.026390288956463337,-36.16814112059923,,,1.0
mismatch,M64_SPARSE_TWO_SLIP,M64_SPARSE_TWO_SLIP_c0_t6,64,56,0.875,sparse,7.0,14303338707292426797,latent_osd_order2,14339367504848268077,False,0.8,0.5,,0.15,0.0,slip_25_1,True,63,0,6,True,False,,best_complete_marginal_score_in_osd_list,0,0,63,24,2607,2347,2347,147861,False,2.168729910044931,-24.803763590465127,,,0.38095238095238093
mismatch,M64_SPARSE_TWO_SLIP,M64_SPARSE_TWO_SLIP_c0_t7,64,56,0.875,sparse,7.0,3061958069447406717,lsgrand_certified,3061957932008395901,False,0.8,0.5,,0.15,0.0,slip_23_1,True,63,0,7,True,True,0.2225384609515828,strict_unseen_codeword_certificate,256,256,63,63,5,5,0,256,False,0.003980041015893221,-17.088478453249465,54.0,4.7407407407407405,1.0
mismatch,M64_SPARSE_TWO_SLIP,M64_SPARSE_TWO_SLIP_c0_t7,64,56,0.875,sparse,7.0,3061958069447406717,lsgrand_first_valid,3061957932008395901,False,0.8,0.5,,0.15,0.0,slip_23_1,True,63,0,7,True,False,,first_valid_witness,54,54,63,52,1,1,0,54,False,0.0016801160527393222,-17.088478453249465,,,0.8253968253968254
mismatch,M64_SPARSE_TWO_SLIP,M64_SPARSE_TWO_SLIP_c0_t7,64,56,0.875,sparse,7.0,3061958069447406717,per_state_grand_sweep,3061957932008395901,False,0.8,0.5,,0.15,0.0,slip_23_1,True,63,0,7,True,False,,best_fixed_state_codeword,40144,40144,63,63,32,32,0,40144,True,0.22998828196432441,-17.088478453249465,,,1.0
mismatch,M64_SPARSE_TWO_SLIP,M64_SPARSE_TWO_SLIP_c0_t7,64,56,0.875,sparse,7.0,3061958069447406717,plain_reliability_grand,3059706132194710100,False,0.8,0.5,,0.15,0.0,slip_23_1,True,63,0,7,True,False,,first_valid_witness,156,156,1,1,1,1,0,156,False,0.0011411079904064536,-25.446693679745422,,,1.0
mismatch,M64_SPARSE_TWO_SLIP,M64_SPARSE_TWO_SLIP_c0_t7,64,56,0.875,sparse,7.0,3061958069447406717,latent_osd_order2,3061957932008395901,False,0.8,0.5,,0.15,0.0,slip_23_1,True,63,0,7,True,False,,best_complete_marginal_score_in_osd_list,0,0,63,24,2607,2348,2348,147924,False,2.2018127160845324,-17.088390952216812,,,0.38095238095238093
mismatch,M64_SPARSE_TWO_SLIP,M64_SPARSE_TWO_SLIP_c0_t8,64,56,0.875,sparse,7.0,10892247984563072543,lsgrand_certified,10892247984563072543,True,0.8,0.5,,0.15,0.0,slip_30_3,True,63,0,8,True,True,0.003091151683776161,strict_unseen_codeword_certificate,576,576,63,63,4,4,0,576,False,0.0066700109746307135,-15.388155162085788,64.0,9.0,1.0
mismatch,M64_SPARSE_TWO_SLIP,M64_SPARSE_TWO_SLIP_c0_t8,64,56,0.875,sparse,7.0,10892247984563072543,lsgrand_first_valid,10892247984563072543,True,0.8,0.5,,0.15,0.0,slip_30_3,True,63,0,8,True,False,,first_valid_witness,64,64,63,61,1,1,0,64,False,0.0016792190726846457,-15.388155162085788,,,0.9682539682539683
mismatch,M64_SPARSE_TWO_SLIP,M64_SPARSE_TWO_SLIP_c0_t8,64,56,0.875,sparse,7.0,10892247984563072543,per_state_grand_sweep,10892247984563072543,True,0.8,0.5,,0.15,0.0,slip_30_3,True,63,0,8,True,False,,best_fixed_state_codeword,44741,44741,63,63,26,26,0,44741,True,0.26059036899823695,-15.388155162085788,,,1.0
mismatch,M64_SPARSE_TWO_SLIP,M64_SPARSE_TWO_SLIP_c0_t8,64,56,0.875,sparse,7.0,10892247984563072543,plain_reliability_grand,10892252382609600026,False,0.8,0.5,,0.15,0.0,slip_30_3,True,63,0,8,True,False,,first_valid_witness,16,16,1,1,1,1,0,16,False,0.0001409610267728567,-16.476341912394503,,,1.0
mismatch,M64_SPARSE_TWO_SLIP,M64_SPARSE_TWO_SLIP_c0_t8,64,56,0.875,sparse,7.0,10892247984563072543,latent_osd_order2,10892247984563072543,True,0.8,0.5,,0.15,0.0,slip_30_3,True,63,0,8,True,False,,best_complete_marginal_score_in_osd_list,0,0,63,24,2607,2306,2306,145278,False,2.1569493860006332,-15.388154920379861,,,0.38095238095238093
mismatch,M64_SPARSE_TWO_SLIP,M64_SPARSE_TWO_SLIP_c0_t9,64,56,0.875,sparse,7.0,4075704160230125790,lsgrand_certified,4075704160230125790,True,0.8,0.5,,0.15,0.0,no_slip,True,63,0,9,True,True,0.7567255543809335,strict_unseen_codeword_certificate,64,64,63,57,2,2,0,64,False,0.0020356569439172745,-7.316895544893386,1.0,64.0,0.9047619047619048
mismatch,M64_SPARSE_TWO_SLIP,M64_SPARSE_TWO_SLIP_c0_t9,64,56,0.875,sparse,7.0,4075704160230125790,lsgrand_first_valid,4075704160230125790,True,0.8,0.5,,0.15,0.0,no_slip,True,63,0,9,True,False,,first_valid_witness,1,1,63,1,1,1,0,1,False,0.001206131069920957,-7.316895544893386,,,0.015873015873015872
mismatch,M64_SPARSE_TWO_SLIP,M64_SPARSE_TWO_SLIP_c0_t9,64,56,0.875,sparse,7.0,4075704160230125790,per_state_grand_sweep,4075704160230125790,True,0.8,0.5,,0.15,0.0,no_slip,True,63,0,9,True,False,,best_fixed_state_codeword,44831,44831,63,63,22,21,0,44831,True,0.26421230705454946,-7.316895544893386,,,1.0
mismatch,M64_SPARSE_TWO_SLIP,M64_SPARSE_TWO_SLIP_c0_t9,64,56,0.875,sparse,7.0,4075704160230125790,plain_reliability_grand,4075704160230125790,True,0.8,0.5,,0.15,0.0,no_slip,True,63,0,9,True,False,,first_valid_witness,1,1,1,1,1,1,0,1,False,4.546006675809622e-05,-6.623748364333441,,,1.0
mismatch,M64_SPARSE_TWO_SLIP,M64_SPARSE_TWO_SLIP_c0_t9,64,56,0.875,sparse,7.0,4075704160230125790,latent_osd_order2,4075704160230125790,True,0.8,0.5,,0.15,0.0,no_slip,True,63,0,9,True,False,,best_complete_marginal_score_in_osd_list,0,0,63,24,2607,2224,2224,140112,False,1.9864093899959698,-7.316894566732578,,,0.38095238095238093
mismatch,M64_SPARSE_TWO_SLIP,M64_SPARSE_TWO_SLIP_c0_t10,64,56,0.875,sparse,7.0,15648542903920379671,lsgrand_certified,15649668803565248104,False,0.8,0.5,,0.15,0.0,slip_29_3,True,63,0,10,True,True,0.025356461792998886,strict_unseen_codeword_certificate,1216,1216,63,63,5,4,0,1216,False,0.011775105958804488,-16.50930139255515,111.0,10.954954954954955,1.0
mismatch,M64_SPARSE_TWO_SLIP,M64_SPARSE_TWO_SLIP_c0_t10,64,56,0.875,sparse,7.0,15648542903920379671,lsgrand_first_valid,15649668803565248104,False,0.8,0.5,,0.15,0.0,slip_29_3,True,63,0,10,True,False,,first_valid_witness,111,111,63,63,1,1,0,111,False,0.00195705599617213,-16.582128036051493,,,1.0
mismatch,M64_SPARSE_TWO_SLIP,M64_SPARSE_TWO_SLIP_c0_t10,64,56,0.875,sparse,7.0,15648542903920379671,per_state_grand_sweep,15649668803565248104,False,0.8,0.5,,0.15,0.0,slip_29_3,True,63,0,10,True,False,,best_fixed_state_codeword,48453,48453,63,63,15,12,0,48453,True,0.267336759949103,-16.582128036051493,,,1.0
mismatch,M64_SPARSE_TWO_SLIP,M64_SPARSE_TWO_SLIP_c0_t10,64,56,0.875,sparse,7.0,15648542903920379671,plain_reliability_grand,15649669901191365438,False,0.8,0.5,,0.15,0.0,slip_29_3,True,63,0,10,True,False,,first_valid_witness,11034,11034,1,1,1,1,0,11034,False,0.07021340704523027,-31.738524913325264,,,1.0
mismatch,M64_SPARSE_TWO_SLIP,M64_SPARSE_TWO_SLIP_c0_t10,64,56,0.875,sparse,7.0,15648542903920379671,latent_osd_order2,15649668803565248104,False,0.8,0.5,,0.15,0.0,slip_29_3,True,63,0,10,True,False,,best_complete_marginal_score_in_osd_list,0,0,63,24,2607,2119,2119,133497,False,1.948976548970677,-16.49970013820568,,,0.38095238095238093
mismatch,M64_SPARSE_TWO_SLIP,M64_SPARSE_TWO_SLIP_c0_t11,64,56,0.875,sparse,7.0,4983397581456863503,lsgrand_certified,4983397581456863503,True,0.8,0.5,,0.15,0.0,no_slip,True,63,0,11,True,True,0.022304164331599097,strict_unseen_codeword_certificate,64,64,63,51,2,2,0,64,False,0.0017163859447464347,-11.709917021902084,1.0,64.0,0.8095238095238095
mismatch,M64_SPARSE_TWO_SLIP,M64_SPARSE_TWO_SLIP_c0_t11,64,56,0.875,sparse,7.0,4983397581456863503,lsgrand_first_valid,4983397581456863503,True,0.8,0.5,,0.15,0.0,no_slip,True,63,0,11,True,False,,first_valid_witness,1,1,63,1,1,1,0,1,False,0.0012118739541620016,-11.709917021902084,,,0.015873015873015872
mismatch,M64_SPARSE_TWO_SLIP,M64_SPARSE_TWO_SLIP_c0_t11,64,56,0.875,sparse,7.0,4983397581456863503,per_state_grand_sweep,4983397581456863503,True,0.8,0.5,,0.15,0.0,no_slip,True,63,0,11,True,False,,best_fixed_state_codeword,40765,40765,63,63,29,27,0,40765,True,0.2121609040768817,-11.709917021902084,,,1.0
mismatch,M64_SPARSE_TWO_SLIP,M64_SPARSE_TWO_SLIP_c0_t11,64,56,0.875,sparse,7.0,4983397581456863503,plain_reliability_grand,4983397581456863503,True,0.8,0.5,,0.15,0.0,no_slip,True,63,0,11,True,False,,first_valid_witness,1,1,1,1,1,1,0,1,False,3.935699351131916e-05,-11.016769841342139,,,1.0
mismatch,M64_SPARSE_TWO_SLIP,M64_SPARSE_TWO_SLIP_c0_t11,64,56,0.875,sparse,7.0,4983397581456863503,latent_osd_order2,4983397581456863503,True,0.8,0.5,,0.15,0.0,no_slip,True,63,0,11,True,False,,best_complete_marginal_score_in_osd_list,0,0,63,24,2607,2312,2312,145656,False,2.0055402759462595,-11.709915080403464,,,0.38095238095238093
mismatch,M64_SPARSE_TWO_SLIP,M64_SPARSE_TWO_SLIP_c0_t12,64,56,0.875,sparse,7.0,2528859916851929682,lsgrand_certified,2528895101492453970,False,0.8,0.5,,0.15,0.0,slip_19_3,True,63,0,12,True,True,0.005108259980776353,strict_unseen_codeword_certificate,5952,5952,63,63,19,18,0,5952,False,0.06813063903246075,-30.40923196595649,278.0,21.41007194244604,1.0
mismatch,M64_SPARSE_TWO_SLIP,M64_SPARSE_TWO_SLIP_c0_t12,64,56,0.875,sparse,7.0,2528859916851929682,lsgrand_first_valid,2528895101492453970,False,0.8,0.5,,0.15,0.0,slip_19_3,True,63,0,12,True,False,,first_valid_witness,278,278,63,63,1,1,0,278,False,0.002832441939972341,-30.40923196595649,,,1.0
mismatch,M64_SPARSE_TWO_SLIP,M64_SPARSE_TWO_SLIP_c0_t12,64,56,0.875,sparse,7.0,2528859916851929682,per_state_grand_sweep,2528895101492453970,False,0.8,0.5,,0.15,0.0,slip_19_3,True,63,0,12,True,False,,best_fixed_state_codeword,40511,40511,63,63,31,28,0,40511,True,0.2278520519612357,-30.40923196595649,,,1.0
mismatch,M64_SPARSE_TWO_SLIP,M64_SPARSE_TWO_SLIP_c0_t12,64,56,0.875,sparse,7.0,2528859916851929682,plain_reliability_grand,2526590318917747956,False,0.8,0.5,,0.15,0.0,slip_19_3,True,63,0,12,True,False,,first_valid_witness,4560,4560,1,1,1,1,0,4560,False,0.029227811959572136,-39.48537119534507,,,1.0
mismatch,M64_SPARSE_TWO_SLIP,M64_SPARSE_TWO_SLIP_c0_t12,64,56,0.875,sparse,7.0,2528859916851929682,latent_osd_order2,2528895101492453970,False,0.8,0.5,,0.15,0.0,slip_19_3,True,63,0,12,True,False,,best_complete_marginal_score_in_osd_list,0,0,63,24,2607,2192,2192,138096,False,1.919616641011089,-30.40894663119611,,,0.38095238095238093
mismatch,M64_SPARSE_TWO_SLIP,M64_SPARSE_TWO_SLIP_c0_t13,64,56,0.875,sparse,7.0,1090315294505129627,lsgrand_certified,1090384288859773981,False,0.8,0.5,,0.15,0.0,two_slip_29_1_30_1,False,63,0,13,True,True,0.0113292041780646,strict_unseen_codeword_certificate,3520,3520,63,63,22,20,0,3520,False,0.04468822700437158,-17.908619299479966,215.0,16.372093023255815,1.0
mismatch,M64_SPARSE_TWO_SLIP,M64_SPARSE_TWO_SLIP_c0_t13,64,56,0.875,sparse,7.0,1090315294505129627,lsgrand_first_valid,1090384288859773981,False,0.8,0.5,,0.15,0.0,two_slip_29_1_30_1,False,63,0,13,True,False,,first_valid_witness,215,215,63,63,1,1,0,215,False,0.002455725916661322,-17.908619299479966,,,1.0
mismatch,M64_SPARSE_TWO_SLIP,M64_SPARSE_TWO_SLIP_c0_t13,64,56,0.875,sparse,7.0,1090315294505129627,per_state_grand_sweep,1090384288859773981,False,0.8,0.5,,0.15,0.0,two_slip_29_1_30_1,False,63,0,13,True,False,,best_fixed_state_codeword,29871,29871,63,63,40,37,0,29871,True,0.16115876601543278,-17.908619299479966,,,1.0
mismatch,M64_SPARSE_TWO_SLIP,M64_SPARSE_TWO_SLIP_c0_t13,64,56,0.875,sparse,7.0,1090315294505129627,plain_reliability_grand,513853167816365700,False,0.8,0.5,,0.15,0.0,two_slip_29_1_30_1,False,63,0,13,True,False,,first_valid_witness,287,287,1,1,1,1,0,287,False,0.0017089330358430743,-20.478903807512523,,,1.0
mismatch,M64_SPARSE_TWO_SLIP,M64_SPARSE_TWO_SLIP_c0_t13,64,56,0.875,sparse,7.0,1090315294505129627,latent_osd_order2,1090384288859773981,False,0.8,0.5,,0.15,0.0,two_slip_29_1_30_1,False,63,0,13,True,False,,best_complete_marginal_score_in_osd_list,0,0,63,24,2607,2197,2197,138411,False,2.000679203076288,-17.906073291747738,,,0.38095238095238093
mismatch,M64_SPARSE_TWO_SLIP,M64_SPARSE_TWO_SLIP_c0_t14,64,56,0.875,sparse,7.0,9971258226497616372,lsgrand_certified,9963376926579275858,False,0.8,0.5,,0.15,0.0,two_slip_7_1_27_1,False,63,0,14,True,True,0.00010485377695701459,strict_unseen_codeword_certificate,14784,14784,63,63,30,30,0,14784,False,0.21076823200564831,-25.468186566003453,779.0,18.978177150192554,1.0
mismatch,M64_SPARSE_TWO_SLIP,M64_SPARSE_TWO_SLIP_c0_t14,64,56,0.875,sparse,7.0,9971258226497616372,lsgrand_first_valid,9963376926579275858,False,0.8,0.5,,0.15,0.0,two_slip_7_1_27_1,False,63,0,14,True,False,,first_valid_witness,779,779,63,63,1,1,0,779,False,0.0060659609735012054,-25.468186566003453,,,1.0
mismatch,M64_SPARSE_TWO_SLIP,M64_SPARSE_TWO_SLIP_c0_t14,64,56,0.875,sparse,7.0,9971258226497616372,per_state_grand_sweep,9963376926579275858,False,0.8,0.5,,0.15,0.0,two_slip_7_1_27_1,False,63,0,14,True,False,,best_fixed_state_codeword,43477,43477,63,63,23,23,0,43477,True,0.23244557401631027,-25.468186566003453,,,1.0
mismatch,M64_SPARSE_TWO_SLIP,M64_SPARSE_TWO_SLIP_c0_t14,64,56,0.875,sparse,7.0,9971258226497616372,plain_reliability_grand,10007178569492650507,False,0.8,0.5,,0.15,0.0,two_slip_7_1_27_1,False,63,0,14,True,False,,first_valid_witness,2252,2252,1,1,1,1,0,2252,False,0.013961509917862713,-32.92323951285795,,,1.0
mismatch,M64_SPARSE_TWO_SLIP,M64_SPARSE_TWO_SLIP_c0_t14,64,56,0.875,sparse,7.0,9971258226497616372,latent_osd_order2,9963376926579275858,False,0.8,0.5,,0.15,0.0,two_slip_7_1_27_1,False,63,0,14,True,False,,best_complete_marginal_score_in_osd_list,0,0,63,24,2607,2364,2364,148932,False,1.9991879200097173,-25.46816774068917,,,0.38095238095238093
mismatch,M64_SPARSE_TWO_SLIP,M64_SPARSE_TWO_SLIP_c0_t15,64,56,0.875,sparse,7.0,12035816342765110706,lsgrand_certified,12035466268693035853,False,0.8,0.5,,0.15,0.0,slip_10_3,True,63,0,15,True,True,0.40962187361796865,strict_unseen_codeword_certificate,691,691,63,63,7,7,0,691,False,0.008209776016883552,-23.468028164989246,22.0,31.40909090909091,1.0
mismatch,M64_SPARSE_TWO_SLIP,M64_SPARSE_TWO_SLIP_c0_t15,64,56,0.875,sparse,7.0,12035816342765110706,lsgrand_first_valid,12035466268693035853,False,0.8,0.5,,0.15,0.0,slip_10_3,True,63,0,15,True,False,,first_valid_witness,22,22,63,14,1,1,0,22,False,0.0014240199234336615,-23.468028164989246,,,0.2222222222222222
mismatch,M64_SPARSE_TWO_SLIP,M64_SPARSE_TWO_SLIP_c0_t15,64,56,0.875,sparse,7.0,12035816342765110706,per_state_grand_sweep,12035466268693035853,False,0.8,0.5,,0.15,0.0,slip_10_3,True,63,0,15,True,False,,best_fixed_state_codeword,32968,32968,63,63,36,33,0,32968,True,0.18739425600506365,-23.468028164989246,,,1.0
mismatch,M64_SPARSE_TWO_SLIP,M64_SPARSE_TWO_SLIP_c0_t15,64,56,0.875,sparse,7.0,12035816342765110706,plain_reliability_grand,12035811067221400870,False,0.8,0.5,,0.15,0.0,slip_10_3,True,63,0,15,True,False,,first_valid_witness,450,450,1,1,1,1,0,450,False,0.0028343539452180266,-31.044249380535774,,,1.0
mismatch,M64_SPARSE_TWO_SLIP,M64_SPARSE_TWO_SLIP_c0_t15,64,56,0.875,sparse,7.0,12035816342765110706,latent_osd_order2,12035466268693035853,False,0.8,0.5,,0.15,0.0,slip_10_3,True,63,0,15,True,False,,best_complete_marginal_score_in_osd_list,0,0,63,24,2607,2170,2170,136710,False,1.9219066770747304,-23.467462873206642,,,0.38095238095238093
mismatch,M64_SPARSE_TWO_SLIP,M64_SPARSE_TWO_SLIP_c0_t16,64,56,0.875,sparse,7.0,10284550422904028371,lsgrand_certified,10284550422904028371,True,0.8,0.5,,0.15,0.0,no_slip,True,63,0,16,True,True,0.01265770105181474,strict_unseen_codeword_certificate,64,64,63,35,2,2,0,64,False,0.0017738380702212453,-20.86920697177439,1.0,64.0,0.5555555555555556
mismatch,M64_SPARSE_TWO_SLIP,M64_SPARSE_TWO_SLIP_c0_t16,64,56,0.875,sparse,7.0,10284550422904028371,lsgrand_first_valid,10284550422904028371,True,0.8,0.5,,0.15,0.0,no_slip,True,63,0,16,True,False,,first_valid_witness,1,1,63,1,1,1,0,1,False,0.001081314985640347,-20.86920697177439,,,0.015873015873015872
mismatch,M64_SPARSE_TWO_SLIP,M64_SPARSE_TWO_SLIP_c0_t16,64,56,0.875,sparse,7.0,10284550422904028371,per_state_grand_sweep,10284550422904028371,True,0.8,0.5,,0.15,0.0,no_slip,True,63,0,16,True,False,,best_fixed_state_codeword,33339,33339,63,63,36,34,0,33339,True,0.16944551700726151,-20.86920697177439,,,1.0
mismatch,M64_SPARSE_TWO_SLIP,M64_SPARSE_TWO_SLIP_c0_t16,64,56,0.875,sparse,7.0,10284550422904028371,plain_reliability_grand,10284550422904028371,True,0.8,0.5,,0.15,0.0,no_slip,True,63,0,16,True,False,,first_valid_witness,1,1,1,1,1,1,0,1,False,3.7449062801897526e-05,-20.176059791214445,,,1.0
mismatch,M64_SPARSE_TWO_SLIP,M64_SPARSE_TWO_SLIP_c0_t16,64,56,0.875,sparse,7.0,10284550422904028371,latent_osd_order2,10284550422904028371,True,0.8,0.5,,0.15,0.0,no_slip,True,63,0,16,True,False,,best_complete_marginal_score_in_osd_list,0,0,63,24,2607,2311,2311,145593,False,1.9607981609879062,-20.86918916647437,,,0.38095238095238093
mismatch,M64_SPARSE_TWO_SLIP,M64_SPARSE_TWO_SLIP_c0_t17,64,56,0.875,sparse,7.0,15588389441147473556,lsgrand_certified,15660517405494483307,False,0.8,0.5,,0.15,0.0,slip_27_3,True,63,0,17,True,True,8.09208595455857e-05,strict_unseen_codeword_certificate,8230,8230,63,63,65,58,0,8230,False,0.21311760903336108,-22.321967354228498,107.0,76.91588785046729,1.0
mismatch,M64_SPARSE_TWO_SLIP,M64_SPARSE_TWO_SLIP_c0_t17,64,56,0.875,sparse,7.0,15588389441147473556,lsgrand_first_valid,15660517405494483307,False,0.8,0.5,,0.15,0.0,slip_27_3,True,63,0,17,True,False,,first_valid_witness,107,107,63,63,1,1,0,107,False,0.0018239899072796106,-22.33803766655203,,,1.0
mismatch,M64_SPARSE_TWO_SLIP,M64_SPARSE_TWO_SLIP_c0_t17,64,56,0.875,sparse,7.0,15588389441147473556,per_state_grand_sweep,15660517405494483307,False,0.8,0.5,,0.15,0.0,slip_27_3,True,63,0,17,True,False,,best_fixed_state_codeword,31631,31631,63,63,40,35,0,31631,True,0.17058257898315787,-22.33803766655203,,,1.0
mismatch,M64_SPARSE_TWO_SLIP,M64_SPARSE_TWO_SLIP_c0_t17,64,56,0.875,sparse,7.0,15588389441147473556,plain_reliability_grand,15588455377485401149,False,0.8,0.5,,0.15,0.0,slip_27_3,True,63,0,17,True,False,,first_valid_witness,530,530,1,1,1,1,0,530,False,0.003111200057901442,-29.230077242854485,,,1.0
mismatch,M64_SPARSE_TWO_SLIP,M64_SPARSE_TWO_SLIP_c0_t17,64,56,0.875,sparse,7.0,15588389441147473556,latent_osd_order2,15660517405494483307,False,0.8,0.5,,0.15,0.0,slip_27_3,True,63,0,17,True,False,,best_complete_marginal_score_in_osd_list,0,0,63,24,2607,2169,2169,136647,False,1.874477491946891,-22.321964566071586,,,0.38095238095238093
mismatch,M64_SPARSE_TWO_SLIP,M64_SPARSE_TWO_SLIP_c1_t0,64,56,0.875,sparse,7.0,9703281593902941797,lsgrand_certified,9703281593902941797,True,0.8,0.5,,0.15,0.0,slip_15_1,True,63,1,0,True,True,0.0007552574880378415,strict_unseen_codeword_certificate,6080,6080,63,63,44,39,0,6080,False,0.13449921493884176,-23.99725382467524,40.0,152.0,1.0
mismatch,M64_SPARSE_TWO_SLIP,M64_SPARSE_TWO_SLIP_c1_t0,64,56,0.875,sparse,7.0,9703281593902941797,lsgrand_first_valid,9703281542363334245,False,0.8,0.5,,0.15,0.0,slip_15_1,True,63,1,0,True,False,,first_valid_witness,36,36,63,26,1,1,0,36,False,0.0016436380101367831,-24.016794853442907,,,0.4126984126984127
mismatch,M64_SPARSE_TWO_SLIP,M64_SPARSE_TWO_SLIP_c1_t0,64,56,0.875,sparse,7.0,9703281593902941797,per_state_grand_sweep,9703281542363334245,False,0.8,0.5,,0.15,0.0,slip_15_1,True,63,1,0,True,False,,best_fixed_state_codeword,42044,42044,63,63,27,25,0,42044,True,0.24716614105273038,-24.016794853442907,,,1.0
mismatch,M64_SPARSE_TWO_SLIP,M64_SPARSE_TWO_SLIP_c1_t0,64,56,0.875,sparse,7.0,9703281593902941797,plain_reliability_grand,9703563345813922620,False,0.8,0.5,,0.15,0.0,slip_15_1,True,63,1,0,True,False,,first_valid_witness,7918,7918,1,1,1,1,0,7918,False,0.05375194502994418,-38.34440626580748,,,1.0
mismatch,M64_SPARSE_TWO_SLIP,M64_SPARSE_TWO_SLIP_c1_t0,64,56,0.875,sparse,7.0,9703281593902941797,latent_osd_order2,9703281593902941797,True,0.8,0.5,,0.15,0.0,slip_15_1,True,63,1,0,True,False,,best_complete_marginal_score_in_osd_list,0,0,63,24,2607,2172,2172,136836,False,1.9541644429555163,-23.997253310704895,,,0.38095238095238093
mismatch,M64_SPARSE_TWO_SLIP,M64_SPARSE_TWO_SLIP_c1_t1,64,56,0.875,sparse,7.0,13356840676845830555,lsgrand_certified,13356373247740722276,False,0.8,0.5,,0.15,0.0,slip_6_3,True,63,1,1,True,True,6.776919976658746e-05,strict_unseen_codeword_certificate,9536,9536,63,63,37,35,0,9536,False,0.1775743099860847,-22.690113137322335,106.0,89.9622641509434,1.0
mismatch,M64_SPARSE_TWO_SLIP,M64_SPARSE_TWO_SLIP_c1_t1,64,56,0.875,sparse,7.0,13356840676845830555,lsgrand_first_valid,13356370464601914468,False,0.8,0.5,,0.15,0.0,slip_6_3,True,63,1,1,True,False,,first_valid_witness,98,98,63,63,1,1,0,98,False,0.0018946939380839467,-22.69828921565849,,,1.0
mismatch,M64_SPARSE_TWO_SLIP,M64_SPARSE_TWO_SLIP_c1_t1,64,56,0.875,sparse,7.0,13356840676845830555,per_state_grand_sweep,13356370464601914468,False,0.8,0.5,,0.15,0.0,slip_6_3,True,63,1,1,True,False,,best_fixed_state_codeword,39151,39151,63,63,29,26,0,39151,True,0.23209668102208525,-22.69828921565849,,,1.0
mismatch,M64_SPARSE_TWO_SLIP,M64_SPARSE_TWO_SLIP_c1_t1,64,56,0.875,sparse,7.0,13356840676845830555,plain_reliability_grand,12203451195700076338,False,0.8,0.5,,0.15,0.0,slip_6_3,True,63,1,1,True,False,,first_valid_witness,4459,4459,1,1,1,1,0,4459,False,0.03033813601359725,-35.22733370382996,,,1.0
mismatch,M64_SPARSE_TWO_SLIP,M64_SPARSE_TWO_SLIP_c1_t1,64,56,0.875,sparse,7.0,13356840676845830555,latent_osd_order2,13356373247740722276,False,0.8,0.5,,0.15,0.0,slip_6_3,True,63,1,1,True,False,,best_complete_marginal_score_in_osd_list,0,0,63,24,2607,2176,2176,137088,False,2.0620052790036425,-22.690113127351264,,,0.38095238095238093
mismatch,M64_SPARSE_TWO_SLIP,M64_SPARSE_TWO_SLIP_c1_t2,64,56,0.875,sparse,7.0,2813119972336397043,lsgrand_certified,2813119972336397043,True,0.8,0.5,,0.15,0.0,slip_30_1,True,63,1,2,True,True,0.07085774186412763,strict_unseen_codeword_certificate,384,384,63,63,3,2,0,384,False,0.0044748600339517,-14.002454812676651,64.0,6.0,1.0
mismatch,M64_SPARSE_TWO_SLIP,M64_SPARSE_TWO_SLIP_c1_t2,64,56,0.875,sparse,7.0,2813119972336397043,lsgrand_first_valid,2813119972336397043,True,0.8,0.5,,0.15,0.0,slip_30_1,True,63,1,2,True,False,,first_valid_witness,64,64,63,60,1,1,0,64,False,0.0017896319041028619,-14.0783477124256,,,0.9523809523809523
mismatch,M64_SPARSE_TWO_SLIP,M64_SPARSE_TWO_SLIP_c1_t2,64,56,0.875,sparse,7.0,2813119972336397043,per_state_grand_sweep,2813119972336397043,True,0.8,0.5,,0.15,0.0,slip_30_1,True,63,1,2,True,False,,best_fixed_state_codeword,43671,43671,63,63,25,23,0,43671,True,0.259307078900747,-14.0783477124256,,,1.0
mismatch,M64_SPARSE_TWO_SLIP,M64_SPARSE_TWO_SLIP_c1_t2,64,56,0.875,sparse,7.0,2813119972336397043,plain_reliability_grand,2813119980926298873,False,0.8,0.5,,0.15,0.0,slip_30_1,True,63,1,2,True,False,,first_valid_witness,155,155,1,1,1,1,0,155,False,0.0010190049652010202,-19.8812417810176,,,1.0
mismatch,M64_SPARSE_TWO_SLIP,M64_SPARSE_TWO_SLIP_c1_t2,64,56,0.875,sparse,7.0,2813119972336397043,latent_osd_order2,2813119972336397043,True,0.8,0.5,,0.15,0.0,slip_30_1,True,63,1,2,True,False,,best_complete_marginal_score_in_osd_list,0,0,63,24,2607,2219,2219,139797,False,2.2428400589851663,-14.002413363618608,,,0.38095238095238093
mismatch,M64_SPARSE_TWO_SLIP,M64_SPARSE_TWO_SLIP_c1_t3,64,56,0.875,sparse,7.0,16876699165788896037,lsgrand_certified,16876699165788896037,True,0.8,0.5,,0.15,0.0,slip_15_3,True,63,1,3,True,True,0.9250347737091165,strict_unseen_codeword_certificate,192,192,63,63,2,2,0,192,False,0.003026966005563736,-14.82160496524381,33.0,5.818181818181818,1.0
mismatch,M64_SPARSE_TWO_SLIP,M64_SPARSE_TWO_SLIP_c1_t3,64,56,0.875,sparse,7.0,16876699165788896037,lsgrand_first_valid,16876699165788896037,True,0.8,0.5,,0.15,0.0,slip_15_3,True,63,1,3,True,False,,first_valid_witness,33,33,63,31,1,1,0,33,False,0.0014740950427949429,-14.82160496524381,,,0.49206349206349204
mismatch,M64_SPARSE_TWO_SLIP,M64_SPARSE_TWO_SLIP_c1_t3,64,56,0.875,sparse,7.0,16876699165788896037,per_state_grand_sweep,16876699165788896037,True,0.8,0.5,,0.15,0.0,slip_15_3,True,63,1,3,True,False,,best_fixed_state_codeword,44579,44579,63,63,21,20,0,44579,True,0.26064950006548315,-14.82160496524381,,,1.0
mismatch,M64_SPARSE_TWO_SLIP,M64_SPARSE_TWO_SLIP_c1_t3,64,56,0.875,sparse,7.0,16876699165788896037,plain_reliability_grand,16732584534341640783,False,0.8,0.5,,0.15,0.0,slip_15_3,True,63,1,3,True,False,,first_valid_witness,259,259,1,1,1,1,0,259,False,0.0015386460581794381,-26.50133157683382,,,1.0
mismatch,M64_SPARSE_TWO_SLIP,M64_SPARSE_TWO_SLIP_c1_t3,64,56,0.875,sparse,7.0,16876699165788896037,latent_osd_order2,16876699165788896037,True,0.8,0.5,,0.15,0.0,slip_15_3,True,63,1,3,True,False,,best_complete_marginal_score_in_osd_list,0,0,63,24,2607,2236,2236,140868,False,2.074692415073514,-14.821352708096905,,,0.38095238095238093
mismatch,M64_SPARSE_TWO_SLIP,M64_SPARSE_TWO_SLIP_c1_t4,64,56,0.875,sparse,7.0,3239290715277308026,lsgrand_certified,3239290715373252730,False,0.8,0.5,,0.15,0.0,slip_18_1,True,63,1,4,True,True,0.022237519554806795,strict_unseen_codeword_certificate,768,768,63,63,7,6,0,768,False,0.008763039950281382,-16.528948155515664,58.0,13.241379310344827,1.0
mismatch,M64_SPARSE_TWO_SLIP,M64_SPARSE_TWO_SLIP_c1_t4,64,56,0.875,sparse,7.0,3239290715277308026,lsgrand_first_valid,3239290715373252730,False,0.8,0.5,,0.15,0.0,slip_18_1,True,63,1,4,True,False,,first_valid_witness,58,58,63,48,1,1,0,58,False,0.0016455999575555325,-16.815135373199738,,,0.7619047619047619
mismatch,M64_SPARSE_TWO_SLIP,M64_SPARSE_TWO_SLIP_c1_t4,64,56,0.875,sparse,7.0,3239290715277308026,per_state_grand_sweep,3239290715373252730,False,0.8,0.5,,0.15,0.0,slip_18_1,True,63,1,4,True,False,,best_fixed_state_codeword,44382,44382,63,63,21,18,0,44382,True,0.255594018031843,-16.815135373199738,,,1.0
mismatch,M64_SPARSE_TWO_SLIP,M64_SPARSE_TWO_SLIP_c1_t4,64,56,0.875,sparse,7.0,3239290715277308026,plain_reliability_grand,3239361084083772063,False,0.8,0.5,,0.15,0.0,slip_18_1,True,63,1,4,True,False,,first_valid_witness,7278,7278,1,1,1,1,0,7278,False,0.0477352540474385,-31.383371589978143,,,1.0
mismatch,M64_SPARSE_TWO_SLIP,M64_SPARSE_TWO_SLIP_c1_t4,64,56,0.875,sparse,7.0,3239290715277308026,latent_osd_order2,3239290715373252730,False,0.8,0.5,,0.15,0.0,slip_18_1,True,63,1,4,True,False,,best_complete_marginal_score_in_osd_list,0,0,63,24,2607,2100,2100,132300,False,1.9843784850090742,-16.5289434799883,,,0.38095238095238093
mismatch,M64_SPARSE_TWO_SLIP,M64_SPARSE_TWO_SLIP_c1_t5,64,56,0.875,sparse,7.0,11575136913652883776,lsgrand_certified,11603048521733777728,False,0.8,0.5,,0.15,0.0,slip_3_3,True,63,1,5,True,True,0.16326870108982305,strict_unseen_codeword_certificate,500,500,63,63,6,6,0,500,False,0.0067315660417079926,-22.336789163556116,57.0,8.771929824561404,1.0
mismatch,M64_SPARSE_TWO_SLIP,M64_SPARSE_TWO_SLIP_c1_t5,64,56,0.875,sparse,7.0,11575136913652883776,lsgrand_first_valid,11603048521733777728,False,0.8,0.5,,0.15,0.0,slip_3_3,True,63,1,5,True,False,,first_valid_witness,57,57,63,51,1,1,0,57,False,0.0014666221104562283,-22.336789163556116,,,0.8095238095238095
mismatch,M64_SPARSE_TWO_SLIP,M64_SPARSE_TWO_SLIP_c1_t5,64,56,0.875,sparse,7.0,11575136913652883776,per_state_grand_sweep,11603048521733777728,False,0.8,0.5,,0.15,0.0,slip_3_3,True,63,1,5,True,False,,best_fixed_state_codeword,31335,31335,63,63,42,38,0,31335,True,0.18710692692548037,-22.336789163556116,,,1.0
mismatch,M64_SPARSE_TWO_SLIP,M64_SPARSE_TWO_SLIP_c1_t5,64,56,0.875,sparse,7.0,11575136913652883776,plain_reliability_grand,11530990927696102357,False,0.8,0.5,,0.15,0.0,slip_3_3,True,63,1,5,True,False,,first_valid_witness,1266,1266,1,1,1,1,0,1266,False,0.008846911019645631,-33.72213981375087,,,1.0
mismatch,M64_SPARSE_TWO_SLIP,M64_SPARSE_TWO_SLIP_c1_t5,64,56,0.875,sparse,7.0,11575136913652883776,latent_osd_order2,11603048521733777728,False,0.8,0.5,,0.15,0.0,slip_3_3,True,63,1,5,True,False,,best_complete_marginal_score_in_osd_list,0,0,63,24,2607,2179,2179,137277,False,1.8949875939870253,-22.336786251482906,,,0.38095238095238093
mismatch,M64_SPARSE_TWO_SLIP,M64_SPARSE_TWO_SLIP_c1_t6,64,56,0.875,sparse,7.0,5184175666671632554,lsgrand_certified,5184175666671632554,True,0.8,0.5,,0.15,0.0,slip_4_3,True,63,1,6,True,True,4.2425615660590665e-06,strict_unseen_codeword_certificate,5760,5760,63,63,27,26,0,5760,False,0.0824843649752438,-18.414002080521204,13.0,443.0769230769231,1.0
mismatch,M64_SPARSE_TWO_SLIP,M64_SPARSE_TWO_SLIP_c1_t6,64,56,0.875,sparse,7.0,5184175666671632554,lsgrand_first_valid,5184175666671632554,True,0.8,0.5,,0.15,0.0,slip_4_3,True,63,1,6,True,False,,first_valid_witness,13,13,63,9,1,1,0,13,False,0.0013823539484292269,-18.41746625555449,,,0.14285714285714285
mismatch,M64_SPARSE_TWO_SLIP,M64_SPARSE_TWO_SLIP_c1_t6,64,56,0.875,sparse,7.0,5184175666671632554,per_state_grand_sweep,5184175666671632554,True,0.8,0.5,,0.15,0.0,slip_4_3,True,63,1,6,True,False,,best_fixed_state_codeword,42801,42801,63,63,22,22,0,42801,True,0.2319113059202209,-18.41746625555449,,,1.0
mismatch,M64_SPARSE_TWO_SLIP,M64_SPARSE_TWO_SLIP_c1_t6,64,56,0.875,sparse,7.0,5184175666671632554,plain_reliability_grand,5019136285152548112,False,0.8,0.5,,0.15,0.0,slip_4_3,True,63,1,6,True,False,,first_valid_witness,9988,9988,1,1,1,1,0,9988,False,0.0934694780735299,-36.45020111283239,,,1.0
mismatch,M64_SPARSE_TWO_SLIP,M64_SPARSE_TWO_SLIP_c1_t6,64,56,0.875,sparse,7.0,5184175666671632554,latent_osd_order2,5184175666671632554,True,0.8,0.5,,0.15,0.0,slip_4_3,True,63,1,6,True,False,,best_complete_marginal_score_in_osd_list,0,0,63,24,2607,2433,2433,153279,False,1.9983270959928632,-18.41399711096316,,,0.38095238095238093
mismatch,M64_SPARSE_TWO_SLIP,M64_SPARSE_TWO_SLIP_c1_t7,64,56,0.875,sparse,7.0,17817587379832480249,lsgrand_certified,17817587381282244358,False,0.8,0.5,,0.15,0.0,slip_16_3,True,63,1,7,True,True,0.0011313078657835263,strict_unseen_codeword_certificate,7808,7808,63,63,74,68,0,7808,False,0.26366402697749436,-17.97298991693454,68.0,114.82352941176471,1.0
mismatch,M64_SPARSE_TWO_SLIP,M64_SPARSE_TWO_SLIP_c1_t7,64,56,0.875,sparse,7.0,17817587379832480249,lsgrand_first_valid,17817587379832480249,True,0.8,0.5,,0.15,0.0,slip_16_3,True,63,1,7,True,False,,first_valid_witness,45,45,63,33,1,1,0,45,False,0.00154607102740556,-18.01449697484711,,,0.5238095238095238
mismatch,M64_SPARSE_TWO_SLIP,M64_SPARSE_TWO_SLIP_c1_t7,64,56,0.875,sparse,7.0,17817587379832480249,per_state_grand_sweep,17817587379832480249,True,0.8,0.5,,0.15,0.0,slip_16_3,True,63,1,7,True,False,,best_fixed_state_codeword,28627,28627,63,63,38,33,0,28627,True,0.1479256299789995,-18.01449697484711,,,1.0
mismatch,M64_SPARSE_TWO_SLIP,M64_SPARSE_TWO_SLIP_c1_t7,64,56,0.875,sparse,7.0,17817587379832480249,plain_reliability_grand,17817869131136796579,False,0.8,0.5,,0.15,0.0,slip_16_3,True,63,1,7,True,False,,first_valid_witness,71,71,1,1,1,1,0,71,False,0.00044507498387247324,-20.22093373092496,,,1.0
mismatch,M64_SPARSE_TWO_SLIP,M64_SPARSE_TWO_SLIP_c1_t7,64,56,0.875,sparse,7.0,17817587379832480249,latent_osd_order2,17817587381282244358,False,0.8,0.5,,0.15,0.0,slip_16_3,True,63,1,7,True,False,,best_complete_marginal_score_in_osd_list,0,0,63,24,2607,2198,2198,138474,False,1.8982220100006089,-17.97298625232351,,,0.38095238095238093
mismatch,M64_SPARSE_TWO_SLIP,M64_SPARSE_TWO_SLIP_c1_t8,64,56,0.875,sparse,7.0,9976330547022314870,lsgrand_certified,9976330547022314870,True,0.8,0.5,,0.15,0.0,slip_21_3,True,63,1,8,True,True,0.24858878911929594,strict_unseen_codeword_certificate,576,576,63,63,3,3,0,576,False,0.005640301969833672,-17.495889929265797,50.0,11.52,1.0
mismatch,M64_SPARSE_TWO_SLIP,M64_SPARSE_TWO_SLIP_c1_t8,64,56,0.875,sparse,7.0,9976330547022314870,lsgrand_first_valid,9976330547022314870,True,0.8,0.5,,0.15,0.0,slip_21_3,True,63,1,8,True,False,,first_valid_witness,50,50,63,43,1,1,0,50,False,0.0015129180392250419,-17.495889929265797,,,0.6825396825396826
mismatch,M64_SPARSE_TWO_SLIP,M64_SPARSE_TWO_SLIP_c1_t8,64,56,0.875,sparse,7.0,9976330547022314870,per_state_grand_sweep,9976330547022314870,True,0.8,0.5,,0.15,0.0,slip_21_3,True,63,1,8,True,False,,best_fixed_state_codeword,41661,41661,63,63,24,22,0,41661,True,0.2206461689202115,-17.495889929265797,,,1.0
mismatch,M64_SPARSE_TWO_SLIP,M64_SPARSE_TWO_SLIP_c1_t8,64,56,0.875,sparse,7.0,9976330547022314870,plain_reliability_grand,9975793985346415084,False,0.8,0.5,,0.15,0.0,slip_21_3,True,63,1,8,True,False,,first_valid_witness,268,268,1,1,1,1,0,268,False,0.0015849699266254902,-24.280789156281745,,,1.0
mismatch,M64_SPARSE_TWO_SLIP,M64_SPARSE_TWO_SLIP_c1_t8,64,56,0.875,sparse,7.0,9976330547022314870,latent_osd_order2,9976330547022314870,True,0.8,0.5,,0.15,0.0,slip_21_3,True,63,1,8,True,False,,best_complete_marginal_score_in_osd_list,0,0,63,24,2607,2287,2287,144081,False,1.8916845669737086,-17.495888771838725,,,0.38095238095238093
mismatch,M64_SPARSE_TWO_SLIP,M64_SPARSE_TWO_SLIP_c1_t9,64,56,0.875,sparse,7.0,9012647349722751889,lsgrand_certified,9012587946362575999,False,0.8,0.5,,0.15,0.0,two_slip_8_1_9_1,False,63,1,9,True,True,0.04540362827484756,strict_unseen_codeword_certificate,1600,1600,63,63,14,13,0,1600,False,0.019695502938702703,-20.90155278841917,205.0,7.804878048780488,1.0
mismatch,M64_SPARSE_TWO_SLIP,M64_SPARSE_TWO_SLIP_c1_t9,64,56,0.875,sparse,7.0,9012647349722751889,lsgrand_first_valid,9012587946362575999,False,0.8,0.5,,0.15,0.0,two_slip_8_1_9_1,False,63,1,9,True,False,,first_valid_witness,205,205,63,63,1,1,0,205,False,0.0024018370313569903,-20.941791602025805,,,1.0
mismatch,M64_SPARSE_TWO_SLIP,M64_SPARSE_TWO_SLIP_c1_t9,64,56,0.875,sparse,7.0,9012647349722751889,per_state_grand_sweep,9012587946362575999,False,0.8,0.5,,0.15,0.0,two_slip_8_1_9_1,False,63,1,9,True,False,,best_fixed_state_codeword,36686,36686,63,63,28,24,0,36686,True,0.19375022407621145,-20.941791602025805,,,1.0
mismatch,M64_SPARSE_TWO_SLIP,M64_SPARSE_TWO_SLIP_c1_t9,64,56,0.875,sparse,7.0,9012647349722751889,plain_reliability_grand,9012590145386880110,False,0.8,0.5,,0.15,0.0,two_slip_8_1_9_1,False,63,1,9,True,False,,first_valid_witness,58,58,1,1,1,1,0,58,False,0.00035489792935550213,-22.09635882380675,,,1.0
mismatch,M64_SPARSE_TWO_SLIP,M64_SPARSE_TWO_SLIP_c1_t9,64,56,0.875,sparse,7.0,9012647349722751889,latent_osd_order2,9012587946362575999,False,0.8,0.5,,0.15,0.0,two_slip_8_1_9_1,False,63,1,9,True,False,,best_complete_marginal_score_in_osd_list,0,0,63,24,2607,2081,2081,131103,False,1.8672600390855223,-20.89553149057087,,,0.38095238095238093
mismatch,M64_SPARSE_TWO_SLIP,M64_SPARSE_TWO_SLIP_c1_t10,64,56,0.875,sparse,7.0,11980259470785982706,lsgrand_certified,11980259470785982706,True,0.8,0.5,,0.15,0.0,slip_26_3,True,63,1,10,True,True,0.0036011976340741825,strict_unseen_codeword_certificate,2880,2880,63,63,17,14,0,2880,False,0.03393468202557415,-14.826360713736205,73.0,39.45205479452055,1.0
mismatch,M64_SPARSE_TWO_SLIP,M64_SPARSE_TWO_SLIP_c1_t10,64,56,0.875,sparse,7.0,11980259470785982706,lsgrand_first_valid,11980259470785982706,True,0.8,0.5,,0.15,0.0,slip_26_3,True,63,1,10,True,False,,first_valid_witness,73,73,63,53,1,1,0,73,False,0.001676462939940393,-14.989937351947777,,,0.8412698412698413
mismatch,M64_SPARSE_TWO_SLIP,M64_SPARSE_TWO_SLIP_c1_t10,64,56,0.875,sparse,7.0,11980259470785982706,per_state_grand_sweep,11980259470785982706,True,0.8,0.5,,0.15,0.0,slip_26_3,True,63,1,10,True,False,,best_fixed_state_codeword,39679,39679,63,63,26,22,0,39679,True,0.20596088597085327,-14.989937351947777,,,1.0
mismatch,M64_SPARSE_TWO_SLIP,M64_SPARSE_TWO_SLIP_c1_t10,64,56,0.875,sparse,7.0,11980259470785982706,plain_reliability_grand,11980223908456772004,False,0.8,0.5,,0.15,0.0,slip_26_3,True,63,1,10,True,False,,first_valid_witness,14541,14541,1,1,1,1,0,14541,False,0.08563011104706675,-29.034415003250462,,,1.0
mismatch,M64_SPARSE_TWO_SLIP,M64_SPARSE_TWO_SLIP_c1_t10,64,56,0.875,sparse,7.0,11980259470785982706,latent_osd_order2,11980259470785982706,True,0.8,0.5,,0.15,0.0,slip_26_3,True,63,1,10,True,False,,best_complete_marginal_score_in_osd_list,0,0,63,24,2607,2041,2041,128583,False,1.7909000759245828,-14.826355203103939,,,0.38095238095238093
mismatch,M64_SPARSE_TWO_SLIP,M64_SPARSE_TWO_SLIP_c1_t11,64,56,0.875,sparse,7.0,13887722091138838624,lsgrand_certified,13887722091138838624,True,0.8,0.5,,0.15,0.0,slip_5_1,True,63,1,11,True,True,0.311860480346116,strict_unseen_codeword_certificate,256,256,63,63,1,1,0,256,False,0.002952969050966203,-12.51881941312049,13.0,19.692307692307693,1.0
mismatch,M64_SPARSE_TWO_SLIP,M64_SPARSE_TWO_SLIP_c1_t11,64,56,0.875,sparse,7.0,13887722091138838624,lsgrand_first_valid,13887722091138838624,True,0.8,0.5,,0.15,0.0,slip_5_1,True,63,1,11,True,False,,first_valid_witness,13,13,63,10,1,1,0,13,False,0.0013271180214360356,-12.51881941312049,,,0.15873015873015872
mismatch,M64_SPARSE_TWO_SLIP,M64_SPARSE_TWO_SLIP_c1_t11,64,56,0.875,sparse,7.0,13887722091138838624,per_state_grand_sweep,13887722091138838624,True,0.8,0.5,,0.15,0.0,slip_5_1,True,63,1,11,True,False,,best_fixed_state_codeword,46182,46182,63,63,18,18,0,46182,True,0.24712678394280374,-12.51881941312049,,,1.0
mismatch,M64_SPARSE_TWO_SLIP,M64_SPARSE_TWO_SLIP_c1_t11,64,56,0.875,sparse,7.0,13887722091138838624,plain_reliability_grand,14023515430697990718,False,0.8,0.5,,0.15,0.0,slip_5_1,True,63,1,11,True,False,,first_valid_witness,14627,14627,1,1,1,1,0,14627,False,0.09083591599483043,-31.48450901266602,,,1.0
mismatch,M64_SPARSE_TWO_SLIP,M64_SPARSE_TWO_SLIP_c1_t11,64,56,0.875,sparse,7.0,13887722091138838624,latent_osd_order2,13887722091138838624,True,0.8,0.5,,0.15,0.0,slip_5_1,True,63,1,11,True,False,,best_complete_marginal_score_in_osd_list,0,0,63,24,2607,2312,2312,145656,False,1.9867391610750929,-12.518756402176788,,,0.38095238095238093
mismatch,M64_SPARSE_TWO_SLIP,M64_SPARSE_TWO_SLIP_c1_t12,64,56,0.875,sparse,7.0,7417129728679477000,lsgrand_certified,7417129728954203912,False,0.8,0.5,,0.15,0.0,slip_21_3,True,63,1,12,True,True,0.0013075302301324143,strict_unseen_codeword_certificate,11870,11870,63,63,82,67,0,11870,False,0.3879735569935292,-30.648640474168428,142.0,83.59154929577464,1.0
mismatch,M64_SPARSE_TWO_SLIP,M64_SPARSE_TWO_SLIP_c1_t12,64,56,0.875,sparse,7.0,7417129728679477000,lsgrand_first_valid,7417129726605393672,False,0.8,0.5,,0.15,0.0,slip_21_3,True,63,1,12,True,False,,first_valid_witness,136,136,63,33,1,1,0,136,False,0.0022421529283747077,-31.066636824557268,,,0.5238095238095238
mismatch,M64_SPARSE_TWO_SLIP,M64_SPARSE_TWO_SLIP_c1_t12,64,56,0.875,sparse,7.0,7417129728679477000,per_state_grand_sweep,7417129726605393672,False,0.8,0.5,,0.15,0.0,slip_21_3,True,63,1,12,True,False,,best_fixed_state_codeword,43710,43710,63,63,19,18,0,43710,True,0.24503964406903833,-31.066636824557268,,,1.0
mismatch,M64_SPARSE_TWO_SLIP,M64_SPARSE_TWO_SLIP_c1_t12,64,56,0.875,sparse,7.0,7417129728679477000,plain_reliability_grand,7381065747421440593,False,0.8,0.5,,0.15,0.0,slip_21_3,True,63,1,12,True,False,,first_valid_witness,225,225,1,1,1,1,0,225,False,0.0013613949995487928,-31.481808315683338,,,1.0
mismatch,M64_SPARSE_TWO_SLIP,M64_SPARSE_TWO_SLIP_c1_t12,64,56,0.875,sparse,7.0,7417129728679477000,latent_osd_order2,7417129728954203912,False,0.8,0.5,,0.15,0.0,slip_21_3,True,63,1,12,True,False,,best_complete_marginal_score_in_osd_list,0,0,63,24,2607,2335,2335,147105,False,2.024881297023967,-30.646356451709572,,,0.38095238095238093
mismatch,M64_SPARSE_TWO_SLIP,M64_SPARSE_TWO_SLIP_c1_t13,64,56,0.875,sparse,7.0,7803940133355121741,lsgrand_certified,7803940133355121741,True,0.8,0.5,,0.15,0.0,slip_23_1,True,63,1,13,True,True,0.11016429104029868,strict_unseen_codeword_certificate,1024,1024,63,63,4,4,0,1024,False,0.010147070977836847,-28.67259847492728,120.0,8.533333333333333,1.0
mismatch,M64_SPARSE_TWO_SLIP,M64_SPARSE_TWO_SLIP_c1_t13,64,56,0.875,sparse,7.0,7803940133355121741,lsgrand_first_valid,7803940133355121741,True,0.8,0.5,,0.15,0.0,slip_23_1,True,63,1,13,True,False,,first_valid_witness,120,120,63,63,1,1,0,120,False,0.001916537992656231,-28.67259847492728,,,1.0
mismatch,M64_SPARSE_TWO_SLIP,M64_SPARSE_TWO_SLIP_c1_t13,64,56,0.875,sparse,7.0,7803940133355121741,per_state_grand_sweep,7803940133355121741,True,0.8,0.5,,0.15,0.0,slip_23_1,True,63,1,13,True,False,,best_fixed_state_codeword,42297,42297,63,63,31,31,0,42297,True,0.22250102902762592,-28.67259847492728,,,1.0
mismatch,M64_SPARSE_TWO_SLIP,M64_SPARSE_TWO_SLIP_c1_t13,64,56,0.875,sparse,7.0,7803940133355121741,plain_reliability_grand,6650737153772451364,False,0.8,0.5,,0.15,0.0,slip_23_1,True,63,1,13,True,False,,first_valid_witness,925,925,1,1,1,1,0,925,False,0.005384995951317251,-36.66444508745198,,,1.0
mismatch,M64_SPARSE_TWO_SLIP,M64_SPARSE_TWO_SLIP_c1_t13,64,56,0.875,sparse,7.0,7803940133355121741,latent_osd_order2,7803940133355121741,True,0.8,0.5,,0.15,0.0,slip_23_1,True,63,1,13,True,False,,best_complete_marginal_score_in_osd_list,0,0,63,24,2607,2352,2352,148176,False,1.924343966995366,-28.672382573127553,,,0.38095238095238093
mismatch,M64_SPARSE_TWO_SLIP,M64_SPARSE_TWO_SLIP_c1_t14,64,56,0.875,sparse,7.0,1172901865058498149,lsgrand_certified,1172901865058498149,True,0.8,0.5,,0.15,0.0,slip_26_1,True,63,1,14,True,True,0.13491182790101064,strict_unseen_codeword_certificate,1664,1664,63,63,6,6,0,1664,False,0.014787050895392895,-21.074648456582125,137.0,12.145985401459853,1.0
mismatch,M64_SPARSE_TWO_SLIP,M64_SPARSE_TWO_SLIP_c1_t14,64,56,0.875,sparse,7.0,1172901865058498149,lsgrand_first_valid,1172901865058498149,True,0.8,0.5,,0.15,0.0,slip_26_1,True,63,1,14,True,False,,first_valid_witness,137,137,63,63,1,1,0,137,False,0.0020441300002858043,-21.074648456582125,,,1.0
mismatch,M64_SPARSE_TWO_SLIP,M64_SPARSE_TWO_SLIP_c1_t14,64,56,0.875,sparse,7.0,1172901865058498149,per_state_grand_sweep,1172901865058498149,True,0.8,0.5,,0.15,0.0,slip_26_1,True,63,1,14,True,False,,best_fixed_state_codeword,36051,36051,63,63,33,30,0,36051,True,0.1958921899786219,-21.074648456582125,,,1.0
mismatch,M64_SPARSE_TWO_SLIP,M64_SPARSE_TWO_SLIP_c1_t14,64,56,0.875,sparse,7.0,1172901865058498149,plain_reliability_grand,1182049801800282896,False,0.8,0.5,,0.15,0.0,slip_26_1,True,63,1,14,True,False,,first_valid_witness,11835,11835,1,1,1,1,0,11835,False,0.07431649300269783,-34.81809785388622,,,1.0
mismatch,M64_SPARSE_TWO_SLIP,M64_SPARSE_TWO_SLIP_c1_t14,64,56,0.875,sparse,7.0,1172901865058498149,latent_osd_order2,1172901865058498149,True,0.8,0.5,,0.15,0.0,slip_26_1,True,63,1,14,True,False,,best_complete_marginal_score_in_osd_list,0,0,63,24,2607,2313,2313,145719,False,2.0944343380397186,-21.074636949328927,,,0.38095238095238093
mismatch,M64_SPARSE_TWO_SLIP,M64_SPARSE_TWO_SLIP_c1_t15,64,56,0.875,sparse,7.0,10455844259181745098,lsgrand_certified,10455844259181745098,True,0.8,0.5,,0.15,0.0,slip_23_3,True,63,1,15,True,True,0.005120190289297,strict_unseen_codeword_certificate,1535,1535,63,63,11,11,0,1535,False,0.018658227985724807,-17.48448254080606,129.0,11.89922480620155,1.0
mismatch,M64_SPARSE_TWO_SLIP,M64_SPARSE_TWO_SLIP_c1_t15,64,56,0.875,sparse,7.0,10455844259181745098,lsgrand_first_valid,10455844259181745098,True,0.8,0.5,,0.15,0.0,slip_23_3,True,63,1,15,True,False,,first_valid_witness,129,129,63,63,1,1,0,129,False,0.002195117063820362,-17.48448254080606,,,1.0
mismatch,M64_SPARSE_TWO_SLIP,M64_SPARSE_TWO_SLIP_c1_t15,64,56,0.875,sparse,7.0,10455844259181745098,per_state_grand_sweep,10455844259181745098,True,0.8,0.5,,0.15,0.0,slip_23_3,True,63,1,15,True,False,,best_fixed_state_codeword,38569,38569,63,63,28,28,0,38569,True,0.22910336893983185,-17.48448254080606,,,1.0
mismatch,M64_SPARSE_TWO_SLIP,M64_SPARSE_TWO_SLIP_c1_t15,64,56,0.875,sparse,7.0,10455844259181745098,plain_reliability_grand,12761687130956543120,False,0.8,0.5,,0.15,0.0,slip_23_3,True,63,1,15,True,False,,first_valid_witness,3942,3942,1,1,1,1,0,3942,False,0.025502905948087573,-28.81752285151212,,,1.0
mismatch,M64_SPARSE_TWO_SLIP,M64_SPARSE_TWO_SLIP_c1_t15,64,56,0.875,sparse,7.0,10455844259181745098,latent_osd_order2,10455844259181745098,True,0.8,0.5,,0.15,0.0,slip_23_3,True,63,1,15,True,False,,best_complete_marginal_score_in_osd_list,0,0,63,24,2607,2259,2259,142317,False,2.1088584340177476,-17.48309175028027,,,0.38095238095238093
mismatch,M64_SPARSE_TWO_SLIP,M64_SPARSE_TWO_SLIP_c1_t16,64,56,0.875,sparse,7.0,4606197273680460700,lsgrand_certified,4606197273680460700,True,0.8,0.5,,0.15,0.0,slip_20_1,True,63,1,16,True,False,-0.010450933685131503,query_cap_before_certificate,60000,60000,63,63,306,268,0,60000,True,5.558815359021537,-29.17233530579314,390.0,153.84615384615384,1.0
mismatch,M64_SPARSE_TWO_SLIP,M64_SPARSE_TWO_SLIP_c1_t16,64,56,0.875,sparse,7.0,4606197273680460700,lsgrand_first_valid,4606197273680460700,True,0.8,0.5,,0.15,0.0,slip_20_1,True,63,1,16,True,False,,first_valid_witness,390,390,63,63,1,1,0,390,False,0.003911299980245531,-29.17565934033273,,,1.0
mismatch,M64_SPARSE_TWO_SLIP,M64_SPARSE_TWO_SLIP_c1_t16,64,56,0.875,sparse,7.0,4606197273680460700,per_state_grand_sweep,4606197273680460700,True,0.8,0.5,,0.15,0.0,slip_20_1,True,63,1,16,True,False,,best_fixed_state_codeword,35172,35172,63,63,31,30,0,35172,True,0.20595562306698412,-29.17565934033273,,,1.0
mismatch,M64_SPARSE_TWO_SLIP,M64_SPARSE_TWO_SLIP_c1_t16,64,56,0.875,sparse,7.0,4606197273680460700,plain_reliability_grand,4588182875178721158,False,0.8,0.5,,0.15,0.0,slip_20_1,True,63,1,16,True,False,,first_valid_witness,6752,6752,1,1,1,1,0,6752,False,0.046102760010398924,-37.448289200381765,,,1.0
mismatch,M64_SPARSE_TWO_SLIP,M64_SPARSE_TWO_SLIP_c1_t16,64,56,0.875,sparse,7.0,4606197273680460700,latent_osd_order2,4606197273680460700,True,0.8,0.5,,0.15,0.0,slip_20_1,True,63,1,16,True,False,,best_complete_marginal_score_in_osd_list,0,0,63,24,2607,2274,2274,143262,False,1.995030572055839,-29.17233493144715,,,0.38095238095238093
mismatch,M64_SPARSE_TWO_SLIP,M64_SPARSE_TWO_SLIP_c1_t17,64,56,0.875,sparse,7.0,3645167216213761845,lsgrand_certified,3645167216213761845,True,0.8,0.5,,0.15,0.0,no_slip,True,63,1,17,True,True,0.12636283802559056,strict_unseen_codeword_certificate,18,18,63,13,2,2,0,18,False,0.0015866520116105676,-12.719128997852126,1.0,18.0,0.20634920634920634
mismatch,M64_SPARSE_TWO_SLIP,M64_SPARSE_TWO_SLIP_c1_t17,64,56,0.875,sparse,7.0,3645167216213761845,lsgrand_first_valid,3645167216213761845,True,0.8,0.5,,0.15,0.0,no_slip,True,63,1,17,True,False,,first_valid_witness,1,1,63,1,1,1,0,1,False,0.0011107770260423422,-12.719128997852126,,,0.015873015873015872
mismatch,M64_SPARSE_TWO_SLIP,M64_SPARSE_TWO_SLIP_c1_t17,64,56,0.875,sparse,7.0,3645167216213761845,per_state_grand_sweep,3645167216213761845,True,0.8,0.5,,0.15,0.0,no_slip,True,63,1,17,True,False,,best_fixed_state_codeword,41071,41071,63,63,28,27,0,41071,True,0.21847175806760788,-12.719128997852126,,,1.0
mismatch,M64_SPARSE_TWO_SLIP,M64_SPARSE_TWO_SLIP_c1_t17,64,56,0.875,sparse,7.0,3645167216213761845,plain_reliability_grand,3645167216213761845,True,0.8,0.5,,0.15,0.0,no_slip,True,63,1,17,True,False,,first_valid_witness,1,1,1,1,1,1,0,1,False,3.616604954004288e-05,-12.02598181729218,,,1.0
mismatch,M64_SPARSE_TWO_SLIP,M64_SPARSE_TWO_SLIP_c1_t17,64,56,0.875,sparse,7.0,3645167216213761845,latent_osd_order2,3645167216213761845,True,0.8,0.5,,0.15,0.0,no_slip,True,63,1,17,True,False,,best_complete_marginal_score_in_osd_list,0,0,63,24,2607,2369,2369,149247,False,2.0231233070371673,-12.719128213865995,,,0.38095238095238093
