experiment,config_id,trial_uid,n,k,rate,family,snr_db,transmitted_int,decoder,decoded_int,decoded_correct,true_slip_prob,model_slip_prob,forced_location_fraction,two_slip_fraction,assumed_noise_offset_db,true_state_label,model_contains_true_path,state_hypothesis_count,code_replicate,trial_index,success,certified,certificate_margin_log,stop_reason,membership_queries,residual_patterns_generated,latent_hypotheses_available,latent_queues_touched,valid_witnesses,unique_codewords_seen,complete_marginal_scores,state_codeword_likelihoods,cap_hit,wall_seconds,winner_partial_logscore,oracle_first_seen_query,certificate_query_overhead,queue_touch_fraction
performance,P32_DENSE_EARLY,P32_DENSE_EARLY_c0_t0,32,24,0.75,dense,7.0,2015226430,lsgrand_certified,2015226430.0,True,1.0,0.5,0.2,0.0,0.0,slip_3_1,True,31,0,0,True,True,0.9738660454156101,strict_unseen_codeword_certificate,128,128,31,31,1,1,0,128,False,0.0013538339408114552,-13.990658424748831,8.0,16.0,1.0
performance,P32_DENSE_EARLY,P32_DENSE_EARLY_c0_t0,32,24,0.75,dense,7.0,2015226430,lsgrand_first_valid,2015226430.0,True,1.0,0.5,0.2,0.0,0.0,slip_3_1,True,31,0,0,True,False,,first_valid_witness,8,8,31,6,1,1,0,8,False,0.0005446330178529024,-13.990658424748831,,,0.1935483870967742
performance,P32_DENSE_EARLY,P32_DENSE_EARLY_c0_t0,32,24,0.75,dense,7.0,2015226430,per_state_grand_sweep,2015226430.0,True,1.0,0.5,0.2,0.0,0.0,slip_3_1,True,31,0,0,True,False,,best_fixed_state_codeword,6641,6641,31,31,19,16,0,6641,True,0.0318181689362973,-13.990658424748831,,,1.0
performance,P32_DENSE_EARLY,P32_DENSE_EARLY_c0_t0,32,24,0.75,dense,7.0,2015226430,plain_reliability_grand,2055520147.0,False,1.0,0.5,0.2,0.0,0.0,slip_3_1,True,31,0,0,True,False,,first_valid_witness,315,315,1,1,1,1,0,315,False,0.001696459949016571,-25.343987092012725,,,1.0
performance,P32_DENSE_EARLY,P32_DENSE_EARLY_c0_t0,32,24,0.75,dense,7.0,2015226430,latent_osd_order2,2015226430.0,True,1.0,0.5,0.2,0.0,0.0,slip_3_1,True,31,0,0,True,False,,best_complete_marginal_score_in_osd_list,0,0,31,16,1295,998,998,30938,False,0.2901942360913381,-13.99065746675913,,,0.5161290322580645
performance,P32_DENSE_EARLY,P32_DENSE_EARLY_c0_t1,32,24,0.75,dense,7.0,74427073,lsgrand_certified,74427073.0,True,1.0,0.5,0.2,0.0,0.0,slip_3_3,True,31,0,1,True,True,0.21899296627615428,strict_unseen_codeword_certificate,64,64,31,31,2,2,0,64,False,0.001050787977874279,-4.581379194785734,8.0,8.0,1.0
performance,P32_DENSE_EARLY,P32_DENSE_EARLY_c0_t1,32,24,0.75,dense,7.0,74427073,lsgrand_first_valid,74427073.0,True,1.0,0.5,0.2,0.0,0.0,slip_3_3,True,31,0,1,True,False,,first_valid_witness,8,8,31,7,1,1,0,8,False,0.0006612829165533185,-4.581379194785734,,,0.22580645161290322
performance,P32_DENSE_EARLY,P32_DENSE_EARLY_c0_t1,32,24,0.75,dense,7.0,74427073,per_state_grand_sweep,74427073.0,True,1.0,0.5,0.2,0.0,0.0,slip_3_3,True,31,0,1,True,False,,best_fixed_state_codeword,4628,4628,31,31,23,17,0,4628,True,0.023263511015102267,-4.581379194785734,,,1.0
performance,P32_DENSE_EARLY,P32_DENSE_EARLY_c0_t1,32,24,0.75,dense,7.0,74427073,plain_reliability_grand,76152983.0,False,1.0,0.5,0.2,0.0,0.0,slip_3_3,True,31,0,1,True,False,,first_valid_witness,209,209,1,1,1,1,0,209,False,0.0012092669494450092,-17.381273287576676,,,1.0
performance,P32_DENSE_EARLY,P32_DENSE_EARLY_c0_t1,32,24,0.75,dense,7.0,74427073,latent_osd_order2,74427073.0,True,1.0,0.5,0.2,0.0,0.0,slip_3_3,True,31,0,1,True,False,,best_complete_marginal_score_in_osd_list,0,0,31,16,1295,979,979,30349,False,0.2769961169688031,-4.581293439901193,,,0.5161290322580645
performance,P32_DENSE_EARLY,P32_DENSE_EARLY_c0_t2,32,24,0.75,dense,7.0,1847976195,lsgrand_certified,1785061699.0,False,1.0,0.5,0.2,0.0,0.0,slip_3_1,True,31,0,2,True,True,0.0025560229974761484,strict_unseen_codeword_certificate,1024,1024,31,31,5,5,0,1024,False,0.0072685269406065345,-14.797149693973463,41.0,24.975609756097562,1.0
performance,P32_DENSE_EARLY,P32_DENSE_EARLY_c0_t2,32,24,0.75,dense,7.0,1847976195,lsgrand_first_valid,1785061699.0,False,1.0,0.5,0.2,0.0,0.0,slip_3_1,True,31,0,2,True,False,,first_valid_witness,41,41,31,31,1,1,0,41,False,0.0007153300102800131,-14.797149693973463,,,1.0
performance,P32_DENSE_EARLY,P32_DENSE_EARLY_c0_t2,32,24,0.75,dense,7.0,1847976195,per_state_grand_sweep,1785061699.0,False,1.0,0.5,0.2,0.0,0.0,slip_3_1,True,31,0,2,True,False,,best_fixed_state_codeword,5332,5332,31,31,24,19,0,5332,True,0.025609825970605016,-14.797149693973463,,,1.0
performance,P32_DENSE_EARLY,P32_DENSE_EARLY_c0_t2,32,24,0.75,dense,7.0,1847976195,plain_reliability_grand,1320187945.0,False,1.0,0.5,0.2,0.0,0.0,slip_3_1,True,31,0,2,True,False,,first_valid_witness,113,113,1,1,1,1,0,113,False,0.0006133760325610638,-20.06738233330068,,,1.0
performance,P32_DENSE_EARLY,P32_DENSE_EARLY_c0_t2,32,24,0.75,dense,7.0,1847976195,latent_osd_order2,1785061699.0,False,1.0,0.5,0.2,0.0,0.0,slip_3_1,True,31,0,2,True,False,,best_complete_marginal_score_in_osd_list,0,0,31,16,1295,924,924,28644,False,0.26449022605083883,-14.797147432087915,,,0.5161290322580645
performance,P32_DENSE_EARLY,P32_DENSE_EARLY_c0_t3,32,24,0.75,dense,7.0,3553661812,lsgrand_certified,3553661812.0,True,1.0,0.5,0.2,0.0,0.0,slip_3_1,True,31,0,3,True,True,0.1810437203494022,strict_unseen_codeword_certificate,64,64,31,31,1,1,0,64,False,0.000973034999333322,-10.854110737734308,7.0,9.142857142857142,1.0
performance,P32_DENSE_EARLY,P32_DENSE_EARLY_c0_t3,32,24,0.75,dense,7.0,3553661812,lsgrand_first_valid,3553661812.0,True,1.0,0.5,0.2,0.0,0.0,slip_3_1,True,31,0,3,True,False,,first_valid_witness,7,7,31,6,1,1,0,7,False,0.0005785280372947454,-10.854110737734308,,,0.1935483870967742
performance,P32_DENSE_EARLY,P32_DENSE_EARLY_c0_t3,32,24,0.75,dense,7.0,3553661812,per_state_grand_sweep,3553661812.0,True,1.0,0.5,0.2,0.0,0.0,slip_3_1,True,31,0,3,True,False,,best_fixed_state_codeword,4680,4680,31,31,22,16,0,4680,True,0.02217136905528605,-10.854110737734308,,,1.0
performance,P32_DENSE_EARLY,P32_DENSE_EARLY_c0_t3,32,24,0.75,dense,7.0,3553661812,plain_reliability_grand,3519727888.0,False,1.0,0.5,0.2,0.0,0.0,slip_3_1,True,31,0,3,True,False,,first_valid_witness,348,348,1,1,1,1,0,348,False,0.0017972959904000163,-23.801416525190348,,,1.0
performance,P32_DENSE_EARLY,P32_DENSE_EARLY_c0_t3,32,24,0.75,dense,7.0,3553661812,latent_osd_order2,3553661812.0,True,1.0,0.5,0.2,0.0,0.0,slip_3_1,True,31,0,3,True,False,,best_complete_marginal_score_in_osd_list,0,0,31,16,1295,1003,1003,31093,False,0.30148455791641027,-10.845785138771323,,,0.5161290322580645
performance,P32_DENSE_EARLY,P32_DENSE_EARLY_c0_t4,32,24,0.75,dense,7.0,2984049075,lsgrand_certified,2984049075.0,True,1.0,0.5,0.2,0.0,0.0,slip_3_3,True,31,0,4,True,True,2.9738928069831996,strict_unseen_codeword_certificate,64,64,31,31,1,1,0,64,False,0.0010709449416026473,-8.720549742723396,7.0,9.142857142857142,1.0
performance,P32_DENSE_EARLY,P32_DENSE_EARLY_c0_t4,32,24,0.75,dense,7.0,2984049075,lsgrand_first_valid,2984049075.0,True,1.0,0.5,0.2,0.0,0.0,slip_3_3,True,31,0,4,True,False,,first_valid_witness,7,7,31,7,1,1,0,7,False,0.0005537780234590173,-8.720549742723396,,,0.22580645161290322
performance,P32_DENSE_EARLY,P32_DENSE_EARLY_c0_t4,32,24,0.75,dense,7.0,2984049075,per_state_grand_sweep,2984049075.0,True,1.0,0.5,0.2,0.0,0.0,slip_3_3,True,31,0,4,True,False,,best_fixed_state_codeword,4629,4629,31,31,24,17,0,4629,True,0.02266241400502622,-8.720549742723396,,,1.0
performance,P32_DENSE_EARLY,P32_DENSE_EARLY_c0_t4,32,24,0.75,dense,7.0,2984049075,plain_reliability_grand,3019481638.0,False,1.0,0.5,0.2,0.0,0.0,slip_3_3,True,31,0,4,True,False,,first_valid_witness,96,96,1,1,1,1,0,96,False,0.0005286179948598146,-22.505070796920435,,,1.0
performance,P32_DENSE_EARLY,P32_DENSE_EARLY_c0_t4,32,24,0.75,dense,7.0,2984049075,latent_osd_order2,2984049075.0,True,1.0,0.5,0.2,0.0,0.0,slip_3_3,True,31,0,4,True,False,,best_complete_marginal_score_in_osd_list,0,0,31,16,1295,914,914,28334,False,0.26246849598828703,-8.720462951486825,,,0.5161290322580645
performance,P32_DENSE_EARLY,P32_DENSE_EARLY_c0_t5,32,24,0.75,dense,7.0,872473140,lsgrand_certified,917037620.0,False,1.0,0.5,0.2,0.0,0.0,slip_3_1,True,31,0,5,True,True,0.00017153389124224816,strict_unseen_codeword_certificate,448,448,31,31,5,4,0,448,False,0.00371628999710083,-10.647966935333272,15.0,29.866666666666667,1.0
performance,P32_DENSE_EARLY,P32_DENSE_EARLY_c0_t5,32,24,0.75,dense,7.0,872473140,lsgrand_first_valid,872473140.0,True,1.0,0.5,0.2,0.0,0.0,slip_3_1,True,31,0,5,True,False,,first_valid_witness,7,7,31,6,1,1,0,7,False,0.0006198079790920019,-10.66169019056976,,,0.1935483870967742
performance,P32_DENSE_EARLY,P32_DENSE_EARLY_c0_t5,32,24,0.75,dense,7.0,872473140,per_state_grand_sweep,872473140.0,True,1.0,0.5,0.2,0.0,0.0,slip_3_1,True,31,0,5,True,False,,best_fixed_state_codeword,4277,4277,31,31,26,20,0,4277,True,0.0209567149868235,-10.66169019056976,,,1.0
performance,P32_DENSE_EARLY,P32_DENSE_EARLY_c0_t5,32,24,0.75,dense,7.0,872473140,plain_reliability_grand,917207954.0,False,1.0,0.5,0.2,0.0,0.0,slip_3_1,True,31,0,5,True,False,,first_valid_witness,7,7,1,1,1,1,0,7,False,7.257598917931318e-05,-12.505659372826006,,,1.0
performance,P32_DENSE_EARLY,P32_DENSE_EARLY_c0_t5,32,24,0.75,dense,7.0,872473140,latent_osd_order2,917037620.0,False,1.0,0.5,0.2,0.0,0.0,slip_3_1,True,31,0,5,True,False,,best_complete_marginal_score_in_osd_list,0,0,31,16,1295,932,932,28892,False,0.29603684099856764,-10.647942186748425,,,0.5161290322580645
performance,P32_DENSE_EARLY,P32_DENSE_EARLY_c0_t6,32,24,0.75,dense,7.0,1939797229,lsgrand_certified,1939797229.0,True,1.0,0.5,0.2,0.0,0.0,slip_3_3,True,31,0,6,True,True,1.7133541761310926,strict_unseen_codeword_certificate,64,64,31,31,1,1,0,64,False,0.0011256569996476173,-5.807727931978858,8.0,8.0,1.0
performance,P32_DENSE_EARLY,P32_DENSE_EARLY_c0_t6,32,24,0.75,dense,7.0,1939797229,lsgrand_first_valid,1939797229.0,True,1.0,0.5,0.2,0.0,0.0,slip_3_3,True,31,0,6,True,False,,first_valid_witness,8,8,31,7,1,1,0,8,False,0.0005672479746863246,-5.807727931978858,,,0.22580645161290322
performance,P32_DENSE_EARLY,P32_DENSE_EARLY_c0_t6,32,24,0.75,dense,7.0,1939797229,per_state_grand_sweep,1939797229.0,True,1.0,0.5,0.2,0.0,0.0,slip_3_3,True,31,0,6,True,False,,best_fixed_state_codeword,4593,4593,31,31,24,18,0,4593,True,0.02266093494836241,-5.807727931978858,,,1.0
performance,P32_DENSE_EARLY,P32_DENSE_EARLY_c0_t6,32,24,0.75,dense,7.0,1939797229,plain_reliability_grand,1914236299.0,False,1.0,0.5,0.2,0.0,0.0,slip_3_3,True,31,0,6,True,False,,first_valid_witness,469,469,1,1,1,1,0,469,False,0.0025513829896226525,-22.80735200378635,,,1.0
performance,P32_DENSE_EARLY,P32_DENSE_EARLY_c0_t6,32,24,0.75,dense,7.0,1939797229,latent_osd_order2,1939797229.0,True,1.0,0.5,0.2,0.0,0.0,slip_3_3,True,31,0,6,True,False,,best_complete_marginal_score_in_osd_list,0,0,31,16,1295,944,944,29264,False,0.27777925494592637,-5.804986914910452,,,0.5161290322580645
performance,P32_DENSE_EARLY,P32_DENSE_EARLY_c0_t7,32,24,0.75,dense,7.0,3198404242,lsgrand_certified,3198404242.0,True,1.0,0.5,0.2,0.0,0.0,slip_3_3,True,31,0,7,True,True,6.988668340746074e-05,strict_unseen_codeword_certificate,960,960,31,31,9,7,0,960,False,0.007556835073046386,-9.984977790918526,9.0,106.66666666666667,1.0
performance,P32_DENSE_EARLY,P32_DENSE_EARLY_c0_t7,32,24,0.75,dense,7.0,3198404242,lsgrand_first_valid,3198404242.0,True,1.0,0.5,0.2,0.0,0.0,slip_3_3,True,31,0,7,True,False,,first_valid_witness,9,9,31,7,1,1,0,9,False,0.0006079720333218575,-9.988171537579635,,,0.22580645161290322
performance,P32_DENSE_EARLY,P32_DENSE_EARLY_c0_t7,32,24,0.75,dense,7.0,3198404242,per_state_grand_sweep,3198404242.0,True,1.0,0.5,0.2,0.0,0.0,slip_3_3,True,31,0,7,True,False,,best_fixed_state_codeword,4982,4982,31,31,24,18,0,4982,True,0.023799718008376658,-9.988171537579635,,,1.0
performance,P32_DENSE_EARLY,P32_DENSE_EARLY_c0_t7,32,24,0.75,dense,7.0,3198404242,plain_reliability_grand,3154550308.0,False,1.0,0.5,0.2,0.0,0.0,slip_3_3,True,31,0,7,True,False,,first_valid_witness,86,86,1,1,1,1,0,86,False,0.00045660603791475296,-18.11627153486325,,,1.0
performance,P32_DENSE_EARLY,P32_DENSE_EARLY_c0_t7,32,24,0.75,dense,7.0,3198404242,latent_osd_order2,3198404242.0,True,1.0,0.5,0.2,0.0,0.0,slip_3_3,True,31,0,7,True,False,,best_complete_marginal_score_in_osd_list,0,0,31,16,1295,991,991,30721,False,0.27577810001093894,-9.984977638857425,,,0.5161290322580645
performance,P32_DENSE_EARLY,P32_DENSE_EARLY_c0_t8,32,24,0.75,dense,7.0,1577450707,lsgrand_certified,1577450707.0,True,1.0,0.5,0.2,0.0,0.0,slip_3_1,True,31,0,8,True,True,0.5679163990758909,strict_unseen_codeword_certificate,64,64,31,31,2,1,0,64,False,0.0009757690131664276,-8.578166781668157,9.0,7.111111111111111,1.0
performance,P32_DENSE_EARLY,P32_DENSE_EARLY_c0_t8,32,24,0.75,dense,7.0,1577450707,lsgrand_first_valid,1577450707.0,True,1.0,0.5,0.2,0.0,0.0,slip_3_1,True,31,0,8,True,False,,first_valid_witness,9,9,31,8,1,1,0,9,False,0.0005698039894923568,-9.175045420358455,,,0.25806451612903225
performance,P32_DENSE_EARLY,P32_DENSE_EARLY_c0_t8,32,24,0.75,dense,7.0,1577450707,per_state_grand_sweep,1577450707.0,True,1.0,0.5,0.2,0.0,0.0,slip_3_1,True,31,0,8,True,False,,best_fixed_state_codeword,4960,4960,31,31,23,19,0,4960,True,0.023520857095718384,-9.175045420358455,,,1.0
performance,P32_DENSE_EARLY,P32_DENSE_EARLY_c0_t8,32,24,0.75,dense,7.0,1577450707,plain_reliability_grand,1604869705.0,False,1.0,0.5,0.2,0.0,0.0,slip_3_1,True,31,0,8,True,False,,first_valid_witness,81,81,1,1,1,1,0,81,False,0.0004297930281609297,-16.699039870569287,,,1.0
performance,P32_DENSE_EARLY,P32_DENSE_EARLY_c0_t8,32,24,0.75,dense,7.0,1577450707,latent_osd_order2,1577450707.0,True,1.0,0.5,0.2,0.0,0.0,slip_3_1,True,31,0,8,True,False,,best_complete_marginal_score_in_osd_list,0,0,31,16,1295,933,933,28923,False,0.2623548930278048,-8.577640943868252,,,0.5161290322580645
performance,P32_DENSE_EARLY,P32_DENSE_EARLY_c0_t9,32,24,0.75,dense,7.0,2151338196,lsgrand_certified,2151338196.0,True,1.0,0.5,0.2,0.0,0.0,slip_3_3,True,31,0,9,True,True,0.1573155600557623,strict_unseen_codeword_certificate,64,64,31,31,1,1,0,64,False,0.0010147650027647614,-8.205418435403244,8.0,8.0,1.0
performance,P32_DENSE_EARLY,P32_DENSE_EARLY_c0_t9,32,24,0.75,dense,7.0,2151338196,lsgrand_first_valid,2151338196.0,True,1.0,0.5,0.2,0.0,0.0,slip_3_3,True,31,0,9,True,False,,first_valid_witness,8,8,31,7,1,1,0,8,False,0.0005268380045890808,-8.205418435403244,,,0.22580645161290322
performance,P32_DENSE_EARLY,P32_DENSE_EARLY_c0_t9,32,24,0.75,dense,7.0,2151338196,per_state_grand_sweep,2151338196.0,True,1.0,0.5,0.2,0.0,0.0,slip_3_3,True,31,0,9,True,False,,best_fixed_state_codeword,3927,3927,31,31,28,22,0,3927,True,0.01940749306231737,-8.205418435403244,,,1.0
performance,P32_DENSE_EARLY,P32_DENSE_EARLY_c0_t9,32,24,0.75,dense,7.0,2151338196,plain_reliability_grand,2166404509.0,False,1.0,0.5,0.2,0.0,0.0,slip_3_3,True,31,0,9,True,False,,first_valid_witness,449,449,1,1,1,1,0,449,False,0.0023685679771006107,-23.424069180109996,,,1.0
performance,P32_DENSE_EARLY,P32_DENSE_EARLY_c0_t9,32,24,0.75,dense,7.0,2151338196,latent_osd_order2,2151338196.0,True,1.0,0.5,0.2,0.0,0.0,slip_3_3,True,31,0,9,True,False,,best_complete_marginal_score_in_osd_list,0,0,31,16,1295,1050,1050,32550,False,0.2938542360207066,-8.20463833322601,,,0.5161290322580645
performance,P32_DENSE_EARLY,P32_DENSE_EARLY_c0_t10,32,24,0.75,dense,7.0,3300984583,lsgrand_certified,2252011768.0,False,1.0,0.5,0.2,0.0,0.0,slip_3_1,True,31,0,10,True,True,0.030760224041086914,strict_unseen_codeword_certificate,448,448,31,31,5,4,0,448,False,0.0036866320297122,-8.367647599463645,46.0,9.73913043478261,1.0
performance,P32_DENSE_EARLY,P32_DENSE_EARLY_c0_t10,32,24,0.75,dense,7.0,3300984583,lsgrand_first_valid,2252011768.0,False,1.0,0.5,0.2,0.0,0.0,slip_3_1,True,31,0,10,True,False,,first_valid_witness,46,46,31,31,1,1,0,46,False,0.0007492690347135067,-8.367647599463645,,,1.0
performance,P32_DENSE_EARLY,P32_DENSE_EARLY_c0_t10,32,24,0.75,dense,7.0,3300984583,per_state_grand_sweep,2252011768.0,False,1.0,0.5,0.2,0.0,0.0,slip_3_1,True,31,0,10,True,False,,best_fixed_state_codeword,4347,4347,31,31,27,19,0,4347,True,0.02090227499138564,-8.367647599463645,,,1.0
performance,P32_DENSE_EARLY,P32_DENSE_EARLY_c0_t10,32,24,0.75,dense,7.0,3300984583,plain_reliability_grand,2255010209.0,False,1.0,0.5,0.2,0.0,0.0,slip_3_1,True,31,0,10,True,False,,first_valid_witness,149,149,1,1,1,1,0,149,False,0.0008063289569690824,-14.400784510280848,,,1.0
performance,P32_DENSE_EARLY,P32_DENSE_EARLY_c0_t10,32,24,0.75,dense,7.0,3300984583,latent_osd_order2,2252011768.0,False,1.0,0.5,0.2,0.0,0.0,slip_3_1,True,31,0,10,True,False,,best_complete_marginal_score_in_osd_list,0,0,31,16,1295,962,962,29822,False,0.2694539000513032,-8.36609704274456,,,0.5161290322580645
performance,P32_DENSE_EARLY,P32_DENSE_EARLY_c0_t11,32,24,0.75,dense,7.0,3799232383,lsgrand_certified,3799232383.0,True,1.0,0.5,0.2,0.0,0.0,slip_3_3,True,31,0,11,True,True,0.3381229115855806,strict_unseen_codeword_certificate,128,128,31,31,1,1,0,128,False,0.0014228069921955466,-13.937361784685658,10.0,12.8,1.0
performance,P32_DENSE_EARLY,P32_DENSE_EARLY_c0_t11,32,24,0.75,dense,7.0,3799232383,lsgrand_first_valid,3799232383.0,True,1.0,0.5,0.2,0.0,0.0,slip_3_3,True,31,0,11,True,False,,first_valid_witness,10,10,31,7,1,1,0,10,False,0.0005692000268027186,-13.937361784685658,,,0.22580645161290322
performance,P32_DENSE_EARLY,P32_DENSE_EARLY_c0_t11,32,24,0.75,dense,7.0,3799232383,per_state_grand_sweep,3799232383.0,True,1.0,0.5,0.2,0.0,0.0,slip_3_3,True,31,0,11,True,False,,best_fixed_state_codeword,6318,6318,31,31,18,15,0,6318,True,0.029459870071150362,-13.937361784685658,,,1.0
performance,P32_DENSE_EARLY,P32_DENSE_EARLY_c0_t11,32,24,0.75,dense,7.0,3799232383,plain_reliability_grand,3773172330.0,False,1.0,0.5,0.2,0.0,0.0,slip_3_3,True,31,0,11,True,False,,first_valid_witness,356,356,1,1,1,1,0,356,False,0.001818835036829114,-25.971387768479786,,,1.0
performance,P32_DENSE_EARLY,P32_DENSE_EARLY_c0_t11,32,24,0.75,dense,7.0,3799232383,latent_osd_order2,3799232383.0,True,1.0,0.5,0.2,0.0,0.0,slip_3_3,True,31,0,11,True,False,,best_complete_marginal_score_in_osd_list,0,0,31,16,1295,919,919,28489,False,0.26043368701357394,-13.936800373319816,,,0.5161290322580645
performance,P32_DENSE_EARLY,P32_DENSE_EARLY_c0_t12,32,24,0.75,dense,7.0,568455019,lsgrand_certified,568455019.0,True,1.0,0.5,0.2,0.0,0.0,slip_3_1,True,31,0,12,True,True,0.10454995380803567,strict_unseen_codeword_certificate,128,128,31,31,2,2,0,128,False,0.0014648630749434233,-12.387097679260094,9.0,14.222222222222221,1.0
performance,P32_DENSE_EARLY,P32_DENSE_EARLY_c0_t12,32,24,0.75,dense,7.0,568455019,lsgrand_first_valid,568455019.0,True,1.0,0.5,0.2,0.0,0.0,slip_3_1,True,31,0,12,True,False,,first_valid_witness,9,9,31,6,1,1,0,9,False,0.0005432839971035719,-12.387097679260094,,,0.1935483870967742
performance,P32_DENSE_EARLY,P32_DENSE_EARLY_c0_t12,32,24,0.75,dense,7.0,568455019,per_state_grand_sweep,568455019.0,True,1.0,0.5,0.2,0.0,0.0,slip_3_1,True,31,0,12,True,False,,best_fixed_state_codeword,4401,4401,31,31,26,21,0,4401,True,0.02100332302507013,-12.387097679260094,,,1.0
performance,P32_DENSE_EARLY,P32_DENSE_EARLY_c0_t12,32,24,0.75,dense,7.0,568455019,plain_reliability_grand,561542525.0,False,1.0,0.5,0.2,0.0,0.0,slip_3_1,True,31,0,12,True,False,,first_valid_witness,56,56,1,1,1,1,0,56,False,0.00030889303889125586,-18.26962468182947,,,1.0
performance,P32_DENSE_EARLY,P32_DENSE_EARLY_c0_t12,32,24,0.75,dense,7.0,568455019,latent_osd_order2,568455019.0,True,1.0,0.5,0.2,0.0,0.0,slip_3_1,True,31,0,12,True,False,,best_complete_marginal_score_in_osd_list,0,0,31,16,1295,1017,1017,31527,False,0.2789445979287848,-12.382880653467383,,,0.5161290322580645
performance,P32_DENSE_EARLY,P32_DENSE_EARLY_c0_t13,32,24,0.75,dense,7.0,2857636348,lsgrand_certified,2857636348.0,True,1.0,0.5,0.2,0.0,0.0,slip_3_1,True,31,0,13,True,True,0.7065921753770308,strict_unseen_codeword_certificate,128,128,31,31,2,1,0,128,False,0.0014010750455781817,-12.741974452629778,8.0,16.0,1.0
performance,P32_DENSE_EARLY,P32_DENSE_EARLY_c0_t13,32,24,0.75,dense,7.0,2857636348,lsgrand_first_valid,2857636348.0,True,1.0,0.5,0.2,0.0,0.0,slip_3_1,True,31,0,13,True,False,,first_valid_witness,8,8,31,6,1,1,0,8,False,0.0005351499421522021,-12.78637478804445,,,0.1935483870967742
performance,P32_DENSE_EARLY,P32_DENSE_EARLY_c0_t13,32,24,0.75,dense,7.0,2857636348,per_state_grand_sweep,2857636348.0,True,1.0,0.5,0.2,0.0,0.0,slip_3_1,True,31,0,13,True,False,,best_fixed_state_codeword,6368,6368,31,31,18,14,0,6368,True,0.0301315039396286,-12.78637478804445,,,1.0
performance,P32_DENSE_EARLY,P32_DENSE_EARLY_c0_t13,32,24,0.75,dense,7.0,2857636348,plain_reliability_grand,2869041236.0,False,1.0,0.5,0.2,0.0,0.0,slip_3_1,True,31,0,13,True,False,,first_valid_witness,317,317,1,1,1,1,0,317,False,0.0016224340070039034,-25.155460596432555,,,1.0
performance,P32_DENSE_EARLY,P32_DENSE_EARLY_c0_t13,32,24,0.75,dense,7.0,2857636348,latent_osd_order2,2857636348.0,True,1.0,0.5,0.2,0.0,0.0,slip_3_1,True,31,0,13,True,False,,best_complete_marginal_score_in_osd_list,0,0,31,16,1295,914,914,28334,False,0.2616745400009677,-12.74196894234747,,,0.5161290322580645
performance,P32_DENSE_EARLY,P32_DENSE_EARLY_c0_t14,32,24,0.75,dense,7.0,2290931590,lsgrand_certified,2300165766.0,False,1.0,0.5,0.2,0.0,0.0,slip_3_3,True,31,0,14,True,True,0.08262687731310514,strict_unseen_codeword_certificate,64,64,31,31,3,2,0,64,False,0.0010538590140640736,-13.38774688059988,24.0,2.6666666666666665,1.0
performance,P32_DENSE_EARLY,P32_DENSE_EARLY_c0_t14,32,24,0.75,dense,7.0,2290931590,lsgrand_first_valid,2300165766.0,False,1.0,0.5,0.2,0.0,0.0,slip_3_3,True,31,0,14,True,False,,first_valid_witness,24,24,31,23,1,1,0,24,False,0.0006316909566521645,-13.584244738523038,,,0.7419354838709677
performance,P32_DENSE_EARLY,P32_DENSE_EARLY_c0_t14,32,24,0.75,dense,7.0,2290931590,per_state_grand_sweep,2300165766.0,False,1.0,0.5,0.2,0.0,0.0,slip_3_3,True,31,0,14,True,False,,best_fixed_state_codeword,6143,6143,31,31,18,12,0,6143,True,0.029165611951611936,-13.584244738523038,,,1.0
performance,P32_DENSE_EARLY,P32_DENSE_EARLY_c0_t14,32,24,0.75,dense,7.0,2290931590,plain_reliability_grand,3373923868.0,False,1.0,0.5,0.2,0.0,0.0,slip_3_3,True,31,0,14,True,False,,first_valid_witness,229,229,1,1,1,1,0,229,False,0.0011550040217116475,-24.964719048530412,,,1.0
performance,P32_DENSE_EARLY,P32_DENSE_EARLY_c0_t14,32,24,0.75,dense,7.0,2290931590,latent_osd_order2,2300165766.0,False,1.0,0.5,0.2,0.0,0.0,slip_3_3,True,31,0,14,True,False,,best_complete_marginal_score_in_osd_list,0,0,31,16,1295,960,960,29760,False,0.276220679981634,-13.387636376574003,,,0.5161290322580645
performance,P32_DENSE_EARLY,P32_DENSE_EARLY_c0_t15,32,24,0.75,dense,7.0,3962289856,lsgrand_certified,3962289856.0,True,1.0,0.5,0.2,0.0,0.0,slip_3_1,True,31,0,15,True,True,0.4740715401162987,strict_unseen_codeword_certificate,128,128,31,31,1,1,0,128,False,0.0013352780370041728,-10.940078010565621,39.0,3.282051282051282,1.0
performance,P32_DENSE_EARLY,P32_DENSE_EARLY_c0_t15,32,24,0.75,dense,7.0,3962289856,lsgrand_first_valid,3962289856.0,True,1.0,0.5,0.2,0.0,0.0,slip_3_1,True,31,0,15,True,False,,first_valid_witness,39,39,31,31,1,1,0,39,False,0.0006849720375612378,-10.940078010565621,,,1.0
performance,P32_DENSE_EARLY,P32_DENSE_EARLY_c0_t15,32,24,0.75,dense,7.0,3962289856,per_state_grand_sweep,3962289856.0,True,1.0,0.5,0.2,0.0,0.0,slip_3_1,True,31,0,15,True,False,,best_fixed_state_codeword,5909,5909,31,31,19,17,0,5909,True,0.028308220906183124,-10.940078010565621,,,1.0
performance,P32_DENSE_EARLY,P32_DENSE_EARLY_c0_t15,32,24,0.75,dense,7.0,3962289856,plain_reliability_grand,2929580010.0,False,1.0,0.5,0.2,0.0,0.0,slip_3_1,True,31,0,15,True,False,,first_valid_witness,80,80,1,1,1,1,0,80,False,0.000452572014182806,-18.961652086158256,,,1.0
performance,P32_DENSE_EARLY,P32_DENSE_EARLY_c0_t15,32,24,0.75,dense,7.0,3962289856,latent_osd_order2,3962289856.0,True,1.0,0.5,0.2,0.0,0.0,slip_3_1,True,31,0,15,True,False,,best_complete_marginal_score_in_osd_list,0,0,31,16,1295,960,960,29760,False,0.26931016496382654,-10.940071067730168,,,0.5161290322580645
performance,P32_DENSE_EARLY,P32_DENSE_EARLY_c0_t16,32,24,0.75,dense,7.0,2749786151,lsgrand_certified,2703437489.0,False,1.0,0.5,0.2,0.0,0.0,slip_3_1,True,31,0,16,True,True,0.06075045577017946,strict_unseen_codeword_certificate,640,640,31,31,3,3,0,640,False,0.00469090195838362,-21.70844013566103,72.0,8.88888888888889,1.0
performance,P32_DENSE_EARLY,P32_DENSE_EARLY_c0_t16,32,24,0.75,dense,7.0,2749786151,lsgrand_first_valid,2703437489.0,False,1.0,0.5,0.2,0.0,0.0,slip_3_1,True,31,0,16,True,False,,first_valid_witness,72,72,31,31,1,1,0,72,False,0.0008922050474211574,-21.70844013566103,,,1.0
performance,P32_DENSE_EARLY,P32_DENSE_EARLY_c0_t16,32,24,0.75,dense,7.0,2749786151,per_state_grand_sweep,2703437489.0,False,1.0,0.5,0.2,0.0,0.0,slip_3_1,True,31,0,16,True,False,,best_fixed_state_codeword,5100,5100,31,31,22,19,0,5100,True,0.024466380011290312,-21.70844013566103,,,1.0
performance,P32_DENSE_EARLY,P32_DENSE_EARLY_c0_t16,32,24,0.75,dense,7.0,2749786151,plain_reliability_grand,2703437489.0,False,1.0,0.5,0.2,0.0,0.0,slip_3_1,True,31,0,16,True,False,,first_valid_witness,12,12,1,1,1,1,0,12,False,9.68780368566513e-05,-21.01529295510108,,,1.0
performance,P32_DENSE_EARLY,P32_DENSE_EARLY_c0_t16,32,24,0.75,dense,7.0,2749786151,latent_osd_order2,2703437489.0,False,1.0,0.5,0.2,0.0,0.0,slip_3_1,True,31,0,16,True,False,,best_complete_marginal_score_in_osd_list,0,0,31,16,1295,942,942,29202,False,0.27016673795878887,-21.708438431135935,,,0.5161290322580645
performance,P32_DENSE_EARLY,P32_DENSE_EARLY_c0_t17,32,24,0.75,dense,7.0,3797216579,lsgrand_certified,3237845315.0,False,1.0,0.5,0.2,0.0,0.0,slip_3_3,True,31,0,17,True,True,0.8267699998857871,strict_unseen_codeword_certificate,128,128,31,31,1,1,0,128,False,0.0013308289926499128,-11.072337841457806,25.0,5.12,1.0
performance,P32_DENSE_EARLY,P32_DENSE_EARLY_c0_t17,32,24,0.75,dense,7.0,3797216579,lsgrand_first_valid,3237845315.0,False,1.0,0.5,0.2,0.0,0.0,slip_3_3,True,31,0,17,True,False,,first_valid_witness,25,25,31,23,1,1,0,25,False,0.0006391860079020262,-11.072337841457806,,,0.7419354838709677
performance,P32_DENSE_EARLY,P32_DENSE_EARLY_c0_t17,32,24,0.75,dense,7.0,3797216579,per_state_grand_sweep,3237845315.0,False,1.0,0.5,0.2,0.0,0.0,slip_3_3,True,31,0,17,True,False,,best_fixed_state_codeword,5230,5230,31,31,24,21,0,5230,True,0.02468517597299069,-11.072337841457806,,,1.0
performance,P32_DENSE_EARLY,P32_DENSE_EARLY_c0_t17,32,24,0.75,dense,7.0,3797216579,plain_reliability_grand,3305085910.0,False,1.0,0.5,0.2,0.0,0.0,slip_3_3,True,31,0,17,True,False,,first_valid_witness,442,442,1,1,1,1,0,442,False,0.002338151913136244,-26.43123426917174,,,1.0
performance,P32_DENSE_EARLY,P32_DENSE_EARLY_c0_t17,32,24,0.75,dense,7.0,3797216579,latent_osd_order2,3237845315.0,False,1.0,0.5,0.2,0.0,0.0,slip_3_3,True,31,0,17,True,False,,best_complete_marginal_score_in_osd_list,0,0,31,16,1295,945,945,29295,False,0.2732979910215363,-11.072333621951245,,,0.5161290322580645
performance,P32_DENSE_EARLY,P32_DENSE_EARLY_c0_t18,32,24,0.75,dense,7.0,104801741,lsgrand_certified,104801741.0,True,1.0,0.5,0.2,0.0,0.0,slip_3_3,True,31,0,18,True,True,0.24601603330299326,strict_unseen_codeword_certificate,128,128,31,31,1,1,0,128,False,0.0013776080450043082,-13.446701913527786,40.0,3.2,1.0
performance,P32_DENSE_EARLY,P32_DENSE_EARLY_c0_t18,32,24,0.75,dense,7.0,104801741,lsgrand_first_valid,104801741.0,True,1.0,0.5,0.2,0.0,0.0,slip_3_3,True,31,0,18,True,False,,first_valid_witness,40,40,31,31,1,1,0,40,False,0.0006915000267326832,-13.446701913527786,,,1.0
performance,P32_DENSE_EARLY,P32_DENSE_EARLY_c0_t18,32,24,0.75,dense,7.0,104801741,per_state_grand_sweep,104801741.0,True,1.0,0.5,0.2,0.0,0.0,slip_3_3,True,31,0,18,True,False,,best_fixed_state_codeword,4198,4198,31,31,26,21,0,4198,True,0.02042661199811846,-13.446701913527786,,,1.0
performance,P32_DENSE_EARLY,P32_DENSE_EARLY_c0_t18,32,24,0.75,dense,7.0,104801741,plain_reliability_grand,1080709023.0,False,1.0,0.5,0.2,0.0,0.0,slip_3_3,True,31,0,18,True,False,,first_valid_witness,381,381,1,1,1,1,0,381,False,0.0020521070109680295,-26.02391425917562,,,1.0
performance,P32_DENSE_EARLY,P32_DENSE_EARLY_c0_t18,32,24,0.75,dense,7.0,104801741,latent_osd_order2,104801741.0,True,1.0,0.5,0.2,0.0,0.0,slip_3_3,True,31,0,18,True,False,,best_complete_marginal_score_in_osd_list,0,0,31,16,1295,1078,1078,33418,False,0.29537156701553613,-13.446673195785019,,,0.5161290322580645
performance,P32_DENSE_EARLY,P32_DENSE_EARLY_c0_t19,32,24,0.75,dense,7.0,2381018072,lsgrand_certified,2381018072.0,True,1.0,0.5,0.2,0.0,0.0,slip_3_3,True,31,0,19,True,True,0.5633296179329772,strict_unseen_codeword_certificate,192,192,31,31,1,1,0,192,False,0.0017653880640864372,-11.440491148948112,41.0,4.682926829268292,1.0
performance,P32_DENSE_EARLY,P32_DENSE_EARLY_c0_t19,32,24,0.75,dense,7.0,2381018072,lsgrand_first_valid,2381018072.0,True,1.0,0.5,0.2,0.0,0.0,slip_3_3,True,31,0,19,True,False,,first_valid_witness,41,41,31,31,1,1,0,41,False,0.0006891560042276978,-11.440491148948112,,,1.0
performance,P32_DENSE_EARLY,P32_DENSE_EARLY_c0_t19,32,24,0.75,dense,7.0,2381018072,per_state_grand_sweep,2381018072.0,True,1.0,0.5,0.2,0.0,0.0,slip_3_3,True,31,0,19,True,False,,best_fixed_state_codeword,4948,4948,31,31,23,18,0,4948,True,0.02343575400300324,-11.440491148948112,,,1.0
performance,P32_DENSE_EARLY,P32_DENSE_EARLY_c0_t19,32,24,0.75,dense,7.0,2381018072,plain_reliability_grand,264431249.0,False,1.0,0.5,0.2,0.0,0.0,slip_3_3,True,31,0,19,True,False,,first_valid_witness,480,480,1,1,1,1,0,480,False,0.0024604289792478085,-23.344983206448386,,,1.0
performance,P32_DENSE_EARLY,P32_DENSE_EARLY_c0_t19,32,24,0.75,dense,7.0,2381018072,latent_osd_order2,2381018072.0,True,1.0,0.5,0.2,0.0,0.0,slip_3_3,True,31,0,19,True,False,,best_complete_marginal_score_in_osd_list,0,0,31,16,1295,1029,1029,31899,False,0.2884653750807047,-11.440414901496043,,,0.5161290322580645
performance,P32_DENSE_EARLY,P32_DENSE_EARLY_c1_t0,32,24,0.75,dense,7.0,2327621227,lsgrand_certified,2284391106.0,False,1.0,0.5,0.2,0.0,0.0,slip_3_3,True,31,1,0,True,True,0.524511314783993,strict_unseen_codeword_certificate,103,103,31,31,3,3,0,103,False,0.0013199209934100509,-6.694869789343841,3.0,34.333333333333336,1.0
performance,P32_DENSE_EARLY,P32_DENSE_EARLY_c1_t0,32,24,0.75,dense,7.0,2327621227,lsgrand_first_valid,2284391106.0,False,1.0,0.5,0.2,0.0,0.0,slip_3_3,True,31,1,0,True,False,,first_valid_witness,3,3,31,1,1,1,0,3,False,0.0005272269481793046,-6.694869789343841,,,0.03225806451612903
performance,P32_DENSE_EARLY,P32_DENSE_EARLY_c1_t0,32,24,0.75,dense,7.0,2327621227,per_state_grand_sweep,2284391106.0,False,1.0,0.5,0.2,0.0,0.0,slip_3_3,True,31,1,0,True,False,,best_fixed_state_codeword,5665,5665,31,31,24,21,0,5665,True,0.026568067027255893,-6.694869789343841,,,1.0
performance,P32_DENSE_EARLY,P32_DENSE_EARLY_c1_t0,32,24,0.75,dense,7.0,2327621227,plain_reliability_grand,2284391106.0,False,1.0,0.5,0.2,0.0,0.0,slip_3_3,True,31,1,0,True,False,,first_valid_witness,3,3,1,1,1,1,0,3,False,4.537904169410467e-05,-6.0017226087838935,,,1.0
performance,P32_DENSE_EARLY,P32_DENSE_EARLY_c1_t0,32,24,0.75,dense,7.0,2327621227,latent_osd_order2,2284391106.0,False,1.0,0.5,0.2,0.0,0.0,slip_3_3,True,31,1,0,True,False,,best_complete_marginal_score_in_osd_list,0,0,31,16,1295,889,889,27559,False,0.2560310310218483,-6.6948610902509555,,,0.5161290322580645
performance,P32_DENSE_EARLY,P32_DENSE_EARLY_c1_t1,32,24,0.75,dense,7.0,3441222144,lsgrand_certified,4017669120.0,False,1.0,0.5,0.2,0.0,0.0,slip_3_3,True,31,1,1,True,True,0.16650880532512247,strict_unseen_codeword_certificate,704,704,31,31,3,2,0,704,False,0.004831596976146102,-19.0438505668167,130.0,5.415384615384616,1.0
performance,P32_DENSE_EARLY,P32_DENSE_EARLY_c1_t1,32,24,0.75,dense,7.0,3441222144,lsgrand_first_valid,4017669120.0,False,1.0,0.5,0.2,0.0,0.0,slip_3_3,True,31,1,1,True,False,,first_valid_witness,130,130,31,31,1,1,0,130,False,0.001189119997434318,-19.188609347975344,,,1.0
performance,P32_DENSE_EARLY,P32_DENSE_EARLY_c1_t1,32,24,0.75,dense,7.0,3441222144,per_state_grand_sweep,4017669120.0,False,1.0,0.5,0.2,0.0,0.0,slip_3_3,True,31,1,1,True,False,,best_fixed_state_codeword,6206,6206,31,31,19,16,0,6206,True,0.02910044603049755,-19.188609347975344,,,1.0
performance,P32_DENSE_EARLY,P32_DENSE_EARLY_c1_t1,32,24,0.75,dense,7.0,3441222144,plain_reliability_grand,2943976981.0,False,1.0,0.5,0.2,0.0,0.0,slip_3_3,True,31,1,1,True,False,,first_valid_witness,539,539,1,1,1,1,0,539,False,0.0028015730204060674,-29.667767667875815,,,1.0
performance,P32_DENSE_EARLY,P32_DENSE_EARLY_c1_t1,32,24,0.75,dense,7.0,3441222144,latent_osd_order2,4017669120.0,False,1.0,0.5,0.2,0.0,0.0,slip_3_3,True,31,1,1,True,False,,best_complete_marginal_score_in_osd_list,0,0,31,16,1295,982,982,30442,False,0.27294867392629385,-19.043845270512385,,,0.5161290322580645
performance,P32_DENSE_EARLY,P32_DENSE_EARLY_c1_t2,32,24,0.75,dense,7.0,2670899537,lsgrand_certified,2670899537.0,True,1.0,0.5,0.2,0.0,0.0,slip_3_3,True,31,1,2,True,True,0.13477610023464592,strict_unseen_codeword_certificate,128,128,31,31,2,1,0,128,False,0.0014620249858126044,-9.835943349494798,41.0,3.1219512195121952,1.0
performance,P32_DENSE_EARLY,P32_DENSE_EARLY_c1_t2,32,24,0.75,dense,7.0,2670899537,lsgrand_first_valid,2670899537.0,True,1.0,0.5,0.2,0.0,0.0,slip_3_3,True,31,1,2,True,False,,first_valid_witness,41,41,31,31,1,1,0,41,False,0.0007078530034050345,-10.179940552141375,,,1.0
performance,P32_DENSE_EARLY,P32_DENSE_EARLY_c1_t2,32,24,0.75,dense,7.0,2670899537,per_state_grand_sweep,2670899537.0,True,1.0,0.5,0.2,0.0,0.0,slip_3_3,True,31,1,2,True,False,,best_fixed_state_codeword,5021,5021,31,31,24,18,0,5021,True,0.02406070299912244,-10.179940552141375,,,1.0
performance,P32_DENSE_EARLY,P32_DENSE_EARLY_c1_t2,32,24,0.75,dense,7.0,2670899537,plain_reliability_grand,2607556598.0,False,1.0,0.5,0.2,0.0,0.0,slip_3_3,True,31,1,2,True,False,,first_valid_witness,80,80,1,1,1,1,0,80,False,0.00044505205005407333,-16.73565921505898,,,1.0
performance,P32_DENSE_EARLY,P32_DENSE_EARLY_c1_t2,32,24,0.75,dense,7.0,2670899537,latent_osd_order2,2670899537.0,True,1.0,0.5,0.2,0.0,0.0,slip_3_3,True,31,1,2,True,False,,best_complete_marginal_score_in_osd_list,0,0,31,16,1295,846,846,26226,False,0.24024873098824173,-9.834872390661834,,,0.5161290322580645
performance,P32_DENSE_EARLY,P32_DENSE_EARLY_c1_t3,32,24,0.75,dense,7.0,1202184421,lsgrand_certified,1202184421.0,True,1.0,0.5,0.2,0.0,0.0,slip_3_1,True,31,1,3,True,True,0.8921330084895587,strict_unseen_codeword_certificate,64,64,31,31,1,1,0,64,False,0.000997917028144002,-9.178690775776683,6.0,10.666666666666666,1.0
performance,P32_DENSE_EARLY,P32_DENSE_EARLY_c1_t3,32,24,0.75,dense,7.0,1202184421,lsgrand_first_valid,1202184421.0,True,1.0,0.5,0.2,0.0,0.0,slip_3_1,True,31,1,3,True,False,,first_valid_witness,6,6,31,6,1,1,0,6,False,0.0005497279344126582,-9.178690775776683,,,0.1935483870967742
performance,P32_DENSE_EARLY,P32_DENSE_EARLY_c1_t3,32,24,0.75,dense,7.0,1202184421,per_state_grand_sweep,1202184421.0,True,1.0,0.5,0.2,0.0,0.0,slip_3_1,True,31,1,3,True,False,,best_fixed_state_codeword,4883,4883,31,31,24,17,0,4883,True,0.023107832996174693,-9.178690775776683,,,1.0
performance,P32_DENSE_EARLY,P32_DENSE_EARLY_c1_t3,32,24,0.75,dense,7.0,1202184421,plain_reliability_grand,1169259105.0,False,1.0,0.5,0.2,0.0,0.0,slip_3_1,True,31,1,3,True,False,,first_valid_witness,847,847,1,1,1,1,0,847,False,0.004377446952275932,-29.738999957848222,,,1.0
performance,P32_DENSE_EARLY,P32_DENSE_EARLY_c1_t3,32,24,0.75,dense,7.0,1202184421,latent_osd_order2,1202184421.0,True,1.0,0.5,0.2,0.0,0.0,slip_3_1,True,31,1,3,True,False,,best_complete_marginal_score_in_osd_list,0,0,31,16,1295,1058,1058,32798,False,0.2936325069749728,-9.178688445936386,,,0.5161290322580645
performance,P32_DENSE_EARLY,P32_DENSE_EARLY_c1_t4,32,24,0.75,dense,7.0,1126904850,lsgrand_certified,1126904850.0,True,1.0,0.5,0.2,0.0,0.0,slip_3_1,True,31,1,4,True,True,0.6985191797397992,strict_unseen_codeword_certificate,192,192,31,31,1,1,0,192,False,0.0017541269771754742,-11.715906566114397,40.0,4.8,1.0
performance,P32_DENSE_EARLY,P32_DENSE_EARLY_c1_t4,32,24,0.75,dense,7.0,1126904850,lsgrand_first_valid,1126904850.0,True,1.0,0.5,0.2,0.0,0.0,slip_3_1,True,31,1,4,True,False,,first_valid_witness,40,40,31,31,1,1,0,40,False,0.0006901840679347515,-11.715906566114397,,,1.0
performance,P32_DENSE_EARLY,P32_DENSE_EARLY_c1_t4,32,24,0.75,dense,7.0,1126904850,per_state_grand_sweep,1126904850.0,True,1.0,0.5,0.2,0.0,0.0,slip_3_1,True,31,1,4,True,False,,best_fixed_state_codeword,5640,5640,31,31,21,18,0,5640,True,0.028798982966691256,-11.715906566114397,,,1.0
performance,P32_DENSE_EARLY,P32_DENSE_EARLY_c1_t4,32,24,0.75,dense,7.0,1126904850,plain_reliability_grand,1673335435.0,False,1.0,0.5,0.2,0.0,0.0,slip_3_1,True,31,1,4,True,False,,first_valid_witness,66,66,1,1,1,1,0,66,False,0.0003854569513350725,-18.468232120833523,,,1.0
performance,P32_DENSE_EARLY,P32_DENSE_EARLY_c1_t4,32,24,0.75,dense,7.0,1126904850,latent_osd_order2,1126904850.0,True,1.0,0.5,0.2,0.0,0.0,slip_3_1,True,31,1,4,True,False,,best_complete_marginal_score_in_osd_list,0,0,31,16,1295,965,965,29915,False,0.2800783960847184,-11.715440880595247,,,0.5161290322580645
performance,P32_DENSE_EARLY,P32_DENSE_EARLY_c1_t5,32,24,0.75,dense,7.0,3985372211,lsgrand_certified,3985372211.0,True,1.0,0.5,0.2,0.0,0.0,slip_3_3,True,31,1,5,True,True,0.014004177831518305,strict_unseen_codeword_certificate,320,320,31,31,1,1,0,320,False,0.0025155810872092843,-12.906339118872248,16.0,20.0,1.0
performance,P32_DENSE_EARLY,P32_DENSE_EARLY_c1_t5,32,24,0.75,dense,7.0,3985372211,lsgrand_first_valid,3985372211.0,True,1.0,0.5,0.2,0.0,0.0,slip_3_3,True,31,1,5,True,False,,first_valid_witness,16,16,31,7,1,1,0,16,False,0.0005834000185132027,-12.906339118872248,,,0.22580645161290322
performance,P32_DENSE_EARLY,P32_DENSE_EARLY_c1_t5,32,24,0.75,dense,7.0,3985372211,per_state_grand_sweep,3985372211.0,True,1.0,0.5,0.2,0.0,0.0,slip_3_3,True,31,1,5,True,False,,best_fixed_state_codeword,4028,4028,31,31,27,18,0,4028,True,0.019434122019447386,-12.906339118872248,,,1.0
performance,P32_DENSE_EARLY,P32_DENSE_EARLY_c1_t5,32,24,0.75,dense,7.0,3985372211,plain_reliability_grand,3474075046.0,False,1.0,0.5,0.2,0.0,0.0,slip_3_3,True,31,1,5,True,False,,first_valid_witness,199,199,1,1,1,1,0,199,False,0.0010232919594272971,-21.34042505101059,,,1.0
performance,P32_DENSE_EARLY,P32_DENSE_EARLY_c1_t5,32,24,0.75,dense,7.0,3985372211,latent_osd_order2,3985372211.0,True,1.0,0.5,0.2,0.0,0.0,slip_3_3,True,31,1,5,True,False,,best_complete_marginal_score_in_osd_list,0,0,31,16,1295,940,940,29140,False,0.2626613269094378,-12.906207307101047,,,0.5161290322580645
performance,P32_DENSE_EARLY,P32_DENSE_EARLY_c1_t6,32,24,0.75,dense,7.0,4291683170,lsgrand_certified,4291683170.0,True,1.0,0.5,0.2,0.0,0.0,slip_3_3,True,31,1,6,True,True,0.4617514898537678,strict_unseen_codeword_certificate,128,128,31,31,1,1,0,128,False,0.0014070250326767564,-11.18818914193078,9.0,14.222222222222221,1.0
performance,P32_DENSE_EARLY,P32_DENSE_EARLY_c1_t6,32,24,0.75,dense,7.0,4291683170,lsgrand_first_valid,4291683170.0,True,1.0,0.5,0.2,0.0,0.0,slip_3_3,True,31,1,6,True,False,,first_valid_witness,9,9,31,7,1,1,0,9,False,0.0005801479564979672,-11.18818914193078,,,0.22580645161290322
performance,P32_DENSE_EARLY,P32_DENSE_EARLY_c1_t6,32,24,0.75,dense,7.0,4291683170,per_state_grand_sweep,4291683170.0,True,1.0,0.5,0.2,0.0,0.0,slip_3_3,True,31,1,6,True,False,,best_fixed_state_codeword,4437,4437,31,31,24,13,0,4437,True,0.021156770060770214,-11.18818914193078,,,1.0
performance,P32_DENSE_EARLY,P32_DENSE_EARLY_c1_t6,32,24,0.75,dense,7.0,4291683170,plain_reliability_grand,4273669828.0,False,1.0,0.5,0.2,0.0,0.0,slip_3_3,True,31,1,6,True,False,,first_valid_witness,230,230,1,1,1,1,0,230,False,0.0011881690006703138,-22.53040360159782,,,1.0
performance,P32_DENSE_EARLY,P32_DENSE_EARLY_c1_t6,32,24,0.75,dense,7.0,4291683170,latent_osd_order2,4291683170.0,True,1.0,0.5,0.2,0.0,0.0,slip_3_3,True,31,1,6,True,False,,best_complete_marginal_score_in_osd_list,0,0,31,16,1295,759,759,23529,False,0.23351019201800227,-11.182264527655574,,,0.5161290322580645
performance,P32_DENSE_EARLY,P32_DENSE_EARLY_c1_t7,32,24,0.75,dense,7.0,2402319845,lsgrand_certified,2402319845.0,True,1.0,0.5,0.2,0.0,0.0,slip_3_1,True,31,1,7,True,True,0.33162977589556775,strict_unseen_codeword_certificate,114,114,31,31,4,4,0,114,False,0.0015200789785012603,-8.482943928360761,8.0,14.25,1.0
performance,P32_DENSE_EARLY,P32_DENSE_EARLY_c1_t7,32,24,0.75,dense,7.0,2402319845,lsgrand_first_valid,2402319845.0,True,1.0,0.5,0.2,0.0,0.0,slip_3_1,True,31,1,7,True,False,,first_valid_witness,8,8,31,6,1,1,0,8,False,0.0005324039375409484,-8.482943928360761,,,0.1935483870967742
performance,P32_DENSE_EARLY,P32_DENSE_EARLY_c1_t7,32,24,0.75,dense,7.0,2402319845,per_state_grand_sweep,2402319845.0,True,1.0,0.5,0.2,0.0,0.0,slip_3_1,True,31,1,7,True,False,,best_fixed_state_codeword,5488,5488,31,31,22,18,0,5488,True,0.02604083891492337,-8.482943928360761,,,1.0
performance,P32_DENSE_EARLY,P32_DENSE_EARLY_c1_t7,32,24,0.75,dense,7.0,2402319845,plain_reliability_grand,2375947380.0,False,1.0,0.5,0.2,0.0,0.0,slip_3_1,True,31,1,7,True,False,,first_valid_witness,211,211,1,1,1,1,0,211,False,0.0011306189699098468,-20.770883230222505,,,1.0
performance,P32_DENSE_EARLY,P32_DENSE_EARLY_c1_t7,32,24,0.75,dense,7.0,2402319845,latent_osd_order2,2402319845.0,True,1.0,0.5,0.2,0.0,0.0,slip_3_1,True,31,1,7,True,False,,best_complete_marginal_score_in_osd_list,0,0,31,16,1295,1017,1017,31527,False,0.28896320099011064,-8.482472062462374,,,0.5161290322580645
performance,P32_DENSE_EARLY,P32_DENSE_EARLY_c1_t8,32,24,0.75,dense,7.0,2246395822,lsgrand_certified,2246395822.0,True,1.0,0.5,0.2,0.0,0.0,slip_3_3,True,31,1,8,True,True,1.0421066860870543,strict_unseen_codeword_certificate,64,64,31,31,1,1,0,64,False,0.0010176729410886765,-12.401296195870875,7.0,9.142857142857142,1.0
performance,P32_DENSE_EARLY,P32_DENSE_EARLY_c1_t8,32,24,0.75,dense,7.0,2246395822,lsgrand_first_valid,2246395822.0,True,1.0,0.5,0.2,0.0,0.0,slip_3_3,True,31,1,8,True,False,,first_valid_witness,7,7,31,7,1,1,0,7,False,0.0005340860225260258,-12.401296195870875,,,0.22580645161290322
performance,P32_DENSE_EARLY,P32_DENSE_EARLY_c1_t8,32,24,0.75,dense,7.0,2246395822,per_state_grand_sweep,2246395822.0,True,1.0,0.5,0.2,0.0,0.0,slip_3_3,True,31,1,8,True,False,,best_fixed_state_codeword,3856,3856,31,31,27,16,0,3856,True,0.018618815927766263,-12.401296195870875,,,1.0
performance,P32_DENSE_EARLY,P32_DENSE_EARLY_c1_t8,32,24,0.75,dense,7.0,2246395822,plain_reliability_grand,2207239688.0,False,1.0,0.5,0.2,0.0,0.0,slip_3_3,True,31,1,8,True,False,,first_valid_witness,86,86,1,1,1,1,0,86,False,0.000484445015899837,-23.190534847557366,,,1.0
performance,P32_DENSE_EARLY,P32_DENSE_EARLY_c1_t8,32,24,0.75,dense,7.0,2246395822,latent_osd_order2,2246395822.0,True,1.0,0.5,0.2,0.0,0.0,slip_3_3,True,31,1,8,True,False,,best_complete_marginal_score_in_osd_list,0,0,31,16,1295,906,906,28086,False,0.2601750110043213,-12.398680177204477,,,0.5161290322580645
performance,P32_DENSE_EARLY,P32_DENSE_EARLY_c1_t9,32,24,0.75,dense,7.0,1379112099,lsgrand_certified,1379112099.0,True,1.0,0.5,0.2,0.0,0.0,slip_3_1,True,31,1,9,True,True,0.045483476063873596,strict_unseen_codeword_certificate,256,256,31,31,5,4,0,256,False,0.002399086020886898,-10.387865084680312,12.0,21.333333333333332,1.0
performance,P32_DENSE_EARLY,P32_DENSE_EARLY_c1_t9,32,24,0.75,dense,7.0,1379112099,lsgrand_first_valid,1379112099.0,True,1.0,0.5,0.2,0.0,0.0,slip_3_1,True,31,1,9,True,False,,first_valid_witness,12,12,31,6,1,1,0,12,False,0.0005851649912074208,-10.387865084680312,,,0.1935483870967742
performance,P32_DENSE_EARLY,P32_DENSE_EARLY_c1_t9,32,24,0.75,dense,7.0,1379112099,per_state_grand_sweep,1379112099.0,True,1.0,0.5,0.2,0.0,0.0,slip_3_1,True,31,1,9,True,False,,best_fixed_state_codeword,3258,3258,31,31,28,24,0,3258,True,0.015944437007419765,-10.387865084680312,,,1.0
performance,P32_DENSE_EARLY,P32_DENSE_EARLY_c1_t9,32,24,0.75,dense,7.0,1379112099,plain_reliability_grand,1536803577.0,False,1.0,0.5,0.2,0.0,0.0,slip_3_1,True,31,1,9,True,False,,first_valid_witness,60,60,1,1,1,1,0,60,False,0.00033474608790129423,-14.398415520715496,,,1.0
performance,P32_DENSE_EARLY,P32_DENSE_EARLY_c1_t9,32,24,0.75,dense,7.0,1379112099,latent_osd_order2,1379112099.0,True,1.0,0.5,0.2,0.0,0.0,slip_3_1,True,31,1,9,True,False,,best_complete_marginal_score_in_osd_list,0,0,31,16,1295,1069,1069,33139,False,0.30280795705039054,-10.387428690739611,,,0.5161290322580645
performance,P32_DENSE_EARLY,P32_DENSE_EARLY_c1_t10,32,24,0.75,dense,7.0,1592988765,lsgrand_certified,1592988765.0,True,1.0,0.5,0.2,0.0,0.0,slip_3_3,True,31,1,10,True,True,0.47900475449155167,strict_unseen_codeword_certificate,448,448,31,31,2,2,0,448,False,0.003277728916145861,-19.671493214363263,48.0,9.333333333333334,1.0
performance,P32_DENSE_EARLY,P32_DENSE_EARLY_c1_t10,32,24,0.75,dense,7.0,1592988765,lsgrand_first_valid,1592988765.0,True,1.0,0.5,0.2,0.0,0.0,slip_3_3,True,31,1,10,True,False,,first_valid_witness,48,48,31,31,1,1,0,48,False,0.0007566770073026419,-19.671493214363263,,,1.0
performance,P32_DENSE_EARLY,P32_DENSE_EARLY_c1_t10,32,24,0.75,dense,7.0,1592988765,per_state_grand_sweep,1592988765.0,True,1.0,0.5,0.2,0.0,0.0,slip_3_3,True,31,1,10,True,False,,best_fixed_state_codeword,5120,5120,31,31,25,22,0,5120,True,0.024505616980604827,-19.671493214363263,,,1.0
performance,P32_DENSE_EARLY,P32_DENSE_EARLY_c1_t10,32,24,0.75,dense,7.0,1592988765,plain_reliability_grand,346455547.0,False,1.0,0.5,0.2,0.0,0.0,slip_3_3,True,31,1,10,True,False,,first_valid_witness,99,99,1,1,1,1,0,99,False,0.0005351349245756865,-23.934364577325866,,,1.0
performance,P32_DENSE_EARLY,P32_DENSE_EARLY_c1_t10,32,24,0.75,dense,7.0,1592988765,latent_osd_order2,1592988765.0,True,1.0,0.5,0.2,0.0,0.0,slip_3_3,True,31,1,10,True,False,,best_complete_marginal_score_in_osd_list,0,0,31,16,1295,988,988,30628,False,0.2806455260142684,-19.67140441888637,,,0.5161290322580645
performance,P32_DENSE_EARLY,P32_DENSE_EARLY_c1_t11,32,24,0.75,dense,7.0,2643661249,lsgrand_certified,2643661249.0,True,1.0,0.5,0.2,0.0,0.0,slip_3_3,True,31,1,11,True,True,0.22106559034078366,strict_unseen_codeword_certificate,64,64,31,31,1,1,0,64,False,0.0009679920040071011,-11.132275967468791,8.0,8.0,1.0
performance,P32_DENSE_EARLY,P32_DENSE_EARLY_c1_t11,32,24,0.75,dense,7.0,2643661249,lsgrand_first_valid,2643661249.0,True,1.0,0.5,0.2,0.0,0.0,slip_3_3,True,31,1,11,True,False,,first_valid_witness,8,8,31,7,1,1,0,8,False,0.0005677860463038087,-11.132275967468791,,,0.22580645161290322
performance,P32_DENSE_EARLY,P32_DENSE_EARLY_c1_t11,32,24,0.75,dense,7.0,2643661249,per_state_grand_sweep,2643661249.0,True,1.0,0.5,0.2,0.0,0.0,slip_3_3,True,31,1,11,True,False,,best_fixed_state_codeword,6195,6195,31,31,19,17,0,6195,True,0.02984833298251033,-11.132275967468791,,,1.0
performance,P32_DENSE_EARLY,P32_DENSE_EARLY_c1_t11,32,24,0.75,dense,7.0,2643661249,plain_reliability_grand,2669049751.0,False,1.0,0.5,0.2,0.0,0.0,slip_3_3,True,31,1,11,True,False,,first_valid_witness,141,141,1,1,1,1,0,141,False,0.000767374993301928,-23.89799184387993,,,1.0
performance,P32_DENSE_EARLY,P32_DENSE_EARLY_c1_t11,32,24,0.75,dense,7.0,2643661249,latent_osd_order2,2643661249.0,True,1.0,0.5,0.2,0.0,0.0,slip_3_3,True,31,1,11,True,False,,best_complete_marginal_score_in_osd_list,0,0,31,16,1295,1076,1076,33356,False,0.2895070599624887,-11.1322752924094,,,0.5161290322580645
performance,P32_DENSE_EARLY,P32_DENSE_EARLY_c1_t12,32,24,0.75,dense,7.0,808021097,lsgrand_certified,808021097.0,True,1.0,0.5,0.2,0.0,0.0,slip_3_3,True,31,1,12,True,True,6.410174816551262e-05,strict_unseen_codeword_certificate,960,960,31,31,7,4,0,960,False,0.006830877042375505,-9.399552603349166,7.0,137.14285714285714,1.0
performance,P32_DENSE_EARLY,P32_DENSE_EARLY_c1_t12,32,24,0.75,dense,7.0,808021097,lsgrand_first_valid,808021097.0,True,1.0,0.5,0.2,0.0,0.0,slip_3_3,True,31,1,12,True,False,,first_valid_witness,7,7,31,7,1,1,0,7,False,0.0005619570147246122,-9.399894508682705,,,0.22580645161290322
performance,P32_DENSE_EARLY,P32_DENSE_EARLY_c1_t12,32,24,0.75,dense,7.0,808021097,per_state_grand_sweep,808021097.0,True,1.0,0.5,0.2,0.0,0.0,slip_3_3,True,31,1,12,True,False,,best_fixed_state_codeword,4801,4801,31,31,25,18,0,4801,True,0.022580052027478814,-9.399894508682705,,,1.0
performance,P32_DENSE_EARLY,P32_DENSE_EARLY_c1_t12,32,24,0.75,dense,7.0,808021097,plain_reliability_grand,826393539.0,False,1.0,0.5,0.2,0.0,0.0,slip_3_3,True,31,1,12,True,False,,first_valid_witness,103,103,1,1,1,1,0,103,False,0.0005752320867031813,-21.0648084787138,,,1.0
performance,P32_DENSE_EARLY,P32_DENSE_EARLY_c1_t12,32,24,0.75,dense,7.0,808021097,latent_osd_order2,808021097.0,True,1.0,0.5,0.2,0.0,0.0,slip_3_3,True,31,1,12,True,False,,best_complete_marginal_score_in_osd_list,0,0,31,16,1295,1003,1003,31093,False,0.28142850403673947,-9.39955237178692,,,0.5161290322580645
performance,P32_DENSE_EARLY,P32_DENSE_EARLY_c1_t13,32,24,0.75,dense,7.0,3974460644,lsgrand_certified,3974460644.0,True,1.0,0.5,0.2,0.0,0.0,slip_3_3,True,31,1,13,True,True,0.12276424311177792,strict_unseen_codeword_certificate,512,512,31,31,5,5,0,512,False,0.0040450929664075375,-13.006145346236845,45.0,11.377777777777778,1.0
performance,P32_DENSE_EARLY,P32_DENSE_EARLY_c1_t13,32,24,0.75,dense,7.0,3974460644,lsgrand_first_valid,3974460644.0,True,1.0,0.5,0.2,0.0,0.0,slip_3_3,True,31,1,13,True,False,,first_valid_witness,45,45,31,31,1,1,0,45,False,0.0007271450012922287,-13.006145346236845,,,1.0
performance,P32_DENSE_EARLY,P32_DENSE_EARLY_c1_t13,32,24,0.75,dense,7.0,3974460644,per_state_grand_sweep,3974460644.0,True,1.0,0.5,0.2,0.0,0.0,slip_3_3,True,31,1,13,True,False,,best_fixed_state_codeword,4033,4033,31,31,25,17,0,4033,True,0.018836662988178432,-13.006145346236845,,,1.0
performance,P32_DENSE_EARLY,P32_DENSE_EARLY_c1_t13,32,24,0.75,dense,7.0,3974460644,plain_reliability_grand,3985632677.0,False,1.0,0.5,0.2,0.0,0.0,slip_3_3,True,31,1,13,True,False,,first_valid_witness,68,68,1,1,1,1,0,68,False,0.0003567970125004649,-18.932428299827514,,,1.0
performance,P32_DENSE_EARLY,P32_DENSE_EARLY_c1_t13,32,24,0.75,dense,7.0,3974460644,latent_osd_order2,3974460644.0,True,1.0,0.5,0.2,0.0,0.0,slip_3_3,True,31,1,13,True,False,,best_complete_marginal_score_in_osd_list,0,0,31,16,1295,919,919,28489,False,0.2444940940476954,-13.00614109348713,,,0.5161290322580645
performance,P32_DENSE_EARLY,P32_DENSE_EARLY_c1_t14,32,24,0.75,dense,7.0,2065949208,lsgrand_certified,2065949208.0,True,1.0,0.5,0.2,0.0,0.0,slip_3_3,True,31,1,14,True,True,0.6368103723925707,strict_unseen_codeword_certificate,448,448,31,31,2,2,0,448,False,0.003176270052790642,-14.697788510315128,48.0,9.333333333333334,1.0
performance,P32_DENSE_EARLY,P32_DENSE_EARLY_c1_t14,32,24,0.75,dense,7.0,2065949208,lsgrand_first_valid,2065949208.0,True,1.0,0.5,0.2,0.0,0.0,slip_3_3,True,31,1,14,True,False,,first_valid_witness,48,48,31,31,1,1,0,48,False,0.0007774520199745893,-14.697788510315128,,,1.0
performance,P32_DENSE_EARLY,P32_DENSE_EARLY_c1_t14,32,24,0.75,dense,7.0,2065949208,per_state_grand_sweep,2065949208.0,True,1.0,0.5,0.2,0.0,0.0,slip_3_3,True,31,1,14,True,False,,best_fixed_state_codeword,5373,5373,31,31,22,17,0,5373,True,0.024988371995277703,-14.697788510315128,,,1.0
performance,P32_DENSE_EARLY,P32_DENSE_EARLY_c1_t14,32,24,0.75,dense,7.0,2065949208,plain_reliability_grand,979797104.0,False,1.0,0.5,0.2,0.0,0.0,slip_3_3,True,31,1,14,True,False,,first_valid_witness,551,551,1,1,1,1,0,551,False,0.0028451980324462056,-24.418569506862084,,,1.0
performance,P32_DENSE_EARLY,P32_DENSE_EARLY_c1_t14,32,24,0.75,dense,7.0,2065949208,latent_osd_order2,2065949208.0,True,1.0,0.5,0.2,0.0,0.0,slip_3_3,True,31,1,14,True,False,,best_complete_marginal_score_in_osd_list,0,0,31,16,1295,964,964,29884,False,0.26591149799060076,-14.697396347489226,,,0.5161290322580645
performance,P32_DENSE_EARLY,P32_DENSE_EARLY_c1_t15,32,24,0.75,dense,7.0,904015384,lsgrand_certified,904015384.0,True,1.0,0.5,0.2,0.0,0.0,slip_3_1,True,31,1,15,True,True,0.2535476349623629,strict_unseen_codeword_certificate,128,128,31,31,1,1,0,128,False,0.0013109949650242925,-9.745573899260302,9.0,14.222222222222221,1.0
performance,P32_DENSE_EARLY,P32_DENSE_EARLY_c1_t15,32,24,0.75,dense,7.0,904015384,lsgrand_first_valid,904015384.0,True,1.0,0.5,0.2,0.0,0.0,slip_3_1,True,31,1,15,True,False,,first_valid_witness,9,9,31,6,1,1,0,9,False,0.0005249590612947941,-9.745573899260302,,,0.1935483870967742
performance,P32_DENSE_EARLY,P32_DENSE_EARLY_c1_t15,32,24,0.75,dense,7.0,904015384,per_state_grand_sweep,904015384.0,True,1.0,0.5,0.2,0.0,0.0,slip_3_1,True,31,1,15,True,False,,best_fixed_state_codeword,5369,5369,31,31,21,17,0,5369,True,0.024776022066362202,-9.745573899260302,,,1.0
performance,P32_DENSE_EARLY,P32_DENSE_EARLY_c1_t15,32,24,0.75,dense,7.0,904015384,plain_reliability_grand,880489870.0,False,1.0,0.5,0.2,0.0,0.0,slip_3_1,True,31,1,15,True,False,,first_valid_witness,14,14,1,1,1,1,0,14,False,0.00011801510117948055,-12.765796995626717,,,1.0
performance,P32_DENSE_EARLY,P32_DENSE_EARLY_c1_t15,32,24,0.75,dense,7.0,904015384,latent_osd_order2,904015384.0,True,1.0,0.5,0.2,0.0,0.0,slip_3_1,True,31,1,15,True,False,,best_complete_marginal_score_in_osd_list,0,0,31,16,1295,987,987,30597,False,0.2708792769117281,-9.745457718820994,,,0.5161290322580645
performance,P32_DENSE_EARLY,P32_DENSE_EARLY_c1_t16,32,24,0.75,dense,7.0,2300065133,lsgrand_certified,2300065133.0,True,1.0,0.5,0.2,0.0,0.0,slip_3_3,True,31,1,16,True,True,0.038583539171185066,strict_unseen_codeword_certificate,128,128,31,31,1,1,0,128,False,0.001339843962341547,-14.427949386564915,40.0,3.2,1.0
performance,P32_DENSE_EARLY,P32_DENSE_EARLY_c1_t16,32,24,0.75,dense,7.0,2300065133,lsgrand_first_valid,2300065133.0,True,1.0,0.5,0.2,0.0,0.0,slip_3_3,True,31,1,16,True,False,,first_valid_witness,40,40,31,31,1,1,0,40,False,0.0007160009117797017,-14.427949386564915,,,1.0
performance,P32_DENSE_EARLY,P32_DENSE_EARLY_c1_t16,32,24,0.75,dense,7.0,2300065133,per_state_grand_sweep,2300065133.0,True,1.0,0.5,0.2,0.0,0.0,slip_3_3,True,31,1,16,True,False,,best_fixed_state_codeword,5091,5091,31,31,22,21,0,5091,True,0.02431560098193586,-14.427949386564915,,,1.0
performance,P32_DENSE_EARLY,P32_DENSE_EARLY_c1_t16,32,24,0.75,dense,7.0,2300065133,plain_reliability_grand,2339467099.0,False,1.0,0.5,0.2,0.0,0.0,slip_3_3,True,31,1,16,True,False,,first_valid_witness,109,109,1,1,1,1,0,109,False,0.0006164290243759751,-22.93079947422467,,,1.0
performance,P32_DENSE_EARLY,P32_DENSE_EARLY_c1_t16,32,24,0.75,dense,7.0,2300065133,latent_osd_order2,2300065133.0,True,1.0,0.5,0.2,0.0,0.0,slip_3_3,True,31,1,16,True,False,,best_complete_marginal_score_in_osd_list,0,0,31,16,1295,1057,1057,32767,False,0.2790882249828428,-14.427900478199161,,,0.5161290322580645
performance,P32_DENSE_EARLY,P32_DENSE_EARLY_c1_t17,32,24,0.75,dense,7.0,573334123,lsgrand_certified,573334123.0,True,1.0,0.5,0.2,0.0,0.0,slip_3_1,True,31,1,17,True,True,0.921145589720366,strict_unseen_codeword_certificate,192,192,31,31,2,2,0,192,False,0.0017748880200088024,-9.739588287874414,11.0,17.454545454545453,1.0
performance,P32_DENSE_EARLY,P32_DENSE_EARLY_c1_t17,32,24,0.75,dense,7.0,573334123,lsgrand_first_valid,573334123.0,True,1.0,0.5,0.2,0.0,0.0,slip_3_1,True,31,1,17,True,False,,first_valid_witness,11,11,31,6,1,1,0,11,False,0.0005396249471232295,-9.739588287874414,,,0.1935483870967742
performance,P32_DENSE_EARLY,P32_DENSE_EARLY_c1_t17,32,24,0.75,dense,7.0,573334123,per_state_grand_sweep,573334123.0,True,1.0,0.5,0.2,0.0,0.0,slip_3_1,True,31,1,17,True,False,,best_fixed_state_codeword,3705,3705,31,31,28,21,0,3705,True,0.017256320104934275,-9.739588287874414,,,1.0
performance,P32_DENSE_EARLY,P32_DENSE_EARLY_c1_t17,32,24,0.75,dense,7.0,573334123,plain_reliability_grand,599142204.0,False,1.0,0.5,0.2,0.0,0.0,slip_3_1,True,31,1,17,True,False,,first_valid_witness,35,35,1,1,1,1,0,35,False,0.00024546298664063215,-14.838186604028818,,,1.0
performance,P32_DENSE_EARLY,P32_DENSE_EARLY_c1_t17,32,24,0.75,dense,7.0,573334123,latent_osd_order2,573334123.0,True,1.0,0.5,0.2,0.0,0.0,slip_3_1,True,31,1,17,True,False,,best_complete_marginal_score_in_osd_list,0,0,31,16,1295,965,965,29915,False,0.2641661630477756,-9.73942127313017,,,0.5161290322580645
performance,P32_DENSE_EARLY,P32_DENSE_EARLY_c1_t18,32,24,0.75,dense,7.0,1291156685,lsgrand_certified,1291156685.0,True,1.0,0.5,0.2,0.0,0.0,slip_3_1,True,31,1,18,True,True,0.2624853986340785,strict_unseen_codeword_certificate,128,128,31,31,1,1,0,128,False,0.0013292509829625487,-14.586738800080733,8.0,16.0,1.0
performance,P32_DENSE_EARLY,P32_DENSE_EARLY_c1_t18,32,24,0.75,dense,7.0,1291156685,lsgrand_first_valid,1291156685.0,True,1.0,0.5,0.2,0.0,0.0,slip_3_1,True,31,1,18,True,False,,first_valid_witness,8,8,31,6,1,1,0,8,False,0.0005220340099185705,-14.586738800080733,,,0.1935483870967742
performance,P32_DENSE_EARLY,P32_DENSE_EARLY_c1_t18,32,24,0.75,dense,7.0,1291156685,per_state_grand_sweep,1291156685.0,True,1.0,0.5,0.2,0.0,0.0,slip_3_1,True,31,1,18,True,False,,best_fixed_state_codeword,5388,5388,31,31,21,17,0,5388,True,0.024643438984639943,-14.586738800080733,,,1.0
performance,P32_DENSE_EARLY,P32_DENSE_EARLY_c1_t18,32,24,0.75,dense,7.0,1291156685,plain_reliability_grand,3461387844.0,False,1.0,0.5,0.2,0.0,0.0,slip_3_1,True,31,1,18,True,False,,first_valid_witness,1383,1383,1,1,1,1,0,1383,False,0.006907547009177506,-32.748831605036116,,,1.0
performance,P32_DENSE_EARLY,P32_DENSE_EARLY_c1_t18,32,24,0.75,dense,7.0,1291156685,latent_osd_order2,1291156685.0,True,1.0,0.5,0.2,0.0,0.0,slip_3_1,True,31,1,18,True,False,,best_complete_marginal_score_in_osd_list,0,0,31,16,1295,984,984,30504,False,0.27638370892964303,-14.58469715401019,,,0.5161290322580645
performance,P32_DENSE_EARLY,P32_DENSE_EARLY_c1_t19,32,24,0.75,dense,7.0,2349235704,lsgrand_certified,2349235704.0,True,1.0,0.5,0.2,0.0,0.0,slip_3_1,True,31,1,19,True,True,0.8890322951491054,strict_unseen_codeword_certificate,128,128,31,31,1,1,0,128,False,0.001375233056023717,-10.509750103842444,7.0,18.285714285714285,1.0
performance,P32_DENSE_EARLY,P32_DENSE_EARLY_c1_t19,32,24,0.75,dense,7.0,2349235704,lsgrand_first_valid,2349235704.0,True,1.0,0.5,0.2,0.0,0.0,slip_3_1,True,31,1,19,True,False,,first_valid_witness,7,7,31,6,1,1,0,7,False,0.0005572739755734801,-10.509750103842444,,,0.1935483870967742
performance,P32_DENSE_EARLY,P32_DENSE_EARLY_c1_t19,32,24,0.75,dense,7.0,2349235704,per_state_grand_sweep,2349235704.0,True,1.0,0.5,0.2,0.0,0.0,slip_3_1,True,31,1,19,True,False,,best_fixed_state_codeword,5050,5050,31,31,26,22,0,5050,True,0.023335700039751828,-10.509750103842444,,,1.0
performance,P32_DENSE_EARLY,P32_DENSE_EARLY_c1_t19,32,24,0.75,dense,7.0,2349235704,plain_reliability_grand,3470922838.0,False,1.0,0.5,0.2,0.0,0.0,slip_3_1,True,31,1,19,True,False,,first_valid_witness,550,550,1,1,1,1,0,550,False,0.002890249015763402,-25.437339232123918,,,1.0
performance,P32_DENSE_EARLY,P32_DENSE_EARLY_c1_t19,32,24,0.75,dense,7.0,2349235704,latent_osd_order2,2349235704.0,True,1.0,0.5,0.2,0.0,0.0,slip_3_1,True,31,1,19,True,False,,best_complete_marginal_score_in_osd_list,0,0,31,16,1295,987,987,30597,False,0.2745953520061448,-10.509443510104658,,,0.5161290322580645
performance,P32_SPARSE_EARLY,P32_SPARSE_EARLY_c0_t0,32,24,0.75,sparse,7.0,176182541,lsgrand_certified,291482355.0,False,1.0,0.5,0.2,0.0,0.0,slip_3_3,True,31,0,0,True,True,0.01942212775483121,strict_unseen_codeword_certificate,256,256,31,31,2,2,0,256,False,0.0021657670149579644,-15.11376826721689,36.0,7.111111111111111,1.0
performance,P32_SPARSE_EARLY,P32_SPARSE_EARLY_c0_t0,32,24,0.75,sparse,7.0,176182541,lsgrand_first_valid,291482355.0,False,1.0,0.5,0.2,0.0,0.0,slip_3_3,True,31,0,0,True,False,,first_valid_witness,36,36,31,31,1,1,0,36,False,0.0006509720114991069,-15.11376826721689,,,1.0
performance,P32_SPARSE_EARLY,P32_SPARSE_EARLY_c0_t0,32,24,0.75,sparse,7.0,176182541,per_state_grand_sweep,291482355.0,False,1.0,0.5,0.2,0.0,0.0,slip_3_3,True,31,0,0,True,False,,best_fixed_state_codeword,7064,7064,31,31,12,10,0,7064,True,0.03223472204990685,-15.11376826721689,,,1.0
performance,P32_SPARSE_EARLY,P32_SPARSE_EARLY_c0_t0,32,24,0.75,sparse,7.0,176182541,plain_reliability_grand,403046161.0,False,1.0,0.5,0.2,0.0,0.0,slip_3_3,True,31,0,0,True,False,,first_valid_witness,492,492,1,1,1,1,0,492,False,0.002515380969271064,-26.983239105408316,,,1.0
performance,P32_SPARSE_EARLY,P32_SPARSE_EARLY_c0_t0,32,24,0.75,sparse,7.0,176182541,latent_osd_order2,291482355.0,False,1.0,0.5,0.2,0.0,0.0,slip_3_3,True,31,0,0,True,False,,best_complete_marginal_score_in_osd_list,0,0,31,16,1295,948,948,29388,False,0.2779543569777161,-15.112919004898774,,,0.5161290322580645
performance,P32_SPARSE_EARLY,P32_SPARSE_EARLY_c0_t1,32,24,0.75,sparse,7.0,885627167,lsgrand_certified,902412575.0,False,1.0,0.5,0.2,0.0,0.0,slip_3_3,True,31,0,1,True,True,0.3607959896239912,strict_unseen_codeword_certificate,384,384,31,31,2,1,0,384,False,0.0027621389599516988,-16.202195766504655,107.0,3.588785046728972,1.0
performance,P32_SPARSE_EARLY,P32_SPARSE_EARLY_c0_t1,32,24,0.75,sparse,7.0,885627167,lsgrand_first_valid,902412575.0,False,1.0,0.5,0.2,0.0,0.0,slip_3_3,True,31,0,1,True,False,,first_valid_witness,107,107,31,31,1,1,0,107,False,0.0010339340660721064,-16.379314037452268,,,1.0
performance,P32_SPARSE_EARLY,P32_SPARSE_EARLY_c0_t1,32,24,0.75,sparse,7.0,885627167,per_state_grand_sweep,902412575.0,False,1.0,0.5,0.2,0.0,0.0,slip_3_3,True,31,0,1,True,False,,best_fixed_state_codeword,8260,8260,31,31,6,5,0,8260,True,0.03779492201283574,-16.379314037452268,,,1.0
performance,P32_SPARSE_EARLY,P32_SPARSE_EARLY_c0_t1,32,24,0.75,sparse,7.0,885627167,plain_reliability_grand,1067332474.0,False,1.0,0.5,0.2,0.0,0.0,slip_3_3,True,31,0,1,True,False,,first_valid_witness,131,131,1,1,1,1,0,131,False,0.000694585032761097,-23.015813815902902,,,1.0
performance,P32_SPARSE_EARLY,P32_SPARSE_EARLY_c0_t1,32,24,0.75,sparse,7.0,885627167,latent_osd_order2,902412575.0,False,1.0,0.5,0.2,0.0,0.0,slip_3_3,True,31,0,1,True,False,,best_complete_marginal_score_in_osd_list,0,0,31,16,1295,911,911,28241,False,0.2512678049970418,-16.20207944066341,,,0.5161290322580645
performance,P32_SPARSE_EARLY,P32_SPARSE_EARLY_c0_t2,32,24,0.75,sparse,7.0,4143057963,lsgrand_certified,4143057963.0,True,1.0,0.5,0.2,0.0,0.0,slip_3_3,True,31,0,2,True,True,0.6435042422128463,strict_unseen_codeword_certificate,64,64,31,31,1,1,0,64,False,0.000982292927801609,-6.0524645493700575,7.0,9.142857142857142,1.0
performance,P32_SPARSE_EARLY,P32_SPARSE_EARLY_c0_t2,32,24,0.75,sparse,7.0,4143057963,lsgrand_first_valid,4143057963.0,True,1.0,0.5,0.2,0.0,0.0,slip_3_3,True,31,0,2,True,False,,first_valid_witness,7,7,31,7,1,1,0,7,False,0.0005281870253384113,-6.0524645493700575,,,0.22580645161290322
performance,P32_SPARSE_EARLY,P32_SPARSE_EARLY_c0_t2,32,24,0.75,sparse,7.0,4143057963,per_state_grand_sweep,4143057963.0,True,1.0,0.5,0.2,0.0,0.0,slip_3_3,True,31,0,2,True,False,,best_fixed_state_codeword,6428,6428,31,31,12,11,0,6428,True,0.029860223992727697,-6.0524645493700575,,,1.0
performance,P32_SPARSE_EARLY,P32_SPARSE_EARLY_c0_t2,32,24,0.75,sparse,7.0,4143057963,plain_reliability_grand,4104411651.0,False,1.0,0.5,0.2,0.0,0.0,slip_3_3,True,31,0,2,True,False,,first_valid_witness,395,395,1,1,1,1,0,395,False,0.002035581972450018,-22.33743082918203,,,1.0
performance,P32_SPARSE_EARLY,P32_SPARSE_EARLY_c0_t2,32,24,0.75,sparse,7.0,4143057963,latent_osd_order2,4143057963.0,True,1.0,0.5,0.2,0.0,0.0,slip_3_3,True,31,0,2,True,False,,best_complete_marginal_score_in_osd_list,0,0,31,16,1295,843,843,26133,False,0.2378273979993537,-6.050387634236837,,,0.5161290322580645
performance,P32_SPARSE_EARLY,P32_SPARSE_EARLY_c0_t3,32,24,0.75,sparse,7.0,1072811736,lsgrand_certified,938598104.0,False,1.0,0.5,0.2,0.0,0.0,slip_3_3,True,31,0,3,True,True,0.00011437796156599234,strict_unseen_codeword_certificate,1728,1728,31,31,23,18,0,1728,False,0.01878213998861611,-21.894783361411932,12.0,144.0,1.0
performance,P32_SPARSE_EARLY,P32_SPARSE_EARLY_c0_t3,32,24,0.75,sparse,7.0,1072811736,lsgrand_first_valid,938598104.0,False,1.0,0.5,0.2,0.0,0.0,slip_3_3,True,31,0,3,True,False,,first_valid_witness,12,12,31,5,1,1,0,12,False,0.000725814956240356,-21.900102542777237,,,0.16129032258064516
performance,P32_SPARSE_EARLY,P32_SPARSE_EARLY_c0_t3,32,24,0.75,sparse,7.0,1072811736,per_state_grand_sweep,938598104.0,False,1.0,0.5,0.2,0.0,0.0,slip_3_3,True,31,0,3,True,False,,best_fixed_state_codeword,6172,6172,31,31,16,15,0,6172,True,0.030985036049969494,-21.900102542777237,,,1.0
performance,P32_SPARSE_EARLY,P32_SPARSE_EARLY_c0_t3,32,24,0.75,sparse,7.0,1072811736,plain_reliability_grand,782702768.0,False,1.0,0.5,0.2,0.0,0.0,slip_3_3,True,31,0,3,True,False,,first_valid_witness,845,845,1,1,1,1,0,845,False,0.00448116404004395,-34.076396748221896,,,1.0
performance,P32_SPARSE_EARLY,P32_SPARSE_EARLY_c0_t3,32,24,0.75,sparse,7.0,1072811736,latent_osd_order2,938598104.0,False,1.0,0.5,0.2,0.0,0.0,slip_3_3,True,31,0,3,True,False,,best_complete_marginal_score_in_osd_list,0,0,31,16,1295,1033,1033,32023,False,0.28449237800668925,-21.89478336140233,,,0.5161290322580645
performance,P32_SPARSE_EARLY,P32_SPARSE_EARLY_c0_t4,32,24,0.75,sparse,7.0,3800243004,lsgrand_certified,3800243004.0,True,1.0,0.5,0.2,0.0,0.0,slip_3_3,True,31,0,4,True,True,0.34098821608949237,strict_unseen_codeword_certificate,64,64,31,31,1,1,0,64,False,0.0010033929720520973,-11.718963724080076,7.0,9.142857142857142,1.0
performance,P32_SPARSE_EARLY,P32_SPARSE_EARLY_c0_t4,32,24,0.75,sparse,7.0,3800243004,lsgrand_first_valid,3800243004.0,True,1.0,0.5,0.2,0.0,0.0,slip_3_3,True,31,0,4,True,False,,first_valid_witness,7,7,31,7,1,1,0,7,False,0.0005806899862363935,-11.718963724080076,,,0.22580645161290322
performance,P32_SPARSE_EARLY,P32_SPARSE_EARLY_c0_t4,32,24,0.75,sparse,7.0,3800243004,per_state_grand_sweep,3800243004.0,True,1.0,0.5,0.2,0.0,0.0,slip_3_3,True,31,0,4,True,False,,best_fixed_state_codeword,5768,5768,31,31,17,13,0,5768,True,0.02637415297795087,-11.718963724080076,,,1.0
performance,P32_SPARSE_EARLY,P32_SPARSE_EARLY_c0_t4,32,24,0.75,sparse,7.0,3800243004,plain_reliability_grand,3759305323.0,False,1.0,0.5,0.2,0.0,0.0,slip_3_3,True,31,0,4,True,False,,first_valid_witness,68,68,1,1,1,1,0,68,False,0.00037063099443912506,-19.012599200287898,,,1.0
performance,P32_SPARSE_EARLY,P32_SPARSE_EARLY_c0_t4,32,24,0.75,sparse,7.0,3800243004,latent_osd_order2,3800243004.0,True,1.0,0.5,0.2,0.0,0.0,slip_3_3,True,31,0,4,True,False,,best_complete_marginal_score_in_osd_list,0,0,31,16,1295,838,838,25978,False,0.24294103402644396,-11.718278751727988,,,0.5161290322580645
performance,P32_SPARSE_EARLY,P32_SPARSE_EARLY_c0_t5,32,24,0.75,sparse,7.0,2471640271,lsgrand_certified,2471640271.0,True,1.0,0.5,0.2,0.0,0.0,slip_3_1,True,31,0,5,True,True,0.06366328972980817,strict_unseen_codeword_certificate,64,64,31,31,1,1,0,64,False,0.0009392539504915476,-11.288027812077724,7.0,9.142857142857142,1.0
performance,P32_SPARSE_EARLY,P32_SPARSE_EARLY_c0_t5,32,24,0.75,sparse,7.0,2471640271,lsgrand_first_valid,2471640271.0,True,1.0,0.5,0.2,0.0,0.0,slip_3_1,True,31,0,5,True,False,,first_valid_witness,7,7,31,6,1,1,0,7,False,0.0005699369357898831,-11.288027812077724,,,0.1935483870967742
performance,P32_SPARSE_EARLY,P32_SPARSE_EARLY_c0_t5,32,24,0.75,sparse,7.0,2471640271,per_state_grand_sweep,2471640271.0,True,1.0,0.5,0.2,0.0,0.0,slip_3_1,True,31,0,5,True,False,,best_fixed_state_codeword,6861,6861,31,31,12,9,0,6861,True,0.03182654199190438,-11.288027812077724,,,1.0
performance,P32_SPARSE_EARLY,P32_SPARSE_EARLY_c0_t5,32,24,0.75,sparse,7.0,2471640271,plain_reliability_grand,2433455204.0,False,1.0,0.5,0.2,0.0,0.0,slip_3_1,True,31,0,5,True,False,,first_valid_witness,45,45,1,1,1,1,0,45,False,0.00027894903905689716,-20.134269489313713,,,1.0
performance,P32_SPARSE_EARLY,P32_SPARSE_EARLY_c0_t5,32,24,0.75,sparse,7.0,2471640271,latent_osd_order2,2471640271.0,True,1.0,0.5,0.2,0.0,0.0,slip_3_1,True,31,0,5,True,False,,best_complete_marginal_score_in_osd_list,0,0,31,16,1295,912,912,28272,False,0.25376076402608305,-11.287377482575474,,,0.5161290322580645
performance,P32_SPARSE_EARLY,P32_SPARSE_EARLY_c0_t6,32,24,0.75,sparse,7.0,2876665112,lsgrand_certified,2876665112.0,True,1.0,0.5,0.2,0.0,0.0,slip_3_3,True,31,0,6,True,True,0.2805933782671133,strict_unseen_codeword_certificate,64,64,31,31,2,1,0,64,False,0.0009507470531389117,-9.58697508067353,6.0,10.666666666666666,1.0
performance,P32_SPARSE_EARLY,P32_SPARSE_EARLY_c0_t6,32,24,0.75,sparse,7.0,2876665112,lsgrand_first_valid,2876665112.0,True,1.0,0.5,0.2,0.0,0.0,slip_3_3,True,31,0,6,True,False,,first_valid_witness,6,6,31,5,1,1,0,6,False,0.0005721929483115673,-9.73597814742869,,,0.16129032258064516
performance,P32_SPARSE_EARLY,P32_SPARSE_EARLY_c0_t6,32,24,0.75,sparse,7.0,2876665112,per_state_grand_sweep,2876665112.0,True,1.0,0.5,0.2,0.0,0.0,slip_3_3,True,31,0,6,True,False,,best_fixed_state_codeword,7090,7090,31,31,12,8,0,7090,True,0.03241071000229567,-9.73597814742869,,,1.0
performance,P32_SPARSE_EARLY,P32_SPARSE_EARLY_c0_t6,32,24,0.75,sparse,7.0,2876665112,plain_reliability_grand,2862893905.0,False,1.0,0.5,0.2,0.0,0.0,slip_3_3,True,31,0,6,True,False,,first_valid_witness,17650,17650,1,1,1,1,0,17650,False,0.093667316948995,-41.08837102844491,,,1.0
performance,P32_SPARSE_EARLY,P32_SPARSE_EARLY_c0_t6,32,24,0.75,sparse,7.0,2876665112,latent_osd_order2,2876665112.0,True,1.0,0.5,0.2,0.0,0.0,slip_3_3,True,31,0,6,True,False,,best_complete_marginal_score_in_osd_list,0,0,31,16,1295,792,792,24552,False,0.22781873401254416,-9.58549619965485,,,0.5161290322580645
performance,P32_SPARSE_EARLY,P32_SPARSE_EARLY_c0_t7,32,24,0.75,sparse,7.0,3793924182,lsgrand_certified,3793924182.0,True,1.0,0.5,0.2,0.0,0.0,slip_3_3,True,31,0,7,True,True,0.021853852155841125,strict_unseen_codeword_certificate,46,46,31,31,2,2,0,46,False,0.0008923610439524055,-14.151611575835082,8.0,5.75,1.0
performance,P32_SPARSE_EARLY,P32_SPARSE_EARLY_c0_t7,32,24,0.75,sparse,7.0,3793924182,lsgrand_first_valid,3793924182.0,True,1.0,0.5,0.2,0.0,0.0,slip_3_3,True,31,0,7,True,False,,first_valid_witness,8,8,31,7,1,1,0,8,False,0.0005166250048205256,-14.151611575835082,,,0.22580645161290322
performance,P32_SPARSE_EARLY,P32_SPARSE_EARLY_c0_t7,32,24,0.75,sparse,7.0,3793924182,per_state_grand_sweep,3793924182.0,True,1.0,0.5,0.2,0.0,0.0,slip_3_3,True,31,0,7,True,False,,best_fixed_state_codeword,8677,8677,31,31,4,3,0,8677,True,0.03880897699855268,-14.151611575835082,,,1.0
performance,P32_SPARSE_EARLY,P32_SPARSE_EARLY_c0_t7,32,24,0.75,sparse,7.0,3793924182,plain_reliability_grand,4033635828.0,False,1.0,0.5,0.2,0.0,0.0,slip_3_3,True,31,0,7,True,False,,first_valid_witness,4137,4137,1,1,1,1,0,4137,False,0.02110523695591837,-39.45145197224694,,,1.0
performance,P32_SPARSE_EARLY,P32_SPARSE_EARLY_c0_t7,32,24,0.75,sparse,7.0,3793924182,latent_osd_order2,3793924182.0,True,1.0,0.5,0.2,0.0,0.0,slip_3_3,True,31,0,7,True,False,,best_complete_marginal_score_in_osd_list,0,0,31,16,1295,847,847,26257,False,0.23760177905205637,-14.14971451310398,,,0.5161290322580645
performance,P32_SPARSE_EARLY,P32_SPARSE_EARLY_c0_t8,32,24,0.75,sparse,7.0,375081602,lsgrand_certified,375081602.0,True,1.0,0.5,0.2,0.0,0.0,slip_3_3,True,31,0,8,True,True,0.4801283897910924,strict_unseen_codeword_certificate,128,128,31,31,2,2,0,128,False,0.0015024020103737712,-14.1486434269367,10.0,12.8,1.0
performance,P32_SPARSE_EARLY,P32_SPARSE_EARLY_c0_t8,32,24,0.75,sparse,7.0,375081602,lsgrand_first_valid,375081602.0,True,1.0,0.5,0.2,0.0,0.0,slip_3_3,True,31,0,8,True,False,,first_valid_witness,10,10,31,7,1,1,0,10,False,0.0005883260164409876,-14.1486434269367,,,0.22580645161290322
performance,P32_SPARSE_EARLY,P32_SPARSE_EARLY_c0_t8,32,24,0.75,sparse,7.0,375081602,per_state_grand_sweep,375081602.0,True,1.0,0.5,0.2,0.0,0.0,slip_3_3,True,31,0,8,True,False,,best_fixed_state_codeword,5992,5992,31,31,20,16,0,5992,True,0.027416096068918705,-14.1486434269367,,,1.0
performance,P32_SPARSE_EARLY,P32_SPARSE_EARLY_c0_t8,32,24,0.75,sparse,7.0,375081602,plain_reliability_grand,83285012.0,False,1.0,0.5,0.2,0.0,0.0,slip_3_3,True,31,0,8,True,False,,first_valid_witness,609,609,1,1,1,1,0,609,False,0.0030859579565003514,-26.83513074954849,,,1.0
performance,P32_SPARSE_EARLY,P32_SPARSE_EARLY_c0_t8,32,24,0.75,sparse,7.0,375081602,latent_osd_order2,375081602.0,True,1.0,0.5,0.2,0.0,0.0,slip_3_3,True,31,0,8,True,False,,best_complete_marginal_score_in_osd_list,0,0,31,16,1295,943,943,29233,False,0.26153761602472514,-14.140601438491016,,,0.5161290322580645
performance,P32_SPARSE_EARLY,P32_SPARSE_EARLY_c0_t9,32,24,0.75,sparse,7.0,698023721,lsgrand_certified,698023721.0,True,1.0,0.5,0.2,0.0,0.0,slip_3_3,True,31,0,9,True,True,0.018921579042732617,strict_unseen_codeword_certificate,320,320,31,31,1,1,0,320,False,0.002417815034277737,-16.905709729626558,16.0,20.0,1.0
performance,P32_SPARSE_EARLY,P32_SPARSE_EARLY_c0_t9,32,24,0.75,sparse,7.0,698023721,lsgrand_first_valid,698023721.0,True,1.0,0.5,0.2,0.0,0.0,slip_3_3,True,31,0,9,True,False,,first_valid_witness,16,16,31,7,1,1,0,16,False,0.0006047700298950076,-16.905709729626558,,,0.22580645161290322
performance,P32_SPARSE_EARLY,P32_SPARSE_EARLY_c0_t9,32,24,0.75,sparse,7.0,698023721,per_state_grand_sweep,698023721.0,True,1.0,0.5,0.2,0.0,0.0,slip_3_3,True,31,0,9,True,False,,best_fixed_state_codeword,7708,7708,31,31,10,8,0,7708,True,0.035281571093946695,-16.905709729626558,,,1.0
performance,P32_SPARSE_EARLY,P32_SPARSE_EARLY_c0_t9,32,24,0.75,sparse,7.0,698023721,plain_reliability_grand,2855578210.0,False,1.0,0.5,0.2,0.0,0.0,slip_3_3,True,31,0,9,True,False,,first_valid_witness,9635,9635,1,1,1,1,0,9635,False,0.050541707896627486,-43.39482117929442,,,1.0
performance,P32_SPARSE_EARLY,P32_SPARSE_EARLY_c0_t9,32,24,0.75,sparse,7.0,698023721,latent_osd_order2,698023721.0,True,1.0,0.5,0.2,0.0,0.0,slip_3_3,True,31,0,9,True,False,,best_complete_marginal_score_in_osd_list,0,0,31,16,1295,938,938,29078,False,0.257810416049324,-16.905651535742336,,,0.5161290322580645
performance,P32_SPARSE_EARLY,P32_SPARSE_EARLY_c0_t10,32,24,0.75,sparse,7.0,3053694264,lsgrand_certified,3053694264.0,True,1.0,0.5,0.2,0.0,0.0,slip_3_3,True,31,0,10,True,True,0.9715379225831313,strict_unseen_codeword_certificate,42,42,31,31,2,2,0,42,False,0.0009170540142804384,-13.839636215505719,7.0,6.0,1.0
performance,P32_SPARSE_EARLY,P32_SPARSE_EARLY_c0_t10,32,24,0.75,sparse,7.0,3053694264,lsgrand_first_valid,3053694264.0,True,1.0,0.5,0.2,0.0,0.0,slip_3_3,True,31,0,10,True,False,,first_valid_witness,7,7,31,7,1,1,0,7,False,0.0005070490296930075,-13.839636215505719,,,0.22580645161290322
performance,P32_SPARSE_EARLY,P32_SPARSE_EARLY_c0_t10,32,24,0.75,sparse,7.0,3053694264,per_state_grand_sweep,3053694264.0,True,1.0,0.5,0.2,0.0,0.0,slip_3_3,True,31,0,10,True,False,,best_fixed_state_codeword,7271,7271,31,31,12,10,0,7271,True,0.03352110995911062,-13.839636215505719,,,1.0
performance,P32_SPARSE_EARLY,P32_SPARSE_EARLY_c0_t10,32,24,0.75,sparse,7.0,3053694264,plain_reliability_grand,3025611361.0,False,1.0,0.5,0.2,0.0,0.0,slip_3_3,True,31,0,10,True,False,,first_valid_witness,3720,3720,1,1,1,1,0,3720,False,0.046107613015919924,-41.58203791143518,,,1.0
performance,P32_SPARSE_EARLY,P32_SPARSE_EARLY_c0_t10,32,24,0.75,sparse,7.0,3053694264,latent_osd_order2,3053694264.0,True,1.0,0.5,0.2,0.0,0.0,slip_3_3,True,31,0,10,True,False,,best_complete_marginal_score_in_osd_list,0,0,31,16,1295,854,854,26474,False,0.24899019999429584,-13.839632355462767,,,0.5161290322580645
performance,P32_SPARSE_EARLY,P32_SPARSE_EARLY_c0_t11,32,24,0.75,sparse,7.0,3791860514,lsgrand_certified,3791860514.0,True,1.0,0.5,0.2,0.0,0.0,slip_3_3,True,31,0,11,True,True,0.3101139926233998,strict_unseen_codeword_certificate,384,384,31,31,4,2,0,384,False,0.002955781063064933,-14.489177539275698,16.0,24.0,1.0
performance,P32_SPARSE_EARLY,P32_SPARSE_EARLY_c0_t11,32,24,0.75,sparse,7.0,3791860514,lsgrand_first_valid,3791860514.0,True,1.0,0.5,0.2,0.0,0.0,slip_3_3,True,31,0,11,True,False,,first_valid_witness,16,16,31,7,1,1,0,16,False,0.0005718349711969495,-14.59387933372476,,,0.22580645161290322
performance,P32_SPARSE_EARLY,P32_SPARSE_EARLY_c0_t11,32,24,0.75,sparse,7.0,3791860514,per_state_grand_sweep,3791860514.0,True,1.0,0.5,0.2,0.0,0.0,slip_3_3,True,31,0,11,True,False,,best_fixed_state_codeword,5572,5572,31,31,18,16,0,5572,True,0.02548498206306249,-14.59387933372476,,,1.0
performance,P32_SPARSE_EARLY,P32_SPARSE_EARLY_c0_t11,32,24,0.75,sparse,7.0,3791860514,plain_reliability_grand,3814125124.0,False,1.0,0.5,0.2,0.0,0.0,slip_3_3,True,31,0,11,True,False,,first_valid_witness,562,562,1,1,1,1,0,562,False,0.0028453770792111754,-28.86106559963654,,,1.0
performance,P32_SPARSE_EARLY,P32_SPARSE_EARLY_c0_t11,32,24,0.75,sparse,7.0,3791860514,latent_osd_order2,3791860514.0,True,1.0,0.5,0.2,0.0,0.0,slip_3_3,True,31,0,11,True,False,,best_complete_marginal_score_in_osd_list,0,0,31,16,1295,921,921,28551,False,0.256992349983193,-14.489176683298929,,,0.5161290322580645
performance,P32_SPARSE_EARLY,P32_SPARSE_EARLY_c0_t12,32,24,0.75,sparse,7.0,1115195809,lsgrand_certified,1115195809.0,True,1.0,0.5,0.2,0.0,0.0,slip_3_1,True,31,0,12,True,True,0.2631305461232465,strict_unseen_codeword_certificate,128,128,31,31,4,3,0,128,False,0.0015883049927651882,-12.612183969129488,9.0,14.222222222222221,1.0
performance,P32_SPARSE_EARLY,P32_SPARSE_EARLY_c0_t12,32,24,0.75,sparse,7.0,1115195809,lsgrand_first_valid,1115195809.0,True,1.0,0.5,0.2,0.0,0.0,slip_3_1,True,31,0,12,True,False,,first_valid_witness,9,9,31,6,1,1,0,9,False,0.00056025804951787,-12.651829211227524,,,0.1935483870967742
performance,P32_SPARSE_EARLY,P32_SPARSE_EARLY_c0_t12,32,24,0.75,sparse,7.0,1115195809,per_state_grand_sweep,1115195809.0,True,1.0,0.5,0.2,0.0,0.0,slip_3_1,True,31,0,12,True,False,,best_fixed_state_codeword,6827,6827,31,31,12,9,0,6827,True,0.03085041604936123,-12.651829211227524,,,1.0
performance,P32_SPARSE_EARLY,P32_SPARSE_EARLY_c0_t12,32,24,0.75,sparse,7.0,1115195809,plain_reliability_grand,1381952760.0,False,1.0,0.5,0.2,0.0,0.0,slip_3_1,True,31,0,12,True,False,,first_valid_witness,7132,7132,1,1,1,1,0,7132,False,0.03708182298578322,-34.00835220534195,,,1.0
performance,P32_SPARSE_EARLY,P32_SPARSE_EARLY_c0_t12,32,24,0.75,sparse,7.0,1115195809,latent_osd_order2,1115195809.0,True,1.0,0.5,0.2,0.0,0.0,slip_3_1,True,31,0,12,True,False,,best_complete_marginal_score_in_osd_list,0,0,31,16,1295,933,933,28923,False,0.2664060670649633,-12.611862442458703,,,0.5161290322580645
performance,P32_SPARSE_EARLY,P32_SPARSE_EARLY_c0_t13,32,24,0.75,sparse,7.0,2064451904,lsgrand_certified,2064451904.0,True,1.0,0.5,0.2,0.0,0.0,slip_3_3,True,31,0,13,True,True,0.21333810765974448,strict_unseen_codeword_certificate,128,128,31,31,1,1,0,128,False,0.0013818599982187152,-17.25917624355438,10.0,12.8,1.0
performance,P32_SPARSE_EARLY,P32_SPARSE_EARLY_c0_t13,32,24,0.75,sparse,7.0,2064451904,lsgrand_first_valid,2064451904.0,True,1.0,0.5,0.2,0.0,0.0,slip_3_3,True,31,0,13,True,False,,first_valid_witness,10,10,31,7,1,1,0,10,False,0.000556211918592453,-17.25917624355438,,,0.22580645161290322
performance,P32_SPARSE_EARLY,P32_SPARSE_EARLY_c0_t13,32,24,0.75,sparse,7.0,2064451904,per_state_grand_sweep,2064451904.0,True,1.0,0.5,0.2,0.0,0.0,slip_3_3,True,31,0,13,True,False,,best_fixed_state_codeword,6079,6079,31,31,18,13,0,6079,True,0.02788945205975324,-17.25917624355438,,,1.0
performance,P32_SPARSE_EARLY,P32_SPARSE_EARLY_c0_t13,32,24,0.75,sparse,7.0,2064451904,plain_reliability_grand,4204491733.0,False,1.0,0.5,0.2,0.0,0.0,slip_3_3,True,31,0,13,True,False,,first_valid_witness,477,477,1,1,1,1,0,477,False,0.002395290997810662,-29.583650516415865,,,1.0
performance,P32_SPARSE_EARLY,P32_SPARSE_EARLY_c0_t13,32,24,0.75,sparse,7.0,2064451904,latent_osd_order2,2064451904.0,True,1.0,0.5,0.2,0.0,0.0,slip_3_3,True,31,0,13,True,False,,best_complete_marginal_score_in_osd_list,0,0,31,16,1295,959,959,29729,False,0.26523185102269053,-17.258939057720827,,,0.5161290322580645
performance,P32_SPARSE_EARLY,P32_SPARSE_EARLY_c0_t14,32,24,0.75,sparse,7.0,2445586099,lsgrand_certified,274919756.0,False,1.0,0.5,0.2,0.0,0.0,slip_3_1,True,31,0,14,True,True,0.3941248983364982,strict_unseen_codeword_certificate,90,90,31,31,3,3,0,90,False,0.0011837059864774346,-10.416581303131803,22.0,4.090909090909091,1.0
performance,P32_SPARSE_EARLY,P32_SPARSE_EARLY_c0_t14,32,24,0.75,sparse,7.0,2445586099,lsgrand_first_valid,274919756.0,False,1.0,0.5,0.2,0.0,0.0,slip_3_1,True,31,0,14,True,False,,first_valid_witness,22,22,31,21,1,1,0,22,False,0.0006246000993996859,-10.416581303131803,,,0.6774193548387096
performance,P32_SPARSE_EARLY,P32_SPARSE_EARLY_c0_t14,32,24,0.75,sparse,7.0,2445586099,per_state_grand_sweep,274919756.0,False,1.0,0.5,0.2,0.0,0.0,slip_3_1,True,31,0,14,True,False,,best_fixed_state_codeword,5213,5213,31,31,17,13,0,5213,True,0.024135885993018746,-10.416581303131803,,,1.0
performance,P32_SPARSE_EARLY,P32_SPARSE_EARLY_c0_t14,32,24,0.75,sparse,7.0,2445586099,plain_reliability_grand,2418212825.0,False,1.0,0.5,0.2,0.0,0.0,slip_3_1,True,31,0,14,True,False,,first_valid_witness,207,207,1,1,1,1,0,207,False,0.00103178306017071,-23.33813229375246,,,1.0
performance,P32_SPARSE_EARLY,P32_SPARSE_EARLY_c0_t14,32,24,0.75,sparse,7.0,2445586099,latent_osd_order2,274919756.0,False,1.0,0.5,0.2,0.0,0.0,slip_3_1,True,31,0,14,True,False,,best_complete_marginal_score_in_osd_list,0,0,31,16,1295,868,868,26908,False,0.24840366700664163,-10.416579175799852,,,0.5161290322580645
performance,P32_SPARSE_EARLY,P32_SPARSE_EARLY_c0_t15,32,24,0.75,sparse,7.0,3472137857,lsgrand_certified,3472137857.0,True,1.0,0.5,0.2,0.0,0.0,slip_3_1,True,31,0,15,True,True,1.429912239868253,strict_unseen_codeword_certificate,64,64,31,31,1,1,0,64,False,0.0009357249364256859,-5.0322099171295065,6.0,10.666666666666666,1.0
performance,P32_SPARSE_EARLY,P32_SPARSE_EARLY_c0_t15,32,24,0.75,sparse,7.0,3472137857,lsgrand_first_valid,3472137857.0,True,1.0,0.5,0.2,0.0,0.0,slip_3_1,True,31,0,15,True,False,,first_valid_witness,6,6,31,6,1,1,0,6,False,0.0005257249576970935,-5.0322099171295065,,,0.1935483870967742
performance,P32_SPARSE_EARLY,P32_SPARSE_EARLY_c0_t15,32,24,0.75,sparse,7.0,3472137857,per_state_grand_sweep,3472137857.0,True,1.0,0.5,0.2,0.0,0.0,slip_3_1,True,31,0,15,True,False,,best_fixed_state_codeword,4837,4837,31,31,21,16,0,4837,True,0.022671316983178258,-5.0322099171295065,,,1.0
performance,P32_SPARSE_EARLY,P32_SPARSE_EARLY_c0_t15,32,24,0.75,sparse,7.0,3472137857,plain_reliability_grand,3478308858.0,False,1.0,0.5,0.2,0.0,0.0,slip_3_1,True,31,0,15,True,False,,first_valid_witness,40,40,1,1,1,1,0,40,False,0.00022141099907457829,-12.829096226798278,,,1.0
performance,P32_SPARSE_EARLY,P32_SPARSE_EARLY_c0_t15,32,24,0.75,sparse,7.0,3472137857,latent_osd_order2,3472137857.0,True,1.0,0.5,0.2,0.0,0.0,slip_3_1,True,31,0,15,True,False,,best_complete_marginal_score_in_osd_list,0,0,31,16,1295,846,846,26226,False,0.24674240790773183,-5.029226312653268,,,0.5161290322580645
performance,P32_SPARSE_EARLY,P32_SPARSE_EARLY_c0_t16,32,24,0.75,sparse,7.0,4022702451,lsgrand_certified,4022702451.0,True,1.0,0.5,0.2,0.0,0.0,slip_3_1,True,31,0,16,True,True,1.0381600449621082,strict_unseen_codeword_certificate,128,128,31,31,1,1,0,128,False,0.0013972519664093852,-9.38858140552647,7.0,18.285714285714285,1.0
performance,P32_SPARSE_EARLY,P32_SPARSE_EARLY_c0_t16,32,24,0.75,sparse,7.0,4022702451,lsgrand_first_valid,4022702451.0,True,1.0,0.5,0.2,0.0,0.0,slip_3_1,True,31,0,16,True,False,,first_valid_witness,7,7,31,6,1,1,0,7,False,0.0005431930767372251,-9.38858140552647,,,0.1935483870967742
performance,P32_SPARSE_EARLY,P32_SPARSE_EARLY_c0_t16,32,24,0.75,sparse,7.0,4022702451,per_state_grand_sweep,4022702451.0,True,1.0,0.5,0.2,0.0,0.0,slip_3_1,True,31,0,16,True,False,,best_fixed_state_codeword,6529,6529,31,31,16,15,0,6529,True,0.03266405395697802,-9.38858140552647,,,1.0
performance,P32_SPARSE_EARLY,P32_SPARSE_EARLY_c0_t16,32,24,0.75,sparse,7.0,4022702451,plain_reliability_grand,4250961937.0,False,1.0,0.5,0.2,0.0,0.0,slip_3_1,True,31,0,16,True,False,,first_valid_witness,1123,1123,1,1,1,1,0,1123,False,0.006376974983140826,-25.539400238477903,,,1.0
performance,P32_SPARSE_EARLY,P32_SPARSE_EARLY_c0_t16,32,24,0.75,sparse,7.0,4022702451,latent_osd_order2,4022702451.0,True,1.0,0.5,0.2,0.0,0.0,slip_3_1,True,31,0,16,True,False,,best_complete_marginal_score_in_osd_list,0,0,31,16,1295,922,922,28582,False,0.2835082709789276,-9.388185628585893,,,0.5161290322580645
performance,P32_SPARSE_EARLY,P32_SPARSE_EARLY_c0_t17,32,24,0.75,sparse,7.0,737333942,lsgrand_certified,737333942.0,True,1.0,0.5,0.2,0.0,0.0,slip_3_3,True,31,0,17,True,True,0.0005063469661443776,strict_unseen_codeword_certificate,1216,1216,31,31,10,9,0,1216,False,0.009607726009562612,-17.13249929667049,10.0,121.6,1.0
performance,P32_SPARSE_EARLY,P32_SPARSE_EARLY_c0_t17,32,24,0.75,sparse,7.0,737333942,lsgrand_first_valid,737333942.0,True,1.0,0.5,0.2,0.0,0.0,slip_3_3,True,31,0,17,True,False,,first_valid_witness,10,10,31,7,1,1,0,10,False,0.0005895140348002315,-17.139868110993774,,,0.22580645161290322
performance,P32_SPARSE_EARLY,P32_SPARSE_EARLY_c0_t17,32,24,0.75,sparse,7.0,737333942,per_state_grand_sweep,737333942.0,True,1.0,0.5,0.2,0.0,0.0,slip_3_3,True,31,0,17,True,False,,best_fixed_state_codeword,7061,7061,31,31,11,7,0,7061,True,0.0353779710130766,-17.139868110993774,,,1.0
performance,P32_SPARSE_EARLY,P32_SPARSE_EARLY_c0_t17,32,24,0.75,sparse,7.0,737333942,plain_reliability_grand,4205098024.0,False,1.0,0.5,0.2,0.0,0.0,slip_3_3,True,31,0,17,True,False,,first_valid_witness,802,802,1,1,1,1,0,802,False,0.004494696971960366,-30.55678423353102,,,1.0
performance,P32_SPARSE_EARLY,P32_SPARSE_EARLY_c0_t17,32,24,0.75,sparse,7.0,737333942,latent_osd_order2,737333942.0,True,1.0,0.5,0.2,0.0,0.0,slip_3_3,True,31,0,17,True,False,,best_complete_marginal_score_in_osd_list,0,0,31,16,1295,972,972,30132,False,0.29635709803551435,-17.132357867425405,,,0.5161290322580645
performance,P32_SPARSE_EARLY,P32_SPARSE_EARLY_c0_t18,32,24,0.75,sparse,7.0,2761950568,lsgrand_certified,2761950568.0,True,1.0,0.5,0.2,0.0,0.0,slip_3_3,True,31,0,18,True,True,2.0413368574263524,strict_unseen_codeword_certificate,60,60,31,31,2,2,0,60,False,0.0010520020732656121,-4.216357703173463,7.0,8.571428571428571,1.0
performance,P32_SPARSE_EARLY,P32_SPARSE_EARLY_c0_t18,32,24,0.75,sparse,7.0,2761950568,lsgrand_first_valid,2761950568.0,True,1.0,0.5,0.2,0.0,0.0,slip_3_3,True,31,0,18,True,False,,first_valid_witness,7,7,31,7,1,1,0,7,False,0.0006065360503271222,-4.216357703173463,,,0.22580645161290322
performance,P32_SPARSE_EARLY,P32_SPARSE_EARLY_c0_t18,32,24,0.75,sparse,7.0,2761950568,per_state_grand_sweep,2761950568.0,True,1.0,0.5,0.2,0.0,0.0,slip_3_3,True,31,0,18,True,False,,best_fixed_state_codeword,7037,7037,31,31,10,6,0,7037,True,0.03521582507528365,-4.216357703173463,,,1.0
performance,P32_SPARSE_EARLY,P32_SPARSE_EARLY_c0_t18,32,24,0.75,sparse,7.0,2761950568,plain_reliability_grand,2501205953.0,False,1.0,0.5,0.2,0.0,0.0,slip_3_3,True,31,0,18,True,False,,first_valid_witness,8258,8258,1,1,1,1,0,8258,False,0.048305516014806926,-34.80838171791049,,,1.0
performance,P32_SPARSE_EARLY,P32_SPARSE_EARLY_c0_t18,32,24,0.75,sparse,7.0,2761950568,latent_osd_order2,2761950568.0,True,1.0,0.5,0.2,0.0,0.0,slip_3_3,True,31,0,18,True,False,,best_complete_marginal_score_in_osd_list,0,0,31,16,1295,964,964,29884,False,0.3139865369303152,-4.216264115168282,,,0.5161290322580645
performance,P32_SPARSE_EARLY,P32_SPARSE_EARLY_c0_t19,32,24,0.75,sparse,7.0,3424795098,lsgrand_certified,3424795098.0,True,1.0,0.5,0.2,0.0,0.0,slip_3_1,True,31,0,19,True,True,0.18814708722119633,strict_unseen_codeword_certificate,64,64,31,31,1,1,0,64,False,0.0010814729612320662,-8.777565742981242,6.0,10.666666666666666,1.0
performance,P32_SPARSE_EARLY,P32_SPARSE_EARLY_c0_t19,32,24,0.75,sparse,7.0,3424795098,lsgrand_first_valid,3424795098.0,True,1.0,0.5,0.2,0.0,0.0,slip_3_1,True,31,0,19,True,False,,first_valid_witness,6,6,31,6,1,1,0,6,False,0.0006243520183488727,-8.777565742981242,,,0.1935483870967742
performance,P32_SPARSE_EARLY,P32_SPARSE_EARLY_c0_t19,32,24,0.75,sparse,7.0,3424795098,per_state_grand_sweep,3424795098.0,True,1.0,0.5,0.2,0.0,0.0,slip_3_1,True,31,0,19,True,False,,best_fixed_state_codeword,5841,5841,31,31,16,14,0,5841,True,0.03118770499713719,-8.777565742981242,,,1.0
performance,P32_SPARSE_EARLY,P32_SPARSE_EARLY_c0_t19,32,24,0.75,sparse,7.0,3424795098,plain_reliability_grand,3485195343.0,False,1.0,0.5,0.2,0.0,0.0,slip_3_1,True,31,0,19,True,False,,first_valid_witness,40,40,1,1,1,1,0,40,False,0.0002508490579202771,-14.27991329407809,,,1.0
performance,P32_SPARSE_EARLY,P32_SPARSE_EARLY_c0_t19,32,24,0.75,sparse,7.0,3424795098,latent_osd_order2,3424795098.0,True,1.0,0.5,0.2,0.0,0.0,slip_3_1,True,31,0,19,True,False,,best_complete_marginal_score_in_osd_list,0,0,31,16,1295,970,970,30070,False,0.30036052700597793,-8.7621355138829,,,0.5161290322580645
performance,P32_SPARSE_EARLY,P32_SPARSE_EARLY_c1_t0,32,24,0.75,sparse,7.0,4253767317,lsgrand_certified,4253767317.0,True,1.0,0.5,0.2,0.0,0.0,slip_3_3,True,31,1,0,True,True,0.02449992924254296,strict_unseen_codeword_certificate,188,188,31,31,3,2,0,188,False,0.0019672259222716093,-14.709475891500674,11.0,17.09090909090909,1.0
performance,P32_SPARSE_EARLY,P32_SPARSE_EARLY_c1_t0,32,24,0.75,sparse,7.0,4253767317,lsgrand_first_valid,4253767317.0,True,1.0,0.5,0.2,0.0,0.0,slip_3_3,True,31,1,0,True,False,,first_valid_witness,11,11,31,7,1,1,0,11,False,0.0006411690264940262,-14.736859089466355,,,0.22580645161290322
performance,P32_SPARSE_EARLY,P32_SPARSE_EARLY_c1_t0,32,24,0.75,sparse,7.0,4253767317,per_state_grand_sweep,4253767317.0,True,1.0,0.5,0.2,0.0,0.0,slip_3_3,True,31,1,0,True,False,,best_fixed_state_codeword,5110,5110,31,31,19,13,0,5110,True,0.026520855957642198,-14.736859089466355,,,1.0
performance,P32_SPARSE_EARLY,P32_SPARSE_EARLY_c1_t0,32,24,0.75,sparse,7.0,4253767317,plain_reliability_grand,4245880383.0,False,1.0,0.5,0.2,0.0,0.0,slip_3_3,True,31,1,0,True,False,,first_valid_witness,89,89,1,1,1,1,0,89,False,0.0004911290016025305,-20.568190889235666,,,1.0
performance,P32_SPARSE_EARLY,P32_SPARSE_EARLY_c1_t0,32,24,0.75,sparse,7.0,4253767317,latent_osd_order2,4253767317.0,True,1.0,0.5,0.2,0.0,0.0,slip_3_3,True,31,1,0,True,False,,best_complete_marginal_score_in_osd_list,0,0,31,16,1295,822,822,25482,False,0.2626403330359608,-14.70811059005069,,,0.5161290322580645
performance,P32_SPARSE_EARLY,P32_SPARSE_EARLY_c1_t1,32,24,0.75,sparse,7.0,539513790,lsgrand_certified,539513790.0,True,1.0,0.5,0.2,0.0,0.0,slip_3_3,True,31,1,1,True,True,0.4105019005752588,strict_unseen_codeword_certificate,128,128,31,31,2,2,0,128,False,0.0015817070379853249,-11.87396956874395,9.0,14.222222222222221,1.0
performance,P32_SPARSE_EARLY,P32_SPARSE_EARLY_c1_t1,32,24,0.75,sparse,7.0,539513790,lsgrand_first_valid,539513790.0,True,1.0,0.5,0.2,0.0,0.0,slip_3_3,True,31,1,1,True,False,,first_valid_witness,9,9,31,7,1,1,0,9,False,0.0005884399870410562,-11.87396956874395,,,0.22580645161290322
performance,P32_SPARSE_EARLY,P32_SPARSE_EARLY_c1_t1,32,24,0.75,sparse,7.0,539513790,per_state_grand_sweep,539513790.0,True,1.0,0.5,0.2,0.0,0.0,slip_3_3,True,31,1,1,True,False,,best_fixed_state_codeword,5844,5844,31,31,17,12,0,5844,True,0.030430512968450785,-11.87396956874395,,,1.0
performance,P32_SPARSE_EARLY,P32_SPARSE_EARLY_c1_t1,32,24,0.75,sparse,7.0,539513790,plain_reliability_grand,1640085000.0,False,1.0,0.5,0.2,0.0,0.0,slip_3_3,True,31,1,1,True,False,,first_valid_witness,2120,2120,1,1,1,1,0,2120,False,0.012188762077130377,-30.453842284762445,,,1.0
performance,P32_SPARSE_EARLY,P32_SPARSE_EARLY_c1_t1,32,24,0.75,sparse,7.0,539513790,latent_osd_order2,539513790.0,True,1.0,0.5,0.2,0.0,0.0,slip_3_3,True,31,1,1,True,False,,best_complete_marginal_score_in_osd_list,0,0,31,16,1295,845,845,26195,False,0.27822848898358643,-11.869763400034072,,,0.5161290322580645
performance,P32_SPARSE_EARLY,P32_SPARSE_EARLY_c1_t2,32,24,0.75,sparse,7.0,4283879156,lsgrand_certified,4283879156.0,True,1.0,0.5,0.2,0.0,0.0,slip_3_3,True,31,1,2,True,True,0.00016677213611338004,strict_unseen_codeword_certificate,4736,4736,31,31,13,13,0,4736,False,0.04083047993481159,-15.457953666221659,117.0,40.47863247863248,1.0
performance,P32_SPARSE_EARLY,P32_SPARSE_EARLY_c1_t2,32,24,0.75,sparse,7.0,4283879156,lsgrand_first_valid,4283879156.0,True,1.0,0.5,0.2,0.0,0.0,slip_3_3,True,31,1,2,True,False,,first_valid_witness,117,117,31,31,1,1,0,117,False,0.0013046669773757458,-15.457953666221659,,,1.0
performance,P32_SPARSE_EARLY,P32_SPARSE_EARLY_c1_t2,32,24,0.75,sparse,7.0,4283879156,per_state_grand_sweep,4283879156.0,True,1.0,0.5,0.2,0.0,0.0,slip_3_3,True,31,1,2,True,False,,best_fixed_state_codeword,8543,8543,31,31,5,5,0,8543,True,0.042808049940504134,-15.457953666221659,,,1.0
performance,P32_SPARSE_EARLY,P32_SPARSE_EARLY_c1_t2,32,24,0.75,sparse,7.0,4283879156,plain_reliability_grand,4276000943.0,False,1.0,0.5,0.2,0.0,0.0,slip_3_3,True,31,1,2,True,False,,first_valid_witness,4919,4919,1,1,1,1,0,4919,False,0.026649539009667933,-31.645213358940403,,,1.0
performance,P32_SPARSE_EARLY,P32_SPARSE_EARLY_c1_t2,32,24,0.75,sparse,7.0,4283879156,latent_osd_order2,4283879156.0,True,1.0,0.5,0.2,0.0,0.0,slip_3_3,True,31,1,2,True,False,,best_complete_marginal_score_in_osd_list,0,0,31,16,1295,950,950,29450,False,0.29284457105677575,-15.457863866629266,,,0.5161290322580645
performance,P32_SPARSE_EARLY,P32_SPARSE_EARLY_c1_t3,32,24,0.75,sparse,7.0,3703912978,lsgrand_certified,3703912978.0,True,1.0,0.5,0.2,0.0,0.0,slip_3_3,True,31,1,3,True,True,1.5919762545403504,strict_unseen_codeword_certificate,64,64,31,31,1,1,0,64,False,0.0011733230203390121,-10.638489723690322,7.0,9.142857142857142,1.0
performance,P32_SPARSE_EARLY,P32_SPARSE_EARLY_c1_t3,32,24,0.75,sparse,7.0,3703912978,lsgrand_first_valid,3703912978.0,True,1.0,0.5,0.2,0.0,0.0,slip_3_3,True,31,1,3,True,False,,first_valid_witness,7,7,31,7,1,1,0,7,False,0.0006207020487636328,-10.638489723690322,,,0.22580645161290322
performance,P32_SPARSE_EARLY,P32_SPARSE_EARLY_c1_t3,32,24,0.75,sparse,7.0,3703912978,per_state_grand_sweep,3703912978.0,True,1.0,0.5,0.2,0.0,0.0,slip_3_3,True,31,1,3,True,False,,best_fixed_state_codeword,6279,6279,31,31,18,16,0,6279,True,0.032734918990172446,-10.638489723690322,,,1.0
performance,P32_SPARSE_EARLY,P32_SPARSE_EARLY_c1_t3,32,24,0.75,sparse,7.0,3703912978,plain_reliability_grand,3720241276.0,False,1.0,0.5,0.2,0.0,0.0,slip_3_3,True,31,1,3,True,False,,first_valid_witness,873,873,1,1,1,1,0,873,False,0.004958228091709316,-29.84687356070898,,,1.0
performance,P32_SPARSE_EARLY,P32_SPARSE_EARLY_c1_t3,32,24,0.75,sparse,7.0,3703912978,latent_osd_order2,3703912978.0,True,1.0,0.5,0.2,0.0,0.0,slip_3_3,True,31,1,3,True,False,,best_complete_marginal_score_in_osd_list,0,0,31,16,1295,983,983,30473,False,0.29222977499011904,-10.638483545041371,,,0.5161290322580645
performance,P32_SPARSE_EARLY,P32_SPARSE_EARLY_c1_t4,32,24,0.75,sparse,7.0,2216667078,lsgrand_certified,2216667078.0,True,1.0,0.5,0.2,0.0,0.0,slip_3_3,True,31,1,4,True,True,0.5574561296814124,strict_unseen_codeword_certificate,99,99,31,31,3,2,0,99,False,0.00138367700856179,-9.645595941288292,7.0,14.142857142857142,1.0
performance,P32_SPARSE_EARLY,P32_SPARSE_EARLY_c1_t4,32,24,0.75,sparse,7.0,2216667078,lsgrand_first_valid,2216667078.0,True,1.0,0.5,0.2,0.0,0.0,slip_3_3,True,31,1,4,True,False,,first_valid_witness,7,7,31,5,1,1,0,7,False,0.0005525280721485615,-10.1224687441953,,,0.16129032258064516
performance,P32_SPARSE_EARLY,P32_SPARSE_EARLY_c1_t4,32,24,0.75,sparse,7.0,2216667078,per_state_grand_sweep,2216667078.0,True,1.0,0.5,0.2,0.0,0.0,slip_3_3,True,31,1,4,True,False,,best_fixed_state_codeword,4772,4772,31,31,22,17,0,4772,True,0.024363180971704423,-10.1224687441953,,,1.0
performance,P32_SPARSE_EARLY,P32_SPARSE_EARLY_c1_t4,32,24,0.75,sparse,7.0,2216667078,plain_reliability_grand,2407149212.0,False,1.0,0.5,0.2,0.0,0.0,slip_3_3,True,31,1,4,True,False,,first_valid_witness,58,58,1,1,1,1,0,58,False,0.00033998407889157534,-16.605380496174924,,,1.0
performance,P32_SPARSE_EARLY,P32_SPARSE_EARLY_c1_t4,32,24,0.75,sparse,7.0,2216667078,latent_osd_order2,2216667078.0,True,1.0,0.5,0.2,0.0,0.0,slip_3_3,True,31,1,4,True,False,,best_complete_marginal_score_in_osd_list,0,0,31,16,1295,932,932,28892,False,0.289166469941847,-9.645591156876637,,,0.5161290322580645
performance,P32_SPARSE_EARLY,P32_SPARSE_EARLY_c1_t5,32,24,0.75,sparse,7.0,3082341323,lsgrand_certified,3082341323.0,True,1.0,0.5,0.2,0.0,0.0,slip_3_1,True,31,1,5,True,True,0.9862131091389905,strict_unseen_codeword_certificate,64,64,31,31,1,1,0,64,False,0.0011158169945701957,-8.583322354176609,6.0,10.666666666666666,1.0
performance,P32_SPARSE_EARLY,P32_SPARSE_EARLY_c1_t5,32,24,0.75,sparse,7.0,3082341323,lsgrand_first_valid,3082341323.0,True,1.0,0.5,0.2,0.0,0.0,slip_3_1,True,31,1,5,True,False,,first_valid_witness,6,6,31,6,1,1,0,6,False,0.0005803869571536779,-8.583322354176609,,,0.1935483870967742
performance,P32_SPARSE_EARLY,P32_SPARSE_EARLY_c1_t5,32,24,0.75,sparse,7.0,3082341323,per_state_grand_sweep,3082341323.0,True,1.0,0.5,0.2,0.0,0.0,slip_3_1,True,31,1,5,True,False,,best_fixed_state_codeword,6131,6131,31,31,16,11,0,6131,True,0.031206684070639312,-8.583322354176609,,,1.0
performance,P32_SPARSE_EARLY,P32_SPARSE_EARLY_c1_t5,32,24,0.75,sparse,7.0,3082341323,plain_reliability_grand,3051253613.0,False,1.0,0.5,0.2,0.0,0.0,slip_3_1,True,31,1,5,True,False,,first_valid_witness,39,39,1,1,1,1,0,39,False,0.00024134397972375154,-16.486224821831552,,,1.0
performance,P32_SPARSE_EARLY,P32_SPARSE_EARLY_c1_t5,32,24,0.75,sparse,7.0,3082341323,latent_osd_order2,3082341323.0,True,1.0,0.5,0.2,0.0,0.0,slip_3_1,True,31,1,5,True,False,,best_complete_marginal_score_in_osd_list,0,0,31,16,1295,821,821,25451,False,0.26697122398763895,-8.583222207423212,,,0.5161290322580645
performance,P32_SPARSE_EARLY,P32_SPARSE_EARLY_c1_t6,32,24,0.75,sparse,7.0,2485456660,lsgrand_certified,2485456660.0,True,1.0,0.5,0.2,0.0,0.0,slip_3_1,True,31,1,6,True,True,0.1619559102675936,strict_unseen_codeword_certificate,39,39,31,31,2,2,0,39,False,0.0009636050090193748,-7.56242237305136,6.0,6.5,1.0
performance,P32_SPARSE_EARLY,P32_SPARSE_EARLY_c1_t6,32,24,0.75,sparse,7.0,2485456660,lsgrand_first_valid,2485456660.0,True,1.0,0.5,0.2,0.0,0.0,slip_3_1,True,31,1,6,True,False,,first_valid_witness,6,6,31,6,1,1,0,6,False,0.0006273050094023347,-7.56242237305136,,,0.1935483870967742
performance,P32_SPARSE_EARLY,P32_SPARSE_EARLY_c1_t6,32,24,0.75,sparse,7.0,2485456660,per_state_grand_sweep,2485456660.0,True,1.0,0.5,0.2,0.0,0.0,slip_3_1,True,31,1,6,True,False,,best_fixed_state_codeword,5597,5597,31,31,20,18,0,5597,True,0.028577261022292078,-7.56242237305136,,,1.0
performance,P32_SPARSE_EARLY,P32_SPARSE_EARLY_c1_t6,32,24,0.75,sparse,7.0,2485456660,plain_reliability_grand,380642690.0,False,1.0,0.5,0.2,0.0,0.0,slip_3_1,True,31,1,6,True,False,,first_valid_witness,118,118,1,1,1,1,0,118,False,0.000669286004267633,-18.58383243830267,,,1.0
performance,P32_SPARSE_EARLY,P32_SPARSE_EARLY_c1_t6,32,24,0.75,sparse,7.0,2485456660,latent_osd_order2,2485456660.0,True,1.0,0.5,0.2,0.0,0.0,slip_3_1,True,31,1,6,True,False,,best_complete_marginal_score_in_osd_list,0,0,31,16,1295,1102,1102,34162,False,0.33149899693671614,-7.562421420195954,,,0.5161290322580645
performance,P32_SPARSE_EARLY,P32_SPARSE_EARLY_c1_t7,32,24,0.75,sparse,7.0,4257863229,lsgrand_certified,4257863229.0,True,1.0,0.5,0.2,0.0,0.0,slip_3_3,True,31,1,7,True,True,0.4217176160397571,strict_unseen_codeword_certificate,128,128,31,31,1,1,0,128,False,0.0015485580079257488,-15.464574672414537,9.0,14.222222222222221,1.0
performance,P32_SPARSE_EARLY,P32_SPARSE_EARLY_c1_t7,32,24,0.75,sparse,7.0,4257863229,lsgrand_first_valid,4257863229.0,True,1.0,0.5,0.2,0.0,0.0,slip_3_3,True,31,1,7,True,False,,first_valid_witness,9,9,31,7,1,1,0,9,False,0.0006094980053603649,-15.464574672414537,,,0.22580645161290322
performance,P32_SPARSE_EARLY,P32_SPARSE_EARLY_c1_t7,32,24,0.75,sparse,7.0,4257863229,per_state_grand_sweep,4257863229.0,True,1.0,0.5,0.2,0.0,0.0,slip_3_3,True,31,1,7,True,False,,best_fixed_state_codeword,5477,5477,31,31,19,14,0,5477,True,0.0288520660251379,-15.464574672414537,,,1.0
performance,P32_SPARSE_EARLY,P32_SPARSE_EARLY_c1_t7,32,24,0.75,sparse,7.0,4257863229,plain_reliability_grand,4288128107.0,False,1.0,0.5,0.2,0.0,0.0,slip_3_3,True,31,1,7,True,False,,first_valid_witness,152,152,1,1,1,1,0,152,False,0.000908349989913404,-24.50236602789706,,,1.0
performance,P32_SPARSE_EARLY,P32_SPARSE_EARLY_c1_t7,32,24,0.75,sparse,7.0,4257863229,latent_osd_order2,4257863229.0,True,1.0,0.5,0.2,0.0,0.0,slip_3_3,True,31,1,7,True,False,,best_complete_marginal_score_in_osd_list,0,0,31,16,1295,907,907,28117,False,0.276868065004237,-15.461895118953052,,,0.5161290322580645
performance,P32_SPARSE_EARLY,P32_SPARSE_EARLY_c1_t8,32,24,0.75,sparse,7.0,2751978603,lsgrand_certified,2751978603.0,True,1.0,0.5,0.2,0.0,0.0,slip_3_1,True,31,1,8,True,True,0.9728311935530751,strict_unseen_codeword_certificate,128,128,31,31,1,1,0,128,False,0.0015461769653484225,-9.134874739653768,39.0,3.282051282051282,1.0
performance,P32_SPARSE_EARLY,P32_SPARSE_EARLY_c1_t8,32,24,0.75,sparse,7.0,2751978603,lsgrand_first_valid,2751978603.0,True,1.0,0.5,0.2,0.0,0.0,slip_3_1,True,31,1,8,True,False,,first_valid_witness,39,39,31,31,1,1,0,39,False,0.0010811040410771966,-9.134874739653768,,,1.0
performance,P32_SPARSE_EARLY,P32_SPARSE_EARLY_c1_t8,32,24,0.75,sparse,7.0,2751978603,per_state_grand_sweep,2751978603.0,True,1.0,0.5,0.2,0.0,0.0,slip_3_1,True,31,1,8,True,False,,best_fixed_state_codeword,6327,6327,31,31,17,15,0,6327,True,0.03313025296665728,-9.134874739653768,,,1.0
performance,P32_SPARSE_EARLY,P32_SPARSE_EARLY_c1_t8,32,24,0.75,sparse,7.0,2751978603,plain_reliability_grand,2813417020.0,False,1.0,0.5,0.2,0.0,0.0,slip_3_1,True,31,1,8,True,False,,first_valid_witness,369,369,1,1,1,1,0,369,False,0.0020958749810233712,-22.824403787695353,,,1.0
performance,P32_SPARSE_EARLY,P32_SPARSE_EARLY_c1_t8,32,24,0.75,sparse,7.0,2751978603,latent_osd_order2,2751978603.0,True,1.0,0.5,0.2,0.0,0.0,slip_3_1,True,31,1,8,True,False,,best_complete_marginal_score_in_osd_list,0,0,31,16,1295,854,854,26474,False,0.2699249869911,-9.13369523245725,,,0.5161290322580645
performance,P32_SPARSE_EARLY,P32_SPARSE_EARLY_c1_t9,32,24,0.75,sparse,7.0,3322936091,lsgrand_certified,3322936091.0,True,1.0,0.5,0.2,0.0,0.0,slip_3_1,True,31,1,9,True,True,0.6648192645985525,strict_unseen_codeword_certificate,128,128,31,31,2,2,0,128,False,0.0016191719332709908,-8.61570309552486,7.0,18.285714285714285,1.0
performance,P32_SPARSE_EARLY,P32_SPARSE_EARLY_c1_t9,32,24,0.75,sparse,7.0,3322936091,lsgrand_first_valid,3322936091.0,True,1.0,0.5,0.2,0.0,0.0,slip_3_1,True,31,1,9,True,False,,first_valid_witness,7,7,31,6,1,1,0,7,False,0.0006412339862436056,-8.61570309552486,,,0.1935483870967742
performance,P32_SPARSE_EARLY,P32_SPARSE_EARLY_c1_t9,32,24,0.75,sparse,7.0,3322936091,per_state_grand_sweep,3322936091.0,True,1.0,0.5,0.2,0.0,0.0,slip_3_1,True,31,1,9,True,False,,best_fixed_state_codeword,6354,6354,31,31,16,12,0,6354,True,0.03242971294093877,-8.61570309552486,,,1.0
performance,P32_SPARSE_EARLY,P32_SPARSE_EARLY_c1_t9,32,24,0.75,sparse,7.0,3322936091,plain_reliability_grand,3341146525.0,False,1.0,0.5,0.2,0.0,0.0,slip_3_1,True,31,1,9,True,False,,first_valid_witness,1850,1850,1,1,1,1,0,1850,False,0.010593406041152775,-28.48194754861557,,,1.0
performance,P32_SPARSE_EARLY,P32_SPARSE_EARLY_c1_t9,32,24,0.75,sparse,7.0,3322936091,latent_osd_order2,3322936091.0,True,1.0,0.5,0.2,0.0,0.0,slip_3_1,True,31,1,9,True,False,,best_complete_marginal_score_in_osd_list,0,0,31,16,1295,985,985,30535,False,0.29847680090460926,-8.615697990210432,,,0.5161290322580645
performance,P32_SPARSE_EARLY,P32_SPARSE_EARLY_c1_t10,32,24,0.75,sparse,7.0,3601111350,lsgrand_certified,3601111350.0,True,1.0,0.5,0.2,0.0,0.0,slip_3_3,True,31,1,10,True,True,0.3287094282598435,strict_unseen_codeword_certificate,64,64,31,31,1,1,0,64,False,0.0012253540335223079,-9.990457627272184,8.0,8.0,1.0
performance,P32_SPARSE_EARLY,P32_SPARSE_EARLY_c1_t10,32,24,0.75,sparse,7.0,3601111350,lsgrand_first_valid,3601111350.0,True,1.0,0.5,0.2,0.0,0.0,slip_3_3,True,31,1,10,True,False,,first_valid_witness,8,8,31,7,1,1,0,8,False,0.0005833579925820231,-9.990457627272184,,,0.22580645161290322
performance,P32_SPARSE_EARLY,P32_SPARSE_EARLY_c1_t10,32,24,0.75,sparse,7.0,3601111350,per_state_grand_sweep,3601111350.0,True,1.0,0.5,0.2,0.0,0.0,slip_3_3,True,31,1,10,True,False,,best_fixed_state_codeword,6823,6823,31,31,16,12,0,6823,True,0.03522898396477103,-9.990457627272184,,,1.0
performance,P32_SPARSE_EARLY,P32_SPARSE_EARLY_c1_t10,32,24,0.75,sparse,7.0,3601111350,plain_reliability_grand,4161545068.0,False,1.0,0.5,0.2,0.0,0.0,slip_3_3,True,31,1,10,True,False,,first_valid_witness,1835,1835,1,1,1,1,0,1835,False,0.010691116098314524,-30.110145725682898,,,1.0
performance,P32_SPARSE_EARLY,P32_SPARSE_EARLY_c1_t10,32,24,0.75,sparse,7.0,3601111350,latent_osd_order2,3601111350.0,True,1.0,0.5,0.2,0.0,0.0,slip_3_3,True,31,1,10,True,False,,best_complete_marginal_score_in_osd_list,0,0,31,16,1295,853,853,26443,False,0.2718451520195231,-9.989044853324843,,,0.5161290322580645
performance,P32_SPARSE_EARLY,P32_SPARSE_EARLY_c1_t11,32,24,0.75,sparse,7.0,2181311839,lsgrand_certified,2181311839.0,True,1.0,0.5,0.2,0.0,0.0,slip_3_1,True,31,1,11,True,True,0.25166262363561387,strict_unseen_codeword_certificate,256,256,31,31,5,4,0,256,False,0.0026505429996177554,-18.337067121360633,12.0,21.333333333333332,1.0
performance,P32_SPARSE_EARLY,P32_SPARSE_EARLY_c1_t11,32,24,0.75,sparse,7.0,2181311839,lsgrand_first_valid,2181311839.0,True,1.0,0.5,0.2,0.0,0.0,slip_3_1,True,31,1,11,True,False,,first_valid_witness,12,12,31,6,1,1,0,12,False,0.0006473601097241044,-18.42444064401255,,,0.1935483870967742
performance,P32_SPARSE_EARLY,P32_SPARSE_EARLY_c1_t11,32,24,0.75,sparse,7.0,2181311839,per_state_grand_sweep,2181311839.0,True,1.0,0.5,0.2,0.0,0.0,slip_3_1,True,31,1,11,True,False,,best_fixed_state_codeword,6346,6346,31,31,19,14,0,6346,True,0.03292763198260218,-18.42444064401255,,,1.0
performance,P32_SPARSE_EARLY,P32_SPARSE_EARLY_c1_t11,32,24,0.75,sparse,7.0,2181311839,plain_reliability_grand,2342761613.0,False,1.0,0.5,0.2,0.0,0.0,slip_3_1,True,31,1,11,True,False,,first_valid_witness,726,726,1,1,1,1,0,726,False,0.004256915999576449,-33.076521760238094,,,1.0
performance,P32_SPARSE_EARLY,P32_SPARSE_EARLY_c1_t11,32,24,0.75,sparse,7.0,2181311839,latent_osd_order2,2181311839.0,True,1.0,0.5,0.2,0.0,0.0,slip_3_1,True,31,1,11,True,False,,best_complete_marginal_score_in_osd_list,0,0,31,16,1295,909,909,28179,False,0.2902958180056885,-18.335911575462394,,,0.5161290322580645
performance,P32_SPARSE_EARLY,P32_SPARSE_EARLY_c1_t12,32,24,0.75,sparse,7.0,1899563113,lsgrand_certified,1899563113.0,True,1.0,0.5,0.2,0.0,0.0,slip_3_1,True,31,1,12,True,True,0.9342012379567066,strict_unseen_codeword_certificate,64,64,31,31,1,1,0,64,False,0.0009436989203095436,-9.477256555037513,7.0,9.142857142857142,1.0
performance,P32_SPARSE_EARLY,P32_SPARSE_EARLY_c1_t12,32,24,0.75,sparse,7.0,1899563113,lsgrand_first_valid,1899563113.0,True,1.0,0.5,0.2,0.0,0.0,slip_3_1,True,31,1,12,True,False,,first_valid_witness,7,7,31,6,1,1,0,7,False,0.000530887977220118,-9.477256555037513,,,0.1935483870967742
performance,P32_SPARSE_EARLY,P32_SPARSE_EARLY_c1_t12,32,24,0.75,sparse,7.0,1899563113,per_state_grand_sweep,1899563113.0,True,1.0,0.5,0.2,0.0,0.0,slip_3_1,True,31,1,12,True,False,,best_fixed_state_codeword,7507,7507,31,31,10,6,0,7507,True,0.038386713014915586,-9.477256555037513,,,1.0
performance,P32_SPARSE_EARLY,P32_SPARSE_EARLY_c1_t12,32,24,0.75,sparse,7.0,1899563113,plain_reliability_grand,1883024444.0,False,1.0,0.5,0.2,0.0,0.0,slip_3_1,True,31,1,12,True,False,,first_valid_witness,2340,2340,1,1,1,1,0,2340,False,0.01328350102994591,-31.580888676085944,,,1.0
performance,P32_SPARSE_EARLY,P32_SPARSE_EARLY_c1_t12,32,24,0.75,sparse,7.0,1899563113,latent_osd_order2,1899563113.0,True,1.0,0.5,0.2,0.0,0.0,slip_3_1,True,31,1,12,True,False,,best_complete_marginal_score_in_osd_list,0,0,31,16,1295,950,950,29450,False,0.29761707794386894,-9.476081960652287,,,0.5161290322580645
performance,P32_SPARSE_EARLY,P32_SPARSE_EARLY_c1_t13,32,24,0.75,sparse,7.0,2361068338,lsgrand_certified,2361068338.0,True,1.0,0.5,0.2,0.0,0.0,slip_3_1,True,31,1,13,True,True,2.1955466661593555,strict_unseen_codeword_certificate,37,37,31,31,2,2,0,37,False,0.0009546870132908225,-5.384574911611814,6.0,6.166666666666667,1.0
performance,P32_SPARSE_EARLY,P32_SPARSE_EARLY_c1_t13,32,24,0.75,sparse,7.0,2361068338,lsgrand_first_valid,2361068338.0,True,1.0,0.5,0.2,0.0,0.0,slip_3_1,True,31,1,13,True,False,,first_valid_witness,6,6,31,6,1,1,0,6,False,0.0006110209506005049,-5.384574911611814,,,0.1935483870967742
performance,P32_SPARSE_EARLY,P32_SPARSE_EARLY_c1_t13,32,24,0.75,sparse,7.0,2361068338,per_state_grand_sweep,2361068338.0,True,1.0,0.5,0.2,0.0,0.0,slip_3_1,True,31,1,13,True,False,,best_fixed_state_codeword,6041,6041,31,31,18,15,0,6041,True,0.031123274005949497,-5.384574911611814,,,1.0
performance,P32_SPARSE_EARLY,P32_SPARSE_EARLY_c1_t13,32,24,0.75,sparse,7.0,2361068338,plain_reliability_grand,2396827035.0,False,1.0,0.5,0.2,0.0,0.0,slip_3_1,True,31,1,13,True,False,,first_valid_witness,7,7,1,1,1,1,0,7,False,7.313292007893324e-05,-8.709640057825254,,,1.0
performance,P32_SPARSE_EARLY,P32_SPARSE_EARLY_c1_t13,32,24,0.75,sparse,7.0,2361068338,latent_osd_order2,2361068338.0,True,1.0,0.5,0.2,0.0,0.0,slip_3_1,True,31,1,13,True,False,,best_complete_marginal_score_in_osd_list,0,0,31,16,1295,933,933,28923,False,0.29495991591829807,-5.3832326543427245,,,0.5161290322580645
performance,P32_SPARSE_EARLY,P32_SPARSE_EARLY_c1_t14,32,24,0.75,sparse,7.0,988983760,lsgrand_certified,2069616714.0,False,1.0,0.5,0.2,0.0,0.0,slip_3_1,True,31,1,14,True,True,1.4816584316672419,strict_unseen_codeword_certificate,64,64,31,31,1,1,0,64,False,0.0010684470180422068,-9.882717290257727,1.0,64.0,1.0
performance,P32_SPARSE_EARLY,P32_SPARSE_EARLY_c1_t14,32,24,0.75,sparse,7.0,988983760,lsgrand_first_valid,2069616714.0,False,1.0,0.5,0.2,0.0,0.0,slip_3_1,True,31,1,14,True,False,,first_valid_witness,1,1,31,1,1,1,0,1,False,0.0006084060296416283,-9.882717290257727,,,0.03225806451612903
performance,P32_SPARSE_EARLY,P32_SPARSE_EARLY_c1_t14,32,24,0.75,sparse,7.0,988983760,per_state_grand_sweep,2069616714.0,False,1.0,0.5,0.2,0.0,0.0,slip_3_1,True,31,1,14,True,False,,best_fixed_state_codeword,5361,5361,31,31,23,20,0,5361,True,0.02866657602135092,-9.882717290257727,,,1.0
performance,P32_SPARSE_EARLY,P32_SPARSE_EARLY_c1_t14,32,24,0.75,sparse,7.0,988983760,plain_reliability_grand,2069616714.0,False,1.0,0.5,0.2,0.0,0.0,slip_3_1,True,31,1,14,True,False,,first_valid_witness,1,1,1,1,1,1,0,1,False,3.607699181884527e-05,-9.189570109697781,,,1.0
performance,P32_SPARSE_EARLY,P32_SPARSE_EARLY_c1_t14,32,24,0.75,sparse,7.0,988983760,latent_osd_order2,2069616714.0,False,1.0,0.5,0.2,0.0,0.0,slip_3_1,True,31,1,14,True,False,,best_complete_marginal_score_in_osd_list,0,0,31,16,1295,1023,1023,31713,False,0.3244292790768668,-9.882717137425361,,,0.5161290322580645
performance,P32_SPARSE_EARLY,P32_SPARSE_EARLY_c1_t15,32,24,0.75,sparse,7.0,402341966,lsgrand_certified,402341966.0,True,1.0,0.5,0.2,0.0,0.0,slip_3_3,True,31,1,15,True,True,1.6843887606929098,strict_unseen_codeword_certificate,64,64,31,31,1,1,0,64,False,0.0009846249595284462,-9.362534816700746,7.0,9.142857142857142,1.0
performance,P32_SPARSE_EARLY,P32_SPARSE_EARLY_c1_t15,32,24,0.75,sparse,7.0,402341966,lsgrand_first_valid,402341966.0,True,1.0,0.5,0.2,0.0,0.0,slip_3_3,True,31,1,15,True,False,,first_valid_witness,7,7,31,7,1,1,0,7,False,0.0005805719411000609,-9.362534816700746,,,0.22580645161290322
performance,P32_SPARSE_EARLY,P32_SPARSE_EARLY_c1_t15,32,24,0.75,sparse,7.0,402341966,per_state_grand_sweep,402341966.0,True,1.0,0.5,0.2,0.0,0.0,slip_3_3,True,31,1,15,True,False,,best_fixed_state_codeword,6310,6310,31,31,17,16,0,6310,True,0.03241829003673047,-9.362534816700746,,,1.0
performance,P32_SPARSE_EARLY,P32_SPARSE_EARLY_c1_t15,32,24,0.75,sparse,7.0,402341966,plain_reliability_grand,379721176.0,False,1.0,0.5,0.2,0.0,0.0,slip_3_3,True,31,1,15,True,False,,first_valid_witness,116,116,1,1,1,1,0,116,False,0.000644395942799747,-21.033969758150775,,,1.0
performance,P32_SPARSE_EARLY,P32_SPARSE_EARLY_c1_t15,32,24,0.75,sparse,7.0,402341966,latent_osd_order2,402341966.0,True,1.0,0.5,0.2,0.0,0.0,slip_3_3,True,31,1,15,True,False,,best_complete_marginal_score_in_osd_list,0,0,31,16,1295,1008,1008,31248,False,0.3105439959326759,-9.362399219531287,,,0.5161290322580645
performance,P32_SPARSE_EARLY,P32_SPARSE_EARLY_c1_t16,32,24,0.75,sparse,7.0,1633836140,lsgrand_certified,1633836140.0,True,1.0,0.5,0.2,0.0,0.0,slip_3_3,True,31,1,16,True,True,0.10169715443427663,strict_unseen_codeword_certificate,128,128,31,31,2,1,0,128,False,0.0015202719951048493,-14.206957256437967,8.0,16.0,1.0
performance,P32_SPARSE_EARLY,P32_SPARSE_EARLY_c1_t16,32,24,0.75,sparse,7.0,1633836140,lsgrand_first_valid,1633836140.0,True,1.0,0.5,0.2,0.0,0.0,slip_3_3,True,31,1,16,True,False,,first_valid_witness,8,8,31,5,1,1,0,8,False,0.0005818669451400638,-14.31911280925277,,,0.16129032258064516
performance,P32_SPARSE_EARLY,P32_SPARSE_EARLY_c1_t16,32,24,0.75,sparse,7.0,1633836140,per_state_grand_sweep,1633836140.0,True,1.0,0.5,0.2,0.0,0.0,slip_3_3,True,31,1,16,True,False,,best_fixed_state_codeword,5197,5197,31,31,23,18,0,5197,True,0.026420217007398605,-14.31911280925277,,,1.0
performance,P32_SPARSE_EARLY,P32_SPARSE_EARLY_c1_t16,32,24,0.75,sparse,7.0,1633836140,plain_reliability_grand,1942288713.0,False,1.0,0.5,0.2,0.0,0.0,slip_3_3,True,31,1,16,True,False,,first_valid_witness,467,467,1,1,1,1,0,467,False,0.0023871440207585692,-26.79488821404783,,,1.0
performance,P32_SPARSE_EARLY,P32_SPARSE_EARLY_c1_t16,32,24,0.75,sparse,7.0,1633836140,latent_osd_order2,1633836140.0,True,1.0,0.5,0.2,0.0,0.0,slip_3_3,True,31,1,16,True,False,,best_complete_marginal_score_in_osd_list,0,0,31,16,1295,933,933,28923,False,0.2888760870555416,-14.199974511452575,,,0.5161290322580645
performance,P32_SPARSE_EARLY,P32_SPARSE_EARLY_c1_t17,32,24,0.75,sparse,7.0,307568952,lsgrand_certified,307568952.0,True,1.0,0.5,0.2,0.0,0.0,slip_3_3,True,31,1,17,True,True,0.7462323300291862,strict_unseen_codeword_certificate,117,117,31,31,3,2,0,117,False,0.0014769379049539566,-7.808531636218215,9.0,13.0,1.0
performance,P32_SPARSE_EARLY,P32_SPARSE_EARLY_c1_t17,32,24,0.75,sparse,7.0,307568952,lsgrand_first_valid,307568952.0,True,1.0,0.5,0.2,0.0,0.0,slip_3_3,True,31,1,17,True,False,,first_valid_witness,9,9,31,7,1,1,0,9,False,0.0005866930587217212,-7.925511192067766,,,0.22580645161290322
performance,P32_SPARSE_EARLY,P32_SPARSE_EARLY_c1_t17,32,24,0.75,sparse,7.0,307568952,per_state_grand_sweep,307568952.0,True,1.0,0.5,0.2,0.0,0.0,slip_3_3,True,31,1,17,True,False,,best_fixed_state_codeword,5698,5698,31,31,18,15,0,5698,True,0.029822234995663166,-7.925511192067766,,,1.0
performance,P32_SPARSE_EARLY,P32_SPARSE_EARLY_c1_t17,32,24,0.75,sparse,7.0,307568952,plain_reliability_grand,312428385.0,False,1.0,0.5,0.2,0.0,0.0,slip_3_3,True,31,1,17,True,False,,first_valid_witness,46,46,1,1,1,1,0,46,False,0.00030037807300686836,-13.641164478167159,,,1.0
performance,P32_SPARSE_EARLY,P32_SPARSE_EARLY_c1_t17,32,24,0.75,sparse,7.0,307568952,latent_osd_order2,307568952.0,True,1.0,0.5,0.2,0.0,0.0,slip_3_3,True,31,1,17,True,False,,best_complete_marginal_score_in_osd_list,0,0,31,16,1295,886,886,27466,False,0.28487533901352435,-7.808391946104121,,,0.5161290322580645
performance,P32_SPARSE_EARLY,P32_SPARSE_EARLY_c1_t18,32,24,0.75,sparse,7.0,1947679290,lsgrand_certified,1947679290.0,True,1.0,0.5,0.2,0.0,0.0,slip_3_1,True,31,1,18,True,True,0.3449323500592847,strict_unseen_codeword_certificate,192,192,31,31,2,2,0,192,False,0.0018265660619363189,-9.178363323233457,39.0,4.923076923076923,1.0
performance,P32_SPARSE_EARLY,P32_SPARSE_EARLY_c1_t18,32,24,0.75,sparse,7.0,1947679290,lsgrand_first_valid,1947679290.0,True,1.0,0.5,0.2,0.0,0.0,slip_3_1,True,31,1,18,True,False,,first_valid_witness,39,39,31,31,1,1,0,39,False,0.0006686450215056539,-9.178363323233457,,,1.0
performance,P32_SPARSE_EARLY,P32_SPARSE_EARLY_c1_t18,32,24,0.75,sparse,7.0,1947679290,per_state_grand_sweep,1947679290.0,True,1.0,0.5,0.2,0.0,0.0,slip_3_1,True,31,1,18,True,False,,best_fixed_state_codeword,6859,6859,31,31,14,12,0,6859,True,0.03413469495717436,-9.178363323233457,,,1.0
performance,P32_SPARSE_EARLY,P32_SPARSE_EARLY_c1_t18,32,24,0.75,sparse,7.0,1947679290,plain_reliability_grand,1988202399.0,False,1.0,0.5,0.2,0.0,0.0,slip_3_1,True,31,1,18,True,False,,first_valid_witness,45,45,1,1,1,1,0,45,False,0.0002583509776741266,-13.62256696484215,,,1.0
performance,P32_SPARSE_EARLY,P32_SPARSE_EARLY_c1_t18,32,24,0.75,sparse,7.0,1947679290,latent_osd_order2,1947679290.0,True,1.0,0.5,0.2,0.0,0.0,slip_3_1,True,31,1,18,True,False,,best_complete_marginal_score_in_osd_list,0,0,31,16,1295,974,974,30194,False,0.30359015602152795,-9.177035459133526,,,0.5161290322580645
performance,P32_SPARSE_EARLY,P32_SPARSE_EARLY_c1_t19,32,24,0.75,sparse,7.0,2941349437,lsgrand_certified,2941349437.0,True,1.0,0.5,0.2,0.0,0.0,slip_3_3,True,31,1,19,True,True,0.08844689703129127,strict_unseen_codeword_certificate,85,85,31,31,2,2,0,85,False,0.0013057830510661006,-14.171763964088479,9.0,9.444444444444445,1.0
performance,P32_SPARSE_EARLY,P32_SPARSE_EARLY_c1_t19,32,24,0.75,sparse,7.0,2941349437,lsgrand_first_valid,2941349437.0,True,1.0,0.5,0.2,0.0,0.0,slip_3_3,True,31,1,19,True,False,,first_valid_witness,9,9,31,7,1,1,0,9,False,0.0006163180805742741,-14.171763964088479,,,0.22580645161290322
performance,P32_SPARSE_EARLY,P32_SPARSE_EARLY_c1_t19,32,24,0.75,sparse,7.0,2941349437,per_state_grand_sweep,2941349437.0,True,1.0,0.5,0.2,0.0,0.0,slip_3_3,True,31,1,19,True,False,,best_fixed_state_codeword,6047,6047,31,31,18,15,0,6047,True,0.031498403986915946,-14.171763964088479,,,1.0
performance,P32_SPARSE_EARLY,P32_SPARSE_EARLY_c1_t19,32,24,0.75,sparse,7.0,2941349437,plain_reliability_grand,2866268267.0,False,1.0,0.5,0.2,0.0,0.0,slip_3_3,True,31,1,19,True,False,,first_valid_witness,205,205,1,1,1,1,0,205,False,0.0011201980523765087,-26.420593166966178,,,1.0
performance,P32_SPARSE_EARLY,P32_SPARSE_EARLY_c1_t19,32,24,0.75,sparse,7.0,2941349437,latent_osd_order2,2941349437.0,True,1.0,0.5,0.2,0.0,0.0,slip_3_3,True,31,1,19,True,False,,best_complete_marginal_score_in_osd_list,0,0,31,16,1295,947,947,29357,False,0.29692579293623567,-14.171223990387581,,,0.5161290322580645
performance,P64_DENSE_EARLY,P64_DENSE_EARLY_c0_t0,64,56,0.875,dense,7.0,9644649461690635733,lsgrand_certified,9.646416558915699e+18,False,1.0,0.5,0.2,0.0,0.0,slip_6_1,True,63,0,0,True,True,0.0010881896658609946,strict_unseen_codeword_certificate,5632,5632,63,63,23,17,0,5632,False,0.0666463349480182,-22.755288462833104,77.0,73.14285714285714,1.0
performance,P64_DENSE_EARLY,P64_DENSE_EARLY_c0_t0,64,56,0.875,dense,7.0,9644649461690635733,lsgrand_first_valid,9.644649461690636e+18,True,1.0,0.5,0.2,0.0,0.0,slip_6_1,True,63,0,0,True,False,,first_valid_witness,29,29,63,12,1,1,0,29,False,0.001421147957444191,-22.803775186598703,,,0.19047619047619047
performance,P64_DENSE_EARLY,P64_DENSE_EARLY_c0_t0,64,56,0.875,dense,7.0,9644649461690635733,per_state_grand_sweep,9.644649461690636e+18,True,1.0,0.5,0.2,0.0,0.0,slip_6_1,True,63,0,0,True,False,,best_fixed_state_codeword,12094,12094,63,63,63,57,0,12094,False,0.06425466598011553,-22.803775186598703,,,1.0
performance,P64_DENSE_EARLY,P64_DENSE_EARLY_c0_t0,64,56,0.875,dense,7.0,9644649461690635733,plain_reliability_grand,1.4258102577007542e+19,False,1.0,0.5,0.2,0.0,0.0,slip_6_1,True,63,0,0,True,False,,first_valid_witness,166,166,1,1,1,1,0,166,False,0.0009440479334443808,-26.802025153374238,,,1.0
performance,P64_DENSE_EARLY,P64_DENSE_EARLY_c0_t0,64,56,0.875,dense,7.0,9644649461690635733,latent_osd_order2,9.646416558915699e+18,False,1.0,0.5,0.2,0.0,0.0,slip_6_1,True,63,0,0,True,False,,best_complete_marginal_score_in_osd_list,0,0,63,24,2607,2282,2282,143766,False,1.9210512039717287,-22.75524790381781,,,0.38095238095238093
performance,P64_DENSE_EARLY,P64_DENSE_EARLY_c0_t1,64,56,0.875,dense,7.0,103672425360401695,lsgrand_certified,1.036724253604017e+17,True,1.0,0.5,0.2,0.0,0.0,slip_6_3,True,63,0,1,True,True,0.2954533979879024,strict_unseen_codeword_certificate,417,417,63,63,3,3,0,417,False,0.003881407086737454,-16.16237961082102,18.0,23.166666666666668,1.0
performance,P64_DENSE_EARLY,P64_DENSE_EARLY_c0_t1,64,56,0.875,dense,7.0,103672425360401695,lsgrand_first_valid,1.036724253604017e+17,True,1.0,0.5,0.2,0.0,0.0,slip_6_3,True,63,0,1,True,False,,first_valid_witness,18,18,63,13,1,1,0,18,False,0.0011843600077554584,-16.16237961082102,,,0.20634920634920634
performance,P64_DENSE_EARLY,P64_DENSE_EARLY_c0_t1,64,56,0.875,dense,7.0,103672425360401695,per_state_grand_sweep,1.036724253604017e+17,True,1.0,0.5,0.2,0.0,0.0,slip_6_3,True,63,0,1,True,False,,best_fixed_state_codeword,17022,17022,63,63,60,53,0,17022,True,0.0823334640590474,-16.16237961082102,,,1.0
performance,P64_DENSE_EARLY,P64_DENSE_EARLY_c0_t1,64,56,0.875,dense,7.0,103672425360401695,plain_reliability_grand,1.0526187930263947e+17,False,1.0,0.5,0.2,0.0,0.0,slip_6_3,True,63,0,1,True,False,,first_valid_witness,45,45,1,1,1,1,0,45,False,0.0002982149599120021,-19.182135030055484,,,1.0
performance,P64_DENSE_EARLY,P64_DENSE_EARLY_c0_t1,64,56,0.875,dense,7.0,103672425360401695,latent_osd_order2,1.036724253604017e+17,True,1.0,0.5,0.2,0.0,0.0,slip_6_3,True,63,0,1,True,False,,best_complete_marginal_score_in_osd_list,0,0,63,24,2607,2282,2282,143766,False,1.7670219019055367,-16.16236659937898,,,0.38095238095238093
performance,P64_DENSE_EARLY,P64_DENSE_EARLY_c0_t2,64,56,0.875,dense,7.0,14716857886384963498,lsgrand_certified,1.4716857886384964e+19,True,1.0,0.5,0.2,0.0,0.0,slip_6_3,True,63,0,2,True,True,0.18978084962923347,strict_unseen_codeword_certificate,1024,1024,63,63,4,3,0,1024,False,0.008176625007763505,-15.932888586548902,27.0,37.925925925925924,1.0
performance,P64_DENSE_EARLY,P64_DENSE_EARLY_c0_t2,64,56,0.875,dense,7.0,14716857886384963498,lsgrand_first_valid,1.4716857886384964e+19,True,1.0,0.5,0.2,0.0,0.0,slip_6_3,True,63,0,2,True,False,,first_valid_witness,27,27,63,13,1,1,0,27,False,0.0012182070640847087,-16.23724914488264,,,0.20634920634920634
performance,P64_DENSE_EARLY,P64_DENSE_EARLY_c0_t2,64,56,0.875,dense,7.0,14716857886384963498,per_state_grand_sweep,1.4716857886384964e+19,True,1.0,0.5,0.2,0.0,0.0,slip_6_3,True,63,0,2,True,False,,best_fixed_state_codeword,22261,22261,63,63,53,49,0,22261,True,0.1073187330039218,-16.23724914488264,,,1.0
performance,P64_DENSE_EARLY,P64_DENSE_EARLY_c0_t2,64,56,0.875,dense,7.0,14716857886384963498,plain_reliability_grand,1.470244283439377e+19,False,1.0,0.5,0.2,0.0,0.0,slip_6_3,True,63,0,2,True,False,,first_valid_witness,180,180,1,1,1,1,0,180,False,0.0009706380078569055,-20.540557895331375,,,1.0
performance,P64_DENSE_EARLY,P64_DENSE_EARLY_c0_t2,64,56,0.875,dense,7.0,14716857886384963498,latent_osd_order2,1.4716857886384964e+19,True,1.0,0.5,0.2,0.0,0.0,slip_6_3,True,63,0,2,True,False,,best_complete_marginal_score_in_osd_list,0,0,63,24,2607,2186,2186,137718,False,1.9352718060836196,-15.932827424011036,,,0.38095238095238093
performance,P64_DENSE_EARLY,P64_DENSE_EARLY_c0_t3,64,56,0.875,dense,7.0,301882884265958449,lsgrand_certified,3.048148390201273e+17,False,1.0,0.5,0.2,0.0,0.0,slip_6_1,True,63,0,3,True,False,-0.008226954715887302,query_cap_before_certificate,50000,50000,63,63,207,184,0,50000,True,2.898593749036081,-33.3863014153757,422.0,118.48341232227489,1.0
performance,P64_DENSE_EARLY,P64_DENSE_EARLY_c0_t3,64,56,0.875,dense,7.0,301882884265958449,lsgrand_first_valid,2.116835733119786e+18,False,1.0,0.5,0.2,0.0,0.0,slip_6_1,True,63,0,3,True,False,,first_valid_witness,370,370,63,63,1,1,0,370,False,0.003465907066129148,-33.38883433523187,,,1.0
performance,P64_DENSE_EARLY,P64_DENSE_EARLY_c0_t3,64,56,0.875,dense,7.0,301882884265958449,per_state_grand_sweep,2.116835733119786e+18,False,1.0,0.5,0.2,0.0,0.0,slip_6_1,True,63,0,3,True,False,,best_fixed_state_codeword,14350,14350,63,63,56,49,0,14350,True,0.07585518399719149,-33.38883433523187,,,1.0
performance,P64_DENSE_EARLY,P64_DENSE_EARLY_c0_t3,64,56,0.875,dense,7.0,301882884265958449,plain_reliability_grand,3.048134646305932e+17,False,1.0,0.5,0.2,0.0,0.0,slip_6_1,True,63,0,3,True,False,,first_valid_witness,83,83,1,1,1,1,0,83,False,0.0005227450747042894,-33.072654060341776,,,1.0
performance,P64_DENSE_EARLY,P64_DENSE_EARLY_c0_t3,64,56,0.875,dense,7.0,301882884265958449,latent_osd_order2,3.048148390201273e+17,False,1.0,0.5,0.2,0.0,0.0,slip_6_1,True,63,0,3,True,False,,best_complete_marginal_score_in_osd_list,0,0,63,24,2607,2392,2392,150696,False,1.9887867829529569,-33.38628721037327,,,0.38095238095238093
performance,P64_DENSE_EARLY,P64_DENSE_EARLY_c0_t4,64,56,0.875,dense,7.0,6219658606818820204,lsgrand_certified,6.221444351007064e+18,False,1.0,0.5,0.2,0.0,0.0,slip_6_3,True,63,0,4,True,True,0.0009870318527163136,strict_unseen_codeword_certificate,11840,11840,63,63,44,40,0,11840,False,0.20348230807576329,-24.10303488874447,337.0,35.13353115727003,1.0
performance,P64_DENSE_EARLY,P64_DENSE_EARLY_c0_t4,64,56,0.875,dense,7.0,6219658606818820204,lsgrand_first_valid,6.221444351007064e+18,False,1.0,0.5,0.2,0.0,0.0,slip_6_3,True,63,0,4,True,False,,first_valid_witness,337,337,63,63,1,1,0,337,False,0.0031743430299684405,-24.10303488874447,,,1.0
performance,P64_DENSE_EARLY,P64_DENSE_EARLY_c0_t4,64,56,0.875,dense,7.0,6219658606818820204,per_state_grand_sweep,6.221444351007064e+18,False,1.0,0.5,0.2,0.0,0.0,slip_6_3,True,63,0,4,True,False,,best_fixed_state_codeword,14765,14765,63,63,62,58,0,14765,True,0.0762000159593299,-24.10303488874447,,,1.0
performance,P64_DENSE_EARLY,P64_DENSE_EARLY_c0_t4,64,56,0.875,dense,7.0,6219658606818820204,plain_reliability_grand,8.527293323487237e+18,False,1.0,0.5,0.2,0.0,0.0,slip_6_3,True,63,0,4,True,False,,first_valid_witness,407,407,1,1,1,1,0,407,False,0.002261920948512852,-27.13574064443897,,,1.0
performance,P64_DENSE_EARLY,P64_DENSE_EARLY_c0_t4,64,56,0.875,dense,7.0,6219658606818820204,latent_osd_order2,6.221444351007064e+18,False,1.0,0.5,0.2,0.0,0.0,slip_6_3,True,63,0,4,True,False,,best_complete_marginal_score_in_osd_list,0,0,63,24,2607,2268,2268,142884,False,1.9569154269993305,-24.10298510346003,,,0.38095238095238093
performance,P64_DENSE_EARLY,P64_DENSE_EARLY_c0_t5,64,56,0.875,dense,7.0,7616124093068009843,lsgrand_certified,7.617978321082661e+18,False,1.0,0.5,0.2,0.0,0.0,slip_6_1,True,63,0,5,True,True,0.1261403573191444,strict_unseen_codeword_certificate,768,768,63,63,5,5,0,768,False,0.008031140896491706,-29.248164305198532,11.0,69.81818181818181,1.0
performance,P64_DENSE_EARLY,P64_DENSE_EARLY_c0_t5,64,56,0.875,dense,7.0,7616124093068009843,lsgrand_first_valid,7.617978321082661e+18,False,1.0,0.5,0.2,0.0,0.0,slip_6_1,True,63,0,5,True,False,,first_valid_witness,11,11,63,1,1,1,0,11,False,0.0012488879729062319,-29.248164305198532,,,0.015873015873015872
performance,P64_DENSE_EARLY,P64_DENSE_EARLY_c0_t5,64,56,0.875,dense,7.0,7616124093068009843,per_state_grand_sweep,7.617978321082661e+18,False,1.0,0.5,0.2,0.0,0.0,slip_6_1,True,63,0,5,True,False,,best_fixed_state_codeword,15255,15255,63,63,59,54,0,15255,True,0.08095338207203895,-29.248164305198532,,,1.0
performance,P64_DENSE_EARLY,P64_DENSE_EARLY_c0_t5,64,56,0.875,dense,7.0,7616124093068009843,plain_reliability_grand,7.617978321082661e+18,False,1.0,0.5,0.2,0.0,0.0,slip_6_1,True,63,0,5,True,False,,first_valid_witness,11,11,1,1,1,1,0,11,False,0.00010844005737453699,-28.55501712463859,,,1.0
performance,P64_DENSE_EARLY,P64_DENSE_EARLY_c0_t5,64,56,0.875,dense,7.0,7616124093068009843,latent_osd_order2,7.617978321082661e+18,False,1.0,0.5,0.2,0.0,0.0,slip_6_1,True,63,0,5,True,False,,best_complete_marginal_score_in_osd_list,0,0,63,24,2607,2391,2391,150633,False,1.9652052220189944,-29.2481641629703,,,0.38095238095238093
performance,P64_DENSE_EARLY,P64_DENSE_EARLY_c0_t6,64,56,0.875,dense,7.0,16212436475287542006,lsgrand_certified,1.3904951209870438e+19,False,1.0,0.5,0.2,0.0,0.0,slip_6_3,True,63,0,6,True,True,0.04007749964390328,strict_unseen_codeword_certificate,1088,1088,63,63,5,5,0,1088,False,0.010137195000424981,-22.70754928616365,15.0,72.53333333333333,1.0
performance,P64_DENSE_EARLY,P64_DENSE_EARLY_c0_t6,64,56,0.875,dense,7.0,16212436475287542006,lsgrand_first_valid,1.3904951209870438e+19,False,1.0,0.5,0.2,0.0,0.0,slip_6_3,True,63,0,6,True,False,,first_valid_witness,15,15,63,1,1,1,0,15,False,0.0012306800344958901,-22.70754928616365,,,0.015873015873015872
performance,P64_DENSE_EARLY,P64_DENSE_EARLY_c0_t6,64,56,0.875,dense,7.0,16212436475287542006,per_state_grand_sweep,1.3904951209870438e+19,False,1.0,0.5,0.2,0.0,0.0,slip_6_3,True,63,0,6,True,False,,best_fixed_state_codeword,13738,13738,63,63,63,60,0,13738,False,0.07068905199412256,-22.70754928616365,,,1.0
performance,P64_DENSE_EARLY,P64_DENSE_EARLY_c0_t6,64,56,0.875,dense,7.0,16212436475287542006,plain_reliability_grand,1.3904951209870438e+19,False,1.0,0.5,0.2,0.0,0.0,slip_6_3,True,63,0,6,True,False,,first_valid_witness,15,15,1,1,1,1,0,15,False,0.00010910502169281244,-22.014402105603708,,,1.0
performance,P64_DENSE_EARLY,P64_DENSE_EARLY_c0_t6,64,56,0.875,dense,7.0,16212436475287542006,latent_osd_order2,1.3904951209870438e+19,False,1.0,0.5,0.2,0.0,0.0,slip_6_3,True,63,0,6,True,False,,best_complete_marginal_score_in_osd_list,0,0,63,24,2607,2362,2362,148806,False,1.9691468720557168,-22.707532360811417,,,0.38095238095238093
performance,P64_DENSE_EARLY,P64_DENSE_EARLY_c0_t7,64,56,0.875,dense,7.0,17035331313334956115,lsgrand_certified,1.6727256968505012e+19,False,1.0,0.5,0.2,0.0,0.0,slip_6_3,True,63,0,7,True,True,0.006914821096000168,strict_unseen_codeword_certificate,2112,2112,63,63,9,9,0,2112,False,0.01980475103482604,-22.434397225918456,171.0,12.350877192982455,1.0
performance,P64_DENSE_EARLY,P64_DENSE_EARLY_c0_t7,64,56,0.875,dense,7.0,17035331313334956115,lsgrand_first_valid,1.6727256968505012e+19,False,1.0,0.5,0.2,0.0,0.0,slip_6_3,True,63,0,7,True,False,,first_valid_witness,171,171,63,63,1,1,0,171,False,0.0020913720363751054,-22.434397225918456,,,1.0
performance,P64_DENSE_EARLY,P64_DENSE_EARLY_c0_t7,64,56,0.875,dense,7.0,17035331313334956115,per_state_grand_sweep,1.6727256968505012e+19,False,1.0,0.5,0.2,0.0,0.0,slip_6_3,True,63,0,7,True,False,,best_fixed_state_codeword,16912,16912,63,63,57,54,0,16912,True,0.08637348096817732,-22.434397225918456,,,1.0
performance,P64_DENSE_EARLY,P64_DENSE_EARLY_c0_t7,64,56,0.875,dense,7.0,17035331313334956115,plain_reliability_grand,1.6727229092143e+19,False,1.0,0.5,0.2,0.0,0.0,slip_6_3,True,63,0,7,True,False,,first_valid_witness,309,309,1,1,1,1,0,309,False,0.0017943369457498193,-26.976272639902824,,,1.0
performance,P64_DENSE_EARLY,P64_DENSE_EARLY_c0_t7,64,56,0.875,dense,7.0,17035331313334956115,latent_osd_order2,1.6727256968505012e+19,False,1.0,0.5,0.2,0.0,0.0,slip_6_3,True,63,0,7,True,False,,best_complete_marginal_score_in_osd_list,0,0,63,24,2607,2297,2297,144711,False,1.9277457490097731,-22.43433565599629,,,0.38095238095238093
performance,P64_DENSE_EARLY,P64_DENSE_EARLY_c0_t8,64,56,0.875,dense,7.0,14314440911735100065,lsgrand_certified,1.431649599920331e+19,False,1.0,0.5,0.2,0.0,0.0,slip_6_3,True,63,0,8,True,True,0.029875565999976317,strict_unseen_codeword_certificate,1536,1536,63,63,7,7,0,1536,False,0.014882176998071373,-14.76331239277396,142.0,10.816901408450704,1.0
performance,P64_DENSE_EARLY,P64_DENSE_EARLY_c0_t8,64,56,0.875,dense,7.0,14314440911735100065,lsgrand_first_valid,1.431649599920331e+19,False,1.0,0.5,0.2,0.0,0.0,slip_6_3,True,63,0,8,True,False,,first_valid_witness,142,142,63,63,1,1,0,142,False,0.0019242690177634358,-14.76331239277396,,,1.0
performance,P64_DENSE_EARLY,P64_DENSE_EARLY_c0_t8,64,56,0.875,dense,7.0,14314440911735100065,per_state_grand_sweep,1.431649599920331e+19,False,1.0,0.5,0.2,0.0,0.0,slip_6_3,True,63,0,8,True,False,,best_fixed_state_codeword,16749,16749,63,63,60,58,0,16749,True,0.0839276120532304,-14.76331239277396,,,1.0
performance,P64_DENSE_EARLY,P64_DENSE_EARLY_c0_t8,64,56,0.875,dense,7.0,14314440911735100065,plain_reliability_grand,1.431649599920331e+19,False,1.0,0.5,0.2,0.0,0.0,slip_6_3,True,63,0,8,True,False,,first_valid_witness,18,18,1,1,1,1,0,18,False,0.0001244220184162259,-14.070165212214015,,,1.0
performance,P64_DENSE_EARLY,P64_DENSE_EARLY_c0_t8,64,56,0.875,dense,7.0,14314440911735100065,latent_osd_order2,1.431649599920331e+19,False,1.0,0.5,0.2,0.0,0.0,slip_6_3,True,63,0,8,True,False,,best_complete_marginal_score_in_osd_list,0,0,63,24,2607,2331,2331,146853,False,1.8219313150038943,-14.763258043809559,,,0.38095238095238093
performance,P64_DENSE_EARLY,P64_DENSE_EARLY_c0_t9,64,56,0.875,dense,7.0,5653356656072454057,lsgrand_certified,5.653356656072454e+18,True,1.0,0.5,0.2,0.0,0.0,slip_6_1,True,63,0,9,True,True,0.13346376675604787,strict_unseen_codeword_certificate,192,192,63,63,1,1,0,192,False,0.0023108850000426173,-15.371603294613461,14.0,13.714285714285714,1.0
performance,P64_DENSE_EARLY,P64_DENSE_EARLY_c0_t9,64,56,0.875,dense,7.0,5653356656072454057,lsgrand_first_valid,5.653356656072454e+18,True,1.0,0.5,0.2,0.0,0.0,slip_6_1,True,63,0,9,True,False,,first_valid_witness,14,14,63,12,1,1,0,14,False,0.0010942709632217884,-15.371603294613461,,,0.19047619047619047
performance,P64_DENSE_EARLY,P64_DENSE_EARLY_c0_t9,64,56,0.875,dense,7.0,5653356656072454057,per_state_grand_sweep,5.653356656072454e+18,True,1.0,0.5,0.2,0.0,0.0,slip_6_1,True,63,0,9,True,False,,best_fixed_state_codeword,18680,18680,63,63,57,53,0,18680,True,0.08989058597944677,-15.371603294613461,,,1.0
performance,P64_DENSE_EARLY,P64_DENSE_EARLY_c0_t9,64,56,0.875,dense,7.0,5653356656072454057,plain_reliability_grand,5.688726328663373e+18,False,1.0,0.5,0.2,0.0,0.0,slip_6_1,True,63,0,9,True,False,,first_valid_witness,320,320,1,1,1,1,0,320,False,0.0017077529337257147,-25.085965643880016,,,1.0
performance,P64_DENSE_EARLY,P64_DENSE_EARLY_c0_t9,64,56,0.875,dense,7.0,5653356656072454057,latent_osd_order2,5.653356656072454e+18,True,1.0,0.5,0.2,0.0,0.0,slip_6_1,True,63,0,9,True,False,,best_complete_marginal_score_in_osd_list,0,0,63,24,2607,2381,2381,150003,False,1.7938814889639616,-15.37158731019216,,,0.38095238095238093
performance,P64_DENSE_EARLY,P64_DENSE_EARLY_c0_t10,64,56,0.875,dense,7.0,12204723661734806344,lsgrand_certified,1.2201792813001845e+19,False,1.0,0.5,0.2,0.0,0.0,slip_6_1,True,63,0,10,True,True,0.00014916468989412124,strict_unseen_codeword_certificate,10816,10816,63,63,36,35,0,10816,False,0.1561468030558899,-22.981087666981377,154.0,70.23376623376623,1.0
performance,P64_DENSE_EARLY,P64_DENSE_EARLY_c0_t10,64,56,0.875,dense,7.0,12204723661734806344,lsgrand_first_valid,1.2201792813001845e+19,False,1.0,0.5,0.2,0.0,0.0,slip_6_1,True,63,0,10,True,False,,first_valid_witness,154,154,63,63,1,1,0,154,False,0.0018300289520993829,-22.981087666981377,,,1.0
performance,P64_DENSE_EARLY,P64_DENSE_EARLY_c0_t10,64,56,0.875,dense,7.0,12204723661734806344,per_state_grand_sweep,1.2201792813001845e+19,False,1.0,0.5,0.2,0.0,0.0,slip_6_1,True,63,0,10,True,False,,best_fixed_state_codeword,14267,14267,63,63,62,57,0,14267,True,0.06699322501663119,-22.981087666981377,,,1.0
performance,P64_DENSE_EARLY,P64_DENSE_EARLY_c0_t10,64,56,0.875,dense,7.0,12204723661734806344,plain_reliability_grand,1.2237804009245354e+19,False,1.0,0.5,0.2,0.0,0.0,slip_6_1,True,63,0,10,True,False,,first_valid_witness,117,117,1,1,1,1,0,117,False,0.0006010329816490412,-24.302616438735075,,,1.0
performance,P64_DENSE_EARLY,P64_DENSE_EARLY_c0_t10,64,56,0.875,dense,7.0,12204723661734806344,latent_osd_order2,1.2201792813001845e+19,False,1.0,0.5,0.2,0.0,0.0,slip_6_1,True,63,0,10,True,False,,best_complete_marginal_score_in_osd_list,0,0,63,24,2607,2383,2383,150129,False,1.8477064369944856,-22.98098258413207,,,0.38095238095238093
performance,P64_DENSE_EARLY,P64_DENSE_EARLY_c0_t11,64,56,0.875,dense,7.0,14018728589852912506,lsgrand_certified,1.4026758756135741e+19,False,1.0,0.5,0.2,0.0,0.0,slip_6_3,True,63,0,11,True,True,0.009743702641412,strict_unseen_codeword_certificate,1920,1920,63,63,5,5,0,1920,False,0.015142230899073184,-25.994273391490438,258.0,7.441860465116279,1.0
performance,P64_DENSE_EARLY,P64_DENSE_EARLY_c0_t11,64,56,0.875,dense,7.0,14018728589852912506,lsgrand_first_valid,1.4026758756135741e+19,False,1.0,0.5,0.2,0.0,0.0,slip_6_3,True,63,0,11,True,False,,first_valid_witness,258,258,63,63,1,1,0,258,False,0.0025031609693542123,-25.994273391490438,,,1.0
performance,P64_DENSE_EARLY,P64_DENSE_EARLY_c0_t11,64,56,0.875,dense,7.0,14018728589852912506,per_state_grand_sweep,1.4026758756135741e+19,False,1.0,0.5,0.2,0.0,0.0,slip_6_3,True,63,0,11,True,False,,best_fixed_state_codeword,14476,14476,63,63,61,59,0,14476,True,0.0720002930611372,-25.994273391490438,,,1.0
performance,P64_DENSE_EARLY,P64_DENSE_EARLY_c0_t11,64,56,0.875,dense,7.0,14018728589852912506,plain_reliability_grand,1.6323612158280729e+19,False,1.0,0.5,0.2,0.0,0.0,slip_6_3,True,63,0,11,True,False,,first_valid_witness,286,286,1,1,1,1,0,286,False,0.0015584040665999055,-30.52403875460716,,,1.0
performance,P64_DENSE_EARLY,P64_DENSE_EARLY_c0_t11,64,56,0.875,dense,7.0,14018728589852912506,latent_osd_order2,1.4026758756135741e+19,False,1.0,0.5,0.2,0.0,0.0,slip_6_3,True,63,0,11,True,False,,best_complete_marginal_score_in_osd_list,0,0,63,24,2607,2246,2246,141498,False,1.8325173859484494,-25.994268078597198,,,0.38095238095238093
performance,P64_DENSE_EARLY,P64_DENSE_EARLY_c0_t12,64,56,0.875,dense,7.0,803542068212355713,lsgrand_certified,8.025996896837334e+17,False,1.0,0.5,0.2,0.0,0.0,slip_6_1,True,63,0,12,True,True,0.03396139541139931,strict_unseen_codeword_certificate,3520,3520,63,63,11,11,0,3520,False,0.028615089948289096,-23.721433541246135,353.0,9.971671388101983,1.0
performance,P64_DENSE_EARLY,P64_DENSE_EARLY_c0_t12,64,56,0.875,dense,7.0,803542068212355713,lsgrand_first_valid,8.025996896837334e+17,False,1.0,0.5,0.2,0.0,0.0,slip_6_1,True,63,0,12,True,False,,first_valid_witness,353,353,63,63,1,1,0,353,False,0.002931975992396474,-23.721433541246135,,,1.0
performance,P64_DENSE_EARLY,P64_DENSE_EARLY_c0_t12,64,56,0.875,dense,7.0,803542068212355713,per_state_grand_sweep,8.025996896837334e+17,False,1.0,0.5,0.2,0.0,0.0,slip_6_1,True,63,0,12,True,False,,best_fixed_state_codeword,13359,13359,63,63,62,60,0,13359,True,0.06417876097839326,-23.721433541246135,,,1.0
performance,P64_DENSE_EARLY,P64_DENSE_EARLY_c0_t12,64,56,0.875,dense,7.0,803542068212355713,plain_reliability_grand,5.414004301853886e+18,False,1.0,0.5,0.2,0.0,0.0,slip_6_1,True,63,0,12,True,False,,first_valid_witness,691,691,1,1,1,1,0,691,False,0.00364482996519655,-28.96713044977093,,,1.0
performance,P64_DENSE_EARLY,P64_DENSE_EARLY_c0_t12,64,56,0.875,dense,7.0,803542068212355713,latent_osd_order2,8.025996896837334e+17,False,1.0,0.5,0.2,0.0,0.0,slip_6_1,True,63,0,12,True,False,,best_complete_marginal_score_in_osd_list,0,0,63,24,2607,2300,2300,144900,False,1.7802050999598578,-23.721380445218777,,,0.38095238095238093
performance,P64_DENSE_EARLY,P64_DENSE_EARLY_c0_t13,64,56,0.875,dense,7.0,12684500445762477594,lsgrand_certified,1.2873427439565087e+19,False,1.0,0.5,0.2,0.0,0.0,slip_6_1,True,63,0,13,True,True,1.4873431819495408e-06,strict_unseen_codeword_certificate,24896,24896,63,63,94,81,0,24896,False,0.6340366810327396,-10.124596407303988,13.0,1915.076923076923,1.0
performance,P64_DENSE_EARLY,P64_DENSE_EARLY_c0_t13,64,56,0.875,dense,7.0,12684500445762477594,lsgrand_first_valid,1.2873427439565087e+19,False,1.0,0.5,0.2,0.0,0.0,slip_6_1,True,63,0,13,True,False,,first_valid_witness,13,13,63,7,1,1,0,13,False,0.0014435281045734882,-10.124949132442907,,,0.1111111111111111
performance,P64_DENSE_EARLY,P64_DENSE_EARLY_c0_t13,64,56,0.875,dense,7.0,12684500445762477594,per_state_grand_sweep,1.2873427439565087e+19,False,1.0,0.5,0.2,0.0,0.0,slip_6_1,True,63,0,13,True,False,,best_fixed_state_codeword,16721,16721,63,63,59,52,0,16721,True,0.08290984900668263,-10.124949132442907,,,1.0
performance,P64_DENSE_EARLY,P64_DENSE_EARLY_c0_t13,64,56,0.875,dense,7.0,12684500445762477594,plain_reliability_grand,1.2686134776857512e+19,False,1.0,0.5,0.2,0.0,0.0,slip_6_1,True,63,0,13,True,False,,first_valid_witness,321,321,1,1,1,1,0,321,False,0.0017505739815533161,-17.170684182752574,,,1.0
performance,P64_DENSE_EARLY,P64_DENSE_EARLY_c0_t13,64,56,0.875,dense,7.0,12684500445762477594,latent_osd_order2,1.2873427439565087e+19,False,1.0,0.5,0.2,0.0,0.0,slip_6_1,True,63,0,13,True,False,,best_complete_marginal_score_in_osd_list,0,0,63,24,2607,2301,2301,144963,False,1.9018198809353635,-10.124596407292753,,,0.38095238095238093
performance,P64_DENSE_EARLY,P64_DENSE_EARLY_c0_t14,64,56,0.875,dense,7.0,2912260344687162770,lsgrand_certified,2.912260344687163e+18,True,1.0,0.5,0.2,0.0,0.0,slip_6_3,True,63,0,14,True,True,0.002523911312593441,strict_unseen_codeword_certificate,1920,1920,63,63,7,7,0,1920,False,0.016331078950315714,-25.22737744212877,163.0,11.779141104294478,1.0
performance,P64_DENSE_EARLY,P64_DENSE_EARLY_c0_t14,64,56,0.875,dense,7.0,2912260344687162770,lsgrand_first_valid,2.912260344687163e+18,True,1.0,0.5,0.2,0.0,0.0,slip_6_3,True,63,0,14,True,False,,first_valid_witness,163,163,63,63,1,1,0,163,False,0.0019419200252741575,-25.22737744212877,,,1.0
performance,P64_DENSE_EARLY,P64_DENSE_EARLY_c0_t14,64,56,0.875,dense,7.0,2912260344687162770,per_state_grand_sweep,2.912260344687163e+18,True,1.0,0.5,0.2,0.0,0.0,slip_6_3,True,63,0,14,True,False,,best_fixed_state_codeword,17916,17916,63,63,57,54,0,17916,True,0.08961290295701474,-25.22737744212877,,,1.0
performance,P64_DENSE_EARLY,P64_DENSE_EARLY_c0_t14,64,56,0.875,dense,7.0,2912260344687162770,plain_reliability_grand,1.2493209606837875e+19,False,1.0,0.5,0.2,0.0,0.0,slip_6_3,True,63,0,14,True,False,,first_valid_witness,82,82,1,1,1,1,0,82,False,0.0004756420385092497,-26.714248268015403,,,1.0
performance,P64_DENSE_EARLY,P64_DENSE_EARLY_c0_t14,64,56,0.875,dense,7.0,2912260344687162770,latent_osd_order2,2.912260344687163e+18,True,1.0,0.5,0.2,0.0,0.0,slip_6_3,True,63,0,14,True,False,,best_complete_marginal_score_in_osd_list,0,0,63,24,2607,2378,2378,149814,False,1.8744065029313788,-25.226143540073327,,,0.38095238095238093
performance,P64_DENSE_EARLY,P64_DENSE_EARLY_c0_t15,64,56,0.875,dense,7.0,11850600438875925610,lsgrand_certified,1.1853352013331542e+19,False,1.0,0.5,0.2,0.0,0.0,slip_6_3,True,63,0,15,True,True,0.00010508884710347388,strict_unseen_codeword_certificate,9856,9856,63,63,51,45,0,9856,False,0.1897194590419531,-21.806684238769243,126.0,78.22222222222223,1.0
performance,P64_DENSE_EARLY,P64_DENSE_EARLY_c0_t15,64,56,0.875,dense,7.0,11850600438875925610,lsgrand_first_valid,1.1841594339132813e+19,False,1.0,0.5,0.2,0.0,0.0,slip_6_3,True,63,0,15,True,False,,first_valid_witness,32,32,63,11,1,1,0,32,False,0.0015211550053209066,-21.840074793961282,,,0.1746031746031746
performance,P64_DENSE_EARLY,P64_DENSE_EARLY_c0_t15,64,56,0.875,dense,7.0,11850600438875925610,per_state_grand_sweep,1.1841594339132813e+19,False,1.0,0.5,0.2,0.0,0.0,slip_6_3,True,63,0,15,True,False,,best_fixed_state_codeword,10525,10525,63,63,63,59,0,10525,False,0.053011129959486425,-21.840074793961282,,,1.0
performance,P64_DENSE_EARLY,P64_DENSE_EARLY_c0_t15,64,56,0.875,dense,7.0,11850600438875925610,plain_reliability_grand,1.1852228312456956e+19,False,1.0,0.5,0.2,0.0,0.0,slip_6_3,True,63,0,15,True,False,,first_valid_witness,73,73,1,1,1,1,0,73,False,0.000442293006926775,-23.309723247751727,,,1.0
performance,P64_DENSE_EARLY,P64_DENSE_EARLY_c0_t15,64,56,0.875,dense,7.0,11850600438875925610,latent_osd_order2,1.1853352013331542e+19,False,1.0,0.5,0.2,0.0,0.0,slip_6_3,True,63,0,15,True,False,,best_complete_marginal_score_in_osd_list,0,0,63,24,2607,2284,2284,143892,False,1.8106402860721573,-21.806547523640987,,,0.38095238095238093
performance,P64_DENSE_EARLY,P64_DENSE_EARLY_c0_t16,64,56,0.875,dense,7.0,17839689545627240651,lsgrand_certified,1.783968954562724e+19,True,1.0,0.5,0.2,0.0,0.0,slip_6_3,True,63,0,16,True,True,0.10679039936984225,strict_unseen_codeword_certificate,1792,1792,63,63,8,8,0,1792,False,0.016404776950366795,-21.848327072032003,160.0,11.2,1.0
performance,P64_DENSE_EARLY,P64_DENSE_EARLY_c0_t16,64,56,0.875,dense,7.0,17839689545627240651,lsgrand_first_valid,1.783968954562724e+19,True,1.0,0.5,0.2,0.0,0.0,slip_6_3,True,63,0,16,True,False,,first_valid_witness,160,160,63,63,1,1,0,160,False,0.0019112220034003258,-21.848327072032003,,,1.0
performance,P64_DENSE_EARLY,P64_DENSE_EARLY_c0_t16,64,56,0.875,dense,7.0,17839689545627240651,per_state_grand_sweep,1.783968954562724e+19,True,1.0,0.5,0.2,0.0,0.0,slip_6_3,True,63,0,16,True,False,,best_fixed_state_codeword,14675,14675,63,63,60,57,0,14675,True,0.07139145594555885,-21.848327072032003,,,1.0
performance,P64_DENSE_EARLY,P64_DENSE_EARLY_c0_t16,64,56,0.875,dense,7.0,17839689545627240651,plain_reliability_grand,1.7840687194230559e+19,False,1.0,0.5,0.2,0.0,0.0,slip_6_3,True,63,0,16,True,False,,first_valid_witness,47,47,1,1,1,1,0,47,False,0.00030096108093857765,-22.68089827920805,,,1.0
performance,P64_DENSE_EARLY,P64_DENSE_EARLY_c0_t16,64,56,0.875,dense,7.0,17839689545627240651,latent_osd_order2,1.783968954562724e+19,True,1.0,0.5,0.2,0.0,0.0,slip_6_3,True,63,0,16,True,False,,best_complete_marginal_score_in_osd_list,0,0,63,24,2607,2289,2289,144207,False,1.8920268629444763,-21.848301061790412,,,0.38095238095238093
performance,P64_DENSE_EARLY,P64_DENSE_EARLY_c0_t17,64,56,0.875,dense,7.0,14189085177010706288,lsgrand_certified,1.4189085177010706e+19,True,1.0,0.5,0.2,0.0,0.0,slip_6_1,True,63,0,17,True,True,0.15918539447160285,strict_unseen_codeword_certificate,704,704,63,63,5,4,0,704,False,0.006463447934947908,-20.333923332135985,21.0,33.523809523809526,1.0
performance,P64_DENSE_EARLY,P64_DENSE_EARLY_c0_t17,64,56,0.875,dense,7.0,14189085177010706288,lsgrand_first_valid,1.4189085177010706e+19,True,1.0,0.5,0.2,0.0,0.0,slip_6_1,True,63,0,17,True,False,,first_valid_witness,21,21,63,12,1,1,0,21,False,0.0011890869354829192,-20.458301157056187,,,0.19047619047619047
performance,P64_DENSE_EARLY,P64_DENSE_EARLY_c0_t17,64,56,0.875,dense,7.0,14189085177010706288,per_state_grand_sweep,1.4189085177010706e+19,True,1.0,0.5,0.2,0.0,0.0,slip_6_1,True,63,0,17,True,False,,best_fixed_state_codeword,15024,15024,63,63,60,51,0,15024,True,0.07398959004785866,-20.458301157056187,,,1.0
performance,P64_DENSE_EARLY,P64_DENSE_EARLY_c0_t17,64,56,0.875,dense,7.0,14189085177010706288,plain_reliability_grand,1.4189831346605343e+19,False,1.0,0.5,0.2,0.0,0.0,slip_6_1,True,63,0,17,True,False,,first_valid_witness,403,403,1,1,1,1,0,403,False,0.00219818705227226,-27.899231033496925,,,1.0
performance,P64_DENSE_EARLY,P64_DENSE_EARLY_c0_t17,64,56,0.875,dense,7.0,14189085177010706288,latent_osd_order2,1.4189085177010706e+19,True,1.0,0.5,0.2,0.0,0.0,slip_6_1,True,63,0,17,True,False,,best_complete_marginal_score_in_osd_list,0,0,63,24,2607,2393,2393,150759,False,1.8930302750086412,-20.333920235352124,,,0.38095238095238093
performance,P64_DENSE_EARLY,P64_DENSE_EARLY_c0_t18,64,56,0.875,dense,7.0,5456770157414889084,lsgrand_certified,5.456770157414889e+18,True,1.0,0.5,0.2,0.0,0.0,slip_6_3,True,63,0,18,True,True,0.04250050984232345,strict_unseen_codeword_certificate,768,768,63,63,1,1,0,768,False,0.006561090005561709,-16.53921938657922,86.0,8.930232558139535,1.0
performance,P64_DENSE_EARLY,P64_DENSE_EARLY_c0_t18,64,56,0.875,dense,7.0,5456770157414889084,lsgrand_first_valid,5.456770157414889e+18,True,1.0,0.5,0.2,0.0,0.0,slip_6_3,True,63,0,18,True,False,,first_valid_witness,86,86,63,63,1,1,0,86,False,0.00160068494733423,-16.53921938657922,,,1.0
performance,P64_DENSE_EARLY,P64_DENSE_EARLY_c0_t18,64,56,0.875,dense,7.0,5456770157414889084,per_state_grand_sweep,5.456770157414889e+18,True,1.0,0.5,0.2,0.0,0.0,slip_6_3,True,63,0,18,True,False,,best_fixed_state_codeword,18964,18964,63,63,57,53,0,18964,True,0.09605478402227163,-16.53921938657922,,,1.0
performance,P64_DENSE_EARLY,P64_DENSE_EARLY_c0_t18,64,56,0.875,dense,7.0,5456770157414889084,plain_reliability_grand,5.456390299121102e+18,False,1.0,0.5,0.2,0.0,0.0,slip_6_3,True,63,0,18,True,False,,first_valid_witness,352,352,1,1,1,1,0,352,False,0.001994648016989231,-23.733589885091124,,,1.0
performance,P64_DENSE_EARLY,P64_DENSE_EARLY_c0_t18,64,56,0.875,dense,7.0,5456770157414889084,latent_osd_order2,5.456770157414889e+18,True,1.0,0.5,0.2,0.0,0.0,slip_6_3,True,63,0,18,True,False,,best_complete_marginal_score_in_osd_list,0,0,63,24,2607,2276,2276,143388,False,1.9829857000149786,-16.53854572696611,,,0.38095238095238093
performance,P64_DENSE_EARLY,P64_DENSE_EARLY_c0_t19,64,56,0.875,dense,7.0,10673189107614914136,lsgrand_certified,1.0673189107614915e+19,True,1.0,0.5,0.2,0.0,0.0,slip_6_1,True,63,0,19,True,True,0.004293322473507999,strict_unseen_codeword_certificate,1664,1664,63,63,6,6,0,1664,False,0.014437863952480257,-24.940991136284815,89.0,18.696629213483146,1.0
performance,P64_DENSE_EARLY,P64_DENSE_EARLY_c0_t19,64,56,0.875,dense,7.0,10673189107614914136,lsgrand_first_valid,1.0673189107614915e+19,True,1.0,0.5,0.2,0.0,0.0,slip_6_1,True,63,0,19,True,False,,first_valid_witness,89,89,63,63,1,1,0,89,False,0.001674038008786738,-24.940991136284815,,,1.0
performance,P64_DENSE_EARLY,P64_DENSE_EARLY_c0_t19,64,56,0.875,dense,7.0,10673189107614914136,per_state_grand_sweep,1.0673189107614915e+19,True,1.0,0.5,0.2,0.0,0.0,slip_6_1,True,63,0,19,True,False,,best_fixed_state_codeword,14689,14689,63,63,61,58,0,14689,True,0.07365265302360058,-24.940991136284815,,,1.0
performance,P64_DENSE_EARLY,P64_DENSE_EARLY_c0_t19,64,56,0.875,dense,7.0,10673189107614914136,plain_reliability_grand,1.0815234356156744e+19,False,1.0,0.5,0.2,0.0,0.0,slip_6_1,True,63,0,19,True,False,,first_valid_witness,25,25,1,1,1,1,0,25,False,0.0001714560203254223,-24.945284458758323,,,1.0
performance,P64_DENSE_EARLY,P64_DENSE_EARLY_c0_t19,64,56,0.875,dense,7.0,10673189107614914136,latent_osd_order2,1.0673189107614915e+19,True,1.0,0.5,0.2,0.0,0.0,slip_6_1,True,63,0,19,True,False,,best_complete_marginal_score_in_osd_list,0,0,63,24,2607,2405,2405,151515,False,1.9959266689838842,-24.940730432857492,,,0.38095238095238093
performance,P64_DENSE_EARLY,P64_DENSE_EARLY_c1_t0,64,56,0.875,dense,7.0,733313498243573195,lsgrand_certified,7.333134982435732e+17,True,1.0,0.5,0.2,0.0,0.0,slip_6_1,True,63,1,0,True,True,0.0923578221358099,strict_unseen_codeword_certificate,1088,1088,63,63,6,6,0,1088,False,0.010187329957261682,-20.06250558059822,25.0,43.52,1.0
performance,P64_DENSE_EARLY,P64_DENSE_EARLY_c1_t0,64,56,0.875,dense,7.0,733313498243573195,lsgrand_first_valid,7.333134982435732e+17,True,1.0,0.5,0.2,0.0,0.0,slip_6_1,True,63,1,0,True,False,,first_valid_witness,25,25,63,12,1,1,0,25,False,0.00137540593277663,-20.06250558059822,,,0.19047619047619047
performance,P64_DENSE_EARLY,P64_DENSE_EARLY_c1_t0,64,56,0.875,dense,7.0,733313498243573195,per_state_grand_sweep,7.333134982435732e+17,True,1.0,0.5,0.2,0.0,0.0,slip_6_1,True,63,1,0,True,False,,best_fixed_state_codeword,15508,15508,63,63,60,54,0,15508,True,0.07677287503611296,-20.06250558059822,,,1.0
performance,P64_DENSE_EARLY,P64_DENSE_EARLY_c1_t0,64,56,0.875,dense,7.0,733313498243573195,plain_reliability_grand,3.0365991400746476e+18,False,1.0,0.5,0.2,0.0,0.0,slip_6_1,True,63,1,0,True,False,,first_valid_witness,35,35,1,1,1,1,0,35,False,0.00022304290905594826,-20.90536543151876,,,1.0
performance,P64_DENSE_EARLY,P64_DENSE_EARLY_c1_t0,64,56,0.875,dense,7.0,733313498243573195,latent_osd_order2,7.333134982435732e+17,True,1.0,0.5,0.2,0.0,0.0,slip_6_1,True,63,1,0,True,False,,best_complete_marginal_score_in_osd_list,0,0,63,24,2607,2233,2233,140679,False,1.76560837298166,-20.061165612388226,,,0.38095238095238093
performance,P64_DENSE_EARLY,P64_DENSE_EARLY_c1_t1,64,56,0.875,dense,7.0,8164366216556298572,lsgrand_certified,7.008992212166666e+18,False,1.0,0.5,0.2,0.0,0.0,slip_6_1,True,63,1,1,True,True,8.217489645900855e-05,strict_unseen_codeword_certificate,4288,4288,63,63,15,15,0,4288,False,0.04149981902446598,-27.274841115299527,92.0,46.608695652173914,1.0
performance,P64_DENSE_EARLY,P64_DENSE_EARLY_c1_t1,64,56,0.875,dense,7.0,8164366216556298572,lsgrand_first_valid,7.008992212166666e+18,False,1.0,0.5,0.2,0.0,0.0,slip_6_1,True,63,1,1,True,False,,first_valid_witness,92,92,63,63,1,1,0,92,False,0.001616491936147213,-27.274841115299527,,,1.0
performance,P64_DENSE_EARLY,P64_DENSE_EARLY_c1_t1,64,56,0.875,dense,7.0,8164366216556298572,per_state_grand_sweep,7.008992212166666e+18,False,1.0,0.5,0.2,0.0,0.0,slip_6_1,True,63,1,1,True,False,,best_fixed_state_codeword,16099,16099,63,63,62,60,0,16099,True,0.07881004002410918,-27.274841115299527,,,1.0
performance,P64_DENSE_EARLY,P64_DENSE_EARLY_c1_t1,64,56,0.875,dense,7.0,8164366216556298572,plain_reliability_grand,7.008992212166666e+18,False,1.0,0.5,0.2,0.0,0.0,slip_6_1,True,63,1,1,True,False,,first_valid_witness,30,30,1,1,1,1,0,30,False,0.00019276002421975136,-26.581693934739583,,,1.0
performance,P64_DENSE_EARLY,P64_DENSE_EARLY_c1_t1,64,56,0.875,dense,7.0,8164366216556298572,latent_osd_order2,7.008992212166666e+18,False,1.0,0.5,0.2,0.0,0.0,slip_6_1,True,63,1,1,True,False,,best_complete_marginal_score_in_osd_list,0,0,63,24,2607,2312,2312,145656,False,1.8489854159997776,-27.274840722498407,,,0.38095238095238093
performance,P64_DENSE_EARLY,P64_DENSE_EARLY_c1_t2,64,56,0.875,dense,7.0,2243801340598053336,lsgrand_certified,2.1427046964608097e+18,False,1.0,0.5,0.2,0.0,0.0,slip_6_1,True,63,1,2,True,True,0.0023566761980298168,strict_unseen_codeword_certificate,1856,1856,63,63,10,8,0,1856,False,0.0173682679887861,-27.092660999983188,153.0,12.130718954248366,1.0
performance,P64_DENSE_EARLY,P64_DENSE_EARLY_c1_t2,64,56,0.875,dense,7.0,2243801340598053336,lsgrand_first_valid,2.1427046964608097e+18,False,1.0,0.5,0.2,0.0,0.0,slip_6_1,True,63,1,2,True,False,,first_valid_witness,153,153,63,63,1,1,0,153,False,0.002034669043496251,-27.108581250614282,,,1.0
performance,P64_DENSE_EARLY,P64_DENSE_EARLY_c1_t2,64,56,0.875,dense,7.0,2243801340598053336,per_state_grand_sweep,2.1427046964608097e+18,False,1.0,0.5,0.2,0.0,0.0,slip_6_1,True,63,1,2,True,False,,best_fixed_state_codeword,12328,12328,63,63,63,57,0,12328,False,0.06413613096810877,-27.108581250614282,,,1.0
performance,P64_DENSE_EARLY,P64_DENSE_EARLY_c1_t2,64,56,0.875,dense,7.0,2243801340598053336,plain_reliability_grand,1.8132004647239834e+18,False,1.0,0.5,0.2,0.0,0.0,slip_6_1,True,63,1,2,True,False,,first_valid_witness,132,132,1,1,1,1,0,132,False,0.0007701170397922397,-29.463260379878818,,,1.0
performance,P64_DENSE_EARLY,P64_DENSE_EARLY_c1_t2,64,56,0.875,dense,7.0,2243801340598053336,latent_osd_order2,2.1427046964608097e+18,False,1.0,0.5,0.2,0.0,0.0,slip_6_1,True,63,1,2,True,False,,best_complete_marginal_score_in_osd_list,0,0,63,24,2607,2329,2329,146727,False,1.9229332610266283,-27.092571582370354,,,0.38095238095238093
performance,P64_DENSE_EARLY,P64_DENSE_EARLY_c1_t3,64,56,0.875,dense,7.0,16208213005644348597,lsgrand_certified,1.6172668590027424e+19,False,1.0,0.5,0.2,0.0,0.0,slip_6_1,True,63,1,3,True,True,0.000572675586379745,strict_unseen_codeword_certificate,3008,3008,63,63,11,11,0,3008,False,0.028699076967313886,-27.086402355144223,104.0,28.923076923076923,1.0
performance,P64_DENSE_EARLY,P64_DENSE_EARLY_c1_t3,64,56,0.875,dense,7.0,16208213005644348597,lsgrand_first_valid,1.6172668590027424e+19,False,1.0,0.5,0.2,0.0,0.0,slip_6_1,True,63,1,3,True,False,,first_valid_witness,104,104,63,63,1,1,0,104,False,0.0016786690102890134,-27.086402355144223,,,1.0
performance,P64_DENSE_EARLY,P64_DENSE_EARLY_c1_t3,64,56,0.875,dense,7.0,16208213005644348597,per_state_grand_sweep,1.6172668590027424e+19,False,1.0,0.5,0.2,0.0,0.0,slip_6_1,True,63,1,3,True,False,,best_fixed_state_codeword,13652,13652,63,63,59,54,0,13652,True,0.06684073305223137,-27.086402355144223,,,1.0
performance,P64_DENSE_EARLY,P64_DENSE_EARLY_c1_t3,64,56,0.875,dense,7.0,16208213005644348597,plain_reliability_grand,1.6205563273534677e+19,False,1.0,0.5,0.2,0.0,0.0,slip_6_1,True,63,1,3,True,False,,first_valid_witness,86,86,1,1,1,1,0,86,False,0.0005078839603811502,-27.815001226226023,,,1.0
performance,P64_DENSE_EARLY,P64_DENSE_EARLY_c1_t3,64,56,0.875,dense,7.0,16208213005644348597,latent_osd_order2,1.6172668590027424e+19,False,1.0,0.5,0.2,0.0,0.0,slip_6_1,True,63,1,3,True,False,,best_complete_marginal_score_in_osd_list,0,0,63,24,2607,2391,2391,150633,False,1.835488770972006,-27.085482936704672,,,0.38095238095238093
performance,P64_DENSE_EARLY,P64_DENSE_EARLY_c1_t4,64,56,0.875,dense,7.0,8976151293475629444,lsgrand_certified,8.976151293475629e+18,True,1.0,0.5,0.2,0.0,0.0,slip_6_1,True,63,1,4,True,True,0.005846376481340343,strict_unseen_codeword_certificate,4608,4608,63,63,23,22,0,4608,False,0.0591523110633716,-23.401562489089738,51.0,90.3529411764706,1.0
performance,P64_DENSE_EARLY,P64_DENSE_EARLY_c1_t4,64,56,0.875,dense,7.0,8976151293475629444,lsgrand_first_valid,8.976151293475629e+18,True,1.0,0.5,0.2,0.0,0.0,slip_6_1,True,63,1,4,True,False,,first_valid_witness,51,51,63,12,1,1,0,51,False,0.0014399420469999313,-23.401562489089738,,,0.19047619047619047
performance,P64_DENSE_EARLY,P64_DENSE_EARLY_c1_t4,64,56,0.875,dense,7.0,8976151293475629444,per_state_grand_sweep,8.976151293475629e+18,True,1.0,0.5,0.2,0.0,0.0,slip_6_1,True,63,1,4,True,False,,best_fixed_state_codeword,14187,14187,63,63,60,55,0,14187,True,0.06798920291475952,-23.401562489089738,,,1.0
performance,P64_DENSE_EARLY,P64_DENSE_EARLY_c1_t4,64,56,0.875,dense,7.0,8976151293475629444,plain_reliability_grand,8.978171793841962e+18,False,1.0,0.5,0.2,0.0,0.0,slip_6_1,True,63,1,4,True,False,,first_valid_witness,152,152,1,1,1,1,0,152,False,0.0008638880681246519,-24.99598492507088,,,1.0
performance,P64_DENSE_EARLY,P64_DENSE_EARLY_c1_t4,64,56,0.875,dense,7.0,8976151293475629444,latent_osd_order2,8.976151293475629e+18,True,1.0,0.5,0.2,0.0,0.0,slip_6_1,True,63,1,4,True,False,,best_complete_marginal_score_in_osd_list,0,0,63,24,2607,2298,2298,144774,False,1.7503816280514002,-23.401311376154684,,,0.38095238095238093
performance,P64_DENSE_EARLY,P64_DENSE_EARLY_c1_t5,64,56,0.875,dense,7.0,5121998637637872715,lsgrand_certified,5.121161637886055e+18,False,1.0,0.5,0.2,0.0,0.0,slip_6_1,True,63,1,5,True,True,0.00021947725043958144,strict_unseen_codeword_certificate,21312,21312,63,63,100,90,0,21312,False,0.6223433950217441,-20.72945247417996,396.0,53.81818181818182,1.0
performance,P64_DENSE_EARLY,P64_DENSE_EARLY_c1_t5,64,56,0.875,dense,7.0,5121998637637872715,lsgrand_first_valid,5.121161637886055e+18,False,1.0,0.5,0.2,0.0,0.0,slip_6_1,True,63,1,5,True,False,,first_valid_witness,396,396,63,63,1,1,0,396,False,0.00334927998483181,-20.731455599650065,,,1.0
performance,P64_DENSE_EARLY,P64_DENSE_EARLY_c1_t5,64,56,0.875,dense,7.0,5121998637637872715,per_state_grand_sweep,5.121161637886055e+18,False,1.0,0.5,0.2,0.0,0.0,slip_6_1,True,63,1,5,True,False,,best_fixed_state_codeword,11522,11522,63,63,61,54,0,11522,True,0.0559272279497236,-20.731455599650065,,,1.0
performance,P64_DENSE_EARLY,P64_DENSE_EARLY_c1_t5,64,56,0.875,dense,7.0,5121998637637872715,plain_reliability_grand,5.121261029981485e+18,False,1.0,0.5,0.2,0.0,0.0,slip_6_1,True,63,1,5,True,False,,first_valid_witness,132,132,1,1,1,1,0,132,False,0.0006989450193941593,-21.297634197899498,,,1.0
performance,P64_DENSE_EARLY,P64_DENSE_EARLY_c1_t5,64,56,0.875,dense,7.0,5121998637637872715,latent_osd_order2,5.121161637886055e+18,False,1.0,0.5,0.2,0.0,0.0,slip_6_1,True,63,1,5,True,False,,best_complete_marginal_score_in_osd_list,0,0,63,24,2607,2394,2394,150822,False,1.8599469569744542,-20.72945134259753,,,0.38095238095238093
performance,P64_DENSE_EARLY,P64_DENSE_EARLY_c1_t6,64,56,0.875,dense,7.0,4195314244473827473,lsgrand_certified,4.1953142444738273e+18,True,1.0,0.5,0.2,0.0,0.0,slip_6_1,True,63,1,6,True,True,0.02095823501878158,strict_unseen_codeword_certificate,9216,9216,63,63,30,26,0,9216,False,0.11497571505606174,-25.215518281206094,760.0,12.126315789473685,1.0
performance,P64_DENSE_EARLY,P64_DENSE_EARLY_c1_t6,64,56,0.875,dense,7.0,4195314244473827473,lsgrand_first_valid,4.1953142444738273e+18,True,1.0,0.5,0.2,0.0,0.0,slip_6_1,True,63,1,6,True,False,,first_valid_witness,760,760,63,63,1,1,0,760,False,0.005320283002220094,-25.75011884324653,,,1.0
performance,P64_DENSE_EARLY,P64_DENSE_EARLY_c1_t6,64,56,0.875,dense,7.0,4195314244473827473,per_state_grand_sweep,4.1953142444738273e+18,True,1.0,0.5,0.2,0.0,0.0,slip_6_1,True,63,1,6,True,False,,best_fixed_state_codeword,17340,17340,63,63,60,59,0,17340,True,0.08371325209736824,-25.75011884324653,,,1.0
performance,P64_DENSE_EARLY,P64_DENSE_EARLY_c1_t6,64,56,0.875,dense,7.0,4195314244473827473,plain_reliability_grand,4.1879056895981553e+18,False,1.0,0.5,0.2,0.0,0.0,slip_6_1,True,63,1,6,True,False,,first_valid_witness,724,724,1,1,1,1,0,724,False,0.0038171380292624235,-28.52793844160258,,,1.0
performance,P64_DENSE_EARLY,P64_DENSE_EARLY_c1_t6,64,56,0.875,dense,7.0,4195314244473827473,latent_osd_order2,4.1953142444738273e+18,True,1.0,0.5,0.2,0.0,0.0,slip_6_1,True,63,1,6,True,False,,best_complete_marginal_score_in_osd_list,0,0,63,24,2607,2247,2247,141561,False,1.8770924860145897,-25.210308488570274,,,0.38095238095238093
performance,P64_DENSE_EARLY,P64_DENSE_EARLY_c1_t7,64,56,0.875,dense,7.0,17274694786303216050,lsgrand_certified,1.72731837651088e+19,False,1.0,0.5,0.2,0.0,0.0,slip_6_1,True,63,1,7,True,True,0.0013304738372816871,strict_unseen_codeword_certificate,8704,8704,63,63,37,32,0,8704,False,0.12995662004686892,-25.485007508623585,65.0,133.90769230769232,1.0
performance,P64_DENSE_EARLY,P64_DENSE_EARLY_c1_t7,64,56,0.875,dense,7.0,17274694786303216050,lsgrand_first_valid,1.72731837651088e+19,False,1.0,0.5,0.2,0.0,0.0,slip_6_1,True,63,1,7,True,False,,first_valid_witness,65,65,63,27,1,1,0,65,False,0.0016274760710075498,-25.485007508623585,,,0.42857142857142855
performance,P64_DENSE_EARLY,P64_DENSE_EARLY_c1_t7,64,56,0.875,dense,7.0,17274694786303216050,per_state_grand_sweep,1.72731837651088e+19,False,1.0,0.5,0.2,0.0,0.0,slip_6_1,True,63,1,7,True,False,,best_fixed_state_codeword,15820,15820,63,63,57,51,0,15820,True,0.07724278792738914,-25.485007508623585,,,1.0
performance,P64_DENSE_EARLY,P64_DENSE_EARLY_c1_t7,64,56,0.875,dense,7.0,17274694786303216050,plain_reliability_grand,1.7232651495828111e+19,False,1.0,0.5,0.2,0.0,0.0,slip_6_1,True,63,1,7,True,False,,first_valid_witness,483,483,1,1,1,1,0,483,False,0.0026523739797994494,-29.730497139524694,,,1.0
performance,P64_DENSE_EARLY,P64_DENSE_EARLY_c1_t7,64,56,0.875,dense,7.0,17274694786303216050,latent_osd_order2,1.72731837651088e+19,False,1.0,0.5,0.2,0.0,0.0,slip_6_1,True,63,1,7,True,False,,best_complete_marginal_score_in_osd_list,0,0,63,24,2607,2131,2131,134253,False,1.7444392739562318,-25.484985772441473,,,0.38095238095238093
performance,P64_DENSE_EARLY,P64_DENSE_EARLY_c1_t8,64,56,0.875,dense,7.0,12264922099837375747,lsgrand_certified,1.2264922099837377e+19,True,1.0,0.5,0.2,0.0,0.0,slip_6_1,True,63,1,8,True,True,8.087165639381055e-07,strict_unseen_codeword_certificate,25058,25058,63,63,102,90,0,25058,False,0.7647510509705171,-25.559966932263944,17.0,1474.0,1.0
performance,P64_DENSE_EARLY,P64_DENSE_EARLY_c1_t8,64,56,0.875,dense,7.0,12264922099837375747,lsgrand_first_valid,1.2264922099837377e+19,True,1.0,0.5,0.2,0.0,0.0,slip_6_1,True,63,1,8,True,False,,first_valid_witness,17,17,63,12,1,1,0,17,False,0.001355696003884077,-25.560162602480265,,,0.19047619047619047
performance,P64_DENSE_EARLY,P64_DENSE_EARLY_c1_t8,64,56,0.875,dense,7.0,12264922099837375747,per_state_grand_sweep,1.2264922099837377e+19,True,1.0,0.5,0.2,0.0,0.0,slip_6_1,True,63,1,8,True,False,,best_fixed_state_codeword,10790,10790,63,63,63,56,0,10790,False,0.054404168971814215,-25.560162602480265,,,1.0
performance,P64_DENSE_EARLY,P64_DENSE_EARLY_c1_t8,64,56,0.875,dense,7.0,12264922099837375747,plain_reliability_grand,1.1686956477585588e+19,False,1.0,0.5,0.2,0.0,0.0,slip_6_1,True,63,1,8,True,False,,first_valid_witness,72,72,1,1,1,1,0,72,False,0.0004368489608168602,-29.634724443994617,,,1.0
performance,P64_DENSE_EARLY,P64_DENSE_EARLY_c1_t8,64,56,0.875,dense,7.0,12264922099837375747,latent_osd_order2,1.2264922099837377e+19,True,1.0,0.5,0.2,0.0,0.0,slip_6_1,True,63,1,8,True,False,,best_complete_marginal_score_in_osd_list,0,0,63,24,2607,2264,2264,142632,False,1.9028662618948147,-25.559966932212603,,,0.38095238095238093
performance,P64_DENSE_EARLY,P64_DENSE_EARLY_c1_t9,64,56,0.875,dense,7.0,18306683592757434322,lsgrand_certified,1.8306683592757434e+19,True,1.0,0.5,0.2,0.0,0.0,slip_6_3,True,63,1,9,True,True,0.010005134338079813,strict_unseen_codeword_certificate,1344,1344,63,63,5,4,0,1344,False,0.011004386004060507,-26.68845042934172,28.0,48.0,1.0
performance,P64_DENSE_EARLY,P64_DENSE_EARLY_c1_t9,64,56,0.875,dense,7.0,18306683592757434322,lsgrand_first_valid,1.8306683592757434e+19,True,1.0,0.5,0.2,0.0,0.0,slip_6_3,True,63,1,9,True,False,,first_valid_witness,28,28,63,13,1,1,0,28,False,0.001225395011715591,-26.703337227762713,,,0.20634920634920634
performance,P64_DENSE_EARLY,P64_DENSE_EARLY_c1_t9,64,56,0.875,dense,7.0,18306683592757434322,per_state_grand_sweep,1.8306683592757434e+19,True,1.0,0.5,0.2,0.0,0.0,slip_6_3,True,63,1,9,True,False,,best_fixed_state_codeword,14272,14272,63,63,62,57,0,14272,True,0.06974838301539421,-26.703337227762713,,,1.0
performance,P64_DENSE_EARLY,P64_DENSE_EARLY_c1_t9,64,56,0.875,dense,7.0,18306683592757434322,plain_reliability_grand,1.8305098566852346e+19,False,1.0,0.5,0.2,0.0,0.0,slip_6_3,True,63,1,9,True,False,,first_valid_witness,120,120,1,1,1,1,0,120,False,0.0006610410055145621,-29.590748231040788,,,1.0
performance,P64_DENSE_EARLY,P64_DENSE_EARLY_c1_t9,64,56,0.875,dense,7.0,18306683592757434322,latent_osd_order2,1.8306683592757434e+19,True,1.0,0.5,0.2,0.0,0.0,slip_6_3,True,63,1,9,True,False,,best_complete_marginal_score_in_osd_list,0,0,63,24,2607,2281,2281,143703,False,1.866941003012471,-26.68676837894998,,,0.38095238095238093
performance,P64_DENSE_EARLY,P64_DENSE_EARLY_c1_t10,64,56,0.875,dense,7.0,5705872142457971011,lsgrand_certified,5.705872142457971e+18,True,1.0,0.5,0.2,0.0,0.0,slip_6_3,True,63,1,10,True,True,0.3209822082844589,strict_unseen_codeword_certificate,448,448,63,63,2,2,0,448,False,0.004531085956841707,-15.969393491874197,18.0,24.88888888888889,1.0
performance,P64_DENSE_EARLY,P64_DENSE_EARLY_c1_t10,64,56,0.875,dense,7.0,5705872142457971011,lsgrand_first_valid,5.705872142457971e+18,True,1.0,0.5,0.2,0.0,0.0,slip_6_3,True,63,1,10,True,False,,first_valid_witness,18,18,63,13,1,1,0,18,False,0.001193217933177948,-15.969393491874197,,,0.20634920634920634
performance,P64_DENSE_EARLY,P64_DENSE_EARLY_c1_t10,64,56,0.875,dense,7.0,5705872142457971011,per_state_grand_sweep,5.705872142457971e+18,True,1.0,0.5,0.2,0.0,0.0,slip_6_3,True,63,1,10,True,False,,best_fixed_state_codeword,13004,13004,63,63,60,58,0,13004,True,0.06512511800974607,-15.969393491874197,,,1.0
performance,P64_DENSE_EARLY,P64_DENSE_EARLY_c1_t10,64,56,0.875,dense,7.0,5705872142457971011,plain_reliability_grand,5.704651025446946e+18,False,1.0,0.5,0.2,0.0,0.0,slip_6_3,True,63,1,10,True,False,,first_valid_witness,54,54,1,1,1,1,0,54,False,0.0003201700747013092,-20.12385841993477,,,1.0
performance,P64_DENSE_EARLY,P64_DENSE_EARLY_c1_t10,64,56,0.875,dense,7.0,5705872142457971011,latent_osd_order2,5.705872142457971e+18,True,1.0,0.5,0.2,0.0,0.0,slip_6_3,True,63,1,10,True,False,,best_complete_marginal_score_in_osd_list,0,0,63,24,2607,2283,2283,143829,False,1.8000656419899315,-15.969360751377666,,,0.38095238095238093
performance,P64_DENSE_EARLY,P64_DENSE_EARLY_c1_t11,64,56,0.875,dense,7.0,11950684335156553116,lsgrand_certified,1.3102090067269065e+19,False,1.0,0.5,0.2,0.0,0.0,slip_6_3,True,63,1,11,True,True,0.12371406502410309,strict_unseen_codeword_certificate,640,640,63,63,5,5,0,640,False,0.006334172911010683,-22.94566479639879,54.0,11.851851851851851,1.0
performance,P64_DENSE_EARLY,P64_DENSE_EARLY_c1_t11,64,56,0.875,dense,7.0,11950684335156553116,lsgrand_first_valid,1.3102090067269065e+19,False,1.0,0.5,0.2,0.0,0.0,slip_6_3,True,63,1,11,True,False,,first_valid_witness,54,54,63,46,1,1,0,54,False,0.0014194180257618427,-22.94566479639879,,,0.7301587301587301
performance,P64_DENSE_EARLY,P64_DENSE_EARLY_c1_t11,64,56,0.875,dense,7.0,11950684335156553116,per_state_grand_sweep,1.3102090067269065e+19,False,1.0,0.5,0.2,0.0,0.0,slip_6_3,True,63,1,11,True,False,,best_fixed_state_codeword,13179,13179,63,63,62,59,0,13179,True,0.06608324393164366,-22.94566479639879,,,1.0
performance,P64_DENSE_EARLY,P64_DENSE_EARLY_c1_t11,64,56,0.875,dense,7.0,11950684335156553116,plain_reliability_grand,1.3097586468178465e+19,False,1.0,0.5,0.2,0.0,0.0,slip_6_3,True,63,1,11,True,False,,first_valid_witness,21,21,1,1,1,1,0,21,False,0.0001474230084568262,-23.85092688381387,,,1.0
performance,P64_DENSE_EARLY,P64_DENSE_EARLY_c1_t11,64,56,0.875,dense,7.0,11950684335156553116,latent_osd_order2,1.3102090067269065e+19,False,1.0,0.5,0.2,0.0,0.0,slip_6_3,True,63,1,11,True,False,,best_complete_marginal_score_in_osd_list,0,0,63,24,2607,2244,2244,141372,False,1.8938576389336959,-22.945583321833162,,,0.38095238095238093
performance,P64_DENSE_EARLY,P64_DENSE_EARLY_c1_t12,64,56,0.875,dense,7.0,6746667715782950698,lsgrand_certified,6.746667715782951e+18,True,1.0,0.5,0.2,0.0,0.0,slip_6_3,True,63,1,12,True,True,9.560149596410383e-07,strict_unseen_codeword_certificate,36006,36006,63,63,146,133,0,36006,False,1.6031087060691789,-12.985098888747522,86.0,418.6744186046512,1.0
performance,P64_DENSE_EARLY,P64_DENSE_EARLY_c1_t12,64,56,0.875,dense,7.0,6746667715782950698,lsgrand_first_valid,6.746667715782951e+18,True,1.0,0.5,0.2,0.0,0.0,slip_6_3,True,63,1,12,True,False,,first_valid_witness,86,86,63,63,1,1,0,86,False,0.001881984993815422,-12.985442328643135,,,1.0
performance,P64_DENSE_EARLY,P64_DENSE_EARLY_c1_t12,64,56,0.875,dense,7.0,6746667715782950698,per_state_grand_sweep,6.746667715782951e+18,True,1.0,0.5,0.2,0.0,0.0,slip_6_3,True,63,1,12,True,False,,best_fixed_state_codeword,12858,12858,63,63,60,55,0,12858,True,0.0704714999301359,-12.985442328643135,,,1.0
performance,P64_DENSE_EARLY,P64_DENSE_EARLY_c1_t12,64,56,0.875,dense,7.0,6746667715782950698,plain_reliability_grand,6.171514857405819e+18,False,1.0,0.5,0.2,0.0,0.0,slip_6_3,True,63,1,12,True,False,,first_valid_witness,120,120,1,1,1,1,0,120,False,0.0007678139954805374,-16.883790300534283,,,1.0
performance,P64_DENSE_EARLY,P64_DENSE_EARLY_c1_t12,64,56,0.875,dense,7.0,6746667715782950698,latent_osd_order2,6.746667715782951e+18,True,1.0,0.5,0.2,0.0,0.0,slip_6_3,True,63,1,12,True,False,,best_complete_marginal_score_in_osd_list,0,0,63,24,2607,2260,2260,142380,False,1.9904415949713439,-12.985097795992246,,,0.38095238095238093
performance,P64_DENSE_EARLY,P64_DENSE_EARLY_c1_t13,64,56,0.875,dense,7.0,4847950464859042201,lsgrand_certified,4.847950464859042e+18,True,1.0,0.5,0.2,0.0,0.0,slip_6_3,True,63,1,13,True,True,0.19179016781210834,strict_unseen_codeword_certificate,1408,1408,63,63,4,4,0,1408,False,0.01076460292097181,-21.512520498468668,33.0,42.666666666666664,1.0
performance,P64_DENSE_EARLY,P64_DENSE_EARLY_c1_t13,64,56,0.875,dense,7.0,4847950464859042201,lsgrand_first_valid,4.847950464859042e+18,True,1.0,0.5,0.2,0.0,0.0,slip_6_3,True,63,1,13,True,False,,first_valid_witness,33,33,63,13,1,1,0,33,False,0.0012678630882874131,-21.512520498468668,,,0.20634920634920634
performance,P64_DENSE_EARLY,P64_DENSE_EARLY_c1_t13,64,56,0.875,dense,7.0,4847950464859042201,per_state_grand_sweep,4.847950464859042e+18,True,1.0,0.5,0.2,0.0,0.0,slip_6_3,True,63,1,13,True,False,,best_fixed_state_codeword,15393,15393,63,63,60,56,0,15393,True,0.0747261819196865,-21.512520498468668,,,1.0
performance,P64_DENSE_EARLY,P64_DENSE_EARLY_c1_t13,64,56,0.875,dense,7.0,4847950464859042201,plain_reliability_grand,4.848905472873966e+18,False,1.0,0.5,0.2,0.0,0.0,slip_6_3,True,63,1,13,True,False,,first_valid_witness,389,389,1,1,1,1,0,389,False,0.002084123087115586,-26.92495022168965,,,1.0
performance,P64_DENSE_EARLY,P64_DENSE_EARLY_c1_t13,64,56,0.875,dense,7.0,4847950464859042201,latent_osd_order2,4.847950464859042e+18,True,1.0,0.5,0.2,0.0,0.0,slip_6_3,True,63,1,13,True,False,,best_complete_marginal_score_in_osd_list,0,0,63,24,2607,2418,2418,152334,False,1.8603875669650733,-21.51251818633732,,,0.38095238095238093
performance,P64_DENSE_EARLY,P64_DENSE_EARLY_c1_t14,64,56,0.875,dense,7.0,5398503346997450226,lsgrand_certified,5.395970072208102e+18,False,1.0,0.5,0.2,0.0,0.0,slip_6_3,True,63,1,14,True,True,0.009237927921212474,strict_unseen_codeword_certificate,2264,2264,63,63,8,7,0,2264,False,0.018861447926610708,-31.1322638706812,164.0,13.804878048780488,1.0
performance,P64_DENSE_EARLY,P64_DENSE_EARLY_c1_t14,64,56,0.875,dense,7.0,5398503346997450226,lsgrand_first_valid,5.395970072208102e+18,False,1.0,0.5,0.2,0.0,0.0,slip_6_3,True,63,1,14,True,False,,first_valid_witness,164,164,63,63,1,1,0,164,False,0.001955547952093184,-31.1322638706812,,,1.0
performance,P64_DENSE_EARLY,P64_DENSE_EARLY_c1_t14,64,56,0.875,dense,7.0,5398503346997450226,per_state_grand_sweep,5.395970072208102e+18,False,1.0,0.5,0.2,0.0,0.0,slip_6_3,True,63,1,14,True,False,,best_fixed_state_codeword,16312,16312,63,63,57,51,0,16312,True,0.07989673095289618,-31.1322638706812,,,1.0
performance,P64_DENSE_EARLY,P64_DENSE_EARLY_c1_t14,64,56,0.875,dense,7.0,5398503346997450226,plain_reliability_grand,5.396153786428359e+18,False,1.0,0.5,0.2,0.0,0.0,slip_6_3,True,63,1,14,True,False,,first_valid_witness,219,219,1,1,1,1,0,219,False,0.0012262749951332808,-35.40772268875071,,,1.0
performance,P64_DENSE_EARLY,P64_DENSE_EARLY_c1_t14,64,56,0.875,dense,7.0,5398503346997450226,latent_osd_order2,5.395970072208102e+18,False,1.0,0.5,0.2,0.0,0.0,slip_6_3,True,63,1,14,True,False,,best_complete_marginal_score_in_osd_list,0,0,63,24,2607,2079,2079,130977,False,1.7273420159472153,-31.132224574013737,,,0.38095238095238093
performance,P64_DENSE_EARLY,P64_DENSE_EARLY_c1_t15,64,56,0.875,dense,7.0,17486237312869108446,lsgrand_certified,1.7486237312869108e+19,True,1.0,0.5,0.2,0.0,0.0,slip_6_1,True,63,1,15,True,True,0.026473828701888635,strict_unseen_codeword_certificate,576,576,63,63,4,4,0,576,False,0.005341554060578346,-25.53376411243228,81.0,7.111111111111111,1.0
performance,P64_DENSE_EARLY,P64_DENSE_EARLY_c1_t15,64,56,0.875,dense,7.0,17486237312869108446,lsgrand_first_valid,1.7486237312869108e+19,True,1.0,0.5,0.2,0.0,0.0,slip_6_1,True,63,1,15,True,False,,first_valid_witness,81,81,63,63,1,1,0,81,False,0.0015087570063769817,-25.53376411243228,,,1.0
performance,P64_DENSE_EARLY,P64_DENSE_EARLY_c1_t15,64,56,0.875,dense,7.0,17486237312869108446,per_state_grand_sweep,1.7486237312869108e+19,True,1.0,0.5,0.2,0.0,0.0,slip_6_1,True,63,1,15,True,False,,best_fixed_state_codeword,16092,16092,63,63,60,53,0,16092,True,0.08049468800891191,-25.53376411243228,,,1.0
performance,P64_DENSE_EARLY,P64_DENSE_EARLY_c1_t15,64,56,0.875,dense,7.0,17486237312869108446,plain_reliability_grand,1.77756534192666e+19,False,1.0,0.5,0.2,0.0,0.0,slip_6_1,True,63,1,15,True,False,,first_valid_witness,250,250,1,1,1,1,0,250,False,0.001461949897930026,-32.44758966568324,,,1.0
performance,P64_DENSE_EARLY,P64_DENSE_EARLY_c1_t15,64,56,0.875,dense,7.0,17486237312869108446,latent_osd_order2,1.7486237312869108e+19,True,1.0,0.5,0.2,0.0,0.0,slip_6_1,True,63,1,15,True,False,,best_complete_marginal_score_in_osd_list,0,0,63,24,2607,2391,2391,150633,False,1.9623011180665344,-25.533362795723345,,,0.38095238095238093
performance,P64_DENSE_EARLY,P64_DENSE_EARLY_c1_t16,64,56,0.875,dense,7.0,5423500360744720935,lsgrand_certified,5.423500360744721e+18,True,1.0,0.5,0.2,0.0,0.0,slip_6_3,True,63,1,16,True,True,0.019523712208442845,strict_unseen_codeword_certificate,640,640,63,63,1,1,0,640,False,0.0052000939613208175,-22.859903643677303,21.0,30.476190476190474,1.0
performance,P64_DENSE_EARLY,P64_DENSE_EARLY_c1_t16,64,56,0.875,dense,7.0,5423500360744720935,lsgrand_first_valid,5.423500360744721e+18,True,1.0,0.5,0.2,0.0,0.0,slip_6_3,True,63,1,16,True,False,,first_valid_witness,21,21,63,13,1,1,0,21,False,0.0011947849998250604,-22.859903643677303,,,0.20634920634920634
performance,P64_DENSE_EARLY,P64_DENSE_EARLY_c1_t16,64,56,0.875,dense,7.0,5423500360744720935,per_state_grand_sweep,5.423500360744721e+18,True,1.0,0.5,0.2,0.0,0.0,slip_6_3,True,63,1,16,True,False,,best_fixed_state_codeword,13723,13723,63,63,61,54,0,13723,True,0.06644467893056571,-22.859903643677303,,,1.0
performance,P64_DENSE_EARLY,P64_DENSE_EARLY_c1_t16,64,56,0.875,dense,7.0,5423500360744720935,plain_reliability_grand,4.854121454831006e+18,False,1.0,0.5,0.2,0.0,0.0,slip_6_3,True,63,1,16,True,False,,first_valid_witness,800,800,1,1,1,1,0,800,False,0.004273602040484548,-32.17218903060353,,,1.0
performance,P64_DENSE_EARLY,P64_DENSE_EARLY_c1_t16,64,56,0.875,dense,7.0,5423500360744720935,latent_osd_order2,5.423500360744721e+18,True,1.0,0.5,0.2,0.0,0.0,slip_6_3,True,63,1,16,True,False,,best_complete_marginal_score_in_osd_list,0,0,63,24,2607,2180,2180,137340,False,1.7687279999954626,-22.85421375854067,,,0.38095238095238093
performance,P64_DENSE_EARLY,P64_DENSE_EARLY_c1_t17,64,56,0.875,dense,7.0,3747764626637784196,lsgrand_certified,3.747764626637784e+18,True,1.0,0.5,0.2,0.0,0.0,slip_6_1,True,63,1,17,True,True,0.10309984179284015,strict_unseen_codeword_certificate,1664,1664,63,63,7,7,0,1664,False,0.014364302973262966,-18.929539549074384,32.0,52.0,1.0
performance,P64_DENSE_EARLY,P64_DENSE_EARLY_c1_t17,64,56,0.875,dense,7.0,3747764626637784196,lsgrand_first_valid,3.747764626637784e+18,True,1.0,0.5,0.2,0.0,0.0,slip_6_1,True,63,1,17,True,False,,first_valid_witness,32,32,63,12,1,1,0,32,False,0.0012726710410788655,-18.929539549074384,,,0.19047619047619047
performance,P64_DENSE_EARLY,P64_DENSE_EARLY_c1_t17,64,56,0.875,dense,7.0,3747764626637784196,per_state_grand_sweep,3.747764626637784e+18,True,1.0,0.5,0.2,0.0,0.0,slip_6_1,True,63,1,17,True,False,,best_fixed_state_codeword,14715,14715,63,63,63,59,0,14715,False,0.0716086580650881,-18.929539549074384,,,1.0
performance,P64_DENSE_EARLY,P64_DENSE_EARLY_c1_t17,64,56,0.875,dense,7.0,3747764626637784196,plain_reliability_grand,3.7863558731258025e+18,False,1.0,0.5,0.2,0.0,0.0,slip_6_1,True,63,1,17,True,False,,first_valid_witness,301,301,1,1,1,1,0,301,False,0.0016481780912727118,-23.931429245993527,,,1.0
performance,P64_DENSE_EARLY,P64_DENSE_EARLY_c1_t17,64,56,0.875,dense,7.0,3747764626637784196,latent_osd_order2,3.747764626637784e+18,True,1.0,0.5,0.2,0.0,0.0,slip_6_1,True,63,1,17,True,False,,best_complete_marginal_score_in_osd_list,0,0,63,24,2607,2265,2265,142695,False,1.808735065977089,-18.929489272441877,,,0.38095238095238093
performance,P64_DENSE_EARLY,P64_DENSE_EARLY_c1_t18,64,56,0.875,dense,7.0,16531423774436986698,lsgrand_certified,7.308614687536157e+18,False,1.0,0.5,0.2,0.0,0.0,slip_6_1,True,63,1,18,True,True,0.012215659937250933,strict_unseen_codeword_certificate,1024,1024,63,63,5,5,0,1024,False,0.009314683033153415,-26.148140924022396,92.0,11.130434782608695,1.0
performance,P64_DENSE_EARLY,P64_DENSE_EARLY_c1_t18,64,56,0.875,dense,7.0,16531423774436986698,lsgrand_first_valid,7.308614687536157e+18,False,1.0,0.5,0.2,0.0,0.0,slip_6_1,True,63,1,18,True,False,,first_valid_witness,92,92,63,63,1,1,0,92,False,0.0015731670428067446,-26.148140924022396,,,1.0
performance,P64_DENSE_EARLY,P64_DENSE_EARLY_c1_t18,64,56,0.875,dense,7.0,16531423774436986698,per_state_grand_sweep,7.308614687536157e+18,False,1.0,0.5,0.2,0.0,0.0,slip_6_1,True,63,1,18,True,False,,best_fixed_state_codeword,16634,16634,63,63,58,56,0,16634,True,0.08019644999876618,-26.148140924022396,,,1.0
performance,P64_DENSE_EARLY,P64_DENSE_EARLY_c1_t18,64,56,0.875,dense,7.0,16531423774436986698,plain_reliability_grand,7.299559876767376e+18,False,1.0,0.5,0.2,0.0,0.0,slip_6_1,True,63,1,18,True,False,,first_valid_witness,914,914,1,1,1,1,0,914,False,0.004818325047381222,-35.28196341995458,,,1.0
performance,P64_DENSE_EARLY,P64_DENSE_EARLY_c1_t18,64,56,0.875,dense,7.0,16531423774436986698,latent_osd_order2,7.308614687536157e+18,False,1.0,0.5,0.2,0.0,0.0,slip_6_1,True,63,1,18,True,False,,best_complete_marginal_score_in_osd_list,0,0,63,24,2607,2347,2347,147861,False,1.8699036129983142,-26.14813213949873,,,0.38095238095238093
performance,P64_DENSE_EARLY,P64_DENSE_EARLY_c1_t19,64,56,0.875,dense,7.0,3446296389215404259,lsgrand_certified,3.446296389215404e+18,True,1.0,0.5,0.2,0.0,0.0,slip_6_1,True,63,1,19,True,True,2.1223469204301182e-07,strict_unseen_codeword_certificate,32787,32787,63,63,112,103,0,32787,False,0.9647780649829656,-19.07048120985599,22.0,1490.3181818181818,1.0
performance,P64_DENSE_EARLY,P64_DENSE_EARLY_c1_t19,64,56,0.875,dense,7.0,3446296389215404259,lsgrand_first_valid,3.264067055566635e+18,False,1.0,0.5,0.2,0.0,0.0,slip_6_1,True,63,1,19,True,False,,first_valid_witness,17,17,63,7,1,1,0,17,False,0.0012798360548913479,-19.07086741335647,,,0.1111111111111111
performance,P64_DENSE_EARLY,P64_DENSE_EARLY_c1_t19,64,56,0.875,dense,7.0,3446296389215404259,per_state_grand_sweep,3.264067055566635e+18,False,1.0,0.5,0.2,0.0,0.0,slip_6_1,True,63,1,19,True,False,,best_fixed_state_codeword,14298,14298,63,63,61,56,0,14298,True,0.06821113999467343,-19.07086741335647,,,1.0
performance,P64_DENSE_EARLY,P64_DENSE_EARLY_c1_t19,64,56,0.875,dense,7.0,3446296389215404259,plain_reliability_grand,4.60262841237007e+18,False,1.0,0.5,0.2,0.0,0.0,slip_6_1,True,63,1,19,True,False,,first_valid_witness,645,645,1,1,1,1,0,645,False,0.0033943370217457414,-26.931361340822328,,,1.0
performance,P64_DENSE_EARLY,P64_DENSE_EARLY_c1_t19,64,56,0.875,dense,7.0,3446296389215404259,latent_osd_order2,3.446296389215404e+18,True,1.0,0.5,0.2,0.0,0.0,slip_6_1,True,63,1,19,True,False,,best_complete_marginal_score_in_osd_list,0,0,63,24,2607,2351,2351,148113,False,1.7733960440382361,-19.070481077026717,,,0.38095238095238093
performance,P64_SPARSE_EARLY,P64_SPARSE_EARLY_c0_t0,64,56,0.875,sparse,7.0,17122428624863685953,lsgrand_certified,1.711961387509658e+19,False,1.0,0.5,0.2,0.0,0.0,slip_6_1,True,63,0,0,True,True,0.0007077979641518795,strict_unseen_codeword_certificate,2851,2851,63,63,29,24,0,2851,False,0.04547609994187951,-10.019210805255026,19.0,150.05263157894737,1.0
performance,P64_SPARSE_EARLY,P64_SPARSE_EARLY_c0_t0,64,56,0.875,sparse,7.0,17122428624863685953,lsgrand_first_valid,1.7122428624863687e+19,True,1.0,0.5,0.2,0.0,0.0,slip_6_1,True,63,0,0,True,False,,first_valid_witness,15,15,63,12,1,1,0,15,False,0.001187736983411014,-10.0275581203434,,,0.19047619047619047
performance,P64_SPARSE_EARLY,P64_SPARSE_EARLY_c0_t0,64,56,0.875,sparse,7.0,17122428624863685953,per_state_grand_sweep,1.7122428624863687e+19,True,1.0,0.5,0.2,0.0,0.0,slip_6_1,True,63,0,0,True,False,,best_fixed_state_codeword,37330,37330,63,63,19,17,0,37330,True,0.17483649298083037,-10.0275581203434,,,1.0
performance,P64_SPARSE_EARLY,P64_SPARSE_EARLY_c0_t0,64,56,0.875,sparse,7.0,17122428624863685953,plain_reliability_grand,1.6255043037105711e+19,False,1.0,0.5,0.2,0.0,0.0,slip_6_1,True,63,0,0,True,False,,first_valid_witness,11877,11877,1,1,1,1,0,11877,False,0.06427139707375318,-28.541293382457912,,,1.0
performance,P64_SPARSE_EARLY,P64_SPARSE_EARLY_c0_t0,64,56,0.875,sparse,7.0,17122428624863685953,latent_osd_order2,1.711961387509658e+19,False,1.0,0.5,0.2,0.0,0.0,slip_6_1,True,63,0,0,True,False,,best_complete_marginal_score_in_osd_list,0,0,63,24,2607,2135,2135,134505,False,1.7137627119664103,-10.019198960365578,,,0.38095238095238093
performance,P64_SPARSE_EARLY,P64_SPARSE_EARLY_c0_t1,64,56,0.875,sparse,7.0,12749390940890608689,lsgrand_certified,1.274939094089061e+19,True,1.0,0.5,0.2,0.0,0.0,slip_6_3,True,63,0,1,True,True,0.04502703829055221,strict_unseen_codeword_certificate,1024,1024,63,63,6,6,0,1024,False,0.010257725953124464,-22.631435002778485,26.0,39.38461538461539,1.0
performance,P64_SPARSE_EARLY,P64_SPARSE_EARLY_c0_t1,64,56,0.875,sparse,7.0,12749390940890608689,lsgrand_first_valid,1.274939094089061e+19,True,1.0,0.5,0.2,0.0,0.0,slip_6_3,True,63,0,1,True,False,,first_valid_witness,26,26,63,13,1,1,0,26,False,0.0013495809398591518,-22.631435002778485,,,0.20634920634920634
performance,P64_SPARSE_EARLY,P64_SPARSE_EARLY_c0_t1,64,56,0.875,sparse,7.0,12749390940890608689,per_state_grand_sweep,1.274939094089061e+19,True,1.0,0.5,0.2,0.0,0.0,slip_6_3,True,63,0,1,True,False,,best_fixed_state_codeword,34597,34597,63,63,23,23,0,34597,True,0.1737016000552103,-22.631435002778485,,,1.0
performance,P64_SPARSE_EARLY,P64_SPARSE_EARLY_c0_t1,64,56,0.875,sparse,7.0,12749390940890608689,plain_reliability_grand,1.2747658719219184e+19,False,1.0,0.5,0.2,0.0,0.0,slip_6_3,True,63,0,1,True,False,,first_valid_witness,8108,8108,1,1,1,1,0,8108,False,0.045835159020498395,-38.146300647489625,,,1.0
performance,P64_SPARSE_EARLY,P64_SPARSE_EARLY_c0_t1,64,56,0.875,sparse,7.0,12749390940890608689,latent_osd_order2,1.274939094089061e+19,True,1.0,0.5,0.2,0.0,0.0,slip_6_3,True,63,0,1,True,False,,best_complete_marginal_score_in_osd_list,0,0,63,24,2607,2344,2344,147672,False,1.8359397399472073,-22.62850851947831,,,0.38095238095238093
performance,P64_SPARSE_EARLY,P64_SPARSE_EARLY_c0_t2,64,56,0.875,sparse,7.0,4516231054752632731,lsgrand_certified,4.5166822396143304e+18,False,1.0,0.5,0.2,0.0,0.0,slip_6_1,True,63,0,2,True,True,0.002222345040928886,strict_unseen_codeword_certificate,1167,1167,63,63,17,15,0,1167,False,0.015937068965286016,-15.018603071915965,6.0,194.5,1.0
performance,P64_SPARSE_EARLY,P64_SPARSE_EARLY_c0_t2,64,56,0.875,sparse,7.0,4516231054752632731,lsgrand_first_valid,4.5166822396143304e+18,False,1.0,0.5,0.2,0.0,0.0,slip_6_1,True,63,0,2,True,False,,first_valid_witness,6,6,63,1,1,1,0,6,False,0.0011762910289689898,-15.018603071915965,,,0.015873015873015872
performance,P64_SPARSE_EARLY,P64_SPARSE_EARLY_c0_t2,64,56,0.875,sparse,7.0,4516231054752632731,per_state_grand_sweep,4.5166822396143304e+18,False,1.0,0.5,0.2,0.0,0.0,slip_6_1,True,63,0,2,True,False,,best_fixed_state_codeword,31714,31714,63,63,28,23,0,31714,True,0.1558005849365145,-15.018603071915965,,,1.0
performance,P64_SPARSE_EARLY,P64_SPARSE_EARLY_c0_t2,64,56,0.875,sparse,7.0,4516231054752632731,plain_reliability_grand,4.5166822396143304e+18,False,1.0,0.5,0.2,0.0,0.0,slip_6_1,True,63,0,2,True,False,,first_valid_witness,6,6,1,1,1,1,0,6,False,6.678106728941202e-05,-14.32545589135602,,,1.0
performance,P64_SPARSE_EARLY,P64_SPARSE_EARLY_c0_t2,64,56,0.875,sparse,7.0,4516231054752632731,latent_osd_order2,4.5166822396143304e+18,False,1.0,0.5,0.2,0.0,0.0,slip_6_1,True,63,0,2,True,False,,best_complete_marginal_score_in_osd_list,0,0,63,24,2607,1945,1945,122535,False,1.5858929039677605,-15.018591499433844,,,0.38095238095238093
performance,P64_SPARSE_EARLY,P64_SPARSE_EARLY_c0_t3,64,56,0.875,sparse,7.0,8583513432475947692,lsgrand_certified,8.579009832815023e+18,False,1.0,0.5,0.2,0.0,0.0,slip_6_3,True,63,0,3,True,True,1.1327955277806723e-05,strict_unseen_codeword_certificate,16896,16896,63,63,122,116,0,16896,False,0.6861852840520442,-24.06071913958713,22.0,768.0,1.0
performance,P64_SPARSE_EARLY,P64_SPARSE_EARLY_c0_t3,64,56,0.875,sparse,7.0,8583513432475947692,lsgrand_first_valid,8.579009832815023e+18,False,1.0,0.5,0.2,0.0,0.0,slip_6_3,True,63,0,3,True,False,,first_valid_witness,22,22,63,11,1,1,0,22,False,0.0014408299466595054,-24.062694916695786,,,0.1746031746031746
performance,P64_SPARSE_EARLY,P64_SPARSE_EARLY_c0_t3,64,56,0.875,sparse,7.0,8583513432475947692,per_state_grand_sweep,8.579009832815023e+18,False,1.0,0.5,0.2,0.0,0.0,slip_6_3,True,63,0,3,True,False,,best_fixed_state_codeword,26714,26714,63,63,38,36,0,26714,True,0.13337928394321352,-24.062694916695786,,,1.0
performance,P64_SPARSE_EARLY,P64_SPARSE_EARLY_c0_t3,64,56,0.875,sparse,7.0,8583513432475947692,plain_reliability_grand,8.581772555640094e+18,False,1.0,0.5,0.2,0.0,0.0,slip_6_3,True,63,0,3,True,False,,first_valid_witness,5494,5494,1,1,1,1,0,5494,False,0.031490199035033584,-37.45699158787038,,,1.0
performance,P64_SPARSE_EARLY,P64_SPARSE_EARLY_c0_t3,64,56,0.875,sparse,7.0,8583513432475947692,latent_osd_order2,8.579009832815023e+18,False,1.0,0.5,0.2,0.0,0.0,slip_6_3,True,63,0,3,True,False,,best_complete_marginal_score_in_osd_list,0,0,63,24,2607,2295,2295,144585,False,1.7695389250293374,-24.06068865880378,,,0.38095238095238093
performance,P64_SPARSE_EARLY,P64_SPARSE_EARLY_c0_t4,64,56,0.875,sparse,7.0,2501406609575102502,lsgrand_certified,2.5014066095751025e+18,True,1.0,0.5,0.2,0.0,0.0,slip_6_1,True,63,0,4,True,True,0.08171632661697004,strict_unseen_codeword_certificate,576,576,63,63,2,2,0,576,False,0.005040989024564624,-23.151653079308712,19.0,30.31578947368421,1.0
performance,P64_SPARSE_EARLY,P64_SPARSE_EARLY_c0_t4,64,56,0.875,sparse,7.0,2501406609575102502,lsgrand_first_valid,2.5014066095751025e+18,True,1.0,0.5,0.2,0.0,0.0,slip_6_1,True,63,0,4,True,False,,first_valid_witness,19,19,63,12,1,1,0,19,False,0.0011464980198070407,-23.151653079308712,,,0.19047619047619047
performance,P64_SPARSE_EARLY,P64_SPARSE_EARLY_c0_t4,64,56,0.875,sparse,7.0,2501406609575102502,per_state_grand_sweep,2.5014066095751025e+18,True,1.0,0.5,0.2,0.0,0.0,slip_6_1,True,63,0,4,True,False,,best_fixed_state_codeword,32733,32733,63,63,29,25,0,32733,True,0.16163443797267973,-23.151653079308712,,,1.0
performance,P64_SPARSE_EARLY,P64_SPARSE_EARLY_c0_t4,64,56,0.875,sparse,7.0,2501406609575102502,plain_reliability_grand,2.500181858334879e+18,False,1.0,0.5,0.2,0.0,0.0,slip_6_1,True,63,0,4,True,False,,first_valid_witness,43900,43900,1,1,1,1,0,43900,False,0.2503292269539088,-43.210932859757804,,,1.0
performance,P64_SPARSE_EARLY,P64_SPARSE_EARLY_c0_t4,64,56,0.875,sparse,7.0,2501406609575102502,latent_osd_order2,2.5014066095751025e+18,True,1.0,0.5,0.2,0.0,0.0,slip_6_1,True,63,0,4,True,False,,best_complete_marginal_score_in_osd_list,0,0,63,24,2607,2338,2338,147294,False,1.7715048649115488,-23.151420777144793,,,0.38095238095238093
performance,P64_SPARSE_EARLY,P64_SPARSE_EARLY_c0_t5,64,56,0.875,sparse,7.0,14551761302905524598,lsgrand_certified,1.4551761302905524e+19,True,1.0,0.5,0.2,0.0,0.0,slip_6_1,True,63,0,5,True,True,0.06596017683972377,strict_unseen_codeword_certificate,1216,1216,63,63,9,8,0,1216,False,0.01153223600704223,-18.61015655848109,88.0,13.818181818181818,1.0
performance,P64_SPARSE_EARLY,P64_SPARSE_EARLY_c0_t5,64,56,0.875,sparse,7.0,14551761302905524598,lsgrand_first_valid,1.4551761302905524e+19,True,1.0,0.5,0.2,0.0,0.0,slip_6_1,True,63,0,5,True,False,,first_valid_witness,88,88,63,63,1,1,0,88,False,0.0015989410458132625,-18.61015655848109,,,1.0
performance,P64_SPARSE_EARLY,P64_SPARSE_EARLY_c0_t5,64,56,0.875,sparse,7.0,14551761302905524598,per_state_grand_sweep,1.4551761302905524e+19,True,1.0,0.5,0.2,0.0,0.0,slip_6_1,True,63,0,5,True,False,,best_fixed_state_codeword,37925,37925,63,63,21,20,0,37925,True,0.18945003498811275,-18.61015655848109,,,1.0
performance,P64_SPARSE_EARLY,P64_SPARSE_EARLY_c0_t5,64,56,0.875,sparse,7.0,14551761302905524598,plain_reliability_grand,1.455438985197157e+19,False,1.0,0.5,0.2,0.0,0.0,slip_6_1,True,63,0,5,True,False,,first_valid_witness,1204,1204,1,1,1,1,0,1204,False,0.0067674999590963125,-27.161692628285977,,,1.0
performance,P64_SPARSE_EARLY,P64_SPARSE_EARLY_c0_t5,64,56,0.875,sparse,7.0,14551761302905524598,latent_osd_order2,1.4551761302905524e+19,True,1.0,0.5,0.2,0.0,0.0,slip_6_1,True,63,0,5,True,False,,best_complete_marginal_score_in_osd_list,0,0,63,24,2607,2093,2093,131859,False,1.7133276810636744,-18.609826042437824,,,0.38095238095238093
performance,P64_SPARSE_EARLY,P64_SPARSE_EARLY_c0_t6,64,56,0.875,sparse,7.0,16586460670913159150,lsgrand_certified,1.657741828728633e+19,False,1.0,0.5,0.2,0.0,0.0,slip_6_1,True,63,0,6,True,True,0.09285428262293749,strict_unseen_codeword_certificate,576,576,63,63,3,3,0,576,False,0.005553475930355489,-20.883635000525008,16.0,36.0,1.0
performance,P64_SPARSE_EARLY,P64_SPARSE_EARLY_c0_t6,64,56,0.875,sparse,7.0,16586460670913159150,lsgrand_first_valid,1.657741828728633e+19,False,1.0,0.5,0.2,0.0,0.0,slip_6_1,True,63,0,6,True,False,,first_valid_witness,16,16,63,10,1,1,0,16,False,0.0012335169594734907,-20.883635000525008,,,0.15873015873015872
performance,P64_SPARSE_EARLY,P64_SPARSE_EARLY_c0_t6,64,56,0.875,sparse,7.0,16586460670913159150,per_state_grand_sweep,1.657741828728633e+19,False,1.0,0.5,0.2,0.0,0.0,slip_6_1,True,63,0,6,True,False,,best_fixed_state_codeword,39963,39963,63,63,17,14,0,39963,True,0.20021485991310328,-20.883635000525008,,,1.0
performance,P64_SPARSE_EARLY,P64_SPARSE_EARLY_c0_t6,64,56,0.875,sparse,7.0,16586460670913159150,plain_reliability_grand,1.6584307356454783e+19,False,1.0,0.5,0.2,0.0,0.0,slip_6_1,True,63,0,6,True,False,,first_valid_witness,150,150,1,1,1,1,0,150,False,0.0008527589961886406,-26.830626506540426,,,1.0
performance,P64_SPARSE_EARLY,P64_SPARSE_EARLY_c0_t6,64,56,0.875,sparse,7.0,16586460670913159150,latent_osd_order2,1.657741828728633e+19,False,1.0,0.5,0.2,0.0,0.0,slip_6_1,True,63,0,6,True,False,,best_complete_marginal_score_in_osd_list,0,0,63,24,2607,2140,2140,134820,False,1.7187405709410086,-20.873060903023028,,,0.38095238095238093
performance,P64_SPARSE_EARLY,P64_SPARSE_EARLY_c0_t7,64,56,0.875,sparse,7.0,10624235608336636362,lsgrand_certified,1.0624235608336636e+19,True,1.0,0.5,0.2,0.0,0.0,slip_6_3,True,63,0,7,True,True,0.0027913617199182283,strict_unseen_codeword_certificate,4736,4736,63,63,27,27,0,4736,False,0.06565118604339659,-21.438703582080755,232.0,20.413793103448278,1.0
performance,P64_SPARSE_EARLY,P64_SPARSE_EARLY_c0_t7,64,56,0.875,sparse,7.0,10624235608336636362,lsgrand_first_valid,1.0624235608336636e+19,True,1.0,0.5,0.2,0.0,0.0,slip_6_3,True,63,0,7,True,False,,first_valid_witness,232,232,63,63,1,1,0,232,False,0.0028022238984704018,-21.438703582080755,,,1.0
performance,P64_SPARSE_EARLY,P64_SPARSE_EARLY_c0_t7,64,56,0.875,sparse,7.0,10624235608336636362,per_state_grand_sweep,1.0624235608336636e+19,True,1.0,0.5,0.2,0.0,0.0,slip_6_3,True,63,0,7,True,False,,best_fixed_state_codeword,33802,33802,63,63,27,25,0,33802,True,0.16732883092481643,-21.438703582080755,,,1.0
performance,P64_SPARSE_EARLY,P64_SPARSE_EARLY_c0_t7,64,56,0.875,sparse,7.0,10624235608336636362,plain_reliability_grand,1.0616672803776911e+19,False,1.0,0.5,0.2,0.0,0.0,slip_6_3,True,63,0,7,True,False,,first_valid_witness,1375,1375,1,1,1,1,0,1375,False,0.007528234971687198,-29.908587891683844,,,1.0
performance,P64_SPARSE_EARLY,P64_SPARSE_EARLY_c0_t7,64,56,0.875,sparse,7.0,10624235608336636362,latent_osd_order2,1.0624235608336636e+19,True,1.0,0.5,0.2,0.0,0.0,slip_6_3,True,63,0,7,True,False,,best_complete_marginal_score_in_osd_list,0,0,63,24,2607,2293,2293,144459,False,1.8004701229510829,-21.43862940650599,,,0.38095238095238093
performance,P64_SPARSE_EARLY,P64_SPARSE_EARLY_c0_t8,64,56,0.875,sparse,7.0,11857950047612340636,lsgrand_certified,1.1857879678868163e+19,False,1.0,0.5,0.2,0.0,0.0,slip_6_3,True,63,0,8,True,True,0.012105852347527701,strict_unseen_codeword_certificate,2880,2880,63,63,9,9,0,2880,False,0.025564701994881034,-23.78948460057728,233.0,12.360515021459227,1.0
performance,P64_SPARSE_EARLY,P64_SPARSE_EARLY_c0_t8,64,56,0.875,sparse,7.0,11857950047612340636,lsgrand_first_valid,1.1857879678868163e+19,False,1.0,0.5,0.2,0.0,0.0,slip_6_3,True,63,0,8,True,False,,first_valid_witness,233,233,63,63,1,1,0,233,False,0.0023364709923043847,-23.78948460057728,,,1.0
performance,P64_SPARSE_EARLY,P64_SPARSE_EARLY_c0_t8,64,56,0.875,sparse,7.0,11857950047612340636,per_state_grand_sweep,1.1857879678868163e+19,False,1.0,0.5,0.2,0.0,0.0,slip_6_3,True,63,0,8,True,False,,best_fixed_state_codeword,35534,35534,63,63,27,24,0,35534,True,0.1777713099727407,-23.78948460057728,,,1.0
performance,P64_SPARSE_EARLY,P64_SPARSE_EARLY_c0_t8,64,56,0.875,sparse,7.0,11857950047612340636,plain_reliability_grand,1.1856583811361411e+19,False,1.0,0.5,0.2,0.0,0.0,slip_6_3,True,63,0,8,True,False,,first_valid_witness,10365,10365,1,1,1,1,0,10365,False,0.05874065600801259,-36.77915445639661,,,1.0
performance,P64_SPARSE_EARLY,P64_SPARSE_EARLY_c0_t8,64,56,0.875,sparse,7.0,11857950047612340636,latent_osd_order2,1.1857879678868163e+19,False,1.0,0.5,0.2,0.0,0.0,slip_6_3,True,63,0,8,True,False,,best_complete_marginal_score_in_osd_list,0,0,63,24,2607,2287,2287,144081,False,1.8561529909493402,-23.788268695436116,,,0.38095238095238093
performance,P64_SPARSE_EARLY,P64_SPARSE_EARLY_c0_t9,64,56,0.875,sparse,7.0,17418649755506819787,lsgrand_certified,1.741864975550682e+19,True,1.0,0.5,0.2,0.0,0.0,slip_6_1,True,63,0,9,True,True,0.1358151337504161,strict_unseen_codeword_certificate,384,384,63,63,1,1,0,384,False,0.004024400957860053,-17.77452843799918,17.0,22.58823529411765,1.0
performance,P64_SPARSE_EARLY,P64_SPARSE_EARLY_c0_t9,64,56,0.875,sparse,7.0,17418649755506819787,lsgrand_first_valid,1.741864975550682e+19,True,1.0,0.5,0.2,0.0,0.0,slip_6_1,True,63,0,9,True,False,,first_valid_witness,17,17,63,12,1,1,0,17,False,0.0013188860611990094,-17.77452843799918,,,0.19047619047619047
performance,P64_SPARSE_EARLY,P64_SPARSE_EARLY_c0_t9,64,56,0.875,sparse,7.0,17418649755506819787,per_state_grand_sweep,1.741864975550682e+19,True,1.0,0.5,0.2,0.0,0.0,slip_6_1,True,63,0,9,True,False,,best_fixed_state_codeword,40320,40320,63,63,15,13,0,40320,True,0.21786551596596837,-17.77452843799918,,,1.0
performance,P64_SPARSE_EARLY,P64_SPARSE_EARLY_c0_t9,64,56,0.875,sparse,7.0,17418649755506819787,plain_reliability_grand,,False,1.0,0.5,0.2,0.0,0.0,slip_6_1,True,63,0,9,False,False,,query_cap_or_exhaustion,50000,50000,1,1,0,0,0,50000,True,0.3612493369728327,,,,1.0
performance,P64_SPARSE_EARLY,P64_SPARSE_EARLY_c0_t9,64,56,0.875,sparse,7.0,17418649755506819787,latent_osd_order2,1.741864975550682e+19,True,1.0,0.5,0.2,0.0,0.0,slip_6_1,True,63,0,9,True,False,,best_complete_marginal_score_in_osd_list,0,0,63,24,2607,2142,2142,134946,False,1.8337910789996386,-17.77410424388656,,,0.38095238095238093
performance,P64_SPARSE_EARLY,P64_SPARSE_EARLY_c0_t10,64,56,0.875,sparse,7.0,4035357967334998062,lsgrand_certified,4.038073939513344e+18,False,1.0,0.5,0.2,0.0,0.0,slip_6_1,True,63,0,10,True,True,0.001397807139984053,strict_unseen_codeword_certificate,3968,3968,63,63,53,46,0,3968,False,0.09320103493519127,-17.466059833139646,55.0,72.14545454545454,1.0
performance,P64_SPARSE_EARLY,P64_SPARSE_EARLY_c0_t10,64,56,0.875,sparse,7.0,4035357967334998062,lsgrand_first_valid,4.039861566995923e+18,False,1.0,0.5,0.2,0.0,0.0,slip_6_1,True,63,0,10,True,False,,first_valid_witness,28,28,63,10,1,1,0,28,False,0.0013910220004618168,-17.555807359592066,,,0.15873015873015872
performance,P64_SPARSE_EARLY,P64_SPARSE_EARLY_c0_t10,64,56,0.875,sparse,7.0,4035357967334998062,per_state_grand_sweep,4.039861566995923e+18,False,1.0,0.5,0.2,0.0,0.0,slip_6_1,True,63,0,10,True,False,,best_fixed_state_codeword,24706,24706,63,63,37,32,0,24706,True,0.12226059206295758,-17.555807359592066,,,1.0
performance,P64_SPARSE_EARLY,P64_SPARSE_EARLY_c0_t10,64,56,0.875,sparse,7.0,4035357967334998062,plain_reliability_grand,4.037510989584661e+18,False,1.0,0.5,0.2,0.0,0.0,slip_6_1,True,63,0,10,True,False,,first_valid_witness,145,145,1,1,1,1,0,145,False,0.0008324879454448819,-20.99972575852207,,,1.0
performance,P64_SPARSE_EARLY,P64_SPARSE_EARLY_c0_t10,64,56,0.875,sparse,7.0,4035357967334998062,latent_osd_order2,4.038073939513344e+18,False,1.0,0.5,0.2,0.0,0.0,slip_6_1,True,63,0,10,True,False,,best_complete_marginal_score_in_osd_list,0,0,63,24,2607,2244,2244,141372,False,1.8365704149473459,-17.466057903783152,,,0.38095238095238093
performance,P64_SPARSE_EARLY,P64_SPARSE_EARLY_c0_t11,64,56,0.875,sparse,7.0,10132266902805328129,lsgrand_certified,1.010524530504117e+19,False,1.0,0.5,0.2,0.0,0.0,slip_6_1,True,63,0,11,True,True,7.28989869926977e-05,strict_unseen_codeword_certificate,8384,8384,63,63,90,84,0,8384,False,0.34111994702834636,-21.588787808952382,104.0,80.61538461538461,1.0
performance,P64_SPARSE_EARLY,P64_SPARSE_EARLY_c0_t11,64,56,0.875,sparse,7.0,10132266902805328129,lsgrand_first_valid,1.010524530504117e+19,False,1.0,0.5,0.2,0.0,0.0,slip_6_1,True,63,0,11,True,False,,first_valid_witness,104,104,63,63,1,1,0,104,False,0.0021219089394435287,-21.601709503167847,,,1.0
performance,P64_SPARSE_EARLY,P64_SPARSE_EARLY_c0_t11,64,56,0.875,sparse,7.0,10132266902805328129,per_state_grand_sweep,1.010524530504117e+19,False,1.0,0.5,0.2,0.0,0.0,slip_6_1,True,63,0,11,True,False,,best_fixed_state_codeword,24650,24650,63,63,42,37,0,24650,True,0.14996705402154475,-21.601709503167847,,,1.0
performance,P64_SPARSE_EARLY,P64_SPARSE_EARLY_c0_t11,64,56,0.875,sparse,7.0,10132266902805328129,plain_reliability_grand,1.0274027462211852e+19,False,1.0,0.5,0.2,0.0,0.0,slip_6_1,True,63,0,11,True,False,,first_valid_witness,69,69,1,1,1,1,0,69,False,0.0004838099703192711,-21.99319966295422,,,1.0
performance,P64_SPARSE_EARLY,P64_SPARSE_EARLY_c0_t11,64,56,0.875,sparse,7.0,10132266902805328129,latent_osd_order2,1.010524530504117e+19,False,1.0,0.5,0.2,0.0,0.0,slip_6_1,True,63,0,11,True,False,,best_complete_marginal_score_in_osd_list,0,0,63,24,2607,2234,2234,140742,False,2.128018701914698,-21.58858363066145,,,0.38095238095238093
performance,P64_SPARSE_EARLY,P64_SPARSE_EARLY_c0_t12,64,56,0.875,sparse,7.0,14648122057288932925,lsgrand_certified,1.4648122057288933e+19,True,1.0,0.5,0.2,0.0,0.0,slip_6_3,True,63,0,12,True,True,0.153056097648804,strict_unseen_codeword_certificate,576,576,63,63,2,2,0,576,False,0.006357467034831643,-17.615652659112556,20.0,28.8,1.0
performance,P64_SPARSE_EARLY,P64_SPARSE_EARLY_c0_t12,64,56,0.875,sparse,7.0,14648122057288932925,lsgrand_first_valid,1.4648122057288933e+19,True,1.0,0.5,0.2,0.0,0.0,slip_6_3,True,63,0,12,True,False,,first_valid_witness,20,20,63,13,1,1,0,20,False,0.001504697953350842,-17.615652659112556,,,0.20634920634920634
performance,P64_SPARSE_EARLY,P64_SPARSE_EARLY_c0_t12,64,56,0.875,sparse,7.0,14648122057288932925,per_state_grand_sweep,1.4648122057288933e+19,True,1.0,0.5,0.2,0.0,0.0,slip_6_3,True,63,0,12,True,False,,best_fixed_state_codeword,37035,37035,63,63,22,21,0,37035,True,0.22559889091644436,-17.615652659112556,,,1.0
performance,P64_SPARSE_EARLY,P64_SPARSE_EARLY_c0_t12,64,56,0.875,sparse,7.0,14648122057288932925,plain_reliability_grand,1.4646055411765934e+19,False,1.0,0.5,0.2,0.0,0.0,slip_6_3,True,63,0,12,True,False,,first_valid_witness,8561,8561,1,1,1,1,0,8561,False,0.05778534198179841,-35.67522068196979,,,1.0
performance,P64_SPARSE_EARLY,P64_SPARSE_EARLY_c0_t12,64,56,0.875,sparse,7.0,14648122057288932925,latent_osd_order2,1.4648122057288933e+19,True,1.0,0.5,0.2,0.0,0.0,slip_6_3,True,63,0,12,True,False,,best_complete_marginal_score_in_osd_list,0,0,63,24,2607,2326,2326,146538,False,2.039215554948896,-17.615645441664533,,,0.38095238095238093
performance,P64_SPARSE_EARLY,P64_SPARSE_EARLY_c0_t13,64,56,0.875,sparse,7.0,17151029469867197558,lsgrand_certified,1.8015202490816537e+19,False,1.0,0.5,0.2,0.0,0.0,slip_6_1,True,63,0,13,True,True,0.0018945280306361667,strict_unseen_codeword_certificate,6656,6656,63,63,39,37,0,6656,False,0.12001976103056222,-24.34850748096208,125.0,53.248,1.0
performance,P64_SPARSE_EARLY,P64_SPARSE_EARLY_c0_t13,64,56,0.875,sparse,7.0,17151029469867197558,lsgrand_first_valid,1.8015202490816537e+19,False,1.0,0.5,0.2,0.0,0.0,slip_6_1,True,63,0,13,True,False,,first_valid_witness,125,125,63,59,1,1,0,125,False,0.0020713870180770755,-24.34850748096208,,,0.9365079365079365
performance,P64_SPARSE_EARLY,P64_SPARSE_EARLY_c0_t13,64,56,0.875,sparse,7.0,17151029469867197558,per_state_grand_sweep,1.8015202490816537e+19,False,1.0,0.5,0.2,0.0,0.0,slip_6_1,True,63,0,13,True,False,,best_fixed_state_codeword,30372,30372,63,63,35,34,0,30372,True,0.16749290493316948,-24.34850748096208,,,1.0
performance,P64_SPARSE_EARLY,P64_SPARSE_EARLY_c0_t13,64,56,0.875,sparse,7.0,17151029469867197558,plain_reliability_grand,1.686228098594127e+19,False,1.0,0.5,0.2,0.0,0.0,slip_6_1,True,63,0,13,True,False,,first_valid_witness,144,144,1,1,1,1,0,144,False,0.0008492809720337391,-25.45609621248849,,,1.0
performance,P64_SPARSE_EARLY,P64_SPARSE_EARLY_c0_t13,64,56,0.875,sparse,7.0,17151029469867197558,latent_osd_order2,1.8015202490816537e+19,False,1.0,0.5,0.2,0.0,0.0,slip_6_1,True,63,0,13,True,False,,best_complete_marginal_score_in_osd_list,0,0,63,24,2607,2309,2309,145467,False,1.9800740209175274,-24.34633099577603,,,0.38095238095238093
performance,P64_SPARSE_EARLY,P64_SPARSE_EARLY_c0_t14,64,56,0.875,sparse,7.0,7182682069879969649,lsgrand_certified,8.334006711783719e+18,False,1.0,0.5,0.2,0.0,0.0,slip_6_3,True,63,0,14,True,True,0.03639574938401324,strict_unseen_codeword_certificate,960,960,63,63,15,14,0,960,False,0.015088669955730438,-16.728338666744712,11.0,87.27272727272727,1.0
performance,P64_SPARSE_EARLY,P64_SPARSE_EARLY_c0_t14,64,56,0.875,sparse,7.0,7182682069879969649,lsgrand_first_valid,8.334006711783719e+18,False,1.0,0.5,0.2,0.0,0.0,slip_6_3,True,63,0,14,True,False,,first_valid_witness,11,11,63,1,1,1,0,11,False,0.0014387430856004357,-16.728338666744712,,,0.015873015873015872
performance,P64_SPARSE_EARLY,P64_SPARSE_EARLY_c0_t14,64,56,0.875,sparse,7.0,7182682069879969649,per_state_grand_sweep,8.334006711783719e+18,False,1.0,0.5,0.2,0.0,0.0,slip_6_3,True,63,0,14,True,False,,best_fixed_state_codeword,27644,27644,63,63,33,28,0,27644,True,0.14660943893250078,-16.728338666744712,,,1.0
performance,P64_SPARSE_EARLY,P64_SPARSE_EARLY_c0_t14,64,56,0.875,sparse,7.0,7182682069879969649,plain_reliability_grand,8.334006711783719e+18,False,1.0,0.5,0.2,0.0,0.0,slip_6_3,True,63,0,14,True,False,,first_valid_witness,11,11,1,1,1,1,0,11,False,9.883299935609102e-05,-16.035191486184765,,,1.0
performance,P64_SPARSE_EARLY,P64_SPARSE_EARLY_c0_t14,64,56,0.875,sparse,7.0,7182682069879969649,latent_osd_order2,8.334006711783719e+18,False,1.0,0.5,0.2,0.0,0.0,slip_6_3,True,63,0,14,True,False,,best_complete_marginal_score_in_osd_list,0,0,63,24,2607,2265,2265,142695,False,1.9051382320467383,-16.72833831774336,,,0.38095238095238093
performance,P64_SPARSE_EARLY,P64_SPARSE_EARLY_c0_t15,64,56,0.875,sparse,7.0,9551306136942681174,lsgrand_certified,9.550825232044925e+18,False,1.0,0.5,0.2,0.0,0.0,slip_6_3,True,63,0,15,True,True,1.0515937336919023e-05,strict_unseen_codeword_certificate,18238,18238,63,63,132,120,0,18238,False,0.8760518199997023,-20.277426224414867,60.0,303.96666666666664,1.0
performance,P64_SPARSE_EARLY,P64_SPARSE_EARLY_c0_t15,64,56,0.875,sparse,7.0,9551306136942681174,lsgrand_first_valid,9.550180271395578e+18,False,1.0,0.5,0.2,0.0,0.0,slip_6_3,True,63,0,15,True,False,,first_valid_witness,26,26,63,15,1,1,0,26,False,0.001678445958532393,-20.281682934815557,,,0.23809523809523808
performance,P64_SPARSE_EARLY,P64_SPARSE_EARLY_c0_t15,64,56,0.875,sparse,7.0,9551306136942681174,per_state_grand_sweep,9.550180271395578e+18,False,1.0,0.5,0.2,0.0,0.0,slip_6_3,True,63,0,15,True,False,,best_fixed_state_codeword,26820,26820,63,63,39,35,0,26820,True,0.19811725593172014,-20.281682934815557,,,1.0
performance,P64_SPARSE_EARLY,P64_SPARSE_EARLY_c0_t15,64,56,0.875,sparse,7.0,9551306136942681174,plain_reliability_grand,9.550755964959881e+18,False,1.0,0.5,0.2,0.0,0.0,slip_6_3,True,63,0,15,True,False,,first_valid_witness,571,571,1,1,1,1,0,571,False,0.0050346089992672205,-26.733963539643476,,,1.0
performance,P64_SPARSE_EARLY,P64_SPARSE_EARLY_c0_t15,64,56,0.875,sparse,7.0,9551306136942681174,latent_osd_order2,9.550825232044925e+18,False,1.0,0.5,0.2,0.0,0.0,slip_6_3,True,63,0,15,True,False,,best_complete_marginal_score_in_osd_list,0,0,63,24,2607,2147,2147,135261,False,1.9990197169827297,-20.277425825318563,,,0.38095238095238093
performance,P64_SPARSE_EARLY,P64_SPARSE_EARLY_c0_t16,64,56,0.875,sparse,7.0,11690246229880752119,lsgrand_certified,1.22915471488789e+19,False,1.0,0.5,0.2,0.0,0.0,slip_6_3,True,63,0,16,True,True,0.0024681982317531492,strict_unseen_codeword_certificate,24640,24640,63,63,36,36,0,24640,False,0.38912740000523627,-22.109328943000122,1924.0,12.806652806652806,1.0
performance,P64_SPARSE_EARLY,P64_SPARSE_EARLY_c0_t16,64,56,0.875,sparse,7.0,11690246229880752119,lsgrand_first_valid,1.22915471488789e+19,False,1.0,0.5,0.2,0.0,0.0,slip_6_3,True,63,0,16,True,False,,first_valid_witness,1924,1924,63,63,1,1,0,1924,False,0.013259466970339417,-22.109328943000122,,,1.0
performance,P64_SPARSE_EARLY,P64_SPARSE_EARLY_c0_t16,64,56,0.875,sparse,7.0,11690246229880752119,per_state_grand_sweep,1.22915471488789e+19,False,1.0,0.5,0.2,0.0,0.0,slip_6_3,True,63,0,16,True,False,,best_fixed_state_codeword,44155,44155,63,63,13,13,0,44155,True,0.24252426205202937,-22.109328943000122,,,1.0
performance,P64_SPARSE_EARLY,P64_SPARSE_EARLY_c0_t16,64,56,0.875,sparse,7.0,11690246229880752119,plain_reliability_grand,1.1618147207597646e+19,False,1.0,0.5,0.2,0.0,0.0,slip_6_3,True,63,0,16,True,False,,first_valid_witness,15775,15775,1,1,1,1,0,15775,False,0.10162055992987007,-31.27700450446324,,,1.0
performance,P64_SPARSE_EARLY,P64_SPARSE_EARLY_c0_t16,64,56,0.875,sparse,7.0,11690246229880752119,latent_osd_order2,1.22915471488789e+19,False,1.0,0.5,0.2,0.0,0.0,slip_6_3,True,63,0,16,True,False,,best_complete_marginal_score_in_osd_list,0,0,63,24,2607,2254,2254,142002,False,1.9389340090565383,-22.109270327602573,,,0.38095238095238093
performance,P64_SPARSE_EARLY,P64_SPARSE_EARLY_c0_t17,64,56,0.875,sparse,7.0,3924504752095067039,lsgrand_certified,3.9216900023111834e+18,False,1.0,0.5,0.2,0.0,0.0,slip_6_3,True,63,0,17,True,False,-0.04620994251344257,query_cap_before_certificate,50000,50000,63,63,291,267,0,50000,True,4.3048191600246355,-33.63687279451413,180.0,277.77777777777777,1.0
performance,P64_SPARSE_EARLY,P64_SPARSE_EARLY_c0_t17,64,56,0.875,sparse,7.0,3924504752095067039,lsgrand_first_valid,3.9200011524509194e+18,False,1.0,0.5,0.2,0.0,0.0,slip_6_3,True,63,0,17,True,False,,first_valid_witness,176,176,63,13,1,1,0,176,False,0.0024888879852369428,-33.642424578821576,,,0.20634920634920634
performance,P64_SPARSE_EARLY,P64_SPARSE_EARLY_c0_t17,64,56,0.875,sparse,7.0,3924504752095067039,per_state_grand_sweep,3.9200011524509194e+18,False,1.0,0.5,0.2,0.0,0.0,slip_6_3,True,63,0,17,True,False,,best_fixed_state_codeword,38822,38822,63,63,18,16,0,38822,True,0.1956780729815364,-33.642424578821576,,,1.0
performance,P64_SPARSE_EARLY,P64_SPARSE_EARLY_c0_t17,64,56,0.875,sparse,7.0,3924504752095067039,plain_reliability_grand,1.4760694790865475e+18,False,1.0,0.5,0.2,0.0,0.0,slip_6_3,True,63,0,17,True,False,,first_valid_witness,15235,15235,1,1,1,1,0,15235,False,0.0938701790291816,-43.13959711994324,,,1.0
performance,P64_SPARSE_EARLY,P64_SPARSE_EARLY_c0_t17,64,56,0.875,sparse,7.0,3924504752095067039,latent_osd_order2,3.9216900023111834e+18,False,1.0,0.5,0.2,0.0,0.0,slip_6_3,True,63,0,17,True,False,,best_complete_marginal_score_in_osd_list,0,0,63,24,2607,2204,2204,138852,False,1.8963736159494147,-33.63686974763072,,,0.38095238095238093
performance,P64_SPARSE_EARLY,P64_SPARSE_EARLY_c0_t18,64,56,0.875,sparse,7.0,8485799009110702959,lsgrand_certified,8.485799009110703e+18,True,1.0,0.5,0.2,0.0,0.0,slip_6_3,True,63,0,18,True,True,0.19924224817397373,strict_unseen_codeword_certificate,448,448,63,63,4,4,0,448,False,0.005272723035886884,-14.981919865529566,18.0,24.88888888888889,1.0
performance,P64_SPARSE_EARLY,P64_SPARSE_EARLY_c0_t18,64,56,0.875,sparse,7.0,8485799009110702959,lsgrand_first_valid,8.485799009110703e+18,True,1.0,0.5,0.2,0.0,0.0,slip_6_3,True,63,0,18,True,False,,first_valid_witness,18,18,63,13,1,1,0,18,False,0.0013427839148789644,-14.981919865529566,,,0.20634920634920634
performance,P64_SPARSE_EARLY,P64_SPARSE_EARLY_c0_t18,64,56,0.875,sparse,7.0,8485799009110702959,per_state_grand_sweep,8.485799009110703e+18,True,1.0,0.5,0.2,0.0,0.0,slip_6_3,True,63,0,18,True,False,,best_fixed_state_codeword,36927,36927,63,63,21,21,0,36927,True,0.1965501509839669,-14.981919865529566,,,1.0
performance,P64_SPARSE_EARLY,P64_SPARSE_EARLY_c0_t18,64,56,0.875,sparse,7.0,8485799009110702959,plain_reliability_grand,8.48540998054276e+18,False,1.0,0.5,0.2,0.0,0.0,slip_6_3,True,63,0,18,True,False,,first_valid_witness,192,192,1,1,1,1,0,192,False,0.0011574679519981146,-21.802996228263233,,,1.0
performance,P64_SPARSE_EARLY,P64_SPARSE_EARLY_c0_t18,64,56,0.875,sparse,7.0,8485799009110702959,latent_osd_order2,8.485799009110703e+18,True,1.0,0.5,0.2,0.0,0.0,slip_6_3,True,63,0,18,True,False,,best_complete_marginal_score_in_osd_list,0,0,63,24,2607,2258,2258,142254,False,1.873338052071631,-14.969613159331447,,,0.38095238095238093
performance,P64_SPARSE_EARLY,P64_SPARSE_EARLY_c0_t19,64,56,0.875,sparse,7.0,5558292902880418406,lsgrand_certified,5.558292902880419e+18,True,1.0,0.5,0.2,0.0,0.0,slip_6_1,True,63,0,19,True,True,2.2572142803767292e-06,strict_unseen_codeword_certificate,12096,12096,63,63,79,73,0,12096,False,0.3796448149951175,-27.37894742583477,31.0,390.19354838709677,1.0
performance,P64_SPARSE_EARLY,P64_SPARSE_EARLY_c0_t19,64,56,0.875,sparse,7.0,5558292902880418406,lsgrand_first_valid,5.558292902880419e+18,True,1.0,0.5,0.2,0.0,0.0,slip_6_1,True,63,0,19,True,False,,first_valid_witness,31,31,63,12,1,1,0,31,False,0.0015737779904156923,-27.4071763772828,,,0.19047619047619047
performance,P64_SPARSE_EARLY,P64_SPARSE_EARLY_c0_t19,64,56,0.875,sparse,7.0,5558292902880418406,per_state_grand_sweep,5.558292902880419e+18,True,1.0,0.5,0.2,0.0,0.0,slip_6_1,True,63,0,19,True,False,,best_fixed_state_codeword,37293,37293,63,63,19,17,0,37293,True,0.19536431308370084,-27.4071763772828,,,1.0
performance,P64_SPARSE_EARLY,P64_SPARSE_EARLY_c0_t19,64,56,0.875,sparse,7.0,5558292902880418406,plain_reliability_grand,5.578236228759294e+18,False,1.0,0.5,0.2,0.0,0.0,slip_6_1,True,63,0,19,True,False,,first_valid_witness,185,185,1,1,1,1,0,185,False,0.0011111550265923142,-30.37125640279539,,,1.0
performance,P64_SPARSE_EARLY,P64_SPARSE_EARLY_c0_t19,64,56,0.875,sparse,7.0,5558292902880418406,latent_osd_order2,5.558292902880419e+18,True,1.0,0.5,0.2,0.0,0.0,slip_6_1,True,63,0,19,True,False,,best_complete_marginal_score_in_osd_list,0,0,63,24,2607,2202,2202,138726,False,1.8596533340169117,-27.378923479369856,,,0.38095238095238093
performance,P64_SPARSE_EARLY,P64_SPARSE_EARLY_c1_t0,64,56,0.875,sparse,7.0,1282170609834441939,lsgrand_certified,1.282170609834442e+18,True,1.0,0.5,0.2,0.0,0.0,slip_6_3,True,63,1,0,True,True,0.025022828852897305,strict_unseen_codeword_certificate,1280,1280,63,63,8,7,0,1280,False,0.012576686916872859,-20.96030771829474,22.0,58.18181818181818,1.0
performance,P64_SPARSE_EARLY,P64_SPARSE_EARLY_c1_t0,64,56,0.875,sparse,7.0,1282170609834441939,lsgrand_first_valid,1.282170609834442e+18,True,1.0,0.5,0.2,0.0,0.0,slip_6_3,True,63,1,0,True,False,,first_valid_witness,22,22,63,13,1,1,0,22,False,0.0014109810581430793,-20.96030771829474,,,0.20634920634920634
performance,P64_SPARSE_EARLY,P64_SPARSE_EARLY_c1_t0,64,56,0.875,sparse,7.0,1282170609834441939,per_state_grand_sweep,1.282170609834442e+18,True,1.0,0.5,0.2,0.0,0.0,slip_6_3,True,63,1,0,True,False,,best_fixed_state_codeword,29670,29670,63,63,34,29,0,29670,True,0.15300999500323087,-20.96030771829474,,,1.0
performance,P64_SPARSE_EARLY,P64_SPARSE_EARLY_c1_t0,64,56,0.875,sparse,7.0,1282170609834441939,plain_reliability_grand,1.279666903685868e+18,False,1.0,0.5,0.2,0.0,0.0,slip_6_3,True,63,1,0,True,False,,first_valid_witness,24915,24915,1,1,1,1,0,24915,False,0.1515458159847185,-38.232502341657835,,,1.0
performance,P64_SPARSE_EARLY,P64_SPARSE_EARLY_c1_t0,64,56,0.875,sparse,7.0,1282170609834441939,latent_osd_order2,1.282170609834442e+18,True,1.0,0.5,0.2,0.0,0.0,slip_6_3,True,63,1,0,True,False,,best_complete_marginal_score_in_osd_list,0,0,63,24,2607,2136,2136,134568,False,1.7925206599757075,-20.959738712131607,,,0.38095238095238093
performance,P64_SPARSE_EARLY,P64_SPARSE_EARLY_c1_t1,64,56,0.875,sparse,7.0,13923714104888351491,lsgrand_certified,1.3922042391143508e+19,False,1.0,0.5,0.2,0.0,0.0,slip_6_3,True,63,1,1,True,True,0.04370934573014651,strict_unseen_codeword_certificate,2688,2688,63,63,10,10,0,2688,False,0.025379111990332603,-22.179781304288813,293.0,9.174061433447099,1.0
performance,P64_SPARSE_EARLY,P64_SPARSE_EARLY_c1_t1,64,56,0.875,sparse,7.0,13923714104888351491,lsgrand_first_valid,1.3922042391143508e+19,False,1.0,0.5,0.2,0.0,0.0,slip_6_3,True,63,1,1,True,False,,first_valid_witness,293,293,63,63,1,1,0,293,False,0.002986615989357233,-22.179781304288813,,,1.0
performance,P64_SPARSE_EARLY,P64_SPARSE_EARLY_c1_t1,64,56,0.875,sparse,7.0,13923714104888351491,per_state_grand_sweep,1.3922042391143508e+19,False,1.0,0.5,0.2,0.0,0.0,slip_6_3,True,63,1,1,True,False,,best_fixed_state_codeword,35515,35515,63,63,25,25,0,35515,True,0.1851223399862647,-22.179781304288813,,,1.0
performance,P64_SPARSE_EARLY,P64_SPARSE_EARLY_c1_t1,64,56,0.875,sparse,7.0,13923714104888351491,plain_reliability_grand,1.4497264700744331e+19,False,1.0,0.5,0.2,0.0,0.0,slip_6_3,True,63,1,1,True,False,,first_valid_witness,81,81,1,1,1,1,0,81,False,0.0004999430384486914,-23.104876466519833,,,1.0
performance,P64_SPARSE_EARLY,P64_SPARSE_EARLY_c1_t1,64,56,0.875,sparse,7.0,13923714104888351491,latent_osd_order2,1.3922042391143508e+19,False,1.0,0.5,0.2,0.0,0.0,slip_6_3,True,63,1,1,True,False,,best_complete_marginal_score_in_osd_list,0,0,63,24,2607,2440,2440,153720,False,1.9640629279892892,-22.178897595588317,,,0.38095238095238093
performance,P64_SPARSE_EARLY,P64_SPARSE_EARLY_c1_t2,64,56,0.875,sparse,7.0,919599553480014818,lsgrand_certified,9.195995534800148e+17,True,1.0,0.5,0.2,0.0,0.0,slip_6_3,True,63,1,2,True,True,0.1831010786874092,strict_unseen_codeword_certificate,640,640,63,63,3,3,0,640,False,0.00613703194539994,-15.512119574934314,21.0,30.476190476190474,1.0
performance,P64_SPARSE_EARLY,P64_SPARSE_EARLY_c1_t2,64,56,0.875,sparse,7.0,919599553480014818,lsgrand_first_valid,9.195995534800148e+17,True,1.0,0.5,0.2,0.0,0.0,slip_6_3,True,63,1,2,True,False,,first_valid_witness,21,21,63,13,1,1,0,21,False,0.0012745099375024438,-15.512119574934314,,,0.20634920634920634
performance,P64_SPARSE_EARLY,P64_SPARSE_EARLY_c1_t2,64,56,0.875,sparse,7.0,919599553480014818,per_state_grand_sweep,9.195995534800148e+17,True,1.0,0.5,0.2,0.0,0.0,slip_6_3,True,63,1,2,True,False,,best_fixed_state_codeword,31956,31956,63,63,28,25,0,31956,True,0.15926082793157548,-15.512119574934314,,,1.0
performance,P64_SPARSE_EARLY,P64_SPARSE_EARLY_c1_t2,64,56,0.875,sparse,7.0,919599553480014818,plain_reliability_grand,9.205512826111346e+17,False,1.0,0.5,0.2,0.0,0.0,slip_6_3,True,63,1,2,True,False,,first_valid_witness,16748,16748,1,1,1,1,0,16748,False,0.10360372008290142,-32.6621271880706,,,1.0
performance,P64_SPARSE_EARLY,P64_SPARSE_EARLY_c1_t2,64,56,0.875,sparse,7.0,919599553480014818,latent_osd_order2,9.195995534800148e+17,True,1.0,0.5,0.2,0.0,0.0,slip_6_3,True,63,1,2,True,False,,best_complete_marginal_score_in_osd_list,0,0,63,24,2607,2276,2276,143388,False,1.8580305089708418,-15.509393741289252,,,0.38095238095238093
performance,P64_SPARSE_EARLY,P64_SPARSE_EARLY_c1_t3,64,56,0.875,sparse,7.0,469022562041055799,lsgrand_certified,4.6960039973274016e+17,False,1.0,0.5,0.2,0.0,0.0,slip_6_3,True,63,1,3,True,True,0.005107519761558876,strict_unseen_codeword_certificate,4288,4288,63,63,58,53,0,4288,False,0.12328115699347109,-21.553893350101443,171.0,25.076023391812864,1.0
performance,P64_SPARSE_EARLY,P64_SPARSE_EARLY_c1_t3,64,56,0.875,sparse,7.0,469022562041055799,lsgrand_first_valid,4.6960039973274016e+17,False,1.0,0.5,0.2,0.0,0.0,slip_6_3,True,63,1,3,True,False,,first_valid_witness,171,171,63,63,1,1,0,171,False,0.0023935160133987665,-21.657972245020932,,,1.0
performance,P64_SPARSE_EARLY,P64_SPARSE_EARLY_c1_t3,64,56,0.875,sparse,7.0,469022562041055799,per_state_grand_sweep,4.6960039973274016e+17,False,1.0,0.5,0.2,0.0,0.0,slip_6_3,True,63,1,3,True,False,,best_fixed_state_codeword,24866,24866,63,63,37,33,0,24866,True,0.12912433908786625,-21.657972245020932,,,1.0
performance,P64_SPARSE_EARLY,P64_SPARSE_EARLY_c1_t3,64,56,0.875,sparse,7.0,469022562041055799,plain_reliability_grand,4.6977632159947584e+17,False,1.0,0.5,0.2,0.0,0.0,slip_6_3,True,63,1,3,True,False,,first_valid_witness,5319,5319,1,1,1,1,0,5319,False,0.03132249298505485,-30.73233680180347,,,1.0
performance,P64_SPARSE_EARLY,P64_SPARSE_EARLY_c1_t3,64,56,0.875,sparse,7.0,469022562041055799,latent_osd_order2,4.6960039973274016e+17,False,1.0,0.5,0.2,0.0,0.0,slip_6_3,True,63,1,3,True,False,,best_complete_marginal_score_in_osd_list,0,0,63,24,2607,2160,2160,136080,False,1.8072600309969857,-21.553866005712475,,,0.38095238095238093
performance,P64_SPARSE_EARLY,P64_SPARSE_EARLY_c1_t4,64,56,0.875,sparse,7.0,8867595194376028608,lsgrand_certified,8.868721025563394e+18,False,1.0,0.5,0.2,0.0,0.0,slip_6_3,True,63,1,4,True,False,-0.003589948631301354,query_cap_before_certificate,50000,50000,63,63,325,309,0,50000,True,5.05433465691749,-19.751759945994444,49.0,1020.4081632653061,1.0
performance,P64_SPARSE_EARLY,P64_SPARSE_EARLY_c1_t4,64,56,0.875,sparse,7.0,8867595194376028608,lsgrand_first_valid,8.868721025563394e+18,False,1.0,0.5,0.2,0.0,0.0,slip_6_3,True,63,1,4,True,False,,first_valid_witness,49,49,63,15,1,1,0,49,False,0.0016062409849837422,-19.751759945994444,,,0.23809523809523808
performance,P64_SPARSE_EARLY,P64_SPARSE_EARLY_c1_t4,64,56,0.875,sparse,7.0,8867595194376028608,per_state_grand_sweep,8.868721025563394e+18,False,1.0,0.5,0.2,0.0,0.0,slip_6_3,True,63,1,4,True,False,,best_fixed_state_codeword,35313,35313,63,63,24,24,0,35313,True,0.17653529800008982,-19.751759945994444,,,1.0
performance,P64_SPARSE_EARLY,P64_SPARSE_EARLY_c1_t4,64,56,0.875,sparse,7.0,8867595194376028608,plain_reliability_grand,8.869096959091448e+18,False,1.0,0.5,0.2,0.0,0.0,slip_6_3,True,63,1,4,True,False,,first_valid_witness,548,548,1,1,1,1,0,548,False,0.00300802499987185,-24.081450493956723,,,1.0
performance,P64_SPARSE_EARLY,P64_SPARSE_EARLY_c1_t4,64,56,0.875,sparse,7.0,8867595194376028608,latent_osd_order2,8.868721025563394e+18,False,1.0,0.5,0.2,0.0,0.0,slip_6_3,True,63,1,4,True,False,,best_complete_marginal_score_in_osd_list,0,0,63,24,2607,2366,2366,149058,False,1.8922682099509984,-19.751675456512174,,,0.38095238095238093
performance,P64_SPARSE_EARLY,P64_SPARSE_EARLY_c1_t5,64,56,0.875,sparse,7.0,14922026604010622540,lsgrand_certified,1.4922026604010623e+19,True,1.0,0.5,0.2,0.0,0.0,slip_6_3,True,63,1,5,True,True,0.03004794887833384,strict_unseen_codeword_certificate,2112,2112,63,63,14,14,0,2112,False,0.022088536992669106,-18.591682205827333,98.0,21.551020408163264,1.0
performance,P64_SPARSE_EARLY,P64_SPARSE_EARLY_c1_t5,64,56,0.875,sparse,7.0,14922026604010622540,lsgrand_first_valid,1.4922026604010623e+19,True,1.0,0.5,0.2,0.0,0.0,slip_6_3,True,63,1,5,True,False,,first_valid_witness,98,98,63,63,1,1,0,98,False,0.0017162340227514505,-18.591682205827333,,,1.0
performance,P64_SPARSE_EARLY,P64_SPARSE_EARLY_c1_t5,64,56,0.875,sparse,7.0,14922026604010622540,per_state_grand_sweep,1.4922026604010623e+19,True,1.0,0.5,0.2,0.0,0.0,slip_6_3,True,63,1,5,True,False,,best_fixed_state_codeword,34936,34936,63,63,26,25,0,34936,True,0.17619166406802833,-18.591682205827333,,,1.0
performance,P64_SPARSE_EARLY,P64_SPARSE_EARLY_c1_t5,64,56,0.875,sparse,7.0,14922026604010622540,plain_reliability_grand,1.4924653482918255e+19,False,1.0,0.5,0.2,0.0,0.0,slip_6_3,True,63,1,5,True,False,,first_valid_witness,525,525,1,1,1,1,0,525,False,0.00297867797780782,-23.77627613174042,,,1.0
performance,P64_SPARSE_EARLY,P64_SPARSE_EARLY_c1_t5,64,56,0.875,sparse,7.0,14922026604010622540,latent_osd_order2,1.4922026604010623e+19,True,1.0,0.5,0.2,0.0,0.0,slip_6_3,True,63,1,5,True,False,,best_complete_marginal_score_in_osd_list,0,0,63,24,2607,2329,2329,146727,False,1.9140064970124513,-18.591645842580682,,,0.38095238095238093
performance,P64_SPARSE_EARLY,P64_SPARSE_EARLY_c1_t6,64,56,0.875,sparse,7.0,13009179330721276981,lsgrand_certified,1.3009179330721278e+19,True,1.0,0.5,0.2,0.0,0.0,slip_6_3,True,63,1,6,True,True,0.0035284949951943645,strict_unseen_codeword_certificate,2240,2240,63,63,24,20,0,2240,False,0.033965430106036365,-21.261630372095738,33.0,67.87878787878788,1.0
performance,P64_SPARSE_EARLY,P64_SPARSE_EARLY_c1_t6,64,56,0.875,sparse,7.0,13009179330721276981,lsgrand_first_valid,1.3009179330721278e+19,True,1.0,0.5,0.2,0.0,0.0,slip_6_3,True,63,1,6,True,False,,first_valid_witness,33,33,63,13,1,1,0,33,False,0.0013821860775351524,-21.568117245969802,,,0.20634920634920634
performance,P64_SPARSE_EARLY,P64_SPARSE_EARLY_c1_t6,64,56,0.875,sparse,7.0,13009179330721276981,per_state_grand_sweep,1.3009179330721278e+19,True,1.0,0.5,0.2,0.0,0.0,slip_6_3,True,63,1,6,True,False,,best_fixed_state_codeword,29518,29518,63,63,31,25,0,29518,True,0.153026140993461,-21.568117245969802,,,1.0
performance,P64_SPARSE_EARLY,P64_SPARSE_EARLY_c1_t6,64,56,0.875,sparse,7.0,13009179330721276981,plain_reliability_grand,1.1857843720888553e+19,False,1.0,0.5,0.2,0.0,0.0,slip_6_3,True,63,1,6,True,False,,first_valid_witness,942,942,1,1,1,1,0,942,False,0.0054090439807623625,-29.486907098547693,,,1.0
performance,P64_SPARSE_EARLY,P64_SPARSE_EARLY_c1_t6,64,56,0.875,sparse,7.0,13009179330721276981,latent_osd_order2,1.3009179330721278e+19,True,1.0,0.5,0.2,0.0,0.0,slip_6_3,True,63,1,6,True,False,,best_complete_marginal_score_in_osd_list,0,0,63,24,2607,2035,2035,128205,False,1.723430297919549,-21.259162876176358,,,0.38095238095238093
performance,P64_SPARSE_EARLY,P64_SPARSE_EARLY_c1_t7,64,56,0.875,sparse,7.0,1869756343158416352,lsgrand_certified,1.8472383450210396e+18,False,1.0,0.5,0.2,0.0,0.0,slip_6_1,True,63,1,7,True,True,0.031046948944130293,strict_unseen_codeword_certificate,2560,2560,63,63,16,16,0,2560,False,0.032131831045262516,-18.273659484284824,98.0,26.122448979591837,1.0
performance,P64_SPARSE_EARLY,P64_SPARSE_EARLY_c1_t7,64,56,0.875,sparse,7.0,1869756343158416352,lsgrand_first_valid,1.8472383450210396e+18,False,1.0,0.5,0.2,0.0,0.0,slip_6_1,True,63,1,7,True,False,,first_valid_witness,98,98,63,63,1,1,0,98,False,0.0017818929627537727,-18.273659484284824,,,1.0
performance,P64_SPARSE_EARLY,P64_SPARSE_EARLY_c1_t7,64,56,0.875,sparse,7.0,1869756343158416352,per_state_grand_sweep,1.8472383450210396e+18,False,1.0,0.5,0.2,0.0,0.0,slip_6_1,True,63,1,7,True,False,,best_fixed_state_codeword,34704,34704,63,63,26,25,0,34704,True,0.18340772995725274,-18.273659484284824,,,1.0
performance,P64_SPARSE_EARLY,P64_SPARSE_EARLY_c1_t7,64,56,0.875,sparse,7.0,1869756343158416352,plain_reliability_grand,6.463738687645612e+18,False,1.0,0.5,0.2,0.0,0.0,slip_6_1,True,63,1,7,True,False,,first_valid_witness,17404,17404,1,1,1,1,0,17404,False,0.10481295292265713,-32.066522563632404,,,1.0
performance,P64_SPARSE_EARLY,P64_SPARSE_EARLY_c1_t7,64,56,0.875,sparse,7.0,1869756343158416352,latent_osd_order2,1.8472383450210396e+18,False,1.0,0.5,0.2,0.0,0.0,slip_6_1,True,63,1,7,True,False,,best_complete_marginal_score_in_osd_list,0,0,63,24,2607,2339,2339,147357,False,1.8517456440022215,-18.270764134521304,,,0.38095238095238093
performance,P64_SPARSE_EARLY,P64_SPARSE_EARLY_c1_t8,64,56,0.875,sparse,7.0,2979333923728715309,lsgrand_certified,2.981064367770401e+18,False,1.0,0.5,0.2,0.0,0.0,slip_6_1,True,63,1,8,True,True,0.0006212194374910496,strict_unseen_codeword_certificate,5696,5696,63,63,36,34,0,5696,False,0.10622399300336838,-28.71727791958361,149.0,38.22818791946309,1.0
performance,P64_SPARSE_EARLY,P64_SPARSE_EARLY_c1_t8,64,56,0.875,sparse,7.0,2979333923728715309,lsgrand_first_valid,2.981064367770401e+18,False,1.0,0.5,0.2,0.0,0.0,slip_6_1,True,63,1,8,True,False,,first_valid_witness,149,149,63,63,1,1,0,149,False,0.002037312020547688,-28.71727791958361,,,1.0
performance,P64_SPARSE_EARLY,P64_SPARSE_EARLY_c1_t8,64,56,0.875,sparse,7.0,2979333923728715309,per_state_grand_sweep,2.981064367770401e+18,False,1.0,0.5,0.2,0.0,0.0,slip_6_1,True,63,1,8,True,False,,best_fixed_state_codeword,29810,29810,63,63,34,30,0,29810,True,0.15709582099225372,-28.71727791958361,,,1.0
performance,P64_SPARSE_EARLY,P64_SPARSE_EARLY_c1_t8,64,56,0.875,sparse,7.0,2979333923728715309,plain_reliability_grand,2.981064367770401e+18,False,1.0,0.5,0.2,0.0,0.0,slip_6_1,True,63,1,8,True,False,,first_valid_witness,25,25,1,1,1,1,0,25,False,0.00018122897017747164,-28.02413073902366,,,1.0
performance,P64_SPARSE_EARLY,P64_SPARSE_EARLY_c1_t8,64,56,0.875,sparse,7.0,2979333923728715309,latent_osd_order2,2.981064367770401e+18,False,1.0,0.5,0.2,0.0,0.0,slip_6_1,True,63,1,8,True,False,,best_complete_marginal_score_in_osd_list,0,0,63,24,2607,2065,2065,130095,False,1.7450773899909109,-28.717135815538086,,,0.38095238095238093
performance,P64_SPARSE_EARLY,P64_SPARSE_EARLY_c1_t9,64,56,0.875,sparse,7.0,3635884695568623048,lsgrand_certified,3.635893491728754e+18,False,1.0,0.5,0.2,0.0,0.0,slip_6_3,True,63,1,9,True,True,0.0056967389027207105,strict_unseen_codeword_certificate,1408,1408,63,63,12,11,0,1408,False,0.015103509067557752,-27.93816062877347,91.0,15.472527472527473,1.0
performance,P64_SPARSE_EARLY,P64_SPARSE_EARLY_c1_t9,64,56,0.875,sparse,7.0,3635884695568623048,lsgrand_first_valid,3.635893491728754e+18,False,1.0,0.5,0.2,0.0,0.0,slip_6_3,True,63,1,9,True,False,,first_valid_witness,91,91,63,63,1,1,0,91,False,0.0016805230407044291,-27.93816062877347,,,1.0
performance,P64_SPARSE_EARLY,P64_SPARSE_EARLY_c1_t9,64,56,0.875,sparse,7.0,3635884695568623048,per_state_grand_sweep,3.635893491728754e+18,False,1.0,0.5,0.2,0.0,0.0,slip_6_3,True,63,1,9,True,False,,best_fixed_state_codeword,28775,28775,63,63,33,28,0,28775,True,0.1467581419274211,-27.93816062877347,,,1.0
performance,P64_SPARSE_EARLY,P64_SPARSE_EARLY_c1_t9,64,56,0.875,sparse,7.0,3635884695568623048,plain_reliability_grand,3.638858726922588e+18,False,1.0,0.5,0.2,0.0,0.0,slip_6_3,True,63,1,9,True,False,,first_valid_witness,139,139,1,1,1,1,0,139,False,0.0008350880816578865,-31.242691419418886,,,1.0
performance,P64_SPARSE_EARLY,P64_SPARSE_EARLY_c1_t9,64,56,0.875,sparse,7.0,3635884695568623048,latent_osd_order2,3.635893491728754e+18,False,1.0,0.5,0.2,0.0,0.0,slip_6_3,True,63,1,9,True,False,,best_complete_marginal_score_in_osd_list,0,0,63,24,2607,2174,2174,136962,False,1.7740339220035821,-27.938090862507266,,,0.38095238095238093
performance,P64_SPARSE_EARLY,P64_SPARSE_EARLY_c1_t10,64,56,0.875,sparse,7.0,7791496091042606106,lsgrand_certified,7.791496091042606e+18,True,1.0,0.5,0.2,0.0,0.0,slip_6_1,True,63,1,10,True,True,0.05850830969511023,strict_unseen_codeword_certificate,960,960,63,63,5,5,0,960,False,0.008798330090939999,-21.521670186399056,24.0,40.0,1.0
performance,P64_SPARSE_EARLY,P64_SPARSE_EARLY_c1_t10,64,56,0.875,sparse,7.0,7791496091042606106,lsgrand_first_valid,7.791496091042606e+18,True,1.0,0.5,0.2,0.0,0.0,slip_6_1,True,63,1,10,True,False,,first_valid_witness,24,24,63,12,1,1,0,24,False,0.0013044859515503049,-21.521670186399056,,,0.19047619047619047
performance,P64_SPARSE_EARLY,P64_SPARSE_EARLY_c1_t10,64,56,0.875,sparse,7.0,7791496091042606106,per_state_grand_sweep,7.791496091042606e+18,True,1.0,0.5,0.2,0.0,0.0,slip_6_1,True,63,1,10,True,False,,best_fixed_state_codeword,37739,37739,63,63,20,17,0,37739,True,0.19496697408612818,-21.521670186399056,,,1.0
performance,P64_SPARSE_EARLY,P64_SPARSE_EARLY_c1_t10,64,56,0.875,sparse,7.0,7791496091042606106,plain_reliability_grand,9.091169217349892e+18,False,1.0,0.5,0.2,0.0,0.0,slip_6_1,True,63,1,10,True,False,,first_valid_witness,558,558,1,1,1,1,0,558,False,0.0033419800456613302,-28.081538838559606,,,1.0
performance,P64_SPARSE_EARLY,P64_SPARSE_EARLY_c1_t10,64,56,0.875,sparse,7.0,7791496091042606106,latent_osd_order2,7.791496091042606e+18,True,1.0,0.5,0.2,0.0,0.0,slip_6_1,True,63,1,10,True,False,,best_complete_marginal_score_in_osd_list,0,0,63,24,2607,2154,2154,135702,False,1.8476024649571627,-21.521669988168078,,,0.38095238095238093
performance,P64_SPARSE_EARLY,P64_SPARSE_EARLY_c1_t11,64,56,0.875,sparse,7.0,11251880204649054242,lsgrand_certified,1.1251880204649054e+19,True,1.0,0.5,0.2,0.0,0.0,slip_6_1,True,63,1,11,True,True,0.06564504592018494,strict_unseen_codeword_certificate,448,448,63,63,8,8,0,448,False,0.006737554096616805,-12.26661853901615,18.0,24.88888888888889,1.0
performance,P64_SPARSE_EARLY,P64_SPARSE_EARLY_c1_t11,64,56,0.875,sparse,7.0,11251880204649054242,lsgrand_first_valid,1.1251880204649054e+19,True,1.0,0.5,0.2,0.0,0.0,slip_6_1,True,63,1,11,True,False,,first_valid_witness,18,18,63,12,1,1,0,18,False,0.001365726930089295,-12.26661853901615,,,0.19047619047619047
performance,P64_SPARSE_EARLY,P64_SPARSE_EARLY_c1_t11,64,56,0.875,sparse,7.0,11251880204649054242,per_state_grand_sweep,1.1251880204649054e+19,True,1.0,0.5,0.2,0.0,0.0,slip_6_1,True,63,1,11,True,False,,best_fixed_state_codeword,36631,36631,63,63,21,19,0,36631,True,0.19299893698189408,-12.26661853901615,,,1.0
performance,P64_SPARSE_EARLY,P64_SPARSE_EARLY_c1_t11,64,56,0.875,sparse,7.0,11251880204649054242,plain_reliability_grand,1.1251071825881147e+19,False,1.0,0.5,0.2,0.0,0.0,slip_6_1,True,63,1,11,True,False,,first_valid_witness,19,19,1,1,1,1,0,19,False,0.00014673895202577114,-13.402596037821933,,,1.0
performance,P64_SPARSE_EARLY,P64_SPARSE_EARLY_c1_t11,64,56,0.875,sparse,7.0,11251880204649054242,latent_osd_order2,1.1251880204649054e+19,True,1.0,0.5,0.2,0.0,0.0,slip_6_1,True,63,1,11,True,False,,best_complete_marginal_score_in_osd_list,0,0,63,24,2607,2293,2293,144459,False,1.8868571450002491,-12.26654293001157,,,0.38095238095238093
performance,P64_SPARSE_EARLY,P64_SPARSE_EARLY_c1_t12,64,56,0.875,sparse,7.0,10846828526413475000,lsgrand_certified,1.084908032623555e+19,False,1.0,0.5,0.2,0.0,0.0,slip_6_3,True,63,1,12,True,True,2.5484042822654374e-06,strict_unseen_codeword_certificate,28672,28672,63,63,183,165,0,28672,False,1.6482476509409025,-16.83107495629068,22.0,1303.2727272727273,1.0
performance,P64_SPARSE_EARLY,P64_SPARSE_EARLY_c1_t12,64,56,0.875,sparse,7.0,10846828526413475000,lsgrand_first_valid,1.084908032623555e+19,False,1.0,0.5,0.2,0.0,0.0,slip_6_3,True,63,1,12,True,False,,first_valid_witness,22,22,63,15,1,1,0,22,False,0.0015148840611800551,-16.831329913428988,,,0.23809523809523808
performance,P64_SPARSE_EARLY,P64_SPARSE_EARLY_c1_t12,64,56,0.875,sparse,7.0,10846828526413475000,per_state_grand_sweep,1.084908032623555e+19,False,1.0,0.5,0.2,0.0,0.0,slip_6_3,True,63,1,12,True,False,,best_fixed_state_codeword,32798,32798,63,63,27,26,0,32798,True,0.17152522795367986,-16.831329913428988,,,1.0
performance,P64_SPARSE_EARLY,P64_SPARSE_EARLY_c1_t12,64,56,0.875,sparse,7.0,10846828526413475000,plain_reliability_grand,1.084862115712785e+19,False,1.0,0.5,0.2,0.0,0.0,slip_6_3,True,63,1,12,True,False,,first_valid_witness,47,47,1,1,1,1,0,47,False,0.0003192279255017638,-19.557991715450452,,,1.0
performance,P64_SPARSE_EARLY,P64_SPARSE_EARLY_c1_t12,64,56,0.875,sparse,7.0,10846828526413475000,latent_osd_order2,1.084908032623555e+19,False,1.0,0.5,0.2,0.0,0.0,slip_6_3,True,63,1,12,True,False,,best_complete_marginal_score_in_osd_list,0,0,63,24,2607,2393,2393,150759,False,1.9302575580077246,-16.831073181925195,,,0.38095238095238093
performance,P64_SPARSE_EARLY,P64_SPARSE_EARLY_c1_t13,64,56,0.875,sparse,7.0,13606041212945973740,lsgrand_certified,1.3606041212945973e+19,True,1.0,0.5,0.2,0.0,0.0,slip_6_1,True,63,1,13,True,True,0.014766185909019569,strict_unseen_codeword_certificate,576,576,63,63,2,2,0,576,False,0.0053664459846913815,-11.457835377419919,19.0,30.31578947368421,1.0
performance,P64_SPARSE_EARLY,P64_SPARSE_EARLY_c1_t13,64,56,0.875,sparse,7.0,13606041212945973740,lsgrand_first_valid,1.3606041212945973e+19,True,1.0,0.5,0.2,0.0,0.0,slip_6_1,True,63,1,13,True,False,,first_valid_witness,19,19,63,12,1,1,0,19,False,0.0012150089023634791,-11.457835377419919,,,0.19047619047619047
performance,P64_SPARSE_EARLY,P64_SPARSE_EARLY_c1_t13,64,56,0.875,sparse,7.0,13606041212945973740,per_state_grand_sweep,1.3606041212945973e+19,True,1.0,0.5,0.2,0.0,0.0,slip_6_1,True,63,1,13,True,False,,best_fixed_state_codeword,37793,37793,63,63,18,17,0,37793,True,0.1937303999438882,-11.457835377419919,,,1.0
performance,P64_SPARSE_EARLY,P64_SPARSE_EARLY_c1_t13,64,56,0.875,sparse,7.0,13606041212945973740,plain_reliability_grand,1.3599471404838693e+19,False,1.0,0.5,0.2,0.0,0.0,slip_6_1,True,63,1,13,True,False,,first_valid_witness,2033,2033,1,1,1,1,0,2033,False,0.011648408020846546,-22.969331300315865,,,1.0
performance,P64_SPARSE_EARLY,P64_SPARSE_EARLY_c1_t13,64,56,0.875,sparse,7.0,13606041212945973740,latent_osd_order2,1.3606041212945973e+19,True,1.0,0.5,0.2,0.0,0.0,slip_6_1,True,63,1,13,True,False,,best_complete_marginal_score_in_osd_list,0,0,63,24,2607,2228,2228,140364,False,1.8088358339155093,-11.457525855819009,,,0.38095238095238093
performance,P64_SPARSE_EARLY,P64_SPARSE_EARLY_c1_t14,64,56,0.875,sparse,7.0,5310511743989825017,lsgrand_certified,5.310511743989825e+18,True,1.0,0.5,0.2,0.0,0.0,slip_6_3,True,63,1,14,True,True,0.11070712713462783,strict_unseen_codeword_certificate,960,960,63,63,4,4,0,960,False,0.00913397700060159,-23.17542480091693,86.0,11.162790697674419,1.0
performance,P64_SPARSE_EARLY,P64_SPARSE_EARLY_c1_t14,64,56,0.875,sparse,7.0,5310511743989825017,lsgrand_first_valid,5.310511743989825e+18,True,1.0,0.5,0.2,0.0,0.0,slip_6_3,True,63,1,14,True,False,,first_valid_witness,86,86,63,63,1,1,0,86,False,0.0015241509536281228,-23.17542480091693,,,1.0
performance,P64_SPARSE_EARLY,P64_SPARSE_EARLY_c1_t14,64,56,0.875,sparse,7.0,5310511743989825017,per_state_grand_sweep,5.310511743989825e+18,True,1.0,0.5,0.2,0.0,0.0,slip_6_3,True,63,1,14,True,False,,best_fixed_state_codeword,33377,33377,63,63,28,27,0,33377,True,0.16902767098508775,-23.17542480091693,,,1.0
performance,P64_SPARSE_EARLY,P64_SPARSE_EARLY_c1_t14,64,56,0.875,sparse,7.0,5310511743989825017,plain_reliability_grand,5.310905950806945e+18,False,1.0,0.5,0.2,0.0,0.0,slip_6_3,True,63,1,14,True,False,,first_valid_witness,155,155,1,1,1,1,0,155,False,0.0008890669560059905,-27.758077482026636,,,1.0
performance,P64_SPARSE_EARLY,P64_SPARSE_EARLY_c1_t14,64,56,0.875,sparse,7.0,5310511743989825017,latent_osd_order2,5.310511743989825e+18,True,1.0,0.5,0.2,0.0,0.0,slip_6_3,True,63,1,14,True,False,,best_complete_marginal_score_in_osd_list,0,0,63,24,2607,2269,2269,142947,False,1.8752080269623548,-23.17195260430219,,,0.38095238095238093
performance,P64_SPARSE_EARLY,P64_SPARSE_EARLY_c1_t15,64,56,0.875,sparse,7.0,4002684371269179565,lsgrand_certified,4.0026843712691794e+18,True,1.0,0.5,0.2,0.0,0.0,slip_6_1,True,63,1,15,True,True,0.05453086226563997,strict_unseen_codeword_certificate,640,640,63,63,1,1,0,640,False,0.005555810988880694,-18.426635631426937,20.0,32.0,1.0
performance,P64_SPARSE_EARLY,P64_SPARSE_EARLY_c1_t15,64,56,0.875,sparse,7.0,4002684371269179565,lsgrand_first_valid,4.0026843712691794e+18,True,1.0,0.5,0.2,0.0,0.0,slip_6_1,True,63,1,15,True,False,,first_valid_witness,20,20,63,12,1,1,0,20,False,0.0012310169404372573,-18.426635631426937,,,0.19047619047619047
performance,P64_SPARSE_EARLY,P64_SPARSE_EARLY_c1_t15,64,56,0.875,sparse,7.0,4002684371269179565,per_state_grand_sweep,4.0026843712691794e+18,True,1.0,0.5,0.2,0.0,0.0,slip_6_1,True,63,1,15,True,False,,best_fixed_state_codeword,37951,37951,63,63,25,20,0,37951,True,0.19302742998115718,-18.426635631426937,,,1.0
performance,P64_SPARSE_EARLY,P64_SPARSE_EARLY_c1_t15,64,56,0.875,sparse,7.0,4002684371269179565,plain_reliability_grand,4.004881905905848e+18,False,1.0,0.5,0.2,0.0,0.0,slip_6_1,True,63,1,15,True,False,,first_valid_witness,815,815,1,1,1,1,0,815,False,0.004583226051181555,-25.631678985495483,,,1.0
performance,P64_SPARSE_EARLY,P64_SPARSE_EARLY_c1_t15,64,56,0.875,sparse,7.0,4002684371269179565,latent_osd_order2,4.0026843712691794e+18,True,1.0,0.5,0.2,0.0,0.0,slip_6_1,True,63,1,15,True,False,,best_complete_marginal_score_in_osd_list,0,0,63,24,2607,2127,2127,134001,False,1.781870394013822,-18.417377995761083,,,0.38095238095238093
performance,P64_SPARSE_EARLY,P64_SPARSE_EARLY_c1_t16,64,56,0.875,sparse,7.0,3881917725421688431,lsgrand_certified,3.8819177254216883e+18,True,1.0,0.5,0.2,0.0,0.0,slip_6_1,True,63,1,16,True,True,1.046726688258559e-05,strict_unseen_codeword_certificate,5567,5567,63,63,39,36,0,5567,False,0.10333724098745733,-16.08963888810076,17.0,327.47058823529414,1.0
performance,P64_SPARSE_EARLY,P64_SPARSE_EARLY_c1_t16,64,56,0.875,sparse,7.0,3881917725421688431,lsgrand_first_valid,3.8819177254216883e+18,True,1.0,0.5,0.2,0.0,0.0,slip_6_1,True,63,1,16,True,False,,first_valid_witness,17,17,63,12,1,1,0,17,False,0.0013979589566588402,-16.092854893315355,,,0.19047619047619047
performance,P64_SPARSE_EARLY,P64_SPARSE_EARLY_c1_t16,64,56,0.875,sparse,7.0,3881917725421688431,per_state_grand_sweep,3.8819177254216883e+18,True,1.0,0.5,0.2,0.0,0.0,slip_6_1,True,63,1,16,True,False,,best_fixed_state_codeword,37077,37077,63,63,22,20,0,37077,True,0.19712825096212327,-16.092854893315355,,,1.0
performance,P64_SPARSE_EARLY,P64_SPARSE_EARLY_c1_t16,64,56,0.875,sparse,7.0,3881917725421688431,plain_reliability_grand,8.492946464210945e+18,False,1.0,0.5,0.2,0.0,0.0,slip_6_1,True,63,1,16,True,False,,first_valid_witness,10179,10179,1,1,1,1,0,10179,False,0.0633443029364571,-34.00709303295223,,,1.0
performance,P64_SPARSE_EARLY,P64_SPARSE_EARLY_c1_t16,64,56,0.875,sparse,7.0,3881917725421688431,latent_osd_order2,3.8819177254216883e+18,True,1.0,0.5,0.2,0.0,0.0,slip_6_1,True,63,1,16,True,False,,best_complete_marginal_score_in_osd_list,0,0,63,24,2607,2166,2166,136458,False,1.8309633900644258,-16.089638872231955,,,0.38095238095238093
performance,P64_SPARSE_EARLY,P64_SPARSE_EARLY_c1_t17,64,56,0.875,sparse,7.0,16010664322334474213,lsgrand_certified,1.6010664322334474e+19,True,1.0,0.5,0.2,0.0,0.0,slip_6_1,True,63,1,17,True,True,0.24029428874501946,strict_unseen_codeword_certificate,832,832,63,63,3,3,0,832,False,0.007323546102270484,-13.847338463267509,23.0,36.17391304347826,1.0
performance,P64_SPARSE_EARLY,P64_SPARSE_EARLY_c1_t17,64,56,0.875,sparse,7.0,16010664322334474213,lsgrand_first_valid,1.6010664322334474e+19,True,1.0,0.5,0.2,0.0,0.0,slip_6_1,True,63,1,17,True,False,,first_valid_witness,23,23,63,12,1,1,0,23,False,0.0012742880498990417,-13.847338463267509,,,0.19047619047619047
performance,P64_SPARSE_EARLY,P64_SPARSE_EARLY_c1_t17,64,56,0.875,sparse,7.0,16010664322334474213,per_state_grand_sweep,1.6010664322334474e+19,True,1.0,0.5,0.2,0.0,0.0,slip_6_1,True,63,1,17,True,False,,best_fixed_state_codeword,33323,33323,63,63,28,26,0,33323,True,0.1727657630108297,-13.847338463267509,,,1.0
performance,P64_SPARSE_EARLY,P64_SPARSE_EARLY_c1_t17,64,56,0.875,sparse,7.0,16010664322334474213,plain_reliability_grand,1.6012591377936456e+19,False,1.0,0.5,0.2,0.0,0.0,slip_6_1,True,63,1,17,True,False,,first_valid_witness,363,363,1,1,1,1,0,363,False,0.0020653659012168646,-20.837061401657976,,,1.0
performance,P64_SPARSE_EARLY,P64_SPARSE_EARLY_c1_t17,64,56,0.875,sparse,7.0,16010664322334474213,latent_osd_order2,1.6010664322334474e+19,True,1.0,0.5,0.2,0.0,0.0,slip_6_1,True,63,1,17,True,False,,best_complete_marginal_score_in_osd_list,0,0,63,24,2607,2290,2290,144270,False,1.8676439600531012,-13.84733212511842,,,0.38095238095238093
performance,P64_SPARSE_EARLY,P64_SPARSE_EARLY_c1_t18,64,56,0.875,sparse,7.0,17643515288907539358,lsgrand_certified,8.417493971413442e+18,False,1.0,0.5,0.2,0.0,0.0,slip_6_3,True,63,1,18,True,True,0.011848918508881923,strict_unseen_codeword_certificate,3520,3520,63,63,22,22,0,3520,False,0.0418461540248245,-27.683678375523304,219.0,16.073059360730593,1.0
performance,P64_SPARSE_EARLY,P64_SPARSE_EARLY_c1_t18,64,56,0.875,sparse,7.0,17643515288907539358,lsgrand_first_valid,8.417493971413442e+18,False,1.0,0.5,0.2,0.0,0.0,slip_6_3,True,63,1,18,True,False,,first_valid_witness,219,219,63,63,1,1,0,219,False,0.0023986230371519923,-27.683678375523304,,,1.0
performance,P64_SPARSE_EARLY,P64_SPARSE_EARLY_c1_t18,64,56,0.875,sparse,7.0,17643515288907539358,per_state_grand_sweep,8.417493971413442e+18,False,1.0,0.5,0.2,0.0,0.0,slip_6_3,True,63,1,18,True,False,,best_fixed_state_codeword,33600,33600,63,63,31,27,0,33600,True,0.1655703040305525,-27.683678375523304,,,1.0
performance,P64_SPARSE_EARLY,P64_SPARSE_EARLY_c1_t18,64,56,0.875,sparse,7.0,17643515288907539358,plain_reliability_grand,8.415242171599792e+18,False,1.0,0.5,0.2,0.0,0.0,slip_6_3,True,63,1,18,True,False,,first_valid_witness,1540,1540,1,1,1,1,0,1540,False,0.008653653087094426,-34.46108382532982,,,1.0
performance,P64_SPARSE_EARLY,P64_SPARSE_EARLY_c1_t18,64,56,0.875,sparse,7.0,17643515288907539358,latent_osd_order2,8.417493971413442e+18,False,1.0,0.5,0.2,0.0,0.0,slip_6_3,True,63,1,18,True,False,,best_complete_marginal_score_in_osd_list,0,0,63,24,2607,2151,2151,135513,False,1.767396155046299,-27.683675415063025,,,0.38095238095238093
performance,P64_SPARSE_EARLY,P64_SPARSE_EARLY_c1_t19,64,56,0.875,sparse,7.0,17648522340391018577,lsgrand_certified,1.7648522340391018e+19,True,1.0,0.5,0.2,0.0,0.0,slip_6_3,True,63,1,19,True,True,0.00738957596065859,strict_unseen_codeword_certificate,192,192,63,63,2,2,0,192,False,0.0025526800891384482,-18.456998497400797,15.0,12.8,1.0
performance,P64_SPARSE_EARLY,P64_SPARSE_EARLY_c1_t19,64,56,0.875,sparse,7.0,17648522340391018577,lsgrand_first_valid,1.7648522340391018e+19,True,1.0,0.5,0.2,0.0,0.0,slip_6_3,True,63,1,19,True,False,,first_valid_witness,15,15,63,13,1,1,0,15,False,0.0011640649754554033,-18.456998497400797,,,0.20634920634920634
performance,P64_SPARSE_EARLY,P64_SPARSE_EARLY_c1_t19,64,56,0.875,sparse,7.0,17648522340391018577,per_state_grand_sweep,1.7648522340391018e+19,True,1.0,0.5,0.2,0.0,0.0,slip_6_3,True,63,1,19,True,False,,best_fixed_state_codeword,37583,37583,63,63,19,17,0,37583,True,0.19117078999988735,-18.456998497400797,,,1.0
performance,P64_SPARSE_EARLY,P64_SPARSE_EARLY_c1_t19,64,56,0.875,sparse,7.0,17648522340391018577,plain_reliability_grand,1.7646034786832861e+19,False,1.0,0.5,0.2,0.0,0.0,slip_6_3,True,63,1,19,True,False,,first_valid_witness,4495,4495,1,1,1,1,0,4495,False,0.025716586038470268,-35.134092737537486,,,1.0
performance,P64_SPARSE_EARLY,P64_SPARSE_EARLY_c1_t19,64,56,0.875,sparse,7.0,17648522340391018577,latent_osd_order2,1.7648522340391018e+19,True,1.0,0.5,0.2,0.0,0.0,slip_6_3,True,63,1,19,True,False,,best_complete_marginal_score_in_osd_list,0,0,63,24,2607,2065,2065,130095,False,1.7584192649228498,-18.456730802976463,,,0.38095238095238093
performance,P128_DENSE_EARLY,P128_DENSE_EARLY_c0_t0,128,112,0.875,dense,8.0,73099192109700690785692793141482549558,lsgrand_certified,7.309919210970069e+37,True,1.0,0.5,0.2,0.0,0.0,slip_13_3,True,127,0,0,True,True,0.017153062647757622,strict_unseen_codeword_certificate,4288,4288,127,127,3,2,0,4288,False,0.03773988306056708,-36.157415378329034,184.0,23.304347826086957,1.0
performance,P128_DENSE_EARLY,P128_DENSE_EARLY_c0_t0,128,112,0.875,dense,8.0,73099192109700690785692793141482549558,lsgrand_first_valid,7.309919210970069e+37,True,1.0,0.5,0.2,0.0,0.0,slip_13_3,True,127,0,0,True,False,,first_valid_witness,184,184,127,127,1,1,0,184,False,0.003483340027742088,-36.26104936073692,,,1.0
performance,P128_DENSE_EARLY,P128_DENSE_EARLY_c0_t0,128,112,0.875,dense,8.0,73099192109700690785692793141482549558,per_state_grand_sweep,7.309919210970069e+37,True,1.0,0.5,0.2,0.0,0.0,slip_13_3,True,127,0,0,True,False,,best_fixed_state_codeword,100000,100000,127,68,6,4,0,100000,True,0.5551069040084258,-36.26104936073692,,,0.5354330708661418
performance,P128_DENSE_EARLY,P128_DENSE_EARLY_c0_t0,128,112,0.875,dense,8.0,73099192109700690785692793141482549558,plain_reliability_grand,,False,1.0,0.5,0.2,0.0,0.0,slip_13_3,True,127,0,0,False,False,,query_cap_or_exhaustion,100000,100000,1,1,0,0,0,100000,True,0.7810490049887449,,,,1.0
performance,P128_DENSE_EARLY,P128_DENSE_EARLY_c0_t0,128,112,0.875,dense,8.0,73099192109700690785692793141482549558,latent_osd_order2,7.309919210970069e+37,True,1.0,0.5,0.2,0.0,0.0,slip_13_3,True,127,0,0,True,False,,best_complete_marginal_score_in_osd_list,0,0,127,32,4511,4180,4180,530860,False,14.293817484984174,-36.15741537444915,,,0.25196850393700787
performance,P128_DENSE_EARLY,P128_DENSE_EARLY_c0_t1,128,112,0.875,dense,8.0,262643513952378156093041866049373584174,lsgrand_certified,2.6264351395237817e+38,True,1.0,0.5,0.2,0.0,0.0,slip_13_3,True,127,0,1,True,True,0.031447296382648204,strict_unseen_codeword_certificate,5504,5504,127,127,1,1,0,5504,False,0.047827251022681594,-22.323194265299765,319.0,17.253918495297807,1.0
performance,P128_DENSE_EARLY,P128_DENSE_EARLY_c0_t1,128,112,0.875,dense,8.0,262643513952378156093041866049373584174,lsgrand_first_valid,2.6264351395237817e+38,True,1.0,0.5,0.2,0.0,0.0,slip_13_3,True,127,0,1,True,False,,first_valid_witness,319,319,127,127,1,1,0,319,False,0.004746424034237862,-22.323194265299765,,,1.0
performance,P128_DENSE_EARLY,P128_DENSE_EARLY_c0_t1,128,112,0.875,dense,8.0,262643513952378156093041866049373584174,per_state_grand_sweep,2.6264351395237817e+38,True,1.0,0.5,0.2,0.0,0.0,slip_13_3,True,127,0,1,True,False,,best_fixed_state_codeword,100000,100000,127,66,1,1,0,100000,True,0.5764159520622343,-22.323194265299765,,,0.5196850393700787
performance,P128_DENSE_EARLY,P128_DENSE_EARLY_c0_t1,128,112,0.875,dense,8.0,262643513952378156093041866049373584174,plain_reliability_grand,2.626460911922343e+38,False,1.0,0.5,0.2,0.0,0.0,slip_13_3,True,127,0,1,True,False,,first_valid_witness,53428,53428,1,1,1,1,0,53428,False,0.35983242897782475,-38.80245962196093,,,1.0
performance,P128_DENSE_EARLY,P128_DENSE_EARLY_c0_t1,128,112,0.875,dense,8.0,262643513952378156093041866049373584174,latent_osd_order2,2.6264351395237817e+38,True,1.0,0.5,0.2,0.0,0.0,slip_13_3,True,127,0,1,True,False,,best_complete_marginal_score_in_osd_list,0,0,127,32,4511,4090,4090,519430,False,14.370154356933199,-22.32319409366082,,,0.25196850393700787
performance,P128_DENSE_EARLY,P128_DENSE_EARLY_c0_t2,128,112,0.875,dense,8.0,249658248270138344018581376166230798771,lsgrand_certified,2.4965824827013835e+38,True,1.0,0.5,0.2,0.0,0.0,slip_13_1,True,127,0,2,True,True,0.015477486944721619,strict_unseen_codeword_certificate,960,960,127,127,2,1,0,960,False,0.010418463964015245,-17.78780784882959,32.0,30.0,1.0
performance,P128_DENSE_EARLY,P128_DENSE_EARLY_c0_t2,128,112,0.875,dense,8.0,249658248270138344018581376166230798771,lsgrand_first_valid,2.4965824827013835e+38,True,1.0,0.5,0.2,0.0,0.0,slip_13_1,True,127,0,2,True,False,,first_valid_witness,32,32,127,26,1,1,0,32,False,0.002711758017539978,-17.843023395167386,,,0.2047244094488189
performance,P128_DENSE_EARLY,P128_DENSE_EARLY_c0_t2,128,112,0.875,dense,8.0,249658248270138344018581376166230798771,per_state_grand_sweep,2.4965824827013835e+38,True,1.0,0.5,0.2,0.0,0.0,slip_13_1,True,127,0,2,True,False,,best_fixed_state_codeword,100000,100000,127,67,3,2,0,100000,True,0.5437133349478245,-17.843023395167386,,,0.5275590551181102
performance,P128_DENSE_EARLY,P128_DENSE_EARLY_c0_t2,128,112,0.875,dense,8.0,249658248270138344018581376166230798771,plain_reliability_grand,7.951706244535058e+37,False,1.0,0.5,0.2,0.0,0.0,slip_13_1,True,127,0,2,True,False,,first_valid_witness,73348,73348,1,1,1,1,0,73348,False,0.47830741899088025,-37.543414697708855,,,1.0
performance,P128_DENSE_EARLY,P128_DENSE_EARLY_c0_t2,128,112,0.875,dense,8.0,249658248270138344018581376166230798771,latent_osd_order2,2.4965824827013835e+38,True,1.0,0.5,0.2,0.0,0.0,slip_13_1,True,127,0,2,True,False,,best_complete_marginal_score_in_osd_list,0,0,127,32,4511,3954,3954,502158,False,13.142737425980158,-17.78780784513195,,,0.25196850393700787
performance,P128_DENSE_EARLY,P128_DENSE_EARLY_c0_t3,128,112,0.875,dense,8.0,12078840157889664222118432659743446353,lsgrand_certified,1.2078840157889663e+37,True,1.0,0.5,0.2,0.0,0.0,slip_13_1,True,127,0,3,True,True,0.0023015511814108436,strict_unseen_codeword_certificate,5568,5568,127,127,1,1,0,5568,False,0.04492252494674176,-22.927286194954128,317.0,17.56466876971609,1.0
performance,P128_DENSE_EARLY,P128_DENSE_EARLY_c0_t3,128,112,0.875,dense,8.0,12078840157889664222118432659743446353,lsgrand_first_valid,1.2078840157889663e+37,True,1.0,0.5,0.2,0.0,0.0,slip_13_1,True,127,0,3,True,False,,first_valid_witness,317,317,127,127,1,1,0,317,False,0.004513701074756682,-22.927286194954128,,,1.0
performance,P128_DENSE_EARLY,P128_DENSE_EARLY_c0_t3,128,112,0.875,dense,8.0,12078840157889664222118432659743446353,per_state_grand_sweep,1.2078840157889663e+37,True,1.0,0.5,0.2,0.0,0.0,slip_13_1,True,127,0,3,True,False,,best_fixed_state_codeword,100000,100000,127,66,3,3,0,100000,True,0.5689929600339383,-22.927286194954128,,,0.5196850393700787
performance,P128_DENSE_EARLY,P128_DENSE_EARLY_c0_t3,128,112,0.875,dense,8.0,12078840157889664222118432659743446353,plain_reliability_grand,3.33464901170806e+37,False,1.0,0.5,0.2,0.0,0.0,slip_13_1,True,127,0,3,True,False,,first_valid_witness,64594,64594,1,1,1,1,0,64594,False,0.4662568519124761,-39.98862586089485,,,1.0
performance,P128_DENSE_EARLY,P128_DENSE_EARLY_c0_t3,128,112,0.875,dense,8.0,12078840157889664222118432659743446353,latent_osd_order2,1.2078840157889663e+37,True,1.0,0.5,0.2,0.0,0.0,slip_13_1,True,127,0,3,True,False,,best_complete_marginal_score_in_osd_list,0,0,127,32,4511,3917,3917,497459,False,14.782067120890133,-22.927283994315324,,,0.25196850393700787
performance,P128_DENSE_EARLY,P128_DENSE_EARLY_c0_t4,128,112,0.875,dense,8.0,79760170706528682054896435637546718577,lsgrand_certified,7.976017070652869e+37,True,1.0,0.5,0.2,0.0,0.0,slip_13_1,True,127,0,4,True,True,0.0046216605486471,strict_unseen_codeword_certificate,10496,10496,127,127,1,1,0,10496,False,0.08345948997884989,-26.403820708108032,353.0,29.73371104815864,1.0
performance,P128_DENSE_EARLY,P128_DENSE_EARLY_c0_t4,128,112,0.875,dense,8.0,79760170706528682054896435637546718577,lsgrand_first_valid,7.976017070652869e+37,True,1.0,0.5,0.2,0.0,0.0,slip_13_1,True,127,0,4,True,False,,first_valid_witness,353,353,127,127,1,1,0,353,False,0.004737204988487065,-26.403820708108032,,,1.0
performance,P128_DENSE_EARLY,P128_DENSE_EARLY_c0_t4,128,112,0.875,dense,8.0,79760170706528682054896435637546718577,per_state_grand_sweep,7.976017070652869e+37,True,1.0,0.5,0.2,0.0,0.0,slip_13_1,True,127,0,4,True,False,,best_fixed_state_codeword,100000,100000,127,67,3,2,0,100000,True,0.5524256420321763,-26.403820708108032,,,0.5275590551181102
performance,P128_DENSE_EARLY,P128_DENSE_EARLY_c0_t4,128,112,0.875,dense,8.0,79760170706528682054896435637546718577,plain_reliability_grand,8.241862874053233e+37,False,1.0,0.5,0.2,0.0,0.0,slip_13_1,True,127,0,4,True,False,,first_valid_witness,24516,24516,1,1,1,1,0,24516,False,0.15923172200564295,-37.93146234724135,,,1.0
performance,P128_DENSE_EARLY,P128_DENSE_EARLY_c0_t4,128,112,0.875,dense,8.0,79760170706528682054896435637546718577,latent_osd_order2,7.976017070652869e+37,True,1.0,0.5,0.2,0.0,0.0,slip_13_1,True,127,0,4,True,False,,best_complete_marginal_score_in_osd_list,0,0,127,32,4511,4130,4130,524510,False,14.288789179059677,-26.403285548200124,,,0.25196850393700787
performance,P128_DENSE_EARLY,P128_DENSE_EARLY_c0_t5,128,112,0.875,dense,8.0,301541669109852540184543087066985367857,lsgrand_certified,3.0154166910985255e+38,True,1.0,0.5,0.2,0.0,0.0,slip_13_1,True,127,0,5,True,True,0.1405394383590135,strict_unseen_codeword_certificate,1792,1792,127,127,1,1,0,1792,False,0.017335343989543617,-23.105762206731747,38.0,47.1578947368421,1.0
performance,P128_DENSE_EARLY,P128_DENSE_EARLY_c0_t5,128,112,0.875,dense,8.0,301541669109852540184543087066985367857,lsgrand_first_valid,3.0154166910985255e+38,True,1.0,0.5,0.2,0.0,0.0,slip_13_1,True,127,0,5,True,False,,first_valid_witness,38,38,127,26,1,1,0,38,False,0.002781911985948682,-23.105762206731747,,,0.2047244094488189
performance,P128_DENSE_EARLY,P128_DENSE_EARLY_c0_t5,128,112,0.875,dense,8.0,301541669109852540184543087066985367857,per_state_grand_sweep,3.0154166910985255e+38,True,1.0,0.5,0.2,0.0,0.0,slip_13_1,True,127,0,5,True,False,,best_fixed_state_codeword,100000,100000,127,66,3,2,0,100000,True,0.5508815539069474,-23.105762206731747,,,0.5196850393700787
performance,P128_DENSE_EARLY,P128_DENSE_EARLY_c0_t5,128,112,0.875,dense,8.0,301541669109852540184543087066985367857,plain_reliability_grand,3.0154167113434553e+38,False,1.0,0.5,0.2,0.0,0.0,slip_13_1,True,127,0,5,True,False,,first_valid_witness,51470,51470,1,1,1,1,0,51470,False,0.3467507209861651,-40.30968288132341,,,1.0
performance,P128_DENSE_EARLY,P128_DENSE_EARLY_c0_t5,128,112,0.875,dense,8.0,301541669109852540184543087066985367857,latent_osd_order2,3.0154166910985255e+38,True,1.0,0.5,0.2,0.0,0.0,slip_13_1,True,127,0,5,True,False,,best_complete_marginal_score_in_osd_list,0,0,127,32,4511,4261,4261,541147,False,13.85660201695282,-23.105760585129275,,,0.25196850393700787
performance,P128_DENSE_EARLY,P128_DENSE_EARLY_c0_t6,128,112,0.875,dense,8.0,307890889096633547412951410275398642195,lsgrand_certified,3.0789088909663356e+38,True,1.0,0.5,0.2,0.0,0.0,slip_13_3,True,127,0,6,True,True,0.0006213278571678416,strict_unseen_codeword_certificate,20288,20288,127,127,1,1,0,20288,False,0.1569739170372486,-40.63059993665057,1310.0,15.487022900763359,1.0
performance,P128_DENSE_EARLY,P128_DENSE_EARLY_c0_t6,128,112,0.875,dense,8.0,307890889096633547412951410275398642195,lsgrand_first_valid,3.0789088909663356e+38,True,1.0,0.5,0.2,0.0,0.0,slip_13_3,True,127,0,6,True,False,,first_valid_witness,1310,1310,127,127,1,1,0,1310,False,0.011052217916585505,-40.63059993665057,,,1.0
performance,P128_DENSE_EARLY,P128_DENSE_EARLY_c0_t6,128,112,0.875,dense,8.0,307890889096633547412951410275398642195,per_state_grand_sweep,3.0789088909663356e+38,True,1.0,0.5,0.2,0.0,0.0,slip_13_3,True,127,0,6,True,False,,best_fixed_state_codeword,100000,100000,127,67,4,3,0,100000,True,0.5452053690096363,-40.63059993665057,,,0.5275590551181102
performance,P128_DENSE_EARLY,P128_DENSE_EARLY_c0_t6,128,112,0.875,dense,8.0,307890889096633547412951410275398642195,plain_reliability_grand,3.0789104426178547e+38,False,1.0,0.5,0.2,0.0,0.0,slip_13_3,True,127,0,6,True,False,,first_valid_witness,25484,25484,1,1,1,1,0,25484,False,0.1611816609511152,-51.78495211821374,,,1.0
performance,P128_DENSE_EARLY,P128_DENSE_EARLY_c0_t6,128,112,0.875,dense,8.0,307890889096633547412951410275398642195,latent_osd_order2,3.0789088909663356e+38,True,1.0,0.5,0.2,0.0,0.0,slip_13_3,True,127,0,6,True,False,,best_complete_marginal_score_in_osd_list,0,0,127,32,4511,4056,4056,515112,False,15.153046753956005,-40.63037255390503,,,0.25196850393700787
performance,P128_DENSE_EARLY,P128_DENSE_EARLY_c0_t7,128,112,0.875,dense,8.0,305560614630011692186474644945658279992,lsgrand_certified,3.0556061463001168e+38,True,1.0,0.5,0.2,0.0,0.0,slip_13_1,True,127,0,7,True,True,0.07479368182073642,strict_unseen_codeword_certificate,5568,5568,127,127,1,1,0,5568,False,0.043412304017692804,-22.150537206834333,318.0,17.50943396226415,1.0
performance,P128_DENSE_EARLY,P128_DENSE_EARLY_c0_t7,128,112,0.875,dense,8.0,305560614630011692186474644945658279992,lsgrand_first_valid,3.0556061463001168e+38,True,1.0,0.5,0.2,0.0,0.0,slip_13_1,True,127,0,7,True,False,,first_valid_witness,318,318,127,127,1,1,0,318,False,0.004412465961650014,-22.150537206834333,,,1.0
performance,P128_DENSE_EARLY,P128_DENSE_EARLY_c0_t7,128,112,0.875,dense,8.0,305560614630011692186474644945658279992,per_state_grand_sweep,3.0556061463001168e+38,True,1.0,0.5,0.2,0.0,0.0,slip_13_1,True,127,0,7,True,False,,best_fixed_state_codeword,100000,100000,127,67,5,4,0,100000,True,0.5489815609762445,-22.150537206834333,,,0.5275590551181102
performance,P128_DENSE_EARLY,P128_DENSE_EARLY_c0_t7,128,112,0.875,dense,8.0,305560614630011692186474644945658279992,plain_reliability_grand,3.0556061289304417e+38,False,1.0,0.5,0.2,0.0,0.0,slip_13_1,True,127,0,7,True,False,,first_valid_witness,84407,84407,1,1,1,1,0,84407,False,0.6086380090564489,-38.467848115068065,,,1.0
performance,P128_DENSE_EARLY,P128_DENSE_EARLY_c0_t7,128,112,0.875,dense,8.0,305560614630011692186474644945658279992,latent_osd_order2,3.0556061463001168e+38,True,1.0,0.5,0.2,0.0,0.0,slip_13_1,True,127,0,7,True,False,,best_complete_marginal_score_in_osd_list,0,0,127,32,4511,4183,4183,531241,False,12.860163505072705,-22.150531252608314,,,0.25196850393700787
performance,P128_DENSE_EARLY,P128_DENSE_EARLY_c0_t8,128,112,0.875,dense,8.0,303295511014318022110447965908290912670,lsgrand_certified,3.03295511014318e+38,True,1.0,0.5,0.2,0.0,0.0,slip_13_1,True,127,0,8,True,True,0.00667388968048499,strict_unseen_codeword_certificate,10112,10112,127,127,2,2,0,10112,False,0.08397957088891417,-24.372743815490256,600.0,16.85333333333333,1.0
performance,P128_DENSE_EARLY,P128_DENSE_EARLY_c0_t8,128,112,0.875,dense,8.0,303295511014318022110447965908290912670,lsgrand_first_valid,3.03295511014318e+38,True,1.0,0.5,0.2,0.0,0.0,slip_13_1,True,127,0,8,True,False,,first_valid_witness,600,600,127,127,1,1,0,600,False,0.006033384939655662,-24.372743815490256,,,1.0
performance,P128_DENSE_EARLY,P128_DENSE_EARLY_c0_t8,128,112,0.875,dense,8.0,303295511014318022110447965908290912670,per_state_grand_sweep,3.03295511014318e+38,True,1.0,0.5,0.2,0.0,0.0,slip_13_1,True,127,0,8,True,False,,best_fixed_state_codeword,100000,100000,127,67,4,3,0,100000,True,0.5303730960004032,-24.372743815490256,,,0.5275590551181102
performance,P128_DENSE_EARLY,P128_DENSE_EARLY_c0_t8,128,112,0.875,dense,8.0,303295511014318022110447965908290912670,plain_reliability_grand,3.032955080470756e+38,False,1.0,0.5,0.2,0.0,0.0,slip_13_1,True,127,0,8,True,False,,first_valid_witness,5694,5694,1,1,1,1,0,5694,False,0.036298826918937266,-33.8361050380291,,,1.0
performance,P128_DENSE_EARLY,P128_DENSE_EARLY_c0_t8,128,112,0.875,dense,8.0,303295511014318022110447965908290912670,latent_osd_order2,3.03295511014318e+38,True,1.0,0.5,0.2,0.0,0.0,slip_13_1,True,127,0,8,True,False,,best_complete_marginal_score_in_osd_list,0,0,127,32,4511,4088,4088,519176,False,13.779843446915038,-24.372743371898103,,,0.25196850393700787
performance,P128_DENSE_EARLY,P128_DENSE_EARLY_c0_t9,128,112,0.875,dense,8.0,7228335322333221372745430385683529064,lsgrand_certified,7.228335322333222e+36,True,1.0,0.5,0.2,0.0,0.0,slip_13_1,True,127,0,9,True,True,0.0091070532776385,strict_unseen_codeword_certificate,8640,8640,127,127,1,1,0,8640,False,0.06845418002922088,-37.18596406719468,466.0,18.540772532188843,1.0
performance,P128_DENSE_EARLY,P128_DENSE_EARLY_c0_t9,128,112,0.875,dense,8.0,7228335322333221372745430385683529064,lsgrand_first_valid,7.228335322333222e+36,True,1.0,0.5,0.2,0.0,0.0,slip_13_1,True,127,0,9,True,False,,first_valid_witness,466,466,127,127,1,1,0,466,False,0.005450631957501173,-37.18596406719468,,,1.0
performance,P128_DENSE_EARLY,P128_DENSE_EARLY_c0_t9,128,112,0.875,dense,8.0,7228335322333221372745430385683529064,per_state_grand_sweep,7.228335322333222e+36,True,1.0,0.5,0.2,0.0,0.0,slip_13_1,True,127,0,9,True,False,,best_fixed_state_codeword,100000,100000,127,67,3,3,0,100000,True,0.5616652319440618,-37.18596406719468,,,0.5275590551181102
performance,P128_DENSE_EARLY,P128_DENSE_EARLY_c0_t9,128,112,0.875,dense,8.0,7228335322333221372745430385683529064,plain_reliability_grand,,False,1.0,0.5,0.2,0.0,0.0,slip_13_1,True,127,0,9,False,False,,query_cap_or_exhaustion,100000,100000,1,1,0,0,0,100000,True,0.6867106150602922,,,,1.0
performance,P128_DENSE_EARLY,P128_DENSE_EARLY_c0_t9,128,112,0.875,dense,8.0,7228335322333221372745430385683529064,latent_osd_order2,7.228335322333222e+36,True,1.0,0.5,0.2,0.0,0.0,slip_13_1,True,127,0,9,True,False,,best_complete_marginal_score_in_osd_list,0,0,127,32,4511,4131,4131,524637,False,14.75615630496759,-37.18595696822575,,,0.25196850393700787
performance,P128_DENSE_EARLY,P128_DENSE_EARLY_c0_t10,128,112,0.875,dense,8.0,327413777322025893975042956985695482752,lsgrand_certified,3.2741377732202588e+38,True,1.0,0.5,0.2,0.0,0.0,slip_13_3,True,127,0,10,True,True,0.020595707923920514,strict_unseen_codeword_certificate,1664,1664,127,127,1,1,0,1664,False,0.01534201402682811,-19.88705272532745,38.0,43.78947368421053,1.0
performance,P128_DENSE_EARLY,P128_DENSE_EARLY_c0_t10,128,112,0.875,dense,8.0,327413777322025893975042956985695482752,lsgrand_first_valid,3.2741377732202588e+38,True,1.0,0.5,0.2,0.0,0.0,slip_13_3,True,127,0,10,True,False,,first_valid_witness,38,38,127,27,1,1,0,38,False,0.0027227079262956977,-19.88705272532745,,,0.2125984251968504
performance,P128_DENSE_EARLY,P128_DENSE_EARLY_c0_t10,128,112,0.875,dense,8.0,327413777322025893975042956985695482752,per_state_grand_sweep,3.2741377732202588e+38,True,1.0,0.5,0.2,0.0,0.0,slip_13_3,True,127,0,10,True,False,,best_fixed_state_codeword,100000,100000,127,68,5,3,0,100000,True,0.5624308369588107,-19.88705272532745,,,0.5354330708661418
performance,P128_DENSE_EARLY,P128_DENSE_EARLY_c0_t10,128,112,0.875,dense,8.0,327413777322025893975042956985695482752,plain_reliability_grand,,False,1.0,0.5,0.2,0.0,0.0,slip_13_3,True,127,0,10,False,False,,query_cap_or_exhaustion,100000,100000,1,1,0,0,0,100000,True,0.7421732889488339,,,,1.0
performance,P128_DENSE_EARLY,P128_DENSE_EARLY_c0_t10,128,112,0.875,dense,8.0,327413777322025893975042956985695482752,latent_osd_order2,3.2741377732202588e+38,True,1.0,0.5,0.2,0.0,0.0,slip_13_3,True,127,0,10,True,False,,best_complete_marginal_score_in_osd_list,0,0,127,32,4511,4126,4126,524002,False,14.933256853953935,-19.886233747996616,,,0.25196850393700787
performance,P128_DENSE_EARLY,P128_DENSE_EARLY_c0_t11,128,112,0.875,dense,8.0,286330941548632018930683212116441334750,lsgrand_certified,2.86330941548632e+38,True,1.0,0.5,0.2,0.0,0.0,slip_13_3,True,127,0,11,True,True,0.0041950648526238865,strict_unseen_codeword_certificate,11968,11968,127,127,2,2,0,11968,False,0.10745934303849936,-32.560489056232434,742.0,16.129380053908356,1.0
performance,P128_DENSE_EARLY,P128_DENSE_EARLY_c0_t11,128,112,0.875,dense,8.0,286330941548632018930683212116441334750,lsgrand_first_valid,2.86330941548632e+38,True,1.0,0.5,0.2,0.0,0.0,slip_13_3,True,127,0,11,True,False,,first_valid_witness,742,742,127,127,1,1,0,742,False,0.007782084052450955,-32.560489056232434,,,1.0
performance,P128_DENSE_EARLY,P128_DENSE_EARLY_c0_t11,128,112,0.875,dense,8.0,286330941548632018930683212116441334750,per_state_grand_sweep,2.86330941548632e+38,True,1.0,0.5,0.2,0.0,0.0,slip_13_3,True,127,0,11,True,False,,best_fixed_state_codeword,100000,100000,127,67,4,2,0,100000,True,0.5950859610456973,-32.560489056232434,,,0.5275590551181102
performance,P128_DENSE_EARLY,P128_DENSE_EARLY_c0_t11,128,112,0.875,dense,8.0,286330941548632018930683212116441334750,plain_reliability_grand,2.810140313584425e+38,False,1.0,0.5,0.2,0.0,0.0,slip_13_3,True,127,0,11,True,False,,first_valid_witness,75907,75907,1,1,1,1,0,75907,False,0.562351530068554,-47.25255108884183,,,1.0
performance,P128_DENSE_EARLY,P128_DENSE_EARLY_c0_t11,128,112,0.875,dense,8.0,286330941548632018930683212116441334750,latent_osd_order2,2.86330941548632e+38,True,1.0,0.5,0.2,0.0,0.0,slip_13_3,True,127,0,11,True,False,,best_complete_marginal_score_in_osd_list,0,0,127,32,4511,4220,4220,535940,False,13.64233534806408,-32.558916642593125,,,0.25196850393700787
performance,P128_DENSE_EARLY,P128_DENSE_EARLY_c0_t12,128,112,0.875,dense,8.0,241049363974998907704455639448153734791,lsgrand_certified,2.410493639749989e+38,True,1.0,0.5,0.2,0.0,0.0,slip_13_1,True,127,0,12,True,True,0.21851999381312126,strict_unseen_codeword_certificate,1024,1024,127,127,1,1,0,1024,False,0.01056496798992157,-15.623602022555104,33.0,31.03030303030303,1.0
performance,P128_DENSE_EARLY,P128_DENSE_EARLY_c0_t12,128,112,0.875,dense,8.0,241049363974998907704455639448153734791,lsgrand_first_valid,2.410493639749989e+38,True,1.0,0.5,0.2,0.0,0.0,slip_13_1,True,127,0,12,True,False,,first_valid_witness,33,33,127,26,1,1,0,33,False,0.00267132802400738,-15.623602022555104,,,0.2047244094488189
performance,P128_DENSE_EARLY,P128_DENSE_EARLY_c0_t12,128,112,0.875,dense,8.0,241049363974998907704455639448153734791,per_state_grand_sweep,2.410493639749989e+38,True,1.0,0.5,0.2,0.0,0.0,slip_13_1,True,127,0,12,True,False,,best_fixed_state_codeword,100000,100000,127,68,5,3,0,100000,True,0.5573743920540437,-15.623602022555104,,,0.5354330708661418
performance,P128_DENSE_EARLY,P128_DENSE_EARLY_c0_t12,128,112,0.875,dense,8.0,241049363974998907704455639448153734791,plain_reliability_grand,2.3972272908528316e+38,False,1.0,0.5,0.2,0.0,0.0,slip_13_1,True,127,0,12,True,False,,first_valid_witness,41644,41644,1,1,1,1,0,41644,False,0.2715975639875978,-35.915581793940106,,,1.0
performance,P128_DENSE_EARLY,P128_DENSE_EARLY_c0_t12,128,112,0.875,dense,8.0,241049363974998907704455639448153734791,latent_osd_order2,2.410493639749989e+38,True,1.0,0.5,0.2,0.0,0.0,slip_13_1,True,127,0,12,True,False,,best_complete_marginal_score_in_osd_list,0,0,127,32,4511,4115,4115,522605,False,14.94682087097317,-15.623600805712753,,,0.25196850393700787
performance,P128_DENSE_EARLY,P128_DENSE_EARLY_c0_t13,128,112,0.875,dense,8.0,144281386256829119437502062131644952882,lsgrand_certified,1.4428138625682913e+38,True,1.0,0.5,0.2,0.0,0.0,slip_13_1,True,127,0,13,True,True,0.0054489808779791815,strict_unseen_codeword_certificate,2112,2112,127,127,1,1,0,2112,False,0.018189811031334102,-28.76537853931069,40.0,52.8,1.0
performance,P128_DENSE_EARLY,P128_DENSE_EARLY_c0_t13,128,112,0.875,dense,8.0,144281386256829119437502062131644952882,lsgrand_first_valid,1.4428138625682913e+38,True,1.0,0.5,0.2,0.0,0.0,slip_13_1,True,127,0,13,True,False,,first_valid_witness,40,40,127,26,1,1,0,40,False,0.0027691650902852416,-28.76537853931069,,,0.2047244094488189
performance,P128_DENSE_EARLY,P128_DENSE_EARLY_c0_t13,128,112,0.875,dense,8.0,144281386256829119437502062131644952882,per_state_grand_sweep,1.4428138625682913e+38,True,1.0,0.5,0.2,0.0,0.0,slip_13_1,True,127,0,13,True,False,,best_fixed_state_codeword,100000,100000,127,67,3,1,0,100000,True,0.5579570099944249,-28.76537853931069,,,0.5275590551181102
performance,P128_DENSE_EARLY,P128_DENSE_EARLY_c0_t13,128,112,0.875,dense,8.0,144281386256829119437502062131644952882,plain_reliability_grand,1.4361677403866594e+38,False,1.0,0.5,0.2,0.0,0.0,slip_13_1,True,127,0,13,True,False,,first_valid_witness,68149,68149,1,1,1,1,0,68149,False,0.49104264099150896,-45.93923013065556,,,1.0
performance,P128_DENSE_EARLY,P128_DENSE_EARLY_c0_t13,128,112,0.875,dense,8.0,144281386256829119437502062131644952882,latent_osd_order2,1.4428138625682913e+38,True,1.0,0.5,0.2,0.0,0.0,slip_13_1,True,127,0,13,True,False,,best_complete_marginal_score_in_osd_list,0,0,127,32,4511,4037,4037,512699,False,13.593410859000869,-28.765317727594027,,,0.25196850393700787
performance,P128_DENSE_EARLY,P128_DENSE_EARLY_c0_t14,128,112,0.875,dense,8.0,23883287878373797223722954115444090930,lsgrand_certified,2.38832878783738e+37,True,1.0,0.5,0.2,0.0,0.0,slip_13_1,True,127,0,14,True,True,0.0008683733317980113,strict_unseen_codeword_certificate,3200,3200,127,127,1,1,0,3200,False,0.02956783806439489,-39.0037589276678,48.0,66.66666666666667,1.0
performance,P128_DENSE_EARLY,P128_DENSE_EARLY_c0_t14,128,112,0.875,dense,8.0,23883287878373797223722954115444090930,lsgrand_first_valid,2.38832878783738e+37,True,1.0,0.5,0.2,0.0,0.0,slip_13_1,True,127,0,14,True,False,,first_valid_witness,48,48,127,26,1,1,0,48,False,0.0029375189915299416,-39.0037589276678,,,0.2047244094488189
performance,P128_DENSE_EARLY,P128_DENSE_EARLY_c0_t14,128,112,0.875,dense,8.0,23883287878373797223722954115444090930,per_state_grand_sweep,2.38832878783738e+37,True,1.0,0.5,0.2,0.0,0.0,slip_13_1,True,127,0,14,True,False,,best_fixed_state_codeword,100000,100000,127,67,5,4,0,100000,True,0.5618957149563357,-39.0037589276678,,,0.5275590551181102
performance,P128_DENSE_EARLY,P128_DENSE_EARLY_c0_t14,128,112,0.875,dense,8.0,23883287878373797223722954115444090930,plain_reliability_grand,1.9402447445755652e+38,False,1.0,0.5,0.2,0.0,0.0,slip_13_1,True,127,0,14,True,False,,first_valid_witness,61593,61593,1,1,1,1,0,61593,False,0.43815591803286225,-54.983194803080146,,,1.0
performance,P128_DENSE_EARLY,P128_DENSE_EARLY_c0_t14,128,112,0.875,dense,8.0,23883287878373797223722954115444090930,latent_osd_order2,2.38832878783738e+37,True,1.0,0.5,0.2,0.0,0.0,slip_13_1,True,127,0,14,True,False,,best_complete_marginal_score_in_osd_list,0,0,127,32,4511,3743,3743,475361,False,13.394092399976216,-39.003749520298804,,,0.25196850393700787
performance,P128_DENSE_EARLY,P128_DENSE_EARLY_c0_t15,128,112,0.875,dense,8.0,295434349735014913816274959315708581041,lsgrand_certified,2.954343497350149e+38,True,1.0,0.5,0.2,0.0,0.0,slip_13_3,True,127,0,15,True,True,0.0034850728558240007,strict_unseen_codeword_certificate,8448,8448,127,127,1,1,0,8448,False,0.06818813900463283,-22.18866816695084,592.0,14.27027027027027,1.0
performance,P128_DENSE_EARLY,P128_DENSE_EARLY_c0_t15,128,112,0.875,dense,8.0,295434349735014913816274959315708581041,lsgrand_first_valid,2.954343497350149e+38,True,1.0,0.5,0.2,0.0,0.0,slip_13_3,True,127,0,15,True,False,,first_valid_witness,592,592,127,127,1,1,0,592,False,0.006459405994974077,-22.18866816695084,,,1.0
performance,P128_DENSE_EARLY,P128_DENSE_EARLY_c0_t15,128,112,0.875,dense,8.0,295434349735014913816274959315708581041,per_state_grand_sweep,2.954343497350149e+38,True,1.0,0.5,0.2,0.0,0.0,slip_13_3,True,127,0,15,True,False,,best_fixed_state_codeword,100000,100000,127,68,6,5,0,100000,True,0.5535236170981079,-22.18866816695084,,,0.5354330708661418
performance,P128_DENSE_EARLY,P128_DENSE_EARLY_c0_t15,128,112,0.875,dense,8.0,295434349735014913816274959315708581041,plain_reliability_grand,2.954758889239536e+38,False,1.0,0.5,0.2,0.0,0.0,slip_13_3,True,127,0,15,True,False,,first_valid_witness,17635,17635,1,1,1,1,0,17635,False,0.1152702170656994,-33.89003228429938,,,1.0
performance,P128_DENSE_EARLY,P128_DENSE_EARLY_c0_t15,128,112,0.875,dense,8.0,295434349735014913816274959315708581041,latent_osd_order2,2.954343497350149e+38,True,1.0,0.5,0.2,0.0,0.0,slip_13_3,True,127,0,15,True,False,,best_complete_marginal_score_in_osd_list,0,0,127,32,4511,4301,4301,546227,False,13.7207823790377,-22.188653127726226,,,0.25196850393700787
performance,P128_DENSE_EARLY,P128_DENSE_EARLY_c0_t16,128,112,0.875,dense,8.0,229639559788881476172948993018646366527,lsgrand_certified,2.2963955978888147e+38,True,1.0,0.5,0.2,0.0,0.0,slip_13_3,True,127,0,16,True,True,0.03126087481126483,strict_unseen_codeword_certificate,2944,2944,127,127,1,1,0,2944,False,0.024193407967686653,-8.1720572772106,174.0,16.919540229885058,1.0
performance,P128_DENSE_EARLY,P128_DENSE_EARLY_c0_t16,128,112,0.875,dense,8.0,229639559788881476172948993018646366527,lsgrand_first_valid,2.2963955978888147e+38,True,1.0,0.5,0.2,0.0,0.0,slip_13_3,True,127,0,16,True,False,,first_valid_witness,174,174,127,127,1,1,0,174,False,0.003435448044911027,-8.1720572772106,,,1.0
performance,P128_DENSE_EARLY,P128_DENSE_EARLY_c0_t16,128,112,0.875,dense,8.0,229639559788881476172948993018646366527,per_state_grand_sweep,2.2963955978888147e+38,True,1.0,0.5,0.2,0.0,0.0,slip_13_3,True,127,0,16,True,False,,best_fixed_state_codeword,100000,100000,127,66,3,1,0,100000,True,0.5569435269571841,-8.1720572772106,,,0.5196850393700787
performance,P128_DENSE_EARLY,P128_DENSE_EARLY_c0_t16,128,112,0.875,dense,8.0,229639559788881476172948993018646366527,plain_reliability_grand,2.29639558929632e+38,False,1.0,0.5,0.2,0.0,0.0,slip_13_3,True,127,0,16,True,False,,first_valid_witness,60018,60018,1,1,1,1,0,60018,False,0.41829261602833867,-25.889732193382144,,,1.0
performance,P128_DENSE_EARLY,P128_DENSE_EARLY_c0_t16,128,112,0.875,dense,8.0,229639559788881476172948993018646366527,latent_osd_order2,2.2963955978888147e+38,True,1.0,0.5,0.2,0.0,0.0,slip_13_3,True,127,0,16,True,False,,best_complete_marginal_score_in_osd_list,0,0,127,32,4511,4179,4179,530733,False,14.942313981009647,-8.17200482234188,,,0.25196850393700787
performance,P128_DENSE_EARLY,P128_DENSE_EARLY_c0_t17,128,112,0.875,dense,8.0,83909660097714837197604505649837488597,lsgrand_certified,8.390966009771484e+37,True,1.0,0.5,0.2,0.0,0.0,slip_13_3,True,127,0,17,True,True,0.002246814847332246,strict_unseen_codeword_certificate,6720,6720,127,127,1,1,0,6720,False,0.055325263063423336,-18.529432339797665,579.0,11.606217616580311,1.0
performance,P128_DENSE_EARLY,P128_DENSE_EARLY_c0_t17,128,112,0.875,dense,8.0,83909660097714837197604505649837488597,lsgrand_first_valid,8.390966009771484e+37,True,1.0,0.5,0.2,0.0,0.0,slip_13_3,True,127,0,17,True,False,,first_valid_witness,579,579,127,127,1,1,0,579,False,0.0063705709762871265,-18.529432339797665,,,1.0
performance,P128_DENSE_EARLY,P128_DENSE_EARLY_c0_t17,128,112,0.875,dense,8.0,83909660097714837197604505649837488597,per_state_grand_sweep,8.390966009771484e+37,True,1.0,0.5,0.2,0.0,0.0,slip_13_3,True,127,0,17,True,False,,best_fixed_state_codeword,100000,100000,127,67,4,3,0,100000,True,0.5678434550063685,-18.529432339797665,,,0.5275590551181102
performance,P128_DENSE_EARLY,P128_DENSE_EARLY_c0_t17,128,112,0.875,dense,8.0,83909660097714837197604505649837488597,plain_reliability_grand,2.5405084145201446e+38,False,1.0,0.5,0.2,0.0,0.0,slip_13_3,True,127,0,17,True,False,,first_valid_witness,26694,26694,1,1,1,1,0,26694,False,0.17538975598290563,-32.69747538521308,,,1.0
performance,P128_DENSE_EARLY,P128_DENSE_EARLY_c0_t17,128,112,0.875,dense,8.0,83909660097714837197604505649837488597,latent_osd_order2,8.390966009771484e+37,True,1.0,0.5,0.2,0.0,0.0,slip_13_3,True,127,0,17,True,False,,best_complete_marginal_score_in_osd_list,0,0,127,32,4511,3981,3981,505587,False,14.267537951935083,-18.529340804927763,,,0.25196850393700787
performance,P128_DENSE_EARLY,P128_DENSE_EARLY_c0_t18,128,112,0.875,dense,8.0,52280944029755749350768805644390346282,lsgrand_certified,5.228094402975575e+37,True,1.0,0.5,0.2,0.0,0.0,slip_13_3,True,127,0,18,True,True,0.11062200791965893,strict_unseen_codeword_certificate,768,768,127,127,1,1,0,768,False,0.008758447016589344,-9.885388588996427,32.0,24.0,1.0
performance,P128_DENSE_EARLY,P128_DENSE_EARLY_c0_t18,128,112,0.875,dense,8.0,52280944029755749350768805644390346282,lsgrand_first_valid,5.228094402975575e+37,True,1.0,0.5,0.2,0.0,0.0,slip_13_3,True,127,0,18,True,False,,first_valid_witness,32,32,127,27,1,1,0,32,False,0.0028498059837147593,-9.885388588996427,,,0.2125984251968504
performance,P128_DENSE_EARLY,P128_DENSE_EARLY_c0_t18,128,112,0.875,dense,8.0,52280944029755749350768805644390346282,per_state_grand_sweep,5.228094402975575e+37,True,1.0,0.5,0.2,0.0,0.0,slip_13_3,True,127,0,18,True,False,,best_fixed_state_codeword,100000,100000,127,67,3,1,0,100000,True,0.5715327640064061,-9.885388588996427,,,0.5275590551181102
performance,P128_DENSE_EARLY,P128_DENSE_EARLY_c0_t18,128,112,0.875,dense,8.0,52280944029755749350768805644390346282,plain_reliability_grand,,False,1.0,0.5,0.2,0.0,0.0,slip_13_3,True,127,0,18,False,False,,query_cap_or_exhaustion,100000,100000,1,1,0,0,0,100000,True,0.7384434890700504,,,,1.0
performance,P128_DENSE_EARLY,P128_DENSE_EARLY_c0_t18,128,112,0.875,dense,8.0,52280944029755749350768805644390346282,latent_osd_order2,5.228094402975575e+37,True,1.0,0.5,0.2,0.0,0.0,slip_13_3,True,127,0,18,True,False,,best_complete_marginal_score_in_osd_list,0,0,127,32,4511,4092,4092,519684,False,14.241774837952107,-9.885368021826963,,,0.25196850393700787
performance,P128_DENSE_EARLY,P128_DENSE_EARLY_c0_t19,128,112,0.875,dense,8.0,295913410470796085471423056645302976108,lsgrand_certified,2.959134104707961e+38,True,1.0,0.5,0.2,0.0,0.0,slip_13_3,True,127,0,19,True,True,0.020537389983621424,strict_unseen_codeword_certificate,1344,1344,127,127,1,1,0,1344,False,0.013418461079709232,-12.810979711959783,162.0,8.296296296296296,1.0
performance,P128_DENSE_EARLY,P128_DENSE_EARLY_c0_t19,128,112,0.875,dense,8.0,295913410470796085471423056645302976108,lsgrand_first_valid,2.959134104707961e+38,True,1.0,0.5,0.2,0.0,0.0,slip_13_3,True,127,0,19,True,False,,first_valid_witness,162,162,127,127,1,1,0,162,False,0.0035808010725304484,-12.810979711959783,,,1.0
performance,P128_DENSE_EARLY,P128_DENSE_EARLY_c0_t19,128,112,0.875,dense,8.0,295913410470796085471423056645302976108,per_state_grand_sweep,2.959134104707961e+38,True,1.0,0.5,0.2,0.0,0.0,slip_13_3,True,127,0,19,True,False,,best_fixed_state_codeword,100000,100000,127,68,4,2,0,100000,True,0.6175198850687593,-12.810979711959783,,,0.5354330708661418
performance,P128_DENSE_EARLY,P128_DENSE_EARLY_c0_t19,128,112,0.875,dense,8.0,295913410470796085471423056645302976108,plain_reliability_grand,3.3842793822731072e+38,False,1.0,0.5,0.2,0.0,0.0,slip_13_3,True,127,0,19,True,False,,first_valid_witness,1239,1239,1,1,1,1,0,1239,False,0.008892658981494606,-22.38876978355231,,,1.0
performance,P128_DENSE_EARLY,P128_DENSE_EARLY_c0_t19,128,112,0.875,dense,8.0,295913410470796085471423056645302976108,latent_osd_order2,2.959134104707961e+38,True,1.0,0.5,0.2,0.0,0.0,slip_13_3,True,127,0,19,True,False,,best_complete_marginal_score_in_osd_list,0,0,127,32,4511,4069,4069,516763,False,13.990737281972542,-12.810637593922127,,,0.25196850393700787
performance,P128_SPARSE_EARLY,P128_SPARSE_EARLY_c0_t0,128,112,0.875,sparse,8.0,44403349316472893304696622321265491328,lsgrand_certified,4.440334931647289e+37,True,1.0,0.5,0.2,0.0,0.0,slip_13_3,True,127,0,0,True,True,7.650781988388644e-06,strict_unseen_codeword_certificate,11584,11584,127,127,1,1,0,11584,False,0.09425696497783065,-24.067627500196938,1245.0,9.304417670682732,1.0
performance,P128_SPARSE_EARLY,P128_SPARSE_EARLY_c0_t0,128,112,0.875,sparse,8.0,44403349316472893304696622321265491328,lsgrand_first_valid,4.440334931647289e+37,True,1.0,0.5,0.2,0.0,0.0,slip_13_3,True,127,0,0,True,False,,first_valid_witness,1245,1245,127,127,1,1,0,1245,False,0.010693671996705234,-24.067627500196938,,,1.0
performance,P128_SPARSE_EARLY,P128_SPARSE_EARLY_c0_t0,128,112,0.875,sparse,8.0,44403349316472893304696622321265491328,per_state_grand_sweep,4.440334931647289e+37,True,1.0,0.5,0.2,0.0,0.0,slip_13_3,True,127,0,0,True,False,,best_fixed_state_codeword,100000,100000,127,69,6,6,0,100000,True,0.5944996400503442,-24.067627500196938,,,0.5433070866141733
performance,P128_SPARSE_EARLY,P128_SPARSE_EARLY_c0_t0,128,112,0.875,sparse,8.0,44403349316472893304696622321265491328,plain_reliability_grand,,False,1.0,0.5,0.2,0.0,0.0,slip_13_3,True,127,0,0,False,False,,query_cap_or_exhaustion,100000,100000,1,1,0,0,0,100000,True,0.762271382031031,,,,1.0
performance,P128_SPARSE_EARLY,P128_SPARSE_EARLY_c0_t0,128,112,0.875,sparse,8.0,44403349316472893304696622321265491328,latent_osd_order2,4.440334931647289e+37,True,1.0,0.5,0.2,0.0,0.0,slip_13_3,True,127,0,0,True,False,,best_complete_marginal_score_in_osd_list,0,0,127,32,4511,4203,4203,533781,False,12.35448128497228,-24.067627413414083,,,0.25196850393700787
performance,P128_SPARSE_EARLY,P128_SPARSE_EARLY_c0_t1,128,112,0.875,sparse,8.0,248445136034877628362167232374157945947,lsgrand_certified,2.4844513603487764e+38,True,1.0,0.5,0.2,0.0,0.0,slip_13_1,True,127,0,1,True,True,0.030473273106427,strict_unseen_codeword_certificate,832,832,127,127,3,2,0,832,False,0.01024568302091211,-19.69669958115711,32.0,26.0,1.0
performance,P128_SPARSE_EARLY,P128_SPARSE_EARLY_c0_t1,128,112,0.875,sparse,8.0,248445136034877628362167232374157945947,lsgrand_first_valid,2.4844513603487764e+38,True,1.0,0.5,0.2,0.0,0.0,slip_13_1,True,127,0,1,True,False,,first_valid_witness,32,32,127,26,1,1,0,32,False,0.0027825809083878994,-19.70618155068273,,,0.2047244094488189
performance,P128_SPARSE_EARLY,P128_SPARSE_EARLY_c0_t1,128,112,0.875,sparse,8.0,248445136034877628362167232374157945947,per_state_grand_sweep,2.4844513603487764e+38,True,1.0,0.5,0.2,0.0,0.0,slip_13_1,True,127,0,1,True,False,,best_fixed_state_codeword,100000,100000,127,71,8,6,0,100000,True,0.5582925919443369,-19.70618155068273,,,0.5590551181102362
performance,P128_SPARSE_EARLY,P128_SPARSE_EARLY_c0_t1,128,112,0.875,sparse,8.0,248445136034877628362167232374157945947,plain_reliability_grand,2.4845065358124586e+38,False,1.0,0.5,0.2,0.0,0.0,slip_13_1,True,127,0,1,True,False,,first_valid_witness,81339,81339,1,1,1,1,0,81339,False,0.6084607780212536,-42.61460793560368,,,1.0
performance,P128_SPARSE_EARLY,P128_SPARSE_EARLY_c0_t1,128,112,0.875,sparse,8.0,248445136034877628362167232374157945947,latent_osd_order2,2.4844513603487764e+38,True,1.0,0.5,0.2,0.0,0.0,slip_13_1,True,127,0,1,True,False,,best_complete_marginal_score_in_osd_list,0,0,127,32,4511,4019,4019,510413,False,13.004278431995772,-19.696699560881,,,0.25196850393700787
performance,P128_SPARSE_EARLY,P128_SPARSE_EARLY_c0_t2,128,112,0.875,sparse,8.0,22354601172177390973904789070521378391,lsgrand_certified,2.235460117217739e+37,True,1.0,0.5,0.2,0.0,0.0,slip_13_1,True,127,0,2,True,True,8.320490587010454e-05,strict_unseen_codeword_certificate,52800,52800,127,127,34,32,0,52800,False,1.367243952001445,-20.84752909827821,476.0,110.92436974789916,1.0
performance,P128_SPARSE_EARLY,P128_SPARSE_EARLY_c0_t2,128,112,0.875,sparse,8.0,22354601172177390973904789070521378391,lsgrand_first_valid,2.235460117217739e+37,True,1.0,0.5,0.2,0.0,0.0,slip_13_1,True,127,0,2,True,False,,first_valid_witness,476,476,127,127,1,1,0,476,False,0.006250397069379687,-20.84752909827821,,,1.0
performance,P128_SPARSE_EARLY,P128_SPARSE_EARLY_c0_t2,128,112,0.875,sparse,8.0,22354601172177390973904789070521378391,per_state_grand_sweep,2.235460117217739e+37,True,1.0,0.5,0.2,0.0,0.0,slip_13_1,True,127,0,2,True,False,,best_fixed_state_codeword,100000,100000,127,72,10,9,0,100000,True,0.5942619619891047,-20.84752909827821,,,0.5669291338582677
performance,P128_SPARSE_EARLY,P128_SPARSE_EARLY_c0_t2,128,112,0.875,sparse,8.0,22354601172177390973904789070521378391,plain_reliability_grand,,False,1.0,0.5,0.2,0.0,0.0,slip_13_1,True,127,0,2,False,False,,query_cap_or_exhaustion,100000,100000,1,1,0,0,0,100000,True,0.757848670007661,,,,1.0
performance,P128_SPARSE_EARLY,P128_SPARSE_EARLY_c0_t2,128,112,0.875,sparse,8.0,22354601172177390973904789070521378391,latent_osd_order2,2.235460117217739e+37,True,1.0,0.5,0.2,0.0,0.0,slip_13_1,True,127,0,2,True,False,,best_complete_marginal_score_in_osd_list,0,0,127,32,4511,4010,4010,509270,False,14.225513478042558,-20.84747749609321,,,0.25196850393700787
performance,P128_SPARSE_EARLY,P128_SPARSE_EARLY_c0_t3,128,112,0.875,sparse,8.0,197125001070496844808809574902069975618,lsgrand_certified,1.9712500107049684e+38,True,1.0,0.5,0.2,0.0,0.0,slip_13_1,True,127,0,3,True,True,0.004247022055897887,strict_unseen_codeword_certificate,4928,4928,127,127,2,2,0,4928,False,0.0834906860254705,-15.36911831693099,186.0,26.49462365591398,1.0
performance,P128_SPARSE_EARLY,P128_SPARSE_EARLY_c0_t3,128,112,0.875,sparse,8.0,197125001070496844808809574902069975618,lsgrand_first_valid,1.9712500107049684e+38,True,1.0,0.5,0.2,0.0,0.0,slip_13_1,True,127,0,3,True,False,,first_valid_witness,186,186,127,127,1,1,0,186,False,0.0037759599508717656,-15.36911831693099,,,1.0
performance,P128_SPARSE_EARLY,P128_SPARSE_EARLY_c0_t3,128,112,0.875,sparse,8.0,197125001070496844808809574902069975618,per_state_grand_sweep,1.9712500107049684e+38,True,1.0,0.5,0.2,0.0,0.0,slip_13_1,True,127,0,3,True,False,,best_fixed_state_codeword,100000,100000,127,69,6,5,0,100000,True,0.5899084189441055,-15.36911831693099,,,0.5433070866141733
performance,P128_SPARSE_EARLY,P128_SPARSE_EARLY_c0_t3,128,112,0.875,sparse,8.0,197125001070496844808809574902069975618,plain_reliability_grand,,False,1.0,0.5,0.2,0.0,0.0,slip_13_1,True,127,0,3,False,False,,query_cap_or_exhaustion,100000,100000,1,1,0,0,0,100000,True,0.6854242240078747,,,,1.0
performance,P128_SPARSE_EARLY,P128_SPARSE_EARLY_c0_t3,128,112,0.875,sparse,8.0,197125001070496844808809574902069975618,latent_osd_order2,1.9712500107049684e+38,True,1.0,0.5,0.2,0.0,0.0,slip_13_1,True,127,0,3,True,False,,best_complete_marginal_score_in_osd_list,0,0,127,32,4511,3909,3909,496443,False,13.055974050075747,-15.369117882244316,,,0.25196850393700787
performance,P128_SPARSE_EARLY,P128_SPARSE_EARLY_c0_t4,128,112,0.875,sparse,8.0,159629550206300646395377158256746952291,lsgrand_certified,1.5962955020630064e+38,True,1.0,0.5,0.2,0.0,0.0,slip_13_3,True,127,0,4,True,True,0.00818681396608234,strict_unseen_codeword_certificate,6400,6400,127,127,3,3,0,6400,False,0.059456467046402395,-14.534145370878647,70.0,91.42857142857143,1.0
performance,P128_SPARSE_EARLY,P128_SPARSE_EARLY_c0_t4,128,112,0.875,sparse,8.0,159629550206300646395377158256746952291,lsgrand_first_valid,1.5962955020630064e+38,True,1.0,0.5,0.2,0.0,0.0,slip_13_3,True,127,0,4,True,False,,first_valid_witness,70,70,127,27,1,1,0,70,False,0.003226066939532757,-14.534145370878647,,,0.2125984251968504
performance,P128_SPARSE_EARLY,P128_SPARSE_EARLY_c0_t4,128,112,0.875,sparse,8.0,159629550206300646395377158256746952291,per_state_grand_sweep,1.5962955020630064e+38,True,1.0,0.5,0.2,0.0,0.0,slip_13_3,True,127,0,4,True,False,,best_fixed_state_codeword,100000,100000,127,69,6,6,0,100000,True,0.5937498779967427,-14.534145370878647,,,0.5433070866141733
performance,P128_SPARSE_EARLY,P128_SPARSE_EARLY_c0_t4,128,112,0.875,sparse,8.0,159629550206300646395377158256746952291,plain_reliability_grand,,False,1.0,0.5,0.2,0.0,0.0,slip_13_3,True,127,0,4,False,False,,query_cap_or_exhaustion,100000,100000,1,1,0,0,0,100000,True,0.7140037750359625,,,,1.0
performance,P128_SPARSE_EARLY,P128_SPARSE_EARLY_c0_t4,128,112,0.875,sparse,8.0,159629550206300646395377158256746952291,latent_osd_order2,1.5962955020630064e+38,True,1.0,0.5,0.2,0.0,0.0,slip_13_3,True,127,0,4,True,False,,best_complete_marginal_score_in_osd_list,0,0,127,32,4511,3892,3892,494284,False,13.721623487072065,-14.533442221143,,,0.25196850393700787
performance,P128_SPARSE_EARLY,P128_SPARSE_EARLY_c0_t5,128,112,0.875,sparse,8.0,243284398492370170137479452346721860729,lsgrand_certified,2.4328439849237015e+38,True,1.0,0.5,0.2,0.0,0.0,slip_13_3,True,127,0,5,True,True,0.04255113578358305,strict_unseen_codeword_certificate,6592,6592,127,127,1,1,0,6592,False,0.08625039306934923,-25.810000114265996,200.0,32.96,1.0
performance,P128_SPARSE_EARLY,P128_SPARSE_EARLY_c0_t5,128,112,0.875,sparse,8.0,243284398492370170137479452346721860729,lsgrand_first_valid,2.4328439849237015e+38,True,1.0,0.5,0.2,0.0,0.0,slip_13_3,True,127,0,5,True,False,,first_valid_witness,200,200,127,127,1,1,0,200,False,0.0036639609606936574,-25.810000114265996,,,1.0
performance,P128_SPARSE_EARLY,P128_SPARSE_EARLY_c0_t5,128,112,0.875,sparse,8.0,243284398492370170137479452346721860729,per_state_grand_sweep,2.4328439849237015e+38,True,1.0,0.5,0.2,0.0,0.0,slip_13_3,True,127,0,5,True,False,,best_fixed_state_codeword,100000,100000,127,68,5,5,0,100000,True,0.5600142759503797,-25.810000114265996,,,0.5354330708661418
performance,P128_SPARSE_EARLY,P128_SPARSE_EARLY_c0_t5,128,112,0.875,sparse,8.0,243284398492370170137479452346721860729,plain_reliability_grand,,False,1.0,0.5,0.2,0.0,0.0,slip_13_3,True,127,0,5,False,False,,query_cap_or_exhaustion,100000,100000,1,1,0,0,0,100000,True,0.6990724570350721,,,,1.0
performance,P128_SPARSE_EARLY,P128_SPARSE_EARLY_c0_t5,128,112,0.875,sparse,8.0,243284398492370170137479452346721860729,latent_osd_order2,2.4328439849237015e+38,True,1.0,0.5,0.2,0.0,0.0,slip_13_3,True,127,0,5,True,False,,best_complete_marginal_score_in_osd_list,0,0,127,32,4511,4073,4073,517271,False,12.704059835989028,-25.80973549237431,,,0.25196850393700787
performance,P128_SPARSE_EARLY,P128_SPARSE_EARLY_c0_t6,128,112,0.875,sparse,8.0,191974206590589663517443954400431099329,lsgrand_certified,1.9197420659058966e+38,True,1.0,0.5,0.2,0.0,0.0,slip_13_3,True,127,0,6,True,True,0.027645405213025498,strict_unseen_codeword_certificate,2560,2560,127,127,6,6,0,2560,False,0.02914748201146722,-19.174709655635418,42.0,60.95238095238095,1.0
performance,P128_SPARSE_EARLY,P128_SPARSE_EARLY_c0_t6,128,112,0.875,sparse,8.0,191974206590589663517443954400431099329,lsgrand_first_valid,1.9197420659058966e+38,True,1.0,0.5,0.2,0.0,0.0,slip_13_3,True,127,0,6,True,False,,first_valid_witness,42,42,127,27,1,1,0,42,False,0.002838672953657806,-19.174709655635418,,,0.2125984251968504
performance,P128_SPARSE_EARLY,P128_SPARSE_EARLY_c0_t6,128,112,0.875,sparse,8.0,191974206590589663517443954400431099329,per_state_grand_sweep,1.9197420659058966e+38,True,1.0,0.5,0.2,0.0,0.0,slip_13_3,True,127,0,6,True,False,,best_fixed_state_codeword,100000,100000,127,70,6,6,0,100000,True,0.5485122099053115,-19.174709655635418,,,0.5511811023622047
performance,P128_SPARSE_EARLY,P128_SPARSE_EARLY_c0_t6,128,112,0.875,sparse,8.0,191974206590589663517443954400431099329,plain_reliability_grand,,False,1.0,0.5,0.2,0.0,0.0,slip_13_3,True,127,0,6,False,False,,query_cap_or_exhaustion,100000,100000,1,1,0,0,0,100000,True,0.6913113670889288,,,,1.0
performance,P128_SPARSE_EARLY,P128_SPARSE_EARLY_c0_t6,128,112,0.875,sparse,8.0,191974206590589663517443954400431099329,latent_osd_order2,1.9197420659058966e+38,True,1.0,0.5,0.2,0.0,0.0,slip_13_3,True,127,0,6,True,False,,best_complete_marginal_score_in_osd_list,0,0,127,32,4511,4089,4089,519303,False,13.61368172802031,-19.174645717971515,,,0.25196850393700787
performance,P128_SPARSE_EARLY,P128_SPARSE_EARLY_c0_t7,128,112,0.875,sparse,8.0,36390697643622703007195793991693519550,lsgrand_certified,3.63906976436227e+37,True,1.0,0.5,0.2,0.0,0.0,slip_13_3,True,127,0,7,True,True,0.021700806450059673,strict_unseen_codeword_certificate,3520,3520,127,127,5,4,0,3520,False,0.036796643980778754,-22.872967325110167,314.0,11.210191082802547,1.0
performance,P128_SPARSE_EARLY,P128_SPARSE_EARLY_c0_t7,128,112,0.875,sparse,8.0,36390697643622703007195793991693519550,lsgrand_first_valid,3.63906976436227e+37,True,1.0,0.5,0.2,0.0,0.0,slip_13_3,True,127,0,7,True,False,,first_valid_witness,314,314,127,127,1,1,0,314,False,0.004735438036732376,-23.560763795647272,,,1.0
performance,P128_SPARSE_EARLY,P128_SPARSE_EARLY_c0_t7,128,112,0.875,sparse,8.0,36390697643622703007195793991693519550,per_state_grand_sweep,3.63906976436227e+37,True,1.0,0.5,0.2,0.0,0.0,slip_13_3,True,127,0,7,True,False,,best_fixed_state_codeword,100000,100000,127,71,7,6,0,100000,True,0.5775333809433505,-23.560763795647272,,,0.5590551181102362
performance,P128_SPARSE_EARLY,P128_SPARSE_EARLY_c0_t7,128,112,0.875,sparse,8.0,36390697643622703007195793991693519550,plain_reliability_grand,,False,1.0,0.5,0.2,0.0,0.0,slip_13_3,True,127,0,7,False,False,,query_cap_or_exhaustion,100000,100000,1,1,0,0,0,100000,True,0.7671945639885962,,,,1.0
performance,P128_SPARSE_EARLY,P128_SPARSE_EARLY_c0_t7,128,112,0.875,sparse,8.0,36390697643622703007195793991693519550,latent_osd_order2,3.63906976436227e+37,True,1.0,0.5,0.2,0.0,0.0,slip_13_3,True,127,0,7,True,False,,best_complete_marginal_score_in_osd_list,0,0,127,32,4511,3772,3772,479044,False,12.119700759998523,-22.872192619392095,,,0.25196850393700787
performance,P128_SPARSE_EARLY,P128_SPARSE_EARLY_c0_t8,128,112,0.875,sparse,8.0,123505934504540647864645618792971232059,lsgrand_certified,1.2350593450454064e+38,True,1.0,0.5,0.2,0.0,0.0,slip_13_1,True,127,0,8,True,True,1.0577027076408285e-05,strict_unseen_codeword_certificate,37120,37120,127,127,10,10,0,37120,False,0.45716234494466335,-30.85451147783684,188.0,197.4468085106383,1.0
performance,P128_SPARSE_EARLY,P128_SPARSE_EARLY_c0_t8,128,112,0.875,sparse,8.0,123505934504540647864645618792971232059,lsgrand_first_valid,1.2350593450454064e+38,True,1.0,0.5,0.2,0.0,0.0,slip_13_1,True,127,0,8,True,False,,first_valid_witness,188,188,127,127,1,1,0,188,False,0.0037127749528735876,-30.85451147783684,,,1.0
performance,P128_SPARSE_EARLY,P128_SPARSE_EARLY_c0_t8,128,112,0.875,sparse,8.0,123505934504540647864645618792971232059,per_state_grand_sweep,1.2350593450454064e+38,True,1.0,0.5,0.2,0.0,0.0,slip_13_1,True,127,0,8,True,False,,best_fixed_state_codeword,100000,100000,127,68,5,5,0,100000,True,0.5397927090525627,-30.85451147783684,,,0.5354330708661418
performance,P128_SPARSE_EARLY,P128_SPARSE_EARLY_c0_t8,128,112,0.875,sparse,8.0,123505934504540647864645618792971232059,plain_reliability_grand,1.2616698396268604e+38,False,1.0,0.5,0.2,0.0,0.0,slip_13_1,True,127,0,8,True,False,,first_valid_witness,2062,2062,1,1,1,1,0,2062,False,0.012300851056352258,-37.796806309326556,,,1.0
performance,P128_SPARSE_EARLY,P128_SPARSE_EARLY_c0_t8,128,112,0.875,sparse,8.0,123505934504540647864645618792971232059,latent_osd_order2,1.2350593450454064e+38,True,1.0,0.5,0.2,0.0,0.0,slip_13_1,True,127,0,8,True,False,,best_complete_marginal_score_in_osd_list,0,0,127,32,4511,3868,3868,491236,False,12.412859775009565,-30.85447153853886,,,0.25196850393700787
performance,P128_SPARSE_EARLY,P128_SPARSE_EARLY_c0_t9,128,112,0.875,sparse,8.0,96370574639604999152797640077055997422,lsgrand_certified,9.63705847808098e+37,False,1.0,0.5,0.2,0.0,0.0,slip_13_3,True,127,0,9,True,True,6.454919374476731e-05,strict_unseen_codeword_certificate,87744,87744,127,127,15,13,0,87744,False,1.3591311780037358,-37.96340276323443,311.0,282.13504823151123,1.0
performance,P128_SPARSE_EARLY,P128_SPARSE_EARLY_c0_t9,128,112,0.875,sparse,8.0,96370574639604999152797640077055997422,lsgrand_first_valid,9.63705847808098e+37,False,1.0,0.5,0.2,0.0,0.0,slip_13_3,True,127,0,9,True,False,,first_valid_witness,311,311,127,25,1,1,0,311,False,0.005250036949291825,-37.96340276323443,,,0.1968503937007874
performance,P128_SPARSE_EARLY,P128_SPARSE_EARLY_c0_t9,128,112,0.875,sparse,8.0,96370574639604999152797640077055997422,per_state_grand_sweep,9.63705847808098e+37,False,1.0,0.5,0.2,0.0,0.0,slip_13_3,True,127,0,9,True,False,,best_fixed_state_codeword,100000,100000,127,70,8,6,0,100000,True,0.6012252259533852,-37.96340276323443,,,0.5511811023622047
performance,P128_SPARSE_EARLY,P128_SPARSE_EARLY_c0_t9,128,112,0.875,sparse,8.0,96370574639604999152797640077055997422,plain_reliability_grand,,False,1.0,0.5,0.2,0.0,0.0,slip_13_3,True,127,0,9,False,False,,query_cap_or_exhaustion,100000,100000,1,1,0,0,0,100000,True,0.7589168070117012,,,,1.0
performance,P128_SPARSE_EARLY,P128_SPARSE_EARLY_c0_t9,128,112,0.875,sparse,8.0,96370574639604999152797640077055997422,latent_osd_order2,9.63705847808098e+37,False,1.0,0.5,0.2,0.0,0.0,slip_13_3,True,127,0,9,True,False,,best_complete_marginal_score_in_osd_list,0,0,127,32,4511,3903,3903,495681,False,12.510581510025077,-37.96335441913,,,0.25196850393700787
performance,P128_SPARSE_EARLY,P128_SPARSE_EARLY_c0_t10,128,112,0.875,sparse,8.0,150559343851717124252579604742174511885,lsgrand_certified,1.5055934385171713e+38,True,1.0,0.5,0.2,0.0,0.0,slip_13_3,True,127,0,10,True,True,0.005113557523852563,strict_unseen_codeword_certificate,6336,6336,127,127,6,6,0,6336,False,0.06263896194286644,-23.039448121054882,194.0,32.65979381443299,1.0
performance,P128_SPARSE_EARLY,P128_SPARSE_EARLY_c0_t10,128,112,0.875,sparse,8.0,150559343851717124252579604742174511885,lsgrand_first_valid,1.5055934385171713e+38,True,1.0,0.5,0.2,0.0,0.0,slip_13_3,True,127,0,10,True,False,,first_valid_witness,194,194,127,127,1,1,0,194,False,0.0036956400144845247,-23.039448121054882,,,1.0
performance,P128_SPARSE_EARLY,P128_SPARSE_EARLY_c0_t10,128,112,0.875,sparse,8.0,150559343851717124252579604742174511885,per_state_grand_sweep,1.5055934385171713e+38,True,1.0,0.5,0.2,0.0,0.0,slip_13_3,True,127,0,10,True,False,,best_fixed_state_codeword,100000,100000,127,73,11,11,0,100000,True,0.5434162599267438,-23.039448121054882,,,0.5748031496062992
performance,P128_SPARSE_EARLY,P128_SPARSE_EARLY_c0_t10,128,112,0.875,sparse,8.0,150559343851717124252579604742174511885,plain_reliability_grand,,False,1.0,0.5,0.2,0.0,0.0,slip_13_3,True,127,0,10,False,False,,query_cap_or_exhaustion,100000,100000,1,1,0,0,0,100000,True,0.6930726650170982,,,,1.0
performance,P128_SPARSE_EARLY,P128_SPARSE_EARLY_c0_t10,128,112,0.875,sparse,8.0,150559343851717124252579604742174511885,latent_osd_order2,1.5055934385171713e+38,True,1.0,0.5,0.2,0.0,0.0,slip_13_3,True,127,0,10,True,False,,best_complete_marginal_score_in_osd_list,0,0,127,32,4511,3845,3845,488315,False,11.95650663098786,-23.03944765593329,,,0.25196850393700787
performance,P128_SPARSE_EARLY,P128_SPARSE_EARLY_c0_t11,128,112,0.875,sparse,8.0,229190727891782549550335844137529081371,lsgrand_certified,2.2919072789178254e+38,True,1.0,0.5,0.2,0.0,0.0,slip_13_1,True,127,0,11,True,True,0.02411843657953483,strict_unseen_codeword_certificate,3392,3392,127,127,2,2,0,3392,False,0.03123786801006645,-35.6411359323606,49.0,69.22448979591837,1.0
performance,P128_SPARSE_EARLY,P128_SPARSE_EARLY_c0_t11,128,112,0.875,sparse,8.0,229190727891782549550335844137529081371,lsgrand_first_valid,2.2919072789178254e+38,True,1.0,0.5,0.2,0.0,0.0,slip_13_1,True,127,0,11,True,False,,first_valid_witness,49,49,127,26,1,1,0,49,False,0.0029427779372781515,-35.6411359323606,,,0.2047244094488189
performance,P128_SPARSE_EARLY,P128_SPARSE_EARLY_c0_t11,128,112,0.875,sparse,8.0,229190727891782549550335844137529081371,per_state_grand_sweep,2.2919072789178254e+38,True,1.0,0.5,0.2,0.0,0.0,slip_13_1,True,127,0,11,True,False,,best_fixed_state_codeword,100000,100000,127,72,9,8,0,100000,True,0.5648290739627555,-35.6411359323606,,,0.5669291338582677
performance,P128_SPARSE_EARLY,P128_SPARSE_EARLY_c0_t11,128,112,0.875,sparse,8.0,229190727891782549550335844137529081371,plain_reliability_grand,2.2916995803726846e+38,False,1.0,0.5,0.2,0.0,0.0,slip_13_1,True,127,0,11,True,False,,first_valid_witness,15935,15935,1,1,1,1,0,15935,False,0.14349132601637393,-48.874332720329065,,,1.0
performance,P128_SPARSE_EARLY,P128_SPARSE_EARLY_c0_t11,128,112,0.875,sparse,8.0,229190727891782549550335844137529081371,latent_osd_order2,2.2919072789178254e+38,True,1.0,0.5,0.2,0.0,0.0,slip_13_1,True,127,0,11,True,False,,best_complete_marginal_score_in_osd_list,0,0,127,32,4511,3744,3744,475488,False,12.646633566939272,-35.641094436657575,,,0.25196850393700787
performance,P128_SPARSE_EARLY,P128_SPARSE_EARLY_c0_t12,128,112,0.875,sparse,8.0,154710903089382569437131960115984941374,lsgrand_certified,1.5471090308938257e+38,True,1.0,0.5,0.2,0.0,0.0,slip_13_3,True,127,0,12,True,True,0.01858179483585687,strict_unseen_codeword_certificate,1088,1088,127,127,2,1,0,1088,False,0.01088268298190087,-28.65698521396907,37.0,29.405405405405407,1.0
performance,P128_SPARSE_EARLY,P128_SPARSE_EARLY_c0_t12,128,112,0.875,sparse,8.0,154710903089382569437131960115984941374,lsgrand_first_valid,1.5471090308938257e+38,True,1.0,0.5,0.2,0.0,0.0,slip_13_3,True,127,0,12,True,False,,first_valid_witness,37,37,127,27,1,1,0,37,False,0.0027910119388252497,-29.103964930310227,,,0.2125984251968504
performance,P128_SPARSE_EARLY,P128_SPARSE_EARLY_c0_t12,128,112,0.875,sparse,8.0,154710903089382569437131960115984941374,per_state_grand_sweep,1.5471090308938257e+38,True,1.0,0.5,0.2,0.0,0.0,slip_13_3,True,127,0,12,True,False,,best_fixed_state_codeword,100000,100000,127,71,8,7,0,100000,True,0.572493762942031,-29.103964930310227,,,0.5590551181102362
performance,P128_SPARSE_EARLY,P128_SPARSE_EARLY_c0_t12,128,112,0.875,sparse,8.0,154710903089382569437131960115984941374,plain_reliability_grand,,False,1.0,0.5,0.2,0.0,0.0,slip_13_3,True,127,0,12,False,False,,query_cap_or_exhaustion,100000,100000,1,1,0,0,0,100000,True,0.8440428250469267,,,,1.0
performance,P128_SPARSE_EARLY,P128_SPARSE_EARLY_c0_t12,128,112,0.875,sparse,8.0,154710903089382569437131960115984941374,latent_osd_order2,1.5471090308938257e+38,True,1.0,0.5,0.2,0.0,0.0,slip_13_3,True,127,0,12,True,False,,best_complete_marginal_score_in_osd_list,0,0,127,32,4511,3840,3840,487680,False,14.278084740974009,-28.65697608767916,,,0.25196850393700787
performance,P128_SPARSE_EARLY,P128_SPARSE_EARLY_c0_t13,128,112,0.875,sparse,8.0,48098300253869961193559312421836135110,lsgrand_certified,4.809830025386996e+37,True,1.0,0.5,0.2,0.0,0.0,slip_13_3,True,127,0,13,True,True,0.014245560050600403,strict_unseen_codeword_certificate,2304,2304,127,127,2,2,0,2304,False,0.02208677399903536,-26.659790248055373,43.0,53.58139534883721,1.0
performance,P128_SPARSE_EARLY,P128_SPARSE_EARLY_c0_t13,128,112,0.875,sparse,8.0,48098300253869961193559312421836135110,lsgrand_first_valid,4.809830025386996e+37,True,1.0,0.5,0.2,0.0,0.0,slip_13_3,True,127,0,13,True,False,,first_valid_witness,43,43,127,27,1,1,0,43,False,0.002743931021541357,-26.659790248055373,,,0.2125984251968504
performance,P128_SPARSE_EARLY,P128_SPARSE_EARLY_c0_t13,128,112,0.875,sparse,8.0,48098300253869961193559312421836135110,per_state_grand_sweep,4.809830025386996e+37,True,1.0,0.5,0.2,0.0,0.0,slip_13_3,True,127,0,13,True,False,,best_fixed_state_codeword,100000,100000,127,70,7,7,0,100000,True,0.5761032339651138,-26.659790248055373,,,0.5511811023622047
performance,P128_SPARSE_EARLY,P128_SPARSE_EARLY_c0_t13,128,112,0.875,sparse,8.0,48098300253869961193559312421836135110,plain_reliability_grand,,False,1.0,0.5,0.2,0.0,0.0,slip_13_3,True,127,0,13,False,False,,query_cap_or_exhaustion,100000,100000,1,1,0,0,0,100000,True,0.6965146480361,,,,1.0
performance,P128_SPARSE_EARLY,P128_SPARSE_EARLY_c0_t13,128,112,0.875,sparse,8.0,48098300253869961193559312421836135110,latent_osd_order2,4.809830025386996e+37,True,1.0,0.5,0.2,0.0,0.0,slip_13_3,True,127,0,13,True,False,,best_complete_marginal_score_in_osd_list,0,0,127,32,4511,3901,3901,495427,False,12.973734971950762,-26.65967303945109,,,0.25196850393700787
performance,P128_SPARSE_EARLY,P128_SPARSE_EARLY_c0_t14,128,112,0.875,sparse,8.0,127357882694405076570287343732979815720,lsgrand_certified,1.2735788269440508e+38,True,1.0,0.5,0.2,0.0,0.0,slip_13_1,True,127,0,14,True,True,0.04156929430831724,strict_unseen_codeword_certificate,1856,1856,127,127,3,2,0,1856,False,0.018972328980453312,-22.412492800260875,37.0,50.16216216216216,1.0
performance,P128_SPARSE_EARLY,P128_SPARSE_EARLY_c0_t14,128,112,0.875,sparse,8.0,127357882694405076570287343732979815720,lsgrand_first_valid,1.2735788269440508e+38,True,1.0,0.5,0.2,0.0,0.0,slip_13_1,True,127,0,14,True,False,,first_valid_witness,37,37,127,26,1,1,0,37,False,0.002865875023417175,-22.429880412721765,,,0.2047244094488189
performance,P128_SPARSE_EARLY,P128_SPARSE_EARLY_c0_t14,128,112,0.875,sparse,8.0,127357882694405076570287343732979815720,per_state_grand_sweep,1.2735788269440508e+38,True,1.0,0.5,0.2,0.0,0.0,slip_13_1,True,127,0,14,True,False,,best_fixed_state_codeword,100000,100000,127,77,16,14,0,100000,True,0.5430124959675595,-22.429880412721765,,,0.6062992125984252
performance,P128_SPARSE_EARLY,P128_SPARSE_EARLY_c0_t14,128,112,0.875,sparse,8.0,127357882694405076570287343732979815720,plain_reliability_grand,,False,1.0,0.5,0.2,0.0,0.0,slip_13_1,True,127,0,14,False,False,,query_cap_or_exhaustion,100000,100000,1,1,0,0,0,100000,True,0.7133648920571432,,,,1.0
performance,P128_SPARSE_EARLY,P128_SPARSE_EARLY_c0_t14,128,112,0.875,sparse,8.0,127357882694405076570287343732979815720,latent_osd_order2,1.2735788269440508e+38,True,1.0,0.5,0.2,0.0,0.0,slip_13_1,True,127,0,14,True,False,,best_complete_marginal_score_in_osd_list,0,0,127,32,4511,4035,4035,512445,False,12.268590448074974,-22.409744529073812,,,0.25196850393700787
performance,P128_SPARSE_EARLY,P128_SPARSE_EARLY_c0_t15,128,112,0.875,sparse,8.0,24480585682500668444640956371045250049,lsgrand_certified,2.4480585682500668e+37,True,1.0,0.5,0.2,0.0,0.0,slip_13_1,True,127,0,15,True,True,0.014074198440773955,strict_unseen_codeword_certificate,1408,1408,127,127,3,2,0,1408,False,0.01410498598124832,-27.363146781286126,35.0,40.22857142857143,1.0
performance,P128_SPARSE_EARLY,P128_SPARSE_EARLY_c0_t15,128,112,0.875,sparse,8.0,24480585682500668444640956371045250049,lsgrand_first_valid,2.4480585682500668e+37,True,1.0,0.5,0.2,0.0,0.0,slip_13_1,True,127,0,15,True,False,,first_valid_witness,35,35,127,26,1,1,0,35,False,0.002658223034814,-27.389393414172687,,,0.2047244094488189
performance,P128_SPARSE_EARLY,P128_SPARSE_EARLY_c0_t15,128,112,0.875,sparse,8.0,24480585682500668444640956371045250049,per_state_grand_sweep,2.4480585682500668e+37,True,1.0,0.5,0.2,0.0,0.0,slip_13_1,True,127,0,15,True,False,,best_fixed_state_codeword,100000,100000,127,69,6,5,0,100000,True,0.5395657890476286,-27.389393414172687,,,0.5433070866141733
performance,P128_SPARSE_EARLY,P128_SPARSE_EARLY_c0_t15,128,112,0.875,sparse,8.0,24480585682500668444640956371045250049,plain_reliability_grand,3.2960162511142656e+36,False,1.0,0.5,0.2,0.0,0.0,slip_13_1,True,127,0,15,True,False,,first_valid_witness,58086,58086,1,1,1,1,0,58086,False,0.38455195899587125,-44.896965260182974,,,1.0
performance,P128_SPARSE_EARLY,P128_SPARSE_EARLY_c0_t15,128,112,0.875,sparse,8.0,24480585682500668444640956371045250049,latent_osd_order2,2.4480585682500668e+37,True,1.0,0.5,0.2,0.0,0.0,slip_13_1,True,127,0,15,True,False,,best_complete_marginal_score_in_osd_list,0,0,127,32,4511,3945,3945,501015,False,13.042378076002933,-27.363146549692328,,,0.25196850393700787
performance,P128_SPARSE_EARLY,P128_SPARSE_EARLY_c0_t16,128,112,0.875,sparse,8.0,93452886804365791568744338433236562034,lsgrand_certified,9.345288680436578e+37,True,1.0,0.5,0.2,0.0,0.0,slip_13_3,True,127,0,16,True,True,0.0017648673135610693,strict_unseen_codeword_certificate,4352,4352,127,127,4,4,0,4352,False,0.04782003408763558,-37.202866135271265,50.0,87.04,1.0
performance,P128_SPARSE_EARLY,P128_SPARSE_EARLY_c0_t16,128,112,0.875,sparse,8.0,93452886804365791568744338433236562034,lsgrand_first_valid,9.345288680436578e+37,True,1.0,0.5,0.2,0.0,0.0,slip_13_3,True,127,0,16,True,False,,first_valid_witness,50,50,127,27,1,1,0,50,False,0.0029718850273638964,-37.202866135271265,,,0.2125984251968504
performance,P128_SPARSE_EARLY,P128_SPARSE_EARLY_c0_t16,128,112,0.875,sparse,8.0,93452886804365791568744338433236562034,per_state_grand_sweep,9.345288680436578e+37,True,1.0,0.5,0.2,0.0,0.0,slip_13_3,True,127,0,16,True,False,,best_fixed_state_codeword,100000,100000,127,71,7,5,0,100000,True,0.5662400110159069,-37.202866135271265,,,0.5590551181102362
performance,P128_SPARSE_EARLY,P128_SPARSE_EARLY_c0_t16,128,112,0.875,sparse,8.0,93452886804365791568744338433236562034,plain_reliability_grand,,False,1.0,0.5,0.2,0.0,0.0,slip_13_3,True,127,0,16,False,False,,query_cap_or_exhaustion,100000,100000,1,1,0,0,0,100000,True,0.737313532968983,,,,1.0
performance,P128_SPARSE_EARLY,P128_SPARSE_EARLY_c0_t16,128,112,0.875,sparse,8.0,93452886804365791568744338433236562034,latent_osd_order2,9.345288680436578e+37,True,1.0,0.5,0.2,0.0,0.0,slip_13_3,True,127,0,16,True,False,,best_complete_marginal_score_in_osd_list,0,0,127,32,4511,3932,3932,499364,False,12.333114820998162,-37.20274892665524,,,0.25196850393700787
performance,P128_SPARSE_EARLY,P128_SPARSE_EARLY_c0_t17,128,112,0.875,sparse,8.0,295960134351465572783766223815639557237,lsgrand_certified,2.9596013435146557e+38,True,1.0,0.5,0.2,0.0,0.0,slip_13_1,True,127,0,17,True,True,0.013709045278709198,strict_unseen_codeword_certificate,6976,6976,127,127,4,4,0,6976,False,0.0672587399603799,-34.760114147249396,325.0,21.464615384615385,1.0
performance,P128_SPARSE_EARLY,P128_SPARSE_EARLY_c0_t17,128,112,0.875,sparse,8.0,295960134351465572783766223815639557237,lsgrand_first_valid,2.9596013435146557e+38,True,1.0,0.5,0.2,0.0,0.0,slip_13_1,True,127,0,17,True,False,,first_valid_witness,325,325,127,127,1,1,0,325,False,0.004487453028559685,-34.760114147249396,,,1.0
performance,P128_SPARSE_EARLY,P128_SPARSE_EARLY_c0_t17,128,112,0.875,sparse,8.0,295960134351465572783766223815639557237,per_state_grand_sweep,2.9596013435146557e+38,True,1.0,0.5,0.2,0.0,0.0,slip_13_1,True,127,0,17,True,False,,best_fixed_state_codeword,100000,100000,127,68,5,4,0,100000,True,0.5294390179915354,-34.760114147249396,,,0.5354330708661418
performance,P128_SPARSE_EARLY,P128_SPARSE_EARLY_c0_t17,128,112,0.875,sparse,8.0,295960134351465572783766223815639557237,plain_reliability_grand,,False,1.0,0.5,0.2,0.0,0.0,slip_13_1,True,127,0,17,False,False,,query_cap_or_exhaustion,100000,100000,1,1,0,0,0,100000,True,0.6964929689420387,,,,1.0
performance,P128_SPARSE_EARLY,P128_SPARSE_EARLY_c0_t17,128,112,0.875,sparse,8.0,295960134351465572783766223815639557237,latent_osd_order2,2.9596013435146557e+38,True,1.0,0.5,0.2,0.0,0.0,slip_13_1,True,127,0,17,True,False,,best_complete_marginal_score_in_osd_list,0,0,127,32,4511,3971,3971,504317,False,12.943001084960997,-34.76011322156624,,,0.25196850393700787
performance,P128_SPARSE_EARLY,P128_SPARSE_EARLY_c0_t18,128,112,0.875,sparse,8.0,273119652771578137256896023165562668908,lsgrand_certified,2.731196534846316e+38,False,1.0,0.5,0.2,0.0,0.0,slip_13_3,True,127,0,18,True,True,0.047497763625912626,strict_unseen_codeword_certificate,2112,2112,127,127,3,2,0,2112,False,0.02126836101524532,-18.617038555936027,46.0,45.91304347826087,1.0
performance,P128_SPARSE_EARLY,P128_SPARSE_EARLY_c0_t18,128,112,0.875,sparse,8.0,273119652771578137256896023165562668908,lsgrand_first_valid,2.731196534846316e+38,False,1.0,0.5,0.2,0.0,0.0,slip_13_3,True,127,0,18,True,False,,first_valid_witness,46,46,127,33,1,1,0,46,False,0.0028813210083171725,-18.6254809543411,,,0.25984251968503935
performance,P128_SPARSE_EARLY,P128_SPARSE_EARLY_c0_t18,128,112,0.875,sparse,8.0,273119652771578137256896023165562668908,per_state_grand_sweep,2.731196534846316e+38,False,1.0,0.5,0.2,0.0,0.0,slip_13_3,True,127,0,18,True,False,,best_fixed_state_codeword,100000,100000,127,74,11,9,0,100000,True,0.6042129569686949,-18.6254809543411,,,0.5826771653543307
performance,P128_SPARSE_EARLY,P128_SPARSE_EARLY_c0_t18,128,112,0.875,sparse,8.0,273119652771578137256896023165562668908,plain_reliability_grand,,False,1.0,0.5,0.2,0.0,0.0,slip_13_3,True,127,0,18,False,False,,query_cap_or_exhaustion,100000,100000,1,1,0,0,0,100000,True,0.7872409920673817,,,,1.0
performance,P128_SPARSE_EARLY,P128_SPARSE_EARLY_c0_t18,128,112,0.875,sparse,8.0,273119652771578137256896023165562668908,latent_osd_order2,2.731196534846316e+38,False,1.0,0.5,0.2,0.0,0.0,slip_13_3,True,127,0,18,True,False,,best_complete_marginal_score_in_osd_list,0,0,127,32,4511,3864,3864,490728,False,11.957939101965167,-18.617035305679238,,,0.25196850393700787
performance,P128_SPARSE_EARLY,P128_SPARSE_EARLY_c0_t19,128,112,0.875,sparse,8.0,260627938931736556447168807580419739849,lsgrand_certified,2.6062793893173656e+38,True,1.0,0.5,0.2,0.0,0.0,slip_13_3,True,127,0,19,True,True,0.013620587076964341,strict_unseen_codeword_certificate,5568,5568,127,127,4,4,0,5568,False,0.049747445969842374,-23.271523067394774,191.0,29.151832460732983,1.0
performance,P128_SPARSE_EARLY,P128_SPARSE_EARLY_c0_t19,128,112,0.875,sparse,8.0,260627938931736556447168807580419739849,lsgrand_first_valid,2.6062793893173656e+38,True,1.0,0.5,0.2,0.0,0.0,slip_13_3,True,127,0,19,True,False,,first_valid_witness,191,191,127,127,1,1,0,191,False,0.003557475982233882,-23.271523067394774,,,1.0
performance,P128_SPARSE_EARLY,P128_SPARSE_EARLY_c0_t19,128,112,0.875,sparse,8.0,260627938931736556447168807580419739849,per_state_grand_sweep,2.6062793893173656e+38,True,1.0,0.5,0.2,0.0,0.0,slip_13_3,True,127,0,19,True,False,,best_fixed_state_codeword,100000,100000,127,69,5,4,0,100000,True,0.5531024159863591,-23.271523067394774,,,0.5433070866141733
performance,P128_SPARSE_EARLY,P128_SPARSE_EARLY_c0_t19,128,112,0.875,sparse,8.0,260627938931736556447168807580419739849,plain_reliability_grand,2.6062793754838885e+38,False,1.0,0.5,0.2,0.0,0.0,slip_13_3,True,127,0,19,True,False,,first_valid_witness,7277,7277,1,1,1,1,0,7277,False,0.04358873190358281,-33.8001839548889,,,1.0
performance,P128_SPARSE_EARLY,P128_SPARSE_EARLY_c0_t19,128,112,0.875,sparse,8.0,260627938931736556447168807580419739849,latent_osd_order2,2.6062793893173656e+38,True,1.0,0.5,0.2,0.0,0.0,slip_13_3,True,127,0,19,True,False,,best_complete_marginal_score_in_osd_list,0,0,127,32,4511,3662,3662,465074,False,12.441199557040818,-23.26730743927713,,,0.25196850393700787
performance,P64_DENSE_MIX,P64_DENSE_MIX_c0_t0,64,56,0.875,dense,6.0,5157578157212288410,lsgrand_certified,5.157578157212288e+18,True,0.2,0.2,,0.0,0.0,no_slip,True,63,0,0,True,True,0.023733897456448716,strict_unseen_codeword_certificate,576,576,63,63,3,3,0,576,False,0.005502793006598949,-24.45728685844565,22.0,26.181818181818183,1.0
performance,P64_DENSE_MIX,P64_DENSE_MIX_c0_t0,64,56,0.875,dense,6.0,5157578157212288410,lsgrand_first_valid,5.157578157212288e+18,True,0.2,0.2,,0.0,0.0,no_slip,True,63,0,0,True,False,,first_valid_witness,22,22,63,1,1,1,0,22,False,0.001300991978496313,-24.45728685844565,,,0.015873015873015872
performance,P64_DENSE_MIX,P64_DENSE_MIX_c0_t0,64,56,0.875,dense,6.0,5157578157212288410,per_state_grand_sweep,5.157578157212288e+18,True,0.2,0.2,,0.0,0.0,no_slip,True,63,0,0,True,False,,best_fixed_state_codeword,20160,20160,63,63,54,49,0,20160,True,0.10566141991876066,-24.45728685844565,,,1.0
performance,P64_DENSE_MIX,P64_DENSE_MIX_c0_t0,64,56,0.875,dense,6.0,5157578157212288410,plain_reliability_grand,5.157578157212288e+18,True,0.2,0.2,,0.0,0.0,no_slip,True,63,0,0,True,False,,first_valid_witness,22,22,1,1,1,1,0,22,False,0.0001836159499362111,-24.234143307131436,,,1.0
performance,P64_DENSE_MIX,P64_DENSE_MIX_c0_t0,64,56,0.875,dense,6.0,5157578157212288410,latent_osd_order2,5.157578157212288e+18,True,0.2,0.2,,0.0,0.0,no_slip,True,63,0,0,True,False,,best_complete_marginal_score_in_osd_list,0,0,63,24,2607,2330,2330,146790,False,2.009264082997106,-24.457286838951315,,,0.38095238095238093
performance,P64_DENSE_MIX,P64_DENSE_MIX_c0_t1,64,56,0.875,dense,6.0,15245401981514868902,lsgrand_certified,1.5245401981514869e+19,True,0.2,0.2,,0.0,0.0,no_slip,True,63,0,1,True,True,7.837300530155744e-05,strict_unseen_codeword_certificate,1071,1071,63,63,10,10,0,1071,False,0.012784185935743153,-23.280466207692754,3.0,357.0,1.0
performance,P64_DENSE_MIX,P64_DENSE_MIX_c0_t1,64,56,0.875,dense,6.0,15245401981514868902,lsgrand_first_valid,1.5245401981514869e+19,True,0.2,0.2,,0.0,0.0,no_slip,True,63,0,1,True,False,,first_valid_witness,3,3,63,1,1,1,0,3,False,0.0012730739545077085,-23.280466207692754,,,0.015873015873015872
performance,P64_DENSE_MIX,P64_DENSE_MIX_c0_t1,64,56,0.875,dense,6.0,15245401981514868902,per_state_grand_sweep,1.5245401981514869e+19,True,0.2,0.2,,0.0,0.0,no_slip,True,63,0,1,True,False,,best_fixed_state_codeword,21863,21863,63,63,48,46,0,21863,True,0.11308707401622087,-23.280466207692754,,,1.0
performance,P64_DENSE_MIX,P64_DENSE_MIX_c0_t1,64,56,0.875,dense,6.0,15245401981514868902,plain_reliability_grand,1.5245401981514869e+19,True,0.2,0.2,,0.0,0.0,no_slip,True,63,0,1,True,False,,first_valid_witness,3,3,1,1,1,1,0,3,False,6.124505307525396e-05,-23.057322656378542,,,1.0
performance,P64_DENSE_MIX,P64_DENSE_MIX_c0_t1,64,56,0.875,dense,6.0,15245401981514868902,latent_osd_order2,1.5245401981514869e+19,True,0.2,0.2,,0.0,0.0,no_slip,True,63,0,1,True,False,,best_complete_marginal_score_in_osd_list,0,0,63,24,2607,2427,2427,152901,False,2.1765582299558446,-23.280465781066553,,,0.38095238095238093
performance,P64_DENSE_MIX,P64_DENSE_MIX_c0_t2,64,56,0.875,dense,6.0,9663118269504547957,lsgrand_certified,9.663118269772982e+18,False,0.2,0.2,,0.0,0.0,no_slip,True,63,0,2,True,True,0.006929929040222049,strict_unseen_codeword_certificate,46,46,63,1,2,2,0,46,False,0.0017532659694552422,-29.276301725775138,14.0,3.2857142857142856,0.015873015873015872
performance,P64_DENSE_MIX,P64_DENSE_MIX_c0_t2,64,56,0.875,dense,6.0,9663118269504547957,lsgrand_first_valid,9.663118269772982e+18,False,0.2,0.2,,0.0,0.0,no_slip,True,63,0,2,True,False,,first_valid_witness,14,14,63,1,1,1,0,14,False,0.0012328519951552153,-29.276301725775138,,,0.015873015873015872
performance,P64_DENSE_MIX,P64_DENSE_MIX_c0_t2,64,56,0.875,dense,6.0,9663118269504547957,per_state_grand_sweep,9.663118269772982e+18,False,0.2,0.2,,0.0,0.0,no_slip,True,63,0,2,True,False,,best_fixed_state_codeword,16143,16143,63,63,59,57,0,16143,True,0.08557989995460957,-29.276301725775138,,,1.0
performance,P64_DENSE_MIX,P64_DENSE_MIX_c0_t2,64,56,0.875,dense,6.0,9663118269504547957,plain_reliability_grand,9.663118269772982e+18,False,0.2,0.2,,0.0,0.0,no_slip,True,63,0,2,True,False,,first_valid_witness,14,14,1,1,1,1,0,14,False,0.00012059498112648726,-29.053158174460926,,,1.0
performance,P64_DENSE_MIX,P64_DENSE_MIX_c0_t2,64,56,0.875,dense,6.0,9663118269504547957,latent_osd_order2,9.663118269772982e+18,False,0.2,0.2,,0.0,0.0,no_slip,True,63,0,2,True,False,,best_complete_marginal_score_in_osd_list,0,0,63,24,2607,2422,2422,152586,False,2.1030534979654476,-29.27624725093021,,,0.38095238095238093
performance,P64_DENSE_MIX,P64_DENSE_MIX_c0_t3,64,56,0.875,dense,6.0,289027740089348745,lsgrand_certified,2.890277386037284e+17,False,0.2,0.2,,0.0,0.0,slip_16_1,True,63,0,3,True,True,0.0011406849912134476,strict_unseen_codeword_certificate,21312,21312,63,63,86,77,0,21312,False,0.6295309180859476,-30.9687189654047,248.0,85.93548387096774,1.0
performance,P64_DENSE_MIX,P64_DENSE_MIX_c0_t3,64,56,0.875,dense,6.0,289027740089348745,lsgrand_first_valid,2.890277386037284e+17,False,0.2,0.2,,0.0,0.0,slip_16_1,True,63,0,3,True,False,,first_valid_witness,248,248,63,39,1,1,0,248,False,0.002831244026310742,-30.99689259253403,,,0.6190476190476191
performance,P64_DENSE_MIX,P64_DENSE_MIX_c0_t3,64,56,0.875,dense,6.0,289027740089348745,per_state_grand_sweep,2.890277386037284e+17,False,0.2,0.2,,0.0,0.0,slip_16_1,True,63,0,3,True,False,,best_fixed_state_codeword,17416,17416,63,63,54,46,0,17416,True,0.09564004896674305,-30.99689259253403,,,1.0
performance,P64_DENSE_MIX,P64_DENSE_MIX_c0_t3,64,56,0.875,dense,6.0,289027740089348745,plain_reliability_grand,2.890266391144765e+17,False,0.2,0.2,,0.0,0.0,slip_16_1,True,63,0,3,True,False,,first_valid_witness,270,270,1,1,1,1,0,270,False,0.0016359200235456228,-31.1207770208758,,,1.0
performance,P64_DENSE_MIX,P64_DENSE_MIX_c0_t3,64,56,0.875,dense,6.0,289027740089348745,latent_osd_order2,2.890277386037284e+17,False,0.2,0.2,,0.0,0.0,slip_16_1,True,63,0,3,True,False,,best_complete_marginal_score_in_osd_list,0,0,63,24,2607,2205,2205,138915,False,2.129476859001443,-30.968500926368293,,,0.38095238095238093
performance,P64_DENSE_MIX,P64_DENSE_MIX_c0_t4,64,56,0.875,dense,6.0,14767941402203133086,lsgrand_certified,1.4767941402203134e+19,True,0.2,0.2,,0.0,0.0,no_slip,True,63,0,4,True,True,0.02541587203536011,strict_unseen_codeword_certificate,4199,4199,63,63,16,14,0,4199,False,0.04601491102948785,-25.340409593761656,113.0,37.15929203539823,1.0
performance,P64_DENSE_MIX,P64_DENSE_MIX_c0_t4,64,56,0.875,dense,6.0,14767941402203133086,lsgrand_first_valid,1.4767941402203134e+19,True,0.2,0.2,,0.0,0.0,no_slip,True,63,0,4,True,False,,first_valid_witness,113,113,63,1,1,1,0,113,False,0.002246157033368945,-25.550702967920593,,,0.015873015873015872
performance,P64_DENSE_MIX,P64_DENSE_MIX_c0_t4,64,56,0.875,dense,6.0,14767941402203133086,per_state_grand_sweep,1.4767941402203134e+19,True,0.2,0.2,,0.0,0.0,no_slip,True,63,0,4,True,False,,best_fixed_state_codeword,14506,14506,63,63,61,55,0,14506,True,0.08209796599112451,-25.550702967920593,,,1.0
performance,P64_DENSE_MIX,P64_DENSE_MIX_c0_t4,64,56,0.875,dense,6.0,14767941402203133086,plain_reliability_grand,1.4767941402203134e+19,True,0.2,0.2,,0.0,0.0,no_slip,True,63,0,4,True,False,,first_valid_witness,113,113,1,1,1,1,0,113,False,0.0007705059833824635,-25.32755941660638,,,1.0
performance,P64_DENSE_MIX,P64_DENSE_MIX_c0_t4,64,56,0.875,dense,6.0,14767941402203133086,latent_osd_order2,1.4767941402203134e+19,True,0.2,0.2,,0.0,0.0,no_slip,True,63,0,4,True,False,,best_complete_marginal_score_in_osd_list,0,0,63,24,2607,2389,2389,150507,False,1.9899308059830219,-25.340107487477532,,,0.38095238095238093
performance,P64_DENSE_MIX,P64_DENSE_MIX_c0_t5,64,56,0.875,dense,6.0,377312508706720928,lsgrand_certified,3.773125087067209e+17,True,0.2,0.2,,0.0,0.0,no_slip,True,63,0,5,True,True,0.3583857661001524,strict_unseen_codeword_certificate,448,448,63,63,3,3,0,448,False,0.00485127791762352,-23.3110458424882,16.0,28.0,1.0
performance,P64_DENSE_MIX,P64_DENSE_MIX_c0_t5,64,56,0.875,dense,6.0,377312508706720928,lsgrand_first_valid,3.773125087067209e+17,True,0.2,0.2,,0.0,0.0,no_slip,True,63,0,5,True,False,,first_valid_witness,16,16,63,1,1,1,0,16,False,0.001203830004669726,-23.3110458424882,,,0.015873015873015872
performance,P64_DENSE_MIX,P64_DENSE_MIX_c0_t5,64,56,0.875,dense,6.0,377312508706720928,per_state_grand_sweep,3.773125087067209e+17,True,0.2,0.2,,0.0,0.0,no_slip,True,63,0,5,True,False,,best_fixed_state_codeword,10654,10654,63,63,63,57,0,10654,False,0.055697328061796725,-23.3110458424882,,,1.0
performance,P64_DENSE_MIX,P64_DENSE_MIX_c0_t5,64,56,0.875,dense,6.0,377312508706720928,plain_reliability_grand,3.773125087067209e+17,True,0.2,0.2,,0.0,0.0,no_slip,True,63,0,5,True,False,,first_valid_witness,16,16,1,1,1,1,0,16,False,0.00012447696644812822,-23.087902291173986,,,1.0
performance,P64_DENSE_MIX,P64_DENSE_MIX_c0_t5,64,56,0.875,dense,6.0,377312508706720928,latent_osd_order2,3.773125087067209e+17,True,0.2,0.2,,0.0,0.0,no_slip,True,63,0,5,True,False,,best_complete_marginal_score_in_osd_list,0,0,63,24,2607,2338,2338,147294,False,2.0017773719737306,-23.311043617017827,,,0.38095238095238093
performance,P64_DENSE_MIX,P64_DENSE_MIX_c0_t6,64,56,0.875,dense,6.0,8663742266126235871,lsgrand_certified,8.663732920275303e+18,False,0.2,0.2,,0.0,0.0,slip_27_1,True,63,0,6,True,True,6.014702498191582e-05,strict_unseen_codeword_certificate,29632,29632,63,63,138,128,0,29632,False,1.250914980075322,-33.395402164554426,89.0,332.9438202247191,1.0
performance,P64_DENSE_MIX,P64_DENSE_MIX_c0_t6,64,56,0.875,dense,6.0,8663742266126235871,lsgrand_first_valid,8.663732920275303e+18,False,0.2,0.2,,0.0,0.0,slip_27_1,True,63,0,6,True,False,,first_valid_witness,89,89,63,1,1,1,0,89,False,0.00180262909270823,-33.395402164554426,,,0.015873015873015872
performance,P64_DENSE_MIX,P64_DENSE_MIX_c0_t6,64,56,0.875,dense,6.0,8663742266126235871,per_state_grand_sweep,8.663732920275303e+18,False,0.2,0.2,,0.0,0.0,slip_27_1,True,63,0,6,True,False,,best_fixed_state_codeword,15542,15542,63,63,57,52,0,15542,True,0.08193253399804235,-33.395402164554426,,,1.0
performance,P64_DENSE_MIX,P64_DENSE_MIX_c0_t6,64,56,0.875,dense,6.0,8663742266126235871,plain_reliability_grand,8.663732920275303e+18,False,0.2,0.2,,0.0,0.0,slip_27_1,True,63,0,6,True,False,,first_valid_witness,89,89,1,1,1,1,0,89,False,0.0005566260078921914,-33.17225861324021,,,1.0
performance,P64_DENSE_MIX,P64_DENSE_MIX_c0_t6,64,56,0.875,dense,6.0,8663742266126235871,latent_osd_order2,8.663732920275303e+18,False,0.2,0.2,,0.0,0.0,slip_27_1,True,63,0,6,True,False,,best_complete_marginal_score_in_osd_list,0,0,63,24,2607,2339,2339,147357,False,1.9557665250031278,-33.39519632765694,,,0.38095238095238093
performance,P64_DENSE_MIX,P64_DENSE_MIX_c0_t7,64,56,0.875,dense,6.0,14580702943094745152,lsgrand_certified,1.4580702960298099e+19,False,0.2,0.2,,0.0,0.0,slip_19_3,True,63,0,7,True,True,0.07549754958347776,strict_unseen_codeword_certificate,1152,1152,63,63,7,7,0,1152,False,0.011386412079446018,-26.29316692270794,28.0,41.142857142857146,1.0
performance,P64_DENSE_MIX,P64_DENSE_MIX_c0_t7,64,56,0.875,dense,6.0,14580702943094745152,lsgrand_first_valid,1.4580702960298099e+19,False,0.2,0.2,,0.0,0.0,slip_19_3,True,63,0,7,True,False,,first_valid_witness,28,28,63,1,1,1,0,28,False,0.001464532921090722,-26.29316692270794,,,0.015873015873015872
performance,P64_DENSE_MIX,P64_DENSE_MIX_c0_t7,64,56,0.875,dense,6.0,14580702943094745152,per_state_grand_sweep,1.4580702960298099e+19,False,0.2,0.2,,0.0,0.0,slip_19_3,True,63,0,7,True,False,,best_fixed_state_codeword,21056,21056,63,63,55,54,0,21056,True,0.10781346296425909,-26.29316692270794,,,1.0
performance,P64_DENSE_MIX,P64_DENSE_MIX_c0_t7,64,56,0.875,dense,6.0,14580702943094745152,plain_reliability_grand,1.4580702960298099e+19,False,0.2,0.2,,0.0,0.0,slip_19_3,True,63,0,7,True,False,,first_valid_witness,28,28,1,1,1,1,0,28,False,0.00019108899869024754,-26.070023371393727,,,1.0
performance,P64_DENSE_MIX,P64_DENSE_MIX_c0_t7,64,56,0.875,dense,6.0,14580702943094745152,latent_osd_order2,1.4580702960298099e+19,False,0.2,0.2,,0.0,0.0,slip_19_3,True,63,0,7,True,False,,best_complete_marginal_score_in_osd_list,0,0,63,24,2607,2401,2401,151263,False,2.0259702150942758,-26.292648544351813,,,0.38095238095238093
performance,P64_DENSE_MIX,P64_DENSE_MIX_c0_t8,64,56,0.875,dense,6.0,12734811518618978113,lsgrand_certified,1.7345934592082911e+19,False,0.2,0.2,,0.0,0.0,slip_15_1,True,63,0,8,True,True,0.0004777680850445165,strict_unseen_codeword_certificate,6464,6464,63,63,29,28,0,6464,False,0.09556238900404423,-22.198022891171487,214.0,30.205607476635514,1.0
performance,P64_DENSE_MIX,P64_DENSE_MIX_c0_t8,64,56,0.875,dense,6.0,12734811518618978113,lsgrand_first_valid,1.7345934592082911e+19,False,0.2,0.2,,0.0,0.0,slip_15_1,True,63,0,8,True,False,,first_valid_witness,214,214,63,63,1,1,0,214,False,0.002574578975327313,-22.198022891171487,,,1.0
performance,P64_DENSE_MIX,P64_DENSE_MIX_c0_t8,64,56,0.875,dense,6.0,12734811518618978113,per_state_grand_sweep,1.7345934592082911e+19,False,0.2,0.2,,0.0,0.0,slip_15_1,True,63,0,8,True,False,,best_fixed_state_codeword,19437,19437,63,63,55,49,0,19437,True,0.10120502498466522,-22.198022891171487,,,1.0
performance,P64_DENSE_MIX,P64_DENSE_MIX_c0_t8,64,56,0.875,dense,6.0,12734811518618978113,plain_reliability_grand,1.7345934592082911e+19,False,0.2,0.2,,0.0,0.0,slip_15_1,True,63,0,8,True,False,,first_valid_witness,152,152,1,1,1,1,0,152,False,0.0009150989353656769,-21.974879339857274,,,1.0
performance,P64_DENSE_MIX,P64_DENSE_MIX_c0_t8,64,56,0.875,dense,6.0,12734811518618978113,latent_osd_order2,1.7345934592082911e+19,False,0.2,0.2,,0.0,0.0,slip_15_1,True,63,0,8,True,False,,best_complete_marginal_score_in_osd_list,0,0,63,24,2607,2349,2349,147987,False,2.0197224150178954,-22.197729214704374,,,0.38095238095238093
performance,P64_DENSE_MIX,P64_DENSE_MIX_c0_t9,64,56,0.875,dense,6.0,8720211890680911136,lsgrand_certified,8.720211890680911e+18,True,0.2,0.2,,0.0,0.0,no_slip,True,63,0,9,True,True,1.449254141655011,strict_unseen_codeword_certificate,64,64,63,32,1,1,0,64,False,0.0017745760269463062,-20.913628900220992,1.0,64.0,0.5079365079365079
performance,P64_DENSE_MIX,P64_DENSE_MIX_c0_t9,64,56,0.875,dense,6.0,8720211890680911136,lsgrand_first_valid,8.720211890680911e+18,True,0.2,0.2,,0.0,0.0,no_slip,True,63,0,9,True,False,,first_valid_witness,1,1,63,1,1,1,0,1,False,0.00112550996709615,-20.913628900220992,,,0.015873015873015872
performance,P64_DENSE_MIX,P64_DENSE_MIX_c0_t9,64,56,0.875,dense,6.0,8720211890680911136,per_state_grand_sweep,8.720211890680911e+18,True,0.2,0.2,,0.0,0.0,no_slip,True,63,0,9,True,False,,best_fixed_state_codeword,12534,12534,63,63,61,56,0,12534,True,0.06490116799250245,-20.913628900220992,,,1.0
performance,P64_DENSE_MIX,P64_DENSE_MIX_c0_t9,64,56,0.875,dense,6.0,8720211890680911136,plain_reliability_grand,8.720211890680911e+18,True,0.2,0.2,,0.0,0.0,no_slip,True,63,0,9,True,False,,first_valid_witness,1,1,1,1,1,1,0,1,False,3.649306017905474e-05,-20.69048534890678,,,1.0
performance,P64_DENSE_MIX,P64_DENSE_MIX_c0_t9,64,56,0.875,dense,6.0,8720211890680911136,latent_osd_order2,8.720211890680911e+18,True,0.2,0.2,,0.0,0.0,no_slip,True,63,0,9,True,False,,best_complete_marginal_score_in_osd_list,0,0,63,24,2607,2225,2225,140175,False,1.8206077099312097,-20.913617520105102,,,0.38095238095238093
performance,P64_DENSE_MIX,P64_DENSE_MIX_c0_t10,64,56,0.875,dense,6.0,12223665086977878670,lsgrand_certified,1.2223665086977878e+19,True,0.2,0.2,,0.0,0.0,no_slip,True,63,0,10,True,True,0.22330599193073297,strict_unseen_codeword_certificate,63,63,63,1,2,2,0,63,False,0.0019661850528791547,-27.371617576742544,4.0,15.75,0.015873015873015872
performance,P64_DENSE_MIX,P64_DENSE_MIX_c0_t10,64,56,0.875,dense,6.0,12223665086977878670,lsgrand_first_valid,1.2223665086977878e+19,True,0.2,0.2,,0.0,0.0,no_slip,True,63,0,10,True,False,,first_valid_witness,4,4,63,1,1,1,0,4,False,0.0011057659285143018,-27.371617576742544,,,0.015873015873015872
performance,P64_DENSE_MIX,P64_DENSE_MIX_c0_t10,64,56,0.875,dense,6.0,12223665086977878670,per_state_grand_sweep,1.2223665086977878e+19,True,0.2,0.2,,0.0,0.0,no_slip,True,63,0,10,True,False,,best_fixed_state_codeword,16924,16924,63,63,58,53,0,16924,True,0.0881353139411658,-27.371617576742544,,,1.0
performance,P64_DENSE_MIX,P64_DENSE_MIX_c0_t10,64,56,0.875,dense,6.0,12223665086977878670,plain_reliability_grand,1.2223665086977878e+19,True,0.2,0.2,,0.0,0.0,no_slip,True,63,0,10,True,False,,first_valid_witness,4,4,1,1,1,1,0,4,False,6.687699351459742e-05,-27.14847402542833,,,1.0
performance,P64_DENSE_MIX,P64_DENSE_MIX_c0_t10,64,56,0.875,dense,6.0,12223665086977878670,latent_osd_order2,1.2223665086977878e+19,True,0.2,0.2,,0.0,0.0,no_slip,True,63,0,10,True,False,,best_complete_marginal_score_in_osd_list,0,0,63,24,2607,2393,2393,150759,False,1.9624353270046413,-27.362845246654683,,,0.38095238095238093
performance,P64_DENSE_MIX,P64_DENSE_MIX_c0_t11,64,56,0.875,dense,6.0,9331022024211043614,lsgrand_certified,9.331022024211044e+18,True,0.2,0.2,,0.0,0.0,no_slip,True,63,0,11,True,True,0.3742809977455295,strict_unseen_codeword_certificate,1,1,63,1,1,1,0,1,False,0.0012868389021605253,-20.390913489368245,1.0,1.0,0.015873015873015872
performance,P64_DENSE_MIX,P64_DENSE_MIX_c0_t11,64,56,0.875,dense,6.0,9331022024211043614,lsgrand_first_valid,9.331022024211044e+18,True,0.2,0.2,,0.0,0.0,no_slip,True,63,0,11,True,False,,first_valid_witness,1,1,63,1,1,1,0,1,False,0.00108105200342834,-20.390913489368245,,,0.015873015873015872
performance,P64_DENSE_MIX,P64_DENSE_MIX_c0_t11,64,56,0.875,dense,6.0,9331022024211043614,per_state_grand_sweep,9.331022024211044e+18,True,0.2,0.2,,0.0,0.0,no_slip,True,63,0,11,True,False,,best_fixed_state_codeword,19023,19023,63,63,61,57,0,19023,True,0.09570955706294626,-20.390913489368245,,,1.0
performance,P64_DENSE_MIX,P64_DENSE_MIX_c0_t11,64,56,0.875,dense,6.0,9331022024211043614,plain_reliability_grand,9.331022024211044e+18,True,0.2,0.2,,0.0,0.0,no_slip,True,63,0,11,True,False,,first_valid_witness,1,1,1,1,1,1,0,1,False,3.752100747078657e-05,-20.167769938054033,,,1.0
performance,P64_DENSE_MIX,P64_DENSE_MIX_c0_t11,64,56,0.875,dense,6.0,9331022024211043614,latent_osd_order2,9.331022024211044e+18,True,0.2,0.2,,0.0,0.0,no_slip,True,63,0,11,True,False,,best_complete_marginal_score_in_osd_list,0,0,63,24,2607,2399,2399,151137,False,2.0161133649526164,-20.390909580271575,,,0.38095238095238093
performance,P64_DENSE_MIX,P64_DENSE_MIX_c0_t12,64,56,0.875,dense,6.0,894944829131065256,lsgrand_certified,8.949448291310652e+17,True,0.2,0.2,,0.0,0.0,no_slip,True,63,0,12,True,True,0.4124933823797008,strict_unseen_codeword_certificate,192,192,63,63,1,1,0,192,False,0.0025659820530563593,-15.960460973803393,9.0,21.333333333333332,1.0
performance,P64_DENSE_MIX,P64_DENSE_MIX_c0_t12,64,56,0.875,dense,6.0,894944829131065256,lsgrand_first_valid,8.949448291310652e+17,True,0.2,0.2,,0.0,0.0,no_slip,True,63,0,12,True,False,,first_valid_witness,9,9,63,1,1,1,0,9,False,0.0011879479279741645,-15.960460973803393,,,0.015873015873015872
performance,P64_DENSE_MIX,P64_DENSE_MIX_c0_t12,64,56,0.875,dense,6.0,894944829131065256,per_state_grand_sweep,8.949448291310652e+17,True,0.2,0.2,,0.0,0.0,no_slip,True,63,0,12,True,False,,best_fixed_state_codeword,16144,16144,63,63,61,55,0,16144,True,0.08220900397282094,-15.960460973803393,,,1.0
performance,P64_DENSE_MIX,P64_DENSE_MIX_c0_t12,64,56,0.875,dense,6.0,894944829131065256,plain_reliability_grand,8.949448291310652e+17,True,0.2,0.2,,0.0,0.0,no_slip,True,63,0,12,True,False,,first_valid_witness,9,9,1,1,1,1,0,9,False,9.22780018299818e-05,-15.737317422489182,,,1.0
performance,P64_DENSE_MIX,P64_DENSE_MIX_c0_t12,64,56,0.875,dense,6.0,894944829131065256,latent_osd_order2,8.949448291310652e+17,True,0.2,0.2,,0.0,0.0,no_slip,True,63,0,12,True,False,,best_complete_marginal_score_in_osd_list,0,0,63,24,2607,2201,2201,138663,False,1.9094454330625013,-15.960447972099484,,,0.38095238095238093
performance,P64_DENSE_MIX,P64_DENSE_MIX_c0_t13,64,56,0.875,dense,6.0,13125829043656636885,lsgrand_certified,1.2837598392090155e+19,False,0.2,0.2,,0.0,0.0,no_slip,True,63,0,13,True,True,0.09361073797169439,strict_unseen_codeword_certificate,1024,1024,63,63,3,3,0,1024,False,0.009359818999655545,-25.940080130837877,24.0,42.666666666666664,1.0
performance,P64_DENSE_MIX,P64_DENSE_MIX_c0_t13,64,56,0.875,dense,6.0,13125829043656636885,lsgrand_first_valid,1.2837598392090155e+19,False,0.2,0.2,,0.0,0.0,no_slip,True,63,0,13,True,False,,first_valid_witness,24,24,63,1,1,1,0,24,False,0.0013485690578818321,-25.940080130837877,,,0.015873015873015872
performance,P64_DENSE_MIX,P64_DENSE_MIX_c0_t13,64,56,0.875,dense,6.0,13125829043656636885,per_state_grand_sweep,1.2837598392090155e+19,False,0.2,0.2,,0.0,0.0,no_slip,True,63,0,13,True,False,,best_fixed_state_codeword,15617,15617,63,63,60,55,0,15617,True,0.08171526505611837,-25.940080130837877,,,1.0
performance,P64_DENSE_MIX,P64_DENSE_MIX_c0_t13,64,56,0.875,dense,6.0,13125829043656636885,plain_reliability_grand,1.2837598392090155e+19,False,0.2,0.2,,0.0,0.0,no_slip,True,63,0,13,True,False,,first_valid_witness,24,24,1,1,1,1,0,24,False,0.00018058298155665398,-25.71693657952366,,,1.0
performance,P64_DENSE_MIX,P64_DENSE_MIX_c0_t13,64,56,0.875,dense,6.0,13125829043656636885,latent_osd_order2,1.2837598392090155e+19,False,0.2,0.2,,0.0,0.0,no_slip,True,63,0,13,True,False,,best_complete_marginal_score_in_osd_list,0,0,63,24,2607,2441,2441,153783,False,2.036705430946313,-25.939676751972303,,,0.38095238095238093
performance,P64_DENSE_MIX,P64_DENSE_MIX_c0_t14,64,56,0.875,dense,6.0,192703041678867762,lsgrand_certified,6.660230104805084e+16,False,0.2,0.2,,0.0,0.0,slip_13_1,True,63,0,14,True,True,0.0007657914465077909,strict_unseen_codeword_certificate,46592,46592,63,63,174,158,0,46592,False,2.2776637689676136,-27.351066643985952,387.0,120.39276485788113,1.0
performance,P64_DENSE_MIX,P64_DENSE_MIX_c0_t14,64,56,0.875,dense,6.0,192703041678867762,lsgrand_first_valid,6.660230104805084e+16,False,0.2,0.2,,0.0,0.0,slip_13_1,True,63,0,14,True,False,,first_valid_witness,387,387,63,1,1,1,0,387,False,0.003704091999679804,-27.351066643985952,,,0.015873015873015872
performance,P64_DENSE_MIX,P64_DENSE_MIX_c0_t14,64,56,0.875,dense,6.0,192703041678867762,per_state_grand_sweep,6.660230104805084e+16,False,0.2,0.2,,0.0,0.0,slip_13_1,True,63,0,14,True,False,,best_fixed_state_codeword,12981,12981,63,63,62,59,0,12981,True,0.06699121906422079,-27.351066643985952,,,1.0
performance,P64_DENSE_MIX,P64_DENSE_MIX_c0_t14,64,56,0.875,dense,6.0,192703041678867762,plain_reliability_grand,6.660230104805084e+16,False,0.2,0.2,,0.0,0.0,slip_13_1,True,63,0,14,True,False,,first_valid_witness,387,387,1,1,1,1,0,387,False,0.002221503062173724,-27.12792309267174,,,1.0
performance,P64_DENSE_MIX,P64_DENSE_MIX_c0_t14,64,56,0.875,dense,6.0,192703041678867762,latent_osd_order2,6.660230104805084e+16,False,0.2,0.2,,0.0,0.0,slip_13_1,True,63,0,14,True,False,,best_complete_marginal_score_in_osd_list,0,0,63,24,2607,2329,2329,146727,False,1.8853812660090625,-27.351064049812067,,,0.38095238095238093
performance,P64_DENSE_MIX,P64_DENSE_MIX_c0_t15,64,56,0.875,dense,6.0,17394876931586438305,lsgrand_certified,1.739487693158644e+19,True,0.2,0.2,,0.0,0.0,no_slip,True,63,0,15,True,True,0.004348303268795206,strict_unseen_codeword_certificate,686,686,63,63,5,5,0,686,False,0.00725618505384773,-25.78971251780219,17.0,40.35294117647059,1.0
performance,P64_DENSE_MIX,P64_DENSE_MIX_c0_t15,64,56,0.875,dense,6.0,17394876931586438305,lsgrand_first_valid,1.739487693158644e+19,True,0.2,0.2,,0.0,0.0,no_slip,True,63,0,15,True,False,,first_valid_witness,17,17,63,1,1,1,0,17,False,0.0013270130148157477,-25.78971251780219,,,0.015873015873015872
performance,P64_DENSE_MIX,P64_DENSE_MIX_c0_t15,64,56,0.875,dense,6.0,17394876931586438305,per_state_grand_sweep,1.739487693158644e+19,True,0.2,0.2,,0.0,0.0,no_slip,True,63,0,15,True,False,,best_fixed_state_codeword,12981,12981,63,63,62,56,0,12981,True,0.06873659498523921,-25.78971251780219,,,1.0
performance,P64_DENSE_MIX,P64_DENSE_MIX_c0_t15,64,56,0.875,dense,6.0,17394876931586438305,plain_reliability_grand,1.739487693158644e+19,True,0.2,0.2,,0.0,0.0,no_slip,True,63,0,15,True,False,,first_valid_witness,17,17,1,1,1,1,0,17,False,0.00013536692131310701,-25.566568966487978,,,1.0
performance,P64_DENSE_MIX,P64_DENSE_MIX_c0_t15,64,56,0.875,dense,6.0,17394876931586438305,latent_osd_order2,1.739487693158644e+19,True,0.2,0.2,,0.0,0.0,no_slip,True,63,0,15,True,False,,best_complete_marginal_score_in_osd_list,0,0,63,24,2607,2374,2374,149562,False,2.1518474189797416,-25.78949888612433,,,0.38095238095238093
performance,P64_DENSE_MIX,P64_DENSE_MIX_c0_t16,64,56,0.875,dense,6.0,8891283571838568647,lsgrand_certified,8.891283571838568e+18,True,0.2,0.2,,0.0,0.0,slip_18_1,True,63,0,16,True,True,0.021955638336834227,strict_unseen_codeword_certificate,1280,1280,63,63,6,5,0,1280,False,0.013138748006895185,-24.46459279305082,76.0,16.842105263157894,1.0
performance,P64_DENSE_MIX,P64_DENSE_MIX_c0_t16,64,56,0.875,dense,6.0,8891283571838568647,lsgrand_first_valid,8.891283571838568e+18,True,0.2,0.2,,0.0,0.0,slip_18_1,True,63,0,16,True,False,,first_valid_witness,76,76,63,36,1,1,0,76,False,0.00170614302624017,-24.54376906827856,,,0.5714285714285714
performance,P64_DENSE_MIX,P64_DENSE_MIX_c0_t16,64,56,0.875,dense,6.0,8891283571838568647,per_state_grand_sweep,8.891283571838568e+18,True,0.2,0.2,,0.0,0.0,slip_18_1,True,63,0,16,True,False,,best_fixed_state_codeword,16377,16377,63,63,57,49,0,16377,True,0.09283914300613105,-24.54376906827856,,,1.0
performance,P64_DENSE_MIX,P64_DENSE_MIX_c0_t16,64,56,0.875,dense,6.0,8891283571838568647,plain_reliability_grand,8.88227637221564e+18,False,0.2,0.2,,0.0,0.0,slip_18_1,True,63,0,16,True,False,,first_valid_witness,113,113,1,1,1,1,0,113,False,0.0007324418984353542,-26.172189525055686,,,1.0
performance,P64_DENSE_MIX,P64_DENSE_MIX_c0_t16,64,56,0.875,dense,6.0,8891283571838568647,latent_osd_order2,8.891283571838568e+18,True,0.2,0.2,,0.0,0.0,slip_18_1,True,63,0,16,True,False,,best_complete_marginal_score_in_osd_list,0,0,63,24,2607,2343,2343,147609,False,2.1038525640033185,-24.46133524673362,,,0.38095238095238093
performance,P64_DENSE_MIX,P64_DENSE_MIX_c0_t17,64,56,0.875,dense,6.0,17985522213922064696,lsgrand_certified,1.7985522213855218e+19,False,0.2,0.2,,0.0,0.0,no_slip,True,63,0,17,True,True,0.00022273580470510979,strict_unseen_codeword_certificate,6080,6080,63,63,33,29,0,6080,False,0.10004044801462442,-23.156151878725023,23.0,264.3478260869565,1.0
performance,P64_DENSE_MIX,P64_DENSE_MIX_c0_t17,64,56,0.875,dense,6.0,17985522213922064696,lsgrand_first_valid,1.7985522213855218e+19,False,0.2,0.2,,0.0,0.0,no_slip,True,63,0,17,True,False,,first_valid_witness,23,23,63,1,1,1,0,23,False,0.0014733719872310758,-23.156151878725023,,,0.015873015873015872
performance,P64_DENSE_MIX,P64_DENSE_MIX_c0_t17,64,56,0.875,dense,6.0,17985522213922064696,per_state_grand_sweep,1.7985522213855218e+19,False,0.2,0.2,,0.0,0.0,no_slip,True,63,0,17,True,False,,best_fixed_state_codeword,13239,13239,63,63,61,56,0,13239,True,0.07176604599226266,-23.156151878725023,,,1.0
performance,P64_DENSE_MIX,P64_DENSE_MIX_c0_t17,64,56,0.875,dense,6.0,17985522213922064696,plain_reliability_grand,1.7985522213855218e+19,False,0.2,0.2,,0.0,0.0,no_slip,True,63,0,17,True,False,,first_valid_witness,23,23,1,1,1,1,0,23,False,0.0001659009139984846,-22.93300832741081,,,1.0
performance,P64_DENSE_MIX,P64_DENSE_MIX_c0_t17,64,56,0.875,dense,6.0,17985522213922064696,latent_osd_order2,1.7985522213855218e+19,False,0.2,0.2,,0.0,0.0,no_slip,True,63,0,17,True,False,,best_complete_marginal_score_in_osd_list,0,0,63,24,2607,2252,2252,141876,False,2.0107317679794505,-23.155790294944712,,,0.38095238095238093
performance,P64_DENSE_MIX,P64_DENSE_MIX_c0_t18,64,56,0.875,dense,6.0,15186181107297736034,lsgrand_certified,1.5186181107297737e+19,True,0.2,0.2,,0.0,0.0,no_slip,True,63,0,18,True,True,0.003525137889425878,strict_unseen_codeword_certificate,2240,2240,63,63,9,9,0,2240,False,0.021628002054058015,-21.435344750651993,106.0,21.132075471698112,1.0
performance,P64_DENSE_MIX,P64_DENSE_MIX_c0_t18,64,56,0.875,dense,6.0,15186181107297736034,lsgrand_first_valid,1.5186181107297737e+19,True,0.2,0.2,,0.0,0.0,no_slip,True,63,0,18,True,False,,first_valid_witness,106,106,63,63,1,1,0,106,False,0.0018422820139676332,-21.435344750651993,,,1.0
performance,P64_DENSE_MIX,P64_DENSE_MIX_c0_t18,64,56,0.875,dense,6.0,15186181107297736034,per_state_grand_sweep,1.5186181107297737e+19,True,0.2,0.2,,0.0,0.0,no_slip,True,63,0,18,True,False,,best_fixed_state_codeword,15587,15587,63,63,59,55,0,15587,True,0.08394225791562349,-21.435344750651993,,,1.0
performance,P64_DENSE_MIX,P64_DENSE_MIX_c0_t18,64,56,0.875,dense,6.0,15186181107297736034,plain_reliability_grand,1.5186181107297737e+19,True,0.2,0.2,,0.0,0.0,no_slip,True,63,0,18,True,False,,first_valid_witness,44,44,1,1,1,1,0,44,False,0.0003278700169175863,-21.21220119933778,,,1.0
performance,P64_DENSE_MIX,P64_DENSE_MIX_c0_t18,64,56,0.875,dense,6.0,15186181107297736034,latent_osd_order2,1.5186181107297737e+19,True,0.2,0.2,,0.0,0.0,no_slip,True,63,0,18,True,False,,best_complete_marginal_score_in_osd_list,0,0,63,24,2607,2386,2386,150318,False,2.111454572994262,-21.435344698362666,,,0.38095238095238093
performance,P64_DENSE_MIX,P64_DENSE_MIX_c0_t19,64,56,0.875,dense,6.0,1923561843118800051,lsgrand_certified,1.9235970273566057e+18,False,0.2,0.2,,0.0,0.0,no_slip,True,63,0,19,True,True,0.061430824099776515,strict_unseen_codeword_certificate,896,896,63,63,6,5,0,896,False,0.008950290968641639,-24.206937441785858,24.0,37.333333333333336,1.0
performance,P64_DENSE_MIX,P64_DENSE_MIX_c0_t19,64,56,0.875,dense,6.0,1923561843118800051,lsgrand_first_valid,1.9235970273566057e+18,False,0.2,0.2,,0.0,0.0,no_slip,True,63,0,19,True,False,,first_valid_witness,24,24,63,1,1,1,0,24,False,0.0012945820344612002,-24.243022723970395,,,0.015873015873015872
performance,P64_DENSE_MIX,P64_DENSE_MIX_c0_t19,64,56,0.875,dense,6.0,1923561843118800051,per_state_grand_sweep,1.9235970273566057e+18,False,0.2,0.2,,0.0,0.0,no_slip,True,63,0,19,True,False,,best_fixed_state_codeword,13554,13554,63,63,61,56,0,13554,True,0.07143449992872775,-24.243022723970395,,,1.0
performance,P64_DENSE_MIX,P64_DENSE_MIX_c0_t19,64,56,0.875,dense,6.0,1923561843118800051,plain_reliability_grand,1.9235970273566057e+18,False,0.2,0.2,,0.0,0.0,no_slip,True,63,0,19,True,False,,first_valid_witness,24,24,1,1,1,1,0,24,False,0.00017226405907422304,-24.019879172656182,,,1.0
performance,P64_DENSE_MIX,P64_DENSE_MIX_c0_t19,64,56,0.875,dense,6.0,1923561843118800051,latent_osd_order2,1.9235970273566057e+18,False,0.2,0.2,,0.0,0.0,no_slip,True,63,0,19,True,False,,best_complete_marginal_score_in_osd_list,0,0,63,24,2607,2171,2171,136773,False,1.910104176029563,-24.20693695749513,,,0.38095238095238093
performance,P64_DENSE_MIX,P64_DENSE_MIX_c1_t0,64,56,0.875,dense,6.0,1143785562543692839,lsgrand_certified,1.1437855625436928e+18,True,0.2,0.2,,0.0,0.0,no_slip,True,63,1,0,True,True,0.06025875825612559,strict_unseen_codeword_certificate,2112,2112,63,63,9,9,0,2112,False,0.020671786973252892,-34.731350667948625,37.0,57.08108108108108,1.0
performance,P64_DENSE_MIX,P64_DENSE_MIX_c1_t0,64,56,0.875,dense,6.0,1143785562543692839,lsgrand_first_valid,1.1437855625436928e+18,True,0.2,0.2,,0.0,0.0,no_slip,True,63,1,0,True,False,,first_valid_witness,37,37,63,1,1,1,0,37,False,0.0014085560105741024,-34.731350667948625,,,0.015873015873015872
performance,P64_DENSE_MIX,P64_DENSE_MIX_c1_t0,64,56,0.875,dense,6.0,1143785562543692839,per_state_grand_sweep,1.1437855625436928e+18,True,0.2,0.2,,0.0,0.0,no_slip,True,63,1,0,True,False,,best_fixed_state_codeword,19793,19793,63,63,60,56,0,19793,True,0.09834330598823726,-34.731350667948625,,,1.0
performance,P64_DENSE_MIX,P64_DENSE_MIX_c1_t0,64,56,0.875,dense,6.0,1143785562543692839,plain_reliability_grand,1.1437855625436928e+18,True,0.2,0.2,,0.0,0.0,no_slip,True,63,1,0,True,False,,first_valid_witness,37,37,1,1,1,1,0,37,False,0.00023765407968312502,-34.50820711663441,,,1.0
performance,P64_DENSE_MIX,P64_DENSE_MIX_c1_t0,64,56,0.875,dense,6.0,1143785562543692839,latent_osd_order2,1.1437855625436928e+18,True,0.2,0.2,,0.0,0.0,no_slip,True,63,1,0,True,False,,best_complete_marginal_score_in_osd_list,0,0,63,24,2607,2310,2310,145530,False,1.9459944079862908,-34.73134594376551,,,0.38095238095238093
performance,P64_DENSE_MIX,P64_DENSE_MIX_c1_t1,64,56,0.875,dense,6.0,9653285329378639407,lsgrand_certified,9.65328532937864e+18,True,0.2,0.2,,0.0,0.0,no_slip,True,63,1,1,True,True,1.1577119552434922,strict_unseen_codeword_certificate,64,64,63,17,1,1,0,64,False,0.0016878489404916763,-17.50866293559033,2.0,32.0,0.2698412698412698
performance,P64_DENSE_MIX,P64_DENSE_MIX_c1_t1,64,56,0.875,dense,6.0,9653285329378639407,lsgrand_first_valid,9.65328532937864e+18,True,0.2,0.2,,0.0,0.0,no_slip,True,63,1,1,True,False,,first_valid_witness,2,2,63,1,1,1,0,2,False,0.0011148119810968637,-17.50866293559033,,,0.015873015873015872
performance,P64_DENSE_MIX,P64_DENSE_MIX_c1_t1,64,56,0.875,dense,6.0,9653285329378639407,per_state_grand_sweep,9.65328532937864e+18,True,0.2,0.2,,0.0,0.0,no_slip,True,63,1,1,True,False,,best_fixed_state_codeword,15435,15435,63,63,61,57,0,15435,True,0.07859103998634964,-17.50866293559033,,,1.0
performance,P64_DENSE_MIX,P64_DENSE_MIX_c1_t1,64,56,0.875,dense,6.0,9653285329378639407,plain_reliability_grand,9.65328532937864e+18,True,0.2,0.2,,0.0,0.0,no_slip,True,63,1,1,True,False,,first_valid_witness,2,2,1,1,1,1,0,2,False,4.504492972046137e-05,-17.285519384276117,,,1.0
performance,P64_DENSE_MIX,P64_DENSE_MIX_c1_t1,64,56,0.875,dense,6.0,9653285329378639407,latent_osd_order2,9.65328532937864e+18,True,0.2,0.2,,0.0,0.0,no_slip,True,63,1,1,True,False,,best_complete_marginal_score_in_osd_list,0,0,63,24,2607,2317,2317,145971,False,1.8984890810679644,-17.508661818271158,,,0.38095238095238093
performance,P64_DENSE_MIX,P64_DENSE_MIX_c1_t2,64,56,0.875,dense,6.0,13621605066599271225,lsgrand_certified,1.3642251024051702e+19,False,0.2,0.2,,0.0,0.0,slip_4_3,True,63,1,2,True,True,7.801217343228473e-07,strict_unseen_codeword_certificate,48064,48064,63,63,181,166,0,48064,False,2.528020851081237,-31.413333205722235,282.0,170.43971631205673,1.0
performance,P64_DENSE_MIX,P64_DENSE_MIX_c1_t2,64,56,0.875,dense,6.0,13621605066599271225,lsgrand_first_valid,1.8253937025944785e+19,False,0.2,0.2,,0.0,0.0,slip_4_3,True,63,1,2,True,False,,first_valid_witness,241,241,63,63,1,1,0,241,False,0.0026806750101968646,-31.424384200507184,,,1.0
performance,P64_DENSE_MIX,P64_DENSE_MIX_c1_t2,64,56,0.875,dense,6.0,13621605066599271225,per_state_grand_sweep,1.8253937025944785e+19,False,0.2,0.2,,0.0,0.0,slip_4_3,True,63,1,2,True,False,,best_fixed_state_codeword,12962,12962,63,63,62,56,0,12962,True,0.06384738103952259,-31.424384200507184,,,1.0
performance,P64_DENSE_MIX,P64_DENSE_MIX_c1_t2,64,56,0.875,dense,6.0,13621605066599271225,plain_reliability_grand,1.8253937025944785e+19,False,0.2,0.2,,0.0,0.0,slip_4_3,True,63,1,2,True,False,,first_valid_witness,117,117,1,1,1,1,0,117,False,0.0006400150014087558,-31.20124064919297,,,1.0
performance,P64_DENSE_MIX,P64_DENSE_MIX_c1_t2,64,56,0.875,dense,6.0,13621605066599271225,latent_osd_order2,1.3642251024051702e+19,False,0.2,0.2,,0.0,0.0,slip_4_3,True,63,1,2,True,False,,best_complete_marginal_score_in_osd_list,0,0,63,24,2607,2279,2279,143577,False,1.9786691738991067,-31.413295417223722,,,0.38095238095238093
performance,P64_DENSE_MIX,P64_DENSE_MIX_c1_t3,64,56,0.875,dense,6.0,12787176993823036769,lsgrand_certified,1.2787176993823037e+19,True,0.2,0.2,,0.0,0.0,no_slip,True,63,1,3,True,True,0.0006817406088508449,strict_unseen_codeword_certificate,6080,6080,63,63,27,25,0,6080,False,0.08463628101162612,-28.69581478419487,30.0,202.66666666666666,1.0
performance,P64_DENSE_MIX,P64_DENSE_MIX_c1_t3,64,56,0.875,dense,6.0,12787176993823036769,lsgrand_first_valid,1.2787176993823037e+19,True,0.2,0.2,,0.0,0.0,no_slip,True,63,1,3,True,False,,first_valid_witness,30,30,63,1,1,1,0,30,False,0.001405157963745296,-28.69581478419487,,,0.015873015873015872
performance,P64_DENSE_MIX,P64_DENSE_MIX_c1_t3,64,56,0.875,dense,6.0,12787176993823036769,per_state_grand_sweep,1.2787176993823037e+19,True,0.2,0.2,,0.0,0.0,no_slip,True,63,1,3,True,False,,best_fixed_state_codeword,16113,16113,63,63,60,53,0,16113,True,0.08206173102371395,-28.69581478419487,,,1.0
performance,P64_DENSE_MIX,P64_DENSE_MIX_c1_t3,64,56,0.875,dense,6.0,12787176993823036769,plain_reliability_grand,1.2787176993823037e+19,True,0.2,0.2,,0.0,0.0,no_slip,True,63,1,3,True,False,,first_valid_witness,30,30,1,1,1,1,0,30,False,0.00020545697771012783,-28.472671232880657,,,1.0
performance,P64_DENSE_MIX,P64_DENSE_MIX_c1_t3,64,56,0.875,dense,6.0,12787176993823036769,latent_osd_order2,1.2787176993823037e+19,True,0.2,0.2,,0.0,0.0,no_slip,True,63,1,3,True,False,,best_complete_marginal_score_in_osd_list,0,0,63,24,2607,2446,2446,154098,False,2.092353650019504,-28.695814774328184,,,0.38095238095238093
performance,P64_DENSE_MIX,P64_DENSE_MIX_c1_t4,64,56,0.875,dense,6.0,8712099237016307838,lsgrand_certified,8.712099237016308e+18,True,0.2,0.2,,0.0,0.0,no_slip,True,63,1,4,True,True,0.36964104276858833,strict_unseen_codeword_certificate,128,128,63,63,2,2,0,128,False,0.0022281890269368887,-17.84374383994578,6.0,21.333333333333332,1.0
performance,P64_DENSE_MIX,P64_DENSE_MIX_c1_t4,64,56,0.875,dense,6.0,8712099237016307838,lsgrand_first_valid,8.712099237016308e+18,True,0.2,0.2,,0.0,0.0,no_slip,True,63,1,4,True,False,,first_valid_witness,6,6,63,1,1,1,0,6,False,0.0012132780393585563,-17.84374383994578,,,0.015873015873015872
performance,P64_DENSE_MIX,P64_DENSE_MIX_c1_t4,64,56,0.875,dense,6.0,8712099237016307838,per_state_grand_sweep,8.712099237016308e+18,True,0.2,0.2,,0.0,0.0,no_slip,True,63,1,4,True,False,,best_fixed_state_codeword,13126,13126,63,63,61,57,0,13126,True,0.066489014076069,-17.84374383994578,,,1.0
performance,P64_DENSE_MIX,P64_DENSE_MIX_c1_t4,64,56,0.875,dense,6.0,8712099237016307838,plain_reliability_grand,8.712099237016308e+18,True,0.2,0.2,,0.0,0.0,no_slip,True,63,1,4,True,False,,first_valid_witness,6,6,1,1,1,1,0,6,False,7.214304059743881e-05,-17.620600288631568,,,1.0
performance,P64_DENSE_MIX,P64_DENSE_MIX_c1_t4,64,56,0.875,dense,6.0,8712099237016307838,latent_osd_order2,8.712099237016308e+18,True,0.2,0.2,,0.0,0.0,no_slip,True,63,1,4,True,False,,best_complete_marginal_score_in_osd_list,0,0,63,24,2607,2292,2292,144396,False,1.8361962040653452,-17.84373614228872,,,0.38095238095238093
performance,P64_DENSE_MIX,P64_DENSE_MIX_c1_t5,64,56,0.875,dense,6.0,17791344709904267965,lsgrand_certified,1.7791344709904267e+19,True,0.2,0.2,,0.0,0.0,slip_21_3,True,63,1,5,True,True,0.010163607844191347,strict_unseen_codeword_certificate,3648,3648,63,63,19,19,0,3648,False,0.04283743794076145,-26.54417856530485,134.0,27.223880597014926,1.0
performance,P64_DENSE_MIX,P64_DENSE_MIX_c1_t5,64,56,0.875,dense,6.0,17791344709904267965,lsgrand_first_valid,1.7791344709904267e+19,True,0.2,0.2,,0.0,0.0,slip_21_3,True,63,1,5,True,False,,first_valid_witness,134,134,63,43,1,1,0,134,False,0.0018973880214616656,-26.54417856530485,,,0.6825396825396826
performance,P64_DENSE_MIX,P64_DENSE_MIX_c1_t5,64,56,0.875,dense,6.0,17791344709904267965,per_state_grand_sweep,1.7791344709904267e+19,True,0.2,0.2,,0.0,0.0,slip_21_3,True,63,1,5,True,False,,best_fixed_state_codeword,12908,12908,63,63,63,58,0,12908,False,0.06413998198695481,-26.54417856530485,,,1.0
performance,P64_DENSE_MIX,P64_DENSE_MIX_c1_t5,64,56,0.875,dense,6.0,17791344709904267965,plain_reliability_grand,1.7791344744265871e+19,False,0.2,0.2,,0.0,0.0,slip_21_3,True,63,1,5,True,False,,first_valid_witness,367,367,1,1,1,1,0,367,False,0.0019885189831256866,-28.55127891183455,,,1.0
performance,P64_DENSE_MIX,P64_DENSE_MIX_c1_t5,64,56,0.875,dense,6.0,17791344709904267965,latent_osd_order2,1.7791344709904267e+19,True,0.2,0.2,,0.0,0.0,slip_21_3,True,63,1,5,True,False,,best_complete_marginal_score_in_osd_list,0,0,63,24,2607,2379,2379,149877,False,2.1380914059700444,-26.539504723734666,,,0.38095238095238093
performance,P64_DENSE_MIX,P64_DENSE_MIX_c1_t6,64,56,0.875,dense,6.0,1028124356554797370,lsgrand_certified,1.0281243565547973e+18,True,0.2,0.2,,0.0,0.0,no_slip,True,63,1,6,True,True,0.9718765174852209,strict_unseen_codeword_certificate,47,47,63,1,2,2,0,47,False,0.0017984278965741396,-23.714332475542246,1.0,47.0,0.015873015873015872
performance,P64_DENSE_MIX,P64_DENSE_MIX_c1_t6,64,56,0.875,dense,6.0,1028124356554797370,lsgrand_first_valid,1.0281243565547973e+18,True,0.2,0.2,,0.0,0.0,no_slip,True,63,1,6,True,False,,first_valid_witness,1,1,63,1,1,1,0,1,False,0.001241717953234911,-23.714332475542246,,,0.015873015873015872
performance,P64_DENSE_MIX,P64_DENSE_MIX_c1_t6,64,56,0.875,dense,6.0,1028124356554797370,per_state_grand_sweep,1.0281243565547973e+18,True,0.2,0.2,,0.0,0.0,no_slip,True,63,1,6,True,False,,best_fixed_state_codeword,15232,15232,63,63,60,54,0,15232,True,0.08306580199860036,-23.714332475542246,,,1.0
performance,P64_DENSE_MIX,P64_DENSE_MIX_c1_t6,64,56,0.875,dense,6.0,1028124356554797370,plain_reliability_grand,1.0281243565547973e+18,True,0.2,0.2,,0.0,0.0,no_slip,True,63,1,6,True,False,,first_valid_witness,1,1,1,1,1,1,0,1,False,4.0706945583224297e-05,-23.491188924228034,,,1.0
performance,P64_DENSE_MIX,P64_DENSE_MIX_c1_t6,64,56,0.875,dense,6.0,1028124356554797370,latent_osd_order2,1.0281243565547973e+18,True,0.2,0.2,,0.0,0.0,no_slip,True,63,1,6,True,False,,best_complete_marginal_score_in_osd_list,0,0,63,24,2607,2402,2402,151326,False,2.0330745339160785,-23.714322389346787,,,0.38095238095238093
performance,P64_DENSE_MIX,P64_DENSE_MIX_c1_t7,64,56,0.875,dense,6.0,8998443175923721309,lsgrand_certified,8.421982423620298e+18,False,0.2,0.2,,0.0,0.0,slip_28_3,True,63,1,7,True,True,0.0024264945075778144,strict_unseen_codeword_certificate,1280,1280,63,63,3,3,0,1280,False,0.010958558996208012,-20.432009513446516,23.0,55.65217391304348,1.0
performance,P64_DENSE_MIX,P64_DENSE_MIX_c1_t7,64,56,0.875,dense,6.0,8998443175923721309,lsgrand_first_valid,8.421982423620298e+18,False,0.2,0.2,,0.0,0.0,slip_28_3,True,63,1,7,True,False,,first_valid_witness,23,23,63,1,1,1,0,23,False,0.0013126559788361192,-20.432009513446516,,,0.015873015873015872
performance,P64_DENSE_MIX,P64_DENSE_MIX_c1_t7,64,56,0.875,dense,6.0,8998443175923721309,per_state_grand_sweep,8.421982423620298e+18,False,0.2,0.2,,0.0,0.0,slip_28_3,True,63,1,7,True,False,,best_fixed_state_codeword,15121,15121,63,63,60,58,0,15121,True,0.0791563680395484,-20.432009513446516,,,1.0
performance,P64_DENSE_MIX,P64_DENSE_MIX_c1_t7,64,56,0.875,dense,6.0,8998443175923721309,plain_reliability_grand,8.421982423620298e+18,False,0.2,0.2,,0.0,0.0,slip_28_3,True,63,1,7,True,False,,first_valid_witness,23,23,1,1,1,1,0,23,False,0.0002593731041997671,-20.2088659621323,,,1.0
performance,P64_DENSE_MIX,P64_DENSE_MIX_c1_t7,64,56,0.875,dense,6.0,8998443175923721309,latent_osd_order2,8.421982423620298e+18,False,0.2,0.2,,0.0,0.0,slip_28_3,True,63,1,7,True,False,,best_complete_marginal_score_in_osd_list,0,0,63,24,2607,2171,2171,136773,False,1.9171919650398195,-20.432005624785663,,,0.38095238095238093
performance,P64_DENSE_MIX,P64_DENSE_MIX_c1_t8,64,56,0.875,dense,6.0,11787447436719022658,lsgrand_certified,1.1760566576443154e+19,False,0.2,0.2,,0.0,0.0,slip_29_3,True,63,1,8,True,True,0.008432979838467247,strict_unseen_codeword_certificate,3840,3840,63,63,15,15,0,3840,False,0.045284464955329895,-33.41495740764353,72.0,53.333333333333336,1.0
performance,P64_DENSE_MIX,P64_DENSE_MIX_c1_t8,64,56,0.875,dense,6.0,11787447436719022658,lsgrand_first_valid,1.1760566576443154e+19,False,0.2,0.2,,0.0,0.0,slip_29_3,True,63,1,8,True,False,,first_valid_witness,72,72,63,1,1,1,0,72,False,0.0016270690830424428,-33.41495740764353,,,0.015873015873015872
performance,P64_DENSE_MIX,P64_DENSE_MIX_c1_t8,64,56,0.875,dense,6.0,11787447436719022658,per_state_grand_sweep,1.1760566576443154e+19,False,0.2,0.2,,0.0,0.0,slip_29_3,True,63,1,8,True,False,,best_fixed_state_codeword,17759,17759,63,63,57,51,0,17759,True,0.09279206197243184,-33.41495740764353,,,1.0
performance,P64_DENSE_MIX,P64_DENSE_MIX_c1_t8,64,56,0.875,dense,6.0,11787447436719022658,plain_reliability_grand,1.1760566576443154e+19,False,0.2,0.2,,0.0,0.0,slip_29_3,True,63,1,8,True,False,,first_valid_witness,72,72,1,1,1,1,0,72,False,0.0004390770336613059,-33.19181385632932,,,1.0
performance,P64_DENSE_MIX,P64_DENSE_MIX_c1_t8,64,56,0.875,dense,6.0,11787447436719022658,latent_osd_order2,1.1760566576443154e+19,False,0.2,0.2,,0.0,0.0,slip_29_3,True,63,1,8,True,False,,best_complete_marginal_score_in_osd_list,0,0,63,24,2607,2303,2303,145089,False,2.147242698003538,-33.41495698200979,,,0.38095238095238093
performance,P64_DENSE_MIX,P64_DENSE_MIX_c1_t9,64,56,0.875,dense,6.0,459281881643413689,lsgrand_certified,4.592818816434137e+17,True,0.2,0.2,,0.0,0.0,no_slip,True,63,1,9,True,True,0.05298475815876813,strict_unseen_codeword_certificate,1455,1455,63,63,9,9,0,1455,False,0.01578896993305534,-28.593729789944284,50.0,29.1,1.0
performance,P64_DENSE_MIX,P64_DENSE_MIX_c1_t9,64,56,0.875,dense,6.0,459281881643413689,lsgrand_first_valid,4.592818816434137e+17,True,0.2,0.2,,0.0,0.0,no_slip,True,63,1,9,True,False,,first_valid_witness,50,50,63,1,1,1,0,50,False,0.0015347900334745646,-28.593729789944284,,,0.015873015873015872
performance,P64_DENSE_MIX,P64_DENSE_MIX_c1_t9,64,56,0.875,dense,6.0,459281881643413689,per_state_grand_sweep,4.592818816434137e+17,True,0.2,0.2,,0.0,0.0,no_slip,True,63,1,9,True,False,,best_fixed_state_codeword,17272,17272,63,63,61,58,0,17272,True,0.09112714801449329,-28.593729789944284,,,1.0
performance,P64_DENSE_MIX,P64_DENSE_MIX_c1_t9,64,56,0.875,dense,6.0,459281881643413689,plain_reliability_grand,4.592818816434137e+17,True,0.2,0.2,,0.0,0.0,no_slip,True,63,1,9,True,False,,first_valid_witness,50,50,1,1,1,1,0,50,False,0.0003192070871591568,-28.37058623863007,,,1.0
performance,P64_DENSE_MIX,P64_DENSE_MIX_c1_t9,64,56,0.875,dense,6.0,459281881643413689,latent_osd_order2,4.592818816434137e+17,True,0.2,0.2,,0.0,0.0,no_slip,True,63,1,9,True,False,,best_complete_marginal_score_in_osd_list,0,0,63,24,2607,2442,2442,153846,False,2.230442793108523,-28.59372902727726,,,0.38095238095238093
performance,P64_DENSE_MIX,P64_DENSE_MIX_c1_t10,64,56,0.875,dense,6.0,15029895531751661652,lsgrand_certified,1.502989553285896e+19,False,0.2,0.2,,0.0,0.0,no_slip,True,63,1,10,True,True,0.002974011244255337,strict_unseen_codeword_certificate,4288,4288,63,63,25,23,0,4288,False,0.06161039404105395,-29.86855365603312,75.0,57.17333333333333,1.0
performance,P64_DENSE_MIX,P64_DENSE_MIX_c1_t10,64,56,0.875,dense,6.0,15029895531751661652,lsgrand_first_valid,1.502989553285896e+19,False,0.2,0.2,,0.0,0.0,no_slip,True,63,1,10,True,False,,first_valid_witness,75,75,63,1,1,1,0,75,False,0.001800379017367959,-29.86855365603312,,,0.015873015873015872
performance,P64_DENSE_MIX,P64_DENSE_MIX_c1_t10,64,56,0.875,dense,6.0,15029895531751661652,per_state_grand_sweep,1.502989553285896e+19,False,0.2,0.2,,0.0,0.0,no_slip,True,63,1,10,True,False,,best_fixed_state_codeword,10929,10929,63,63,63,59,0,10929,False,0.05983851000200957,-29.86855365603312,,,1.0
performance,P64_DENSE_MIX,P64_DENSE_MIX_c1_t10,64,56,0.875,dense,6.0,15029895531751661652,plain_reliability_grand,1.502989553285896e+19,False,0.2,0.2,,0.0,0.0,no_slip,True,63,1,10,True,False,,first_valid_witness,75,75,1,1,1,1,0,75,False,0.000498197041451931,-29.64541010471891,,,1.0
performance,P64_DENSE_MIX,P64_DENSE_MIX_c1_t10,64,56,0.875,dense,6.0,15029895531751661652,latent_osd_order2,1.502989553285896e+19,False,0.2,0.2,,0.0,0.0,no_slip,True,63,1,10,True,False,,best_complete_marginal_score_in_osd_list,0,0,63,24,2607,2280,2280,143640,False,2.059974570060149,-29.868551101646304,,,0.38095238095238093
performance,P64_DENSE_MIX,P64_DENSE_MIX_c1_t11,64,56,0.875,dense,6.0,14710250078050049528,lsgrand_certified,1.471025007805005e+19,True,0.2,0.2,,0.0,0.0,no_slip,True,63,1,11,True,True,0.1693563615194158,strict_unseen_codeword_certificate,1,1,63,1,1,1,0,1,False,0.0013388220686465502,-24.242745087188187,1.0,1.0,0.015873015873015872
performance,P64_DENSE_MIX,P64_DENSE_MIX_c1_t11,64,56,0.875,dense,6.0,14710250078050049528,lsgrand_first_valid,1.471025007805005e+19,True,0.2,0.2,,0.0,0.0,no_slip,True,63,1,11,True,False,,first_valid_witness,1,1,63,1,1,1,0,1,False,0.001141882035881281,-24.242745087188187,,,0.015873015873015872
performance,P64_DENSE_MIX,P64_DENSE_MIX_c1_t11,64,56,0.875,dense,6.0,14710250078050049528,per_state_grand_sweep,1.471025007805005e+19,True,0.2,0.2,,0.0,0.0,no_slip,True,63,1,11,True,False,,best_fixed_state_codeword,12817,12817,63,63,63,58,0,12817,False,0.0682742049684748,-24.242745087188187,,,1.0
performance,P64_DENSE_MIX,P64_DENSE_MIX_c1_t11,64,56,0.875,dense,6.0,14710250078050049528,plain_reliability_grand,1.471025007805005e+19,True,0.2,0.2,,0.0,0.0,no_slip,True,63,1,11,True,False,,first_valid_witness,1,1,1,1,1,1,0,1,False,4.7200010158121586e-05,-24.019601535873974,,,1.0
performance,P64_DENSE_MIX,P64_DENSE_MIX_c1_t11,64,56,0.875,dense,6.0,14710250078050049528,latent_osd_order2,1.471025007805005e+19,True,0.2,0.2,,0.0,0.0,no_slip,True,63,1,11,True,False,,best_complete_marginal_score_in_osd_list,0,0,63,24,2607,2275,2275,143325,False,1.9501291699707508,-24.242741999362433,,,0.38095238095238093
performance,P64_DENSE_MIX,P64_DENSE_MIX_c1_t12,64,56,0.875,dense,6.0,12864053846835612957,lsgrand_certified,1.2864053846835614e+19,True,0.2,0.2,,0.0,0.0,no_slip,True,63,1,12,True,True,0.3093887201209924,strict_unseen_codeword_certificate,1,1,63,1,1,1,0,1,False,0.0013016070006415248,-17.812005018423893,1.0,1.0,0.015873015873015872
performance,P64_DENSE_MIX,P64_DENSE_MIX_c1_t12,64,56,0.875,dense,6.0,12864053846835612957,lsgrand_first_valid,1.2864053846835614e+19,True,0.2,0.2,,0.0,0.0,no_slip,True,63,1,12,True,False,,first_valid_witness,1,1,63,1,1,1,0,1,False,0.0010950530413538218,-17.812005018423893,,,0.015873015873015872
performance,P64_DENSE_MIX,P64_DENSE_MIX_c1_t12,64,56,0.875,dense,6.0,12864053846835612957,per_state_grand_sweep,1.2864053846835614e+19,True,0.2,0.2,,0.0,0.0,no_slip,True,63,1,12,True,False,,best_fixed_state_codeword,16151,16151,63,63,60,55,0,16151,True,0.08553061401471496,-17.812005018423893,,,1.0
performance,P64_DENSE_MIX,P64_DENSE_MIX_c1_t12,64,56,0.875,dense,6.0,12864053846835612957,plain_reliability_grand,1.2864053846835614e+19,True,0.2,0.2,,0.0,0.0,no_slip,True,63,1,12,True,False,,first_valid_witness,1,1,1,1,1,1,0,1,False,3.7205987609922886e-05,-17.58886146710968,,,1.0
performance,P64_DENSE_MIX,P64_DENSE_MIX_c1_t12,64,56,0.875,dense,6.0,12864053846835612957,latent_osd_order2,1.2864053846835614e+19,True,0.2,0.2,,0.0,0.0,no_slip,True,63,1,12,True,False,,best_complete_marginal_score_in_osd_list,0,0,63,24,2607,2281,2281,143703,False,1.9377157819690183,-17.81077903997511,,,0.38095238095238093
performance,P64_DENSE_MIX,P64_DENSE_MIX_c1_t13,64,56,0.875,dense,6.0,3095313176758617999,lsgrand_certified,3.095313176758618e+18,True,0.2,0.2,,0.0,0.0,no_slip,True,63,1,13,True,True,0.002397928799236837,strict_unseen_codeword_certificate,1126,1126,63,63,6,6,0,1126,False,0.010621274937875569,-28.983873486251106,52.0,21.653846153846153,1.0
performance,P64_DENSE_MIX,P64_DENSE_MIX_c1_t13,64,56,0.875,dense,6.0,3095313176758617999,lsgrand_first_valid,3.095313176758618e+18,True,0.2,0.2,,0.0,0.0,no_slip,True,63,1,13,True,False,,first_valid_witness,52,52,63,1,1,1,0,52,False,0.0015699949581176043,-28.983873486251106,,,0.015873015873015872
performance,P64_DENSE_MIX,P64_DENSE_MIX_c1_t13,64,56,0.875,dense,6.0,3095313176758617999,per_state_grand_sweep,3.095313176758618e+18,True,0.2,0.2,,0.0,0.0,no_slip,True,63,1,13,True,False,,best_fixed_state_codeword,17513,17513,63,63,58,52,0,17513,True,0.09605149098206311,-28.983873486251106,,,1.0
performance,P64_DENSE_MIX,P64_DENSE_MIX_c1_t13,64,56,0.875,dense,6.0,3095313176758617999,plain_reliability_grand,3.095313176758618e+18,True,0.2,0.2,,0.0,0.0,no_slip,True,63,1,13,True,False,,first_valid_witness,52,52,1,1,1,1,0,52,False,0.0003454789984971285,-28.760729934936894,,,1.0
performance,P64_DENSE_MIX,P64_DENSE_MIX_c1_t13,64,56,0.875,dense,6.0,3095313176758617999,latent_osd_order2,3.095313176758618e+18,True,0.2,0.2,,0.0,0.0,no_slip,True,63,1,13,True,False,,best_complete_marginal_score_in_osd_list,0,0,63,24,2607,2340,2340,147420,False,1.9048411069670692,-28.980973789894897,,,0.38095238095238093
performance,P64_DENSE_MIX,P64_DENSE_MIX_c1_t14,64,56,0.875,dense,6.0,17685851340369727633,lsgrand_certified,1.7685851340369727e+19,True,0.2,0.2,,0.0,0.0,no_slip,True,63,1,14,True,True,0.002547993841133689,strict_unseen_codeword_certificate,1792,1792,63,63,3,3,0,1792,False,0.015073603019118309,-33.94329574714616,47.0,38.12765957446808,1.0
performance,P64_DENSE_MIX,P64_DENSE_MIX_c1_t14,64,56,0.875,dense,6.0,17685851340369727633,lsgrand_first_valid,1.7685851340369727e+19,True,0.2,0.2,,0.0,0.0,no_slip,True,63,1,14,True,False,,first_valid_witness,47,47,63,1,1,1,0,47,False,0.0015307830180972815,-33.94329574714616,,,0.015873015873015872
performance,P64_DENSE_MIX,P64_DENSE_MIX_c1_t14,64,56,0.875,dense,6.0,17685851340369727633,per_state_grand_sweep,1.7685851340369727e+19,True,0.2,0.2,,0.0,0.0,no_slip,True,63,1,14,True,False,,best_fixed_state_codeword,15879,15879,63,63,58,56,0,15879,True,0.0859539060620591,-33.94329574714616,,,1.0
performance,P64_DENSE_MIX,P64_DENSE_MIX_c1_t14,64,56,0.875,dense,6.0,17685851340369727633,plain_reliability_grand,1.7685851340369727e+19,True,0.2,0.2,,0.0,0.0,no_slip,True,63,1,14,True,False,,first_valid_witness,47,47,1,1,1,1,0,47,False,0.0003230719594284892,-33.72015219583195,,,1.0
performance,P64_DENSE_MIX,P64_DENSE_MIX_c1_t14,64,56,0.875,dense,6.0,17685851340369727633,latent_osd_order2,1.7685851340369727e+19,True,0.2,0.2,,0.0,0.0,no_slip,True,63,1,14,True,False,,best_complete_marginal_score_in_osd_list,0,0,63,24,2607,2404,2404,151452,False,1.977261928957887,-33.94248769952755,,,0.38095238095238093
performance,P64_DENSE_MIX,P64_DENSE_MIX_c1_t15,64,56,0.875,dense,6.0,4020226731990637325,lsgrand_certified,4.0202267319906376e+18,True,0.2,0.2,,0.0,0.0,no_slip,True,63,1,15,True,True,1.0596113731009336,strict_unseen_codeword_certificate,1,1,63,1,1,1,0,1,False,0.0012404760345816612,-15.905667180784837,1.0,1.0,0.015873015873015872
performance,P64_DENSE_MIX,P64_DENSE_MIX_c1_t15,64,56,0.875,dense,6.0,4020226731990637325,lsgrand_first_valid,4.0202267319906376e+18,True,0.2,0.2,,0.0,0.0,no_slip,True,63,1,15,True,False,,first_valid_witness,1,1,63,1,1,1,0,1,False,0.0011402290547266603,-15.905667180784837,,,0.015873015873015872
performance,P64_DENSE_MIX,P64_DENSE_MIX_c1_t15,64,56,0.875,dense,6.0,4020226731990637325,per_state_grand_sweep,4.0202267319906376e+18,True,0.2,0.2,,0.0,0.0,no_slip,True,63,1,15,True,False,,best_fixed_state_codeword,14034,14034,63,63,60,58,0,14034,True,0.07031537406146526,-15.905667180784837,,,1.0
performance,P64_DENSE_MIX,P64_DENSE_MIX_c1_t15,64,56,0.875,dense,6.0,4020226731990637325,plain_reliability_grand,4.0202267319906376e+18,True,0.2,0.2,,0.0,0.0,no_slip,True,63,1,15,True,False,,first_valid_witness,1,1,1,1,1,1,0,1,False,3.6288052797317505e-05,-15.682523629470627,,,1.0
performance,P64_DENSE_MIX,P64_DENSE_MIX_c1_t15,64,56,0.875,dense,6.0,4020226731990637325,latent_osd_order2,4.0202267319906376e+18,True,0.2,0.2,,0.0,0.0,no_slip,True,63,1,15,True,False,,best_complete_marginal_score_in_osd_list,0,0,63,24,2607,2326,2326,146538,False,1.9250385159393772,-15.905664420924392,,,0.38095238095238093
performance,P64_DENSE_MIX,P64_DENSE_MIX_c1_t16,64,56,0.875,dense,6.0,5416333755898551994,lsgrand_certified,5.416333755898552e+18,True,0.2,0.2,,0.0,0.0,no_slip,True,63,1,16,True,True,0.2772585836017427,strict_unseen_codeword_certificate,192,192,63,63,1,1,0,192,False,0.0026296130381524563,-28.836844956880498,6.0,32.0,1.0
performance,P64_DENSE_MIX,P64_DENSE_MIX_c1_t16,64,56,0.875,dense,6.0,5416333755898551994,lsgrand_first_valid,5.416333755898552e+18,True,0.2,0.2,,0.0,0.0,no_slip,True,63,1,16,True,False,,first_valid_witness,6,6,63,1,1,1,0,6,False,0.0011731840204447508,-28.836844956880498,,,0.015873015873015872
performance,P64_DENSE_MIX,P64_DENSE_MIX_c1_t16,64,56,0.875,dense,6.0,5416333755898551994,per_state_grand_sweep,5.416333755898552e+18,True,0.2,0.2,,0.0,0.0,no_slip,True,63,1,16,True,False,,best_fixed_state_codeword,14848,14848,63,63,61,53,0,14848,True,0.07919828698504716,-28.836844956880498,,,1.0
performance,P64_DENSE_MIX,P64_DENSE_MIX_c1_t16,64,56,0.875,dense,6.0,5416333755898551994,plain_reliability_grand,5.416333755898552e+18,True,0.2,0.2,,0.0,0.0,no_slip,True,63,1,16,True,False,,first_valid_witness,6,6,1,1,1,1,0,6,False,7.542094681411982e-05,-28.613701405566285,,,1.0
performance,P64_DENSE_MIX,P64_DENSE_MIX_c1_t16,64,56,0.875,dense,6.0,5416333755898551994,latent_osd_order2,5.416333755898552e+18,True,0.2,0.2,,0.0,0.0,no_slip,True,63,1,16,True,False,,best_complete_marginal_score_in_osd_list,0,0,63,24,2607,2326,2326,146538,False,1.9124639489455149,-28.836819113163347,,,0.38095238095238093
performance,P64_DENSE_MIX,P64_DENSE_MIX_c1_t17,64,56,0.875,dense,6.0,7230275926780162389,lsgrand_certified,7.230275926780162e+18,True,0.2,0.2,,0.0,0.0,no_slip,True,63,1,17,True,True,0.021848097650167375,strict_unseen_codeword_certificate,3776,3776,63,63,11,10,0,3776,False,0.0368806739570573,-22.716354459395216,80.0,47.2,1.0
performance,P64_DENSE_MIX,P64_DENSE_MIX_c1_t17,64,56,0.875,dense,6.0,7230275926780162389,lsgrand_first_valid,7.230275926780162e+18,True,0.2,0.2,,0.0,0.0,no_slip,True,63,1,17,True,False,,first_valid_witness,80,80,63,1,1,1,0,80,False,0.0016390500823035836,-22.716354459395216,,,0.015873015873015872
performance,P64_DENSE_MIX,P64_DENSE_MIX_c1_t17,64,56,0.875,dense,6.0,7230275926780162389,per_state_grand_sweep,7.230275926780162e+18,True,0.2,0.2,,0.0,0.0,no_slip,True,63,1,17,True,False,,best_fixed_state_codeword,18240,18240,63,63,59,55,0,18240,True,0.09412913699634373,-22.716354459395216,,,1.0
performance,P64_DENSE_MIX,P64_DENSE_MIX_c1_t17,64,56,0.875,dense,6.0,7230275926780162389,plain_reliability_grand,7.230275926780162e+18,True,0.2,0.2,,0.0,0.0,no_slip,True,63,1,17,True,False,,first_valid_witness,80,80,1,1,1,1,0,80,False,0.0005086209857836366,-22.493210908081004,,,1.0
performance,P64_DENSE_MIX,P64_DENSE_MIX_c1_t17,64,56,0.875,dense,6.0,7230275926780162389,latent_osd_order2,7.230275926780162e+18,True,0.2,0.2,,0.0,0.0,no_slip,True,63,1,17,True,False,,best_complete_marginal_score_in_osd_list,0,0,63,24,2607,2243,2243,141309,False,1.8548137469915673,-22.716353926155556,,,0.38095238095238093
performance,P64_DENSE_MIX,P64_DENSE_MIX_c1_t18,64,56,0.875,dense,6.0,10085988062214001382,lsgrand_certified,1.008598806221352e+19,False,0.2,0.2,,0.0,0.0,slip_22_3,True,63,1,18,True,True,0.00016038029433929069,strict_unseen_codeword_certificate,25792,25792,63,63,110,99,0,25792,False,0.8206121230032295,-27.201870664310167,137.0,188.26277372262774,1.0
performance,P64_DENSE_MIX,P64_DENSE_MIX_c1_t18,64,56,0.875,dense,6.0,10085988062214001382,lsgrand_first_valid,1.008598806221352e+19,False,0.2,0.2,,0.0,0.0,slip_22_3,True,63,1,18,True,False,,first_valid_witness,137,137,63,1,1,1,0,137,False,0.002061550971120596,-27.201870664310167,,,0.015873015873015872
performance,P64_DENSE_MIX,P64_DENSE_MIX_c1_t18,64,56,0.875,dense,6.0,10085988062214001382,per_state_grand_sweep,1.008598806221352e+19,False,0.2,0.2,,0.0,0.0,slip_22_3,True,63,1,18,True,False,,best_fixed_state_codeword,13474,13474,63,63,62,56,0,13474,True,0.06774104700889438,-27.201870664310167,,,1.0
performance,P64_DENSE_MIX,P64_DENSE_MIX_c1_t18,64,56,0.875,dense,6.0,10085988062214001382,plain_reliability_grand,1.008598806221352e+19,False,0.2,0.2,,0.0,0.0,slip_22_3,True,63,1,18,True,False,,first_valid_witness,137,137,1,1,1,1,0,137,False,0.000776569009758532,-26.978727112995955,,,1.0
performance,P64_DENSE_MIX,P64_DENSE_MIX_c1_t18,64,56,0.875,dense,6.0,10085988062214001382,latent_osd_order2,1.008598806221352e+19,False,0.2,0.2,,0.0,0.0,slip_22_3,True,63,1,18,True,False,,best_complete_marginal_score_in_osd_list,0,0,63,24,2607,2256,2256,142128,False,1.9233496160013601,-27.201870067624764,,,0.38095238095238093
performance,P64_DENSE_MIX,P64_DENSE_MIX_c1_t19,64,56,0.875,dense,6.0,17715450799410963729,lsgrand_certified,8.492090133522357e+18,False,0.2,0.2,,0.0,0.0,slip_9_1,True,63,1,19,True,True,0.04323415055420554,strict_unseen_codeword_certificate,1472,1472,63,63,6,5,0,1472,False,0.013743542949669063,-32.89709145312917,66.0,22.303030303030305,1.0
performance,P64_DENSE_MIX,P64_DENSE_MIX_c1_t19,64,56,0.875,dense,6.0,17715450799410963729,lsgrand_first_valid,8.492090133522357e+18,False,0.2,0.2,,0.0,0.0,slip_9_1,True,63,1,19,True,False,,first_valid_witness,66,66,63,29,1,1,0,66,False,0.0015790050383657217,-32.89709145312917,,,0.4603174603174603
performance,P64_DENSE_MIX,P64_DENSE_MIX_c1_t19,64,56,0.875,dense,6.0,17715450799410963729,per_state_grand_sweep,8.492090133522357e+18,False,0.2,0.2,,0.0,0.0,slip_9_1,True,63,1,19,True,False,,best_fixed_state_codeword,14913,14913,63,63,61,58,0,14913,True,0.0767008459661156,-32.89709145312917,,,1.0
performance,P64_DENSE_MIX,P64_DENSE_MIX_c1_t19,64,56,0.875,dense,6.0,17715450799410963729,plain_reliability_grand,6.185948017789956e+18,False,0.2,0.2,,0.0,0.0,slip_9_1,True,63,1,19,True,False,,first_valid_witness,354,354,1,1,1,1,0,354,False,0.002025575959123671,-37.08725181861031,,,1.0
performance,P64_DENSE_MIX,P64_DENSE_MIX_c1_t19,64,56,0.875,dense,6.0,17715450799410963729,latent_osd_order2,8.492090133522357e+18,False,0.2,0.2,,0.0,0.0,slip_9_1,True,63,1,19,True,False,,best_complete_marginal_score_in_osd_list,0,0,63,24,2607,2407,2407,151641,False,1.9284065939718857,-32.89696966994895,,,0.38095238095238093
performance,P64_SPARSE_LATE,P64_SPARSE_LATE_c0_t0,64,56,0.875,sparse,6.0,7176950217149456168,lsgrand_certified,7.176950217149456e+18,True,1.0,0.5,0.8,0.0,0.0,slip_26_3,True,63,0,0,True,True,0.00873909948934326,strict_unseen_codeword_certificate,8320,8320,63,63,25,23,0,8320,False,0.09847130393609405,-28.225351703213555,163.0,51.04294478527607,1.0
performance,P64_SPARSE_LATE,P64_SPARSE_LATE_c0_t0,64,56,0.875,sparse,6.0,7176950217149456168,lsgrand_first_valid,7.176950217149456e+18,True,1.0,0.5,0.8,0.0,0.0,slip_26_3,True,63,0,0,True,False,,first_valid_witness,163,163,63,53,1,1,0,163,False,0.002228162018582225,-28.308468735086986,,,0.8412698412698413
performance,P64_SPARSE_LATE,P64_SPARSE_LATE_c0_t0,64,56,0.875,sparse,6.0,7176950217149456168,per_state_grand_sweep,7.176950217149456e+18,True,1.0,0.5,0.8,0.0,0.0,slip_26_3,True,63,0,0,True,False,,best_fixed_state_codeword,28010,28010,63,63,37,32,0,28010,True,0.14639443100895733,-28.308468735086986,,,1.0
performance,P64_SPARSE_LATE,P64_SPARSE_LATE_c0_t0,64,56,0.875,sparse,6.0,7176950217149456168,plain_reliability_grand,1.6257332965835217e+19,False,1.0,0.5,0.8,0.0,0.0,slip_26_3,True,63,0,0,True,False,,first_valid_witness,29036,29036,1,1,1,1,0,29036,False,0.18531569698825479,-38.42217645316717,,,1.0
performance,P64_SPARSE_LATE,P64_SPARSE_LATE_c0_t0,64,56,0.875,sparse,6.0,7176950217149456168,latent_osd_order2,7.176950217149456e+18,True,1.0,0.5,0.8,0.0,0.0,slip_26_3,True,63,0,0,True,False,,best_complete_marginal_score_in_osd_list,0,0,63,24,2607,2205,2205,138915,False,1.8961784290149808,-28.225305349636134,,,0.38095238095238093
performance,P64_SPARSE_LATE,P64_SPARSE_LATE_c0_t1,64,56,0.875,sparse,6.0,9231518040163030519,lsgrand_certified,9.231518040163031e+18,True,1.0,0.5,0.8,0.0,0.0,slip_26_3,True,63,0,1,True,True,3.4021493640068456e-06,strict_unseen_codeword_certificate,49088,49088,63,63,276,240,0,49088,False,4.063004284980707,-23.49879093418553,87.0,564.2298850574713,1.0
performance,P64_SPARSE_LATE,P64_SPARSE_LATE_c0_t1,64,56,0.875,sparse,6.0,9231518040163030519,lsgrand_first_valid,9.231518040163031e+18,True,1.0,0.5,0.8,0.0,0.0,slip_26_3,True,63,0,1,True,False,,first_valid_witness,87,87,63,53,1,1,0,87,False,0.0017782850190997124,-23.513516964328442,,,0.8412698412698413
performance,P64_SPARSE_LATE,P64_SPARSE_LATE_c0_t1,64,56,0.875,sparse,6.0,9231518040163030519,per_state_grand_sweep,9.231518040163031e+18,True,1.0,0.5,0.8,0.0,0.0,slip_26_3,True,63,0,1,True,False,,best_fixed_state_codeword,37450,37450,63,63,18,16,0,37450,True,0.1885488770203665,-23.513516964328442,,,1.0
performance,P64_SPARSE_LATE,P64_SPARSE_LATE_c0_t1,64,56,0.875,sparse,6.0,9231518040163030519,plain_reliability_grand,9.23151804016359e+18,False,1.0,0.5,0.8,0.0,0.0,slip_26_3,True,63,0,1,True,False,,first_valid_witness,52,52,1,1,1,1,0,52,False,0.000326730078086257,-23.277608126706276,,,1.0
performance,P64_SPARSE_LATE,P64_SPARSE_LATE_c0_t1,64,56,0.875,sparse,6.0,9231518040163030519,latent_osd_order2,9.231518040163031e+18,True,1.0,0.5,0.8,0.0,0.0,slip_26_3,True,63,0,1,True,False,,best_complete_marginal_score_in_osd_list,0,0,63,24,2607,2141,2141,134883,False,1.8798513630172238,-23.498741376670456,,,0.38095238095238093
performance,P64_SPARSE_LATE,P64_SPARSE_LATE_c0_t2,64,56,0.875,sparse,6.0,7724562652554149141,lsgrand_certified,7.72456265255403e+18,False,1.0,0.5,0.8,0.0,0.0,slip_26_1,True,63,0,2,True,True,0.0003043290911328711,strict_unseen_codeword_certificate,22321,22321,63,63,224,209,0,22321,False,1.9322127710329369,-27.612454480176776,92.0,242.6195652173913,1.0
performance,P64_SPARSE_LATE,P64_SPARSE_LATE_c0_t2,64,56,0.875,sparse,6.0,7724562652554149141,lsgrand_first_valid,7.72456265255403e+18,False,1.0,0.5,0.8,0.0,0.0,slip_26_1,True,63,0,2,True,False,,first_valid_witness,92,92,63,44,1,1,0,92,False,0.0021577359875664115,-27.672200946134616,,,0.6984126984126984
performance,P64_SPARSE_LATE,P64_SPARSE_LATE_c0_t2,64,56,0.875,sparse,6.0,7724562652554149141,per_state_grand_sweep,7.72456265255403e+18,False,1.0,0.5,0.8,0.0,0.0,slip_26_1,True,63,0,2,True,False,,best_fixed_state_codeword,23928,23928,63,63,40,37,0,23928,True,0.13536136597394943,-27.672200946134616,,,1.0
performance,P64_SPARSE_LATE,P64_SPARSE_LATE_c0_t2,64,56,0.875,sparse,6.0,7724562652554149141,plain_reliability_grand,7.724702977725642e+18,False,1.0,0.5,0.8,0.0,0.0,slip_26_1,True,63,0,2,True,False,,first_valid_witness,45006,45006,1,1,1,1,0,45006,False,0.3167843190021813,-40.17412631939544,,,1.0
performance,P64_SPARSE_LATE,P64_SPARSE_LATE_c0_t2,64,56,0.875,sparse,6.0,7724562652554149141,latent_osd_order2,7.72456265255403e+18,False,1.0,0.5,0.8,0.0,0.0,slip_26_1,True,63,0,2,True,False,,best_complete_marginal_score_in_osd_list,0,0,63,24,2607,2246,2246,141498,False,1.9874764919513837,-27.612236273369984,,,0.38095238095238093
performance,P64_SPARSE_LATE,P64_SPARSE_LATE_c0_t3,64,56,0.875,sparse,6.0,7801537159341979505,lsgrand_certified,7.803325089168218e+18,False,1.0,0.5,0.8,0.0,0.0,slip_26_3,True,63,0,3,True,True,0.008733333798499388,strict_unseen_codeword_certificate,12480,12480,63,63,60,55,0,12480,False,0.35210644791368395,-25.710862306666115,258.0,48.372093023255815,1.0
performance,P64_SPARSE_LATE,P64_SPARSE_LATE_c0_t3,64,56,0.875,sparse,6.0,7801537159341979505,lsgrand_first_valid,7.803325089168218e+18,False,1.0,0.5,0.8,0.0,0.0,slip_26_3,True,63,0,3,True,False,,first_valid_witness,258,258,63,63,1,1,0,258,False,0.003055623034015298,-25.744575044729196,,,1.0
performance,P64_SPARSE_LATE,P64_SPARSE_LATE_c0_t3,64,56,0.875,sparse,6.0,7801537159341979505,per_state_grand_sweep,7.803325089168218e+18,False,1.0,0.5,0.8,0.0,0.0,slip_26_3,True,63,0,3,True,False,,best_fixed_state_codeword,30157,30157,63,63,35,34,0,30157,True,0.16815915098413825,-25.744575044729196,,,1.0
performance,P64_SPARSE_LATE,P64_SPARSE_LATE_c0_t3,64,56,0.875,sparse,6.0,7801537159341979505,plain_reliability_grand,7.223950507601478e+18,False,1.0,0.5,0.8,0.0,0.0,slip_26_3,True,63,0,3,True,False,,first_valid_witness,1988,1988,1,1,1,1,0,1988,False,0.012027985998429358,-29.130688514953697,,,1.0
performance,P64_SPARSE_LATE,P64_SPARSE_LATE_c0_t3,64,56,0.875,sparse,6.0,7801537159341979505,latent_osd_order2,7.803325089168218e+18,False,1.0,0.5,0.8,0.0,0.0,slip_26_3,True,63,0,3,True,False,,best_complete_marginal_score_in_osd_list,0,0,63,24,2607,2377,2377,149751,False,2.013138022972271,-25.71060986180365,,,0.38095238095238093
performance,P64_SPARSE_LATE,P64_SPARSE_LATE_c0_t4,64,56,0.875,sparse,6.0,13558466297493309863,lsgrand_certified,1.355846629749331e+19,True,1.0,0.5,0.8,0.0,0.0,slip_26_1,True,63,0,4,True,True,0.00024613358252167927,strict_unseen_codeword_certificate,15232,15232,63,63,157,139,0,15232,False,0.9873079579556361,-32.29103801817972,193.0,78.92227979274611,1.0
performance,P64_SPARSE_LATE,P64_SPARSE_LATE_c0_t4,64,56,0.875,sparse,6.0,13558466297493309863,lsgrand_first_valid,1.355846629749331e+19,True,1.0,0.5,0.8,0.0,0.0,slip_26_1,True,63,0,4,True,False,,first_valid_witness,193,193,63,50,1,1,0,193,False,0.0035085780546069145,-32.72849988845086,,,0.7936507936507936
performance,P64_SPARSE_LATE,P64_SPARSE_LATE_c0_t4,64,56,0.875,sparse,6.0,13558466297493309863,per_state_grand_sweep,1.355846629749331e+19,True,1.0,0.5,0.8,0.0,0.0,slip_26_1,True,63,0,4,True,False,,best_fixed_state_codeword,32890,32890,63,63,27,26,0,32890,True,0.2158474629977718,-32.72849988845086,,,1.0
performance,P64_SPARSE_LATE,P64_SPARSE_LATE_c0_t4,64,56,0.875,sparse,6.0,13558466297493309863,plain_reliability_grand,1.3558466298013673e+19,False,1.0,0.5,0.8,0.0,0.0,slip_26_1,True,63,0,4,True,False,,first_valid_witness,4129,4129,1,1,1,1,0,4129,False,0.029239466064609587,-37.6303264338941,,,1.0
performance,P64_SPARSE_LATE,P64_SPARSE_LATE_c0_t4,64,56,0.875,sparse,6.0,13558466297493309863,latent_osd_order2,1.355846629749331e+19,True,1.0,0.5,0.8,0.0,0.0,slip_26_1,True,63,0,4,True,False,,best_complete_marginal_score_in_osd_list,0,0,63,24,2607,2260,2260,142380,False,1.8825166409369558,-32.288376617266096,,,0.38095238095238093
performance,P64_SPARSE_LATE,P64_SPARSE_LATE_c0_t5,64,56,0.875,sparse,6.0,10266905243606276051,lsgrand_certified,1.0266905243606276e+19,True,1.0,0.5,0.8,0.0,0.0,slip_26_1,True,63,0,5,True,True,0.030485828977209195,strict_unseen_codeword_certificate,2048,2048,63,63,21,21,0,2048,False,0.0304738599807024,-21.94737841490414,134.0,15.283582089552239,1.0
performance,P64_SPARSE_LATE,P64_SPARSE_LATE_c0_t5,64,56,0.875,sparse,6.0,10266905243606276051,lsgrand_first_valid,1.0266905243606276e+19,True,1.0,0.5,0.8,0.0,0.0,slip_26_1,True,63,0,5,True,False,,first_valid_witness,134,134,63,63,1,1,0,134,False,0.0019029659451916814,-21.94737841490414,,,1.0
performance,P64_SPARSE_LATE,P64_SPARSE_LATE_c0_t5,64,56,0.875,sparse,6.0,10266905243606276051,per_state_grand_sweep,1.0266905243606276e+19,True,1.0,0.5,0.8,0.0,0.0,slip_26_1,True,63,0,5,True,False,,best_fixed_state_codeword,30254,30254,63,63,33,33,0,30254,True,0.15070859901607037,-21.94737841490414,,,1.0
performance,P64_SPARSE_LATE,P64_SPARSE_LATE_c0_t5,64,56,0.875,sparse,6.0,10266905243606276051,plain_reliability_grand,1.0248607171096826e+19,False,1.0,0.5,0.8,0.0,0.0,slip_26_1,True,63,0,5,True,False,,first_valid_witness,679,679,1,1,1,1,0,679,False,0.0036855440121144056,-26.746803810339248,,,1.0
performance,P64_SPARSE_LATE,P64_SPARSE_LATE_c0_t5,64,56,0.875,sparse,6.0,10266905243606276051,latent_osd_order2,1.0266905243606276e+19,True,1.0,0.5,0.8,0.0,0.0,slip_26_1,True,63,0,5,True,False,,best_complete_marginal_score_in_osd_list,0,0,63,24,2607,2312,2312,145656,False,1.8275894260732457,-21.945100583886063,,,0.38095238095238093
performance,P64_SPARSE_LATE,P64_SPARSE_LATE_c0_t6,64,56,0.875,sparse,6.0,10617762356406522868,lsgrand_certified,1.0626760209812429e+19,False,1.0,0.5,0.8,0.0,0.0,slip_26_3,True,63,0,6,True,True,0.0001286816498868859,strict_unseen_codeword_certificate,30976,30976,63,63,158,130,0,30976,False,1.3674087240360677,-30.79578203914031,71.0,436.28169014084506,1.0
performance,P64_SPARSE_LATE,P64_SPARSE_LATE_c0_t6,64,56,0.875,sparse,6.0,10617762356406522868,lsgrand_first_valid,1.0626760209812429e+19,False,1.0,0.5,0.8,0.0,0.0,slip_26_3,True,63,0,6,True,False,,first_valid_witness,71,71,63,1,1,1,0,71,False,0.0017924950225278735,-30.79743357390215,,,0.015873015873015872
performance,P64_SPARSE_LATE,P64_SPARSE_LATE_c0_t6,64,56,0.875,sparse,6.0,10617762356406522868,per_state_grand_sweep,1.0626760209812429e+19,False,1.0,0.5,0.8,0.0,0.0,slip_26_3,True,63,0,6,True,False,,best_fixed_state_codeword,30480,30480,63,63,36,31,0,30480,True,0.1604896590579301,-30.79743357390215,,,1.0
performance,P64_SPARSE_LATE,P64_SPARSE_LATE_c0_t6,64,56,0.875,sparse,6.0,10617762356406522868,plain_reliability_grand,1.0626760209812429e+19,False,1.0,0.5,0.8,0.0,0.0,slip_26_3,True,63,0,6,True,False,,first_valid_witness,71,71,1,1,1,1,0,71,False,0.0004479839699342847,-30.104286393342207,,,1.0
performance,P64_SPARSE_LATE,P64_SPARSE_LATE_c0_t6,64,56,0.875,sparse,6.0,10617762356406522868,latent_osd_order2,1.0626760209812429e+19,False,1.0,0.5,0.8,0.0,0.0,slip_26_3,True,63,0,6,True,False,,best_complete_marginal_score_in_osd_list,0,0,63,24,2607,2141,2141,134883,False,1.6743839989649132,-30.79569491456252,,,0.38095238095238093
performance,P64_SPARSE_LATE,P64_SPARSE_LATE_c0_t7,64,56,0.875,sparse,6.0,466868606926601174,lsgrand_certified,4.668664068364954e+17,False,1.0,0.5,0.8,0.0,0.0,slip_26_3,True,63,0,7,True,False,-0.0733040168223198,query_cap_before_certificate,50000,50000,63,63,569,478,0,50000,True,8.473346792976372,-29.940635237540736,178.0,280.8988764044944,1.0
performance,P64_SPARSE_LATE,P64_SPARSE_LATE_c0_t7,64,56,0.875,sparse,6.0,466868606926601174,lsgrand_first_valid,4.668664068364954e+17,False,1.0,0.5,0.8,0.0,0.0,slip_26_3,True,63,0,7,True,False,,first_valid_witness,178,178,63,38,1,1,0,178,False,0.002090184949338436,-29.943437605929702,,,0.6031746031746031
performance,P64_SPARSE_LATE,P64_SPARSE_LATE_c0_t7,64,56,0.875,sparse,6.0,466868606926601174,per_state_grand_sweep,4.668664068364954e+17,False,1.0,0.5,0.8,0.0,0.0,slip_26_3,True,63,0,7,True,False,,best_fixed_state_codeword,28652,28652,63,63,33,29,0,28652,True,0.13199352903757244,-29.943437605929702,,,1.0
performance,P64_SPARSE_LATE,P64_SPARSE_LATE_c0_t7,64,56,0.875,sparse,6.0,466868606926601174,plain_reliability_grand,4.668334214807682e+17,False,1.0,0.5,0.8,0.0,0.0,slip_26_3,True,63,0,7,True,False,,first_valid_witness,187,187,1,1,1,1,0,187,False,0.0009476509876549244,-29.61854460648116,,,1.0
performance,P64_SPARSE_LATE,P64_SPARSE_LATE_c0_t7,64,56,0.875,sparse,6.0,466868606926601174,latent_osd_order2,4.668664068364954e+17,False,1.0,0.5,0.8,0.0,0.0,slip_26_3,True,63,0,7,True,False,,best_complete_marginal_score_in_osd_list,0,0,63,24,2607,2326,2326,146538,False,1.771351733012125,-29.940473447337023,,,0.38095238095238093
performance,P64_SPARSE_LATE,P64_SPARSE_LATE_c0_t8,64,56,0.875,sparse,6.0,2844617913355226127,lsgrand_certified,1.6681199144595497e+19,False,1.0,0.5,0.8,0.0,0.0,slip_26_1,True,63,0,8,True,True,0.0003328407967657654,strict_unseen_codeword_certificate,21184,21184,63,63,186,176,0,21184,False,1.3125141989439726,-26.45908976506858,58.0,365.2413793103448,1.0
performance,P64_SPARSE_LATE,P64_SPARSE_LATE_c0_t8,64,56,0.875,sparse,6.0,2844617913355226127,lsgrand_first_valid,1.6681199144595497e+19,False,1.0,0.5,0.8,0.0,0.0,slip_26_1,True,63,0,8,True,False,,first_valid_witness,58,58,63,13,1,1,0,58,False,0.0015328689478337765,-26.49317794414507,,,0.20634920634920634
performance,P64_SPARSE_LATE,P64_SPARSE_LATE_c0_t8,64,56,0.875,sparse,6.0,2844617913355226127,per_state_grand_sweep,1.6681199144595497e+19,False,1.0,0.5,0.8,0.0,0.0,slip_26_1,True,63,0,8,True,False,,best_fixed_state_codeword,24034,24034,63,63,41,39,0,24034,True,0.11804109101649374,-26.49317794414507,,,1.0
performance,P64_SPARSE_LATE,P64_SPARSE_LATE_c0_t8,64,56,0.875,sparse,6.0,2844617913355226127,plain_reliability_grand,1.667911274326919e+19,False,1.0,0.5,0.8,0.0,0.0,slip_26_1,True,63,0,8,True,False,,first_valid_witness,794,794,1,1,1,1,0,794,False,0.004282415960915387,-30.943657065963613,,,1.0
performance,P64_SPARSE_LATE,P64_SPARSE_LATE_c0_t8,64,56,0.875,sparse,6.0,2844617913355226127,latent_osd_order2,1.6681199144595497e+19,False,1.0,0.5,0.8,0.0,0.0,slip_26_1,True,63,0,8,True,False,,best_complete_marginal_score_in_osd_list,0,0,63,24,2607,2275,2275,143325,False,1.6924103460041806,-26.459065024054393,,,0.38095238095238093
performance,P64_SPARSE_LATE,P64_SPARSE_LATE_c0_t9,64,56,0.875,sparse,6.0,9921837193589478836,lsgrand_certified,9.92183719358948e+18,True,1.0,0.5,0.8,0.0,0.0,slip_26_3,True,63,0,9,True,True,0.060898161033779985,strict_unseen_codeword_certificate,2240,2240,63,63,14,13,0,2240,False,0.022226536995731294,-25.427051701357875,143.0,15.664335664335665,1.0
performance,P64_SPARSE_LATE,P64_SPARSE_LATE_c0_t9,64,56,0.875,sparse,6.0,9921837193589478836,lsgrand_first_valid,9.92183719358948e+18,True,1.0,0.5,0.8,0.0,0.0,slip_26_3,True,63,0,9,True,False,,first_valid_witness,143,143,63,63,1,1,0,143,False,0.001894343993626535,-25.427051701357875,,,1.0
performance,P64_SPARSE_LATE,P64_SPARSE_LATE_c0_t9,64,56,0.875,sparse,6.0,9921837193589478836,per_state_grand_sweep,9.92183719358948e+18,True,1.0,0.5,0.8,0.0,0.0,slip_26_3,True,63,0,9,True,False,,best_fixed_state_codeword,34321,34321,63,63,27,25,0,34321,True,0.17218239896465093,-25.427051701357875,,,1.0
performance,P64_SPARSE_LATE,P64_SPARSE_LATE_c0_t9,64,56,0.875,sparse,6.0,9921837193589478836,plain_reliability_grand,9.885808396570513e+18,False,1.0,0.5,0.8,0.0,0.0,slip_26_3,True,63,0,9,True,False,,first_valid_witness,1952,1952,1,1,1,1,0,1952,False,0.011230753967538476,-32.61154635704107,,,1.0
performance,P64_SPARSE_LATE,P64_SPARSE_LATE_c0_t9,64,56,0.875,sparse,6.0,9921837193589478836,latent_osd_order2,9.92183719358948e+18,True,1.0,0.5,0.8,0.0,0.0,slip_26_3,True,63,0,9,True,False,,best_complete_marginal_score_in_osd_list,0,0,63,24,2607,2130,2130,134190,False,1.6472959050443023,-25.426663128039127,,,0.38095238095238093
performance,P64_SPARSE_LATE,P64_SPARSE_LATE_c0_t10,64,56,0.875,sparse,6.0,17853313432956702335,lsgrand_certified,1.7853313432945779e+19,False,1.0,0.5,0.8,0.0,0.0,slip_26_1,True,63,0,10,True,True,0.0013515252167941583,strict_unseen_codeword_certificate,16896,16896,63,63,120,105,0,16896,False,0.5759056779788807,-29.897372436920325,446.0,37.88340807174888,1.0
performance,P64_SPARSE_LATE,P64_SPARSE_LATE_c0_t10,64,56,0.875,sparse,6.0,17853313432956702335,lsgrand_first_valid,1.7853313432677343e+19,False,1.0,0.5,0.8,0.0,0.0,slip_26_1,True,63,0,10,True,False,,first_valid_witness,181,181,63,63,1,1,0,181,False,0.002134541980922222,-30.086583408013112,,,1.0
performance,P64_SPARSE_LATE,P64_SPARSE_LATE_c0_t10,64,56,0.875,sparse,6.0,17853313432956702335,per_state_grand_sweep,1.7853313432677343e+19,False,1.0,0.5,0.8,0.0,0.0,slip_26_1,True,63,0,10,True,False,,best_fixed_state_codeword,26653,26653,63,63,34,28,0,26653,True,0.13038088101893663,-30.086583408013112,,,1.0
performance,P64_SPARSE_LATE,P64_SPARSE_LATE_c0_t10,64,56,0.875,sparse,6.0,17853313432956702335,plain_reliability_grand,1.8285658997184334e+19,False,1.0,0.5,0.8,0.0,0.0,slip_26_1,True,63,0,10,True,False,,first_valid_witness,1352,1352,1,1,1,1,0,1352,False,0.00752850400749594,-34.016280831899486,,,1.0
performance,P64_SPARSE_LATE,P64_SPARSE_LATE_c0_t10,64,56,0.875,sparse,6.0,17853313432956702335,latent_osd_order2,1.7853313432945779e+19,False,1.0,0.5,0.8,0.0,0.0,slip_26_1,True,63,0,10,True,False,,best_complete_marginal_score_in_osd_list,0,0,63,24,2607,2215,2215,139545,False,1.703221083036624,-29.896749759845562,,,0.38095238095238093
performance,P64_SPARSE_LATE,P64_SPARSE_LATE_c0_t11,64,56,0.875,sparse,6.0,17078540878165986982,lsgrand_certified,1.707854087816598e+19,False,1.0,0.5,0.8,0.0,0.0,slip_26_3,True,63,0,11,True,True,2.8693250548883498e-06,strict_unseen_codeword_certificate,21568,21568,63,63,210,201,0,21568,False,1.6663830879842862,-23.58003745197413,57.0,378.3859649122807,1.0
performance,P64_SPARSE_LATE,P64_SPARSE_LATE_c0_t11,64,56,0.875,sparse,6.0,17078540878165986982,lsgrand_first_valid,1.707854087816598e+19,False,1.0,0.5,0.8,0.0,0.0,slip_26_3,True,63,0,11,True,False,,first_valid_witness,57,57,63,49,1,1,0,57,False,0.0016028110403567553,-23.584132570893455,,,0.7777777777777778
performance,P64_SPARSE_LATE,P64_SPARSE_LATE_c0_t11,64,56,0.875,sparse,6.0,17078540878165986982,per_state_grand_sweep,1.707854087816598e+19,False,1.0,0.5,0.8,0.0,0.0,slip_26_3,True,63,0,11,True,False,,best_fixed_state_codeword,31210,31210,63,63,28,25,0,31210,True,0.1633678990183398,-23.584132570893455,,,1.0
performance,P64_SPARSE_LATE,P64_SPARSE_LATE_c0_t11,64,56,0.875,sparse,6.0,17078540878165986982,plain_reliability_grand,1.709655520795599e+19,False,1.0,0.5,0.8,0.0,0.0,slip_26_3,True,63,0,11,True,False,,first_valid_witness,14766,14766,1,1,1,1,0,14766,False,0.0888698979979381,-36.59721994015487,,,1.0
performance,P64_SPARSE_LATE,P64_SPARSE_LATE_c0_t11,64,56,0.875,sparse,6.0,17078540878165986982,latent_osd_order2,1.707854087816598e+19,False,1.0,0.5,0.8,0.0,0.0,slip_26_3,True,63,0,11,True,False,,best_complete_marginal_score_in_osd_list,0,0,63,24,2607,2149,2149,135387,False,1.7890327849891037,-23.580031235805667,,,0.38095238095238093
performance,P64_SPARSE_LATE,P64_SPARSE_LATE_c0_t12,64,56,0.875,sparse,6.0,3785199634510744295,lsgrand_certified,3.7897032341381146e+18,False,1.0,0.5,0.8,0.0,0.0,slip_26_1,True,63,0,12,True,True,0.0017369443599690726,strict_unseen_codeword_certificate,1630,1630,63,63,7,6,0,1630,False,0.015078705037012696,-27.12451139654954,69.0,23.6231884057971,1.0
performance,P64_SPARSE_LATE,P64_SPARSE_LATE_c0_t12,64,56,0.875,sparse,6.0,3785199634510744295,lsgrand_first_valid,3.7897032341381146e+18,False,1.0,0.5,0.8,0.0,0.0,slip_26_1,True,63,0,12,True,False,,first_valid_witness,69,69,63,52,1,1,0,69,False,0.001600746065378189,-27.323038338128388,,,0.8253968253968254
performance,P64_SPARSE_LATE,P64_SPARSE_LATE_c0_t12,64,56,0.875,sparse,6.0,3785199634510744295,per_state_grand_sweep,3.7897032341381146e+18,False,1.0,0.5,0.8,0.0,0.0,slip_26_1,True,63,0,12,True,False,,best_fixed_state_codeword,27289,27289,63,63,38,36,0,27289,True,0.14049767097458243,-27.323038338128388,,,1.0
performance,P64_SPARSE_LATE,P64_SPARSE_LATE_c0_t12,64,56,0.875,sparse,6.0,3785199634510744295,plain_reliability_grand,4.366163986458317e+18,False,1.0,0.5,0.8,0.0,0.0,slip_26_1,True,63,0,12,True,False,,first_valid_witness,410,410,1,1,1,1,0,410,False,0.0022883039200678468,-31.531434193214583,,,1.0
performance,P64_SPARSE_LATE,P64_SPARSE_LATE_c0_t12,64,56,0.875,sparse,6.0,3785199634510744295,latent_osd_order2,3.7897032341381146e+18,False,1.0,0.5,0.8,0.0,0.0,slip_26_1,True,63,0,12,True,False,,best_complete_marginal_score_in_osd_list,0,0,63,24,2607,2423,2423,152649,False,1.8153353779343888,-27.124327661147102,,,0.38095238095238093
performance,P64_SPARSE_LATE,P64_SPARSE_LATE_c0_t13,64,56,0.875,sparse,6.0,6983522996002107767,lsgrand_certified,6.983521759047687e+18,False,1.0,0.5,0.8,0.0,0.0,slip_26_3,True,63,0,13,True,True,0.0006840694420731097,strict_unseen_codeword_certificate,18368,18368,63,63,65,62,0,18368,False,0.4075264760758728,-28.941750036302057,288.0,63.77777777777778,1.0
performance,P64_SPARSE_LATE,P64_SPARSE_LATE_c0_t13,64,56,0.875,sparse,6.0,6983522996002107767,lsgrand_first_valid,6.983521759047687e+18,False,1.0,0.5,0.8,0.0,0.0,slip_26_3,True,63,0,13,True,False,,first_valid_witness,288,288,63,63,1,1,0,288,False,0.002770107937976718,-28.941750036302057,,,1.0
performance,P64_SPARSE_LATE,P64_SPARSE_LATE_c0_t13,64,56,0.875,sparse,6.0,6983522996002107767,per_state_grand_sweep,6.983521759047687e+18,False,1.0,0.5,0.8,0.0,0.0,slip_26_3,True,63,0,13,True,False,,best_fixed_state_codeword,35607,35607,63,63,25,21,0,35607,True,0.17377088696230203,-28.941750036302057,,,1.0
performance,P64_SPARSE_LATE,P64_SPARSE_LATE_c0_t13,64,56,0.875,sparse,6.0,6983522996002107767,plain_reliability_grand,8.136443229298637e+18,False,1.0,0.5,0.8,0.0,0.0,slip_26_3,True,63,0,13,True,False,,first_valid_witness,1059,1059,1,1,1,1,0,1059,False,0.005761353066191077,-31.720259232518966,,,1.0
performance,P64_SPARSE_LATE,P64_SPARSE_LATE_c0_t13,64,56,0.875,sparse,6.0,6983522996002107767,latent_osd_order2,6.983521759047687e+18,False,1.0,0.5,0.8,0.0,0.0,slip_26_3,True,63,0,13,True,False,,best_complete_marginal_score_in_osd_list,0,0,63,24,2607,2246,2246,141498,False,1.7523054101038724,-28.940807752775154,,,0.38095238095238093
performance,P64_SPARSE_LATE,P64_SPARSE_LATE_c0_t14,64,56,0.875,sparse,6.0,14452094314513702485,lsgrand_certified,1.4452164685041064e+19,False,1.0,0.5,0.8,0.0,0.0,slip_26_1,True,63,0,14,True,True,0.0018183501623560971,strict_unseen_codeword_certificate,18240,18240,63,63,83,71,0,18240,False,0.49389626004267484,-26.488241197862386,476.0,38.319327731092436,1.0
performance,P64_SPARSE_LATE,P64_SPARSE_LATE_c0_t14,64,56,0.875,sparse,6.0,14452094314513702485,lsgrand_first_valid,1.4452164685041064e+19,False,1.0,0.5,0.8,0.0,0.0,slip_26_1,True,63,0,14,True,False,,first_valid_witness,476,476,63,63,1,1,0,476,False,0.003604084951803088,-26.488241197862386,,,1.0
performance,P64_SPARSE_LATE,P64_SPARSE_LATE_c0_t14,64,56,0.875,sparse,6.0,14452094314513702485,per_state_grand_sweep,1.4452164685041064e+19,False,1.0,0.5,0.8,0.0,0.0,slip_26_1,True,63,0,14,True,False,,best_fixed_state_codeword,27529,27529,63,63,39,35,0,27529,True,0.13004103593993932,-26.488241197862386,,,1.0
performance,P64_SPARSE_LATE,P64_SPARSE_LATE_c0_t14,64,56,0.875,sparse,6.0,14452094314513702485,plain_reliability_grand,1.2110292876496802e+19,False,1.0,0.5,0.8,0.0,0.0,slip_26_1,True,63,0,14,True,False,,first_valid_witness,10026,10026,1,1,1,1,0,10026,False,0.05657105299178511,-33.48902344810283,,,1.0
performance,P64_SPARSE_LATE,P64_SPARSE_LATE_c0_t14,64,56,0.875,sparse,6.0,14452094314513702485,latent_osd_order2,1.4452164685041064e+19,False,1.0,0.5,0.8,0.0,0.0,slip_26_1,True,63,0,14,True,False,,best_complete_marginal_score_in_osd_list,0,0,63,24,2607,2128,2128,134064,False,1.6513127299258485,-26.488102086105346,,,0.38095238095238093
performance,P64_SPARSE_LATE,P64_SPARSE_LATE_c0_t15,64,56,0.875,sparse,6.0,3617684522744278896,lsgrand_certified,3.617666999277714e+18,False,1.0,0.5,0.8,0.0,0.0,slip_26_3,True,63,0,15,True,True,0.00010975207169749979,strict_unseen_codeword_certificate,34880,34880,63,63,155,141,0,34880,False,1.4397118769120425,-28.18477868533351,343.0,101.69096209912536,1.0
performance,P64_SPARSE_LATE,P64_SPARSE_LATE_c0_t15,64,56,0.875,sparse,6.0,3617684522744278896,lsgrand_first_valid,3.617666999277714e+18,False,1.0,0.5,0.8,0.0,0.0,slip_26_3,True,63,0,15,True,False,,first_valid_witness,343,343,63,63,1,1,0,343,False,0.003021063981577754,-28.18477868533351,,,1.0
performance,P64_SPARSE_LATE,P64_SPARSE_LATE_c0_t15,64,56,0.875,sparse,6.0,3617684522744278896,per_state_grand_sweep,3.617666999277714e+18,False,1.0,0.5,0.8,0.0,0.0,slip_26_3,True,63,0,15,True,False,,best_fixed_state_codeword,30414,30414,63,63,30,28,0,30414,True,0.14313169906381518,-28.18477868533351,,,1.0
performance,P64_SPARSE_LATE,P64_SPARSE_LATE_c0_t15,64,56,0.875,sparse,6.0,3617684522744278896,plain_reliability_grand,3.617684591463234e+18,False,1.0,0.5,0.8,0.0,0.0,slip_26_3,True,63,0,15,True,False,,first_valid_witness,363,363,1,1,1,1,0,363,False,0.00187937100417912,-29.66362367940595,,,1.0
performance,P64_SPARSE_LATE,P64_SPARSE_LATE_c0_t15,64,56,0.875,sparse,6.0,3617684522744278896,latent_osd_order2,3.617666999277714e+18,False,1.0,0.5,0.8,0.0,0.0,slip_26_3,True,63,0,15,True,False,,best_complete_marginal_score_in_osd_list,0,0,63,24,2607,2330,2330,146790,False,1.7364501239499077,-28.183935056781237,,,0.38095238095238093
performance,P64_SPARSE_LATE,P64_SPARSE_LATE_c0_t16,64,56,0.875,sparse,6.0,10472522903830857735,lsgrand_certified,1.0472522903839267e+19,False,1.0,0.5,0.8,0.0,0.0,slip_26_1,True,63,0,16,True,False,-0.12273019978209021,query_cap_before_certificate,50000,50000,63,63,252,230,0,50000,True,3.2889894569525495,-32.87550827880239,212.0,235.8490566037736,1.0
performance,P64_SPARSE_LATE,P64_SPARSE_LATE_c0_t16,64,56,0.875,sparse,6.0,10472522903830857735,lsgrand_first_valid,1.0472522903839267e+19,False,1.0,0.5,0.8,0.0,0.0,slip_26_1,True,63,0,16,True,False,,first_valid_witness,212,212,63,48,1,1,0,212,False,0.0023435450857505202,-32.90581345184423,,,0.7619047619047619
performance,P64_SPARSE_LATE,P64_SPARSE_LATE_c0_t16,64,56,0.875,sparse,6.0,10472522903830857735,per_state_grand_sweep,1.0472522903839267e+19,False,1.0,0.5,0.8,0.0,0.0,slip_26_1,True,63,0,16,True,False,,best_fixed_state_codeword,31244,31244,63,63,31,27,0,31244,True,0.14766475500073284,-32.90581345184423,,,1.0
performance,P64_SPARSE_LATE,P64_SPARSE_LATE_c0_t16,64,56,0.875,sparse,6.0,10472522903830857735,plain_reliability_grand,1.045450850479709e+19,False,1.0,0.5,0.8,0.0,0.0,slip_26_1,True,63,0,16,True,False,,first_valid_witness,1500,1500,1,1,1,1,0,1500,False,0.00846345501486212,-35.19230368409446,,,1.0
performance,P64_SPARSE_LATE,P64_SPARSE_LATE_c0_t16,64,56,0.875,sparse,6.0,10472522903830857735,latent_osd_order2,1.0472522903839267e+19,False,1.0,0.5,0.8,0.0,0.0,slip_26_1,True,63,0,16,True,False,,best_complete_marginal_score_in_osd_list,0,0,63,24,2607,2205,2205,138915,False,1.7254483350552619,-32.87360354004951,,,0.38095238095238093
performance,P64_SPARSE_LATE,P64_SPARSE_LATE_c0_t17,64,56,0.875,sparse,6.0,5384137156176626768,lsgrand_certified,5.384137156176627e+18,True,1.0,0.5,0.8,0.0,0.0,slip_26_1,True,63,0,17,True,True,4.336632077439617e-06,strict_unseen_codeword_certificate,47168,47168,63,63,370,339,0,47168,False,5.041462820023298,-23.025834386017955,161.0,292.96894409937886,1.0
performance,P64_SPARSE_LATE,P64_SPARSE_LATE_c0_t17,64,56,0.875,sparse,6.0,5384137156176626768,lsgrand_first_valid,5.384137156176614e+18,False,1.0,0.5,0.8,0.0,0.0,slip_26_1,True,63,0,17,True,False,,first_valid_witness,157,157,63,63,1,1,0,157,False,0.001953374012373388,-23.03995321621729,,,1.0
performance,P64_SPARSE_LATE,P64_SPARSE_LATE_c0_t17,64,56,0.875,sparse,6.0,5384137156176626768,per_state_grand_sweep,5.384137156176614e+18,False,1.0,0.5,0.8,0.0,0.0,slip_26_1,True,63,0,17,True,False,,best_fixed_state_codeword,29552,29552,63,63,33,30,0,29552,True,0.14218956301920116,-23.03995321621729,,,1.0
performance,P64_SPARSE_LATE,P64_SPARSE_LATE_c0_t17,64,56,0.875,sparse,6.0,5384137156176626768,plain_reliability_grand,7.113800888063608e+18,False,1.0,0.5,0.8,0.0,0.0,slip_26_1,True,63,0,17,True,False,,first_valid_witness,31322,31322,1,1,1,1,0,31322,False,0.19061669998336583,-34.23655855509794,,,1.0
performance,P64_SPARSE_LATE,P64_SPARSE_LATE_c0_t17,64,56,0.875,sparse,6.0,5384137156176626768,latent_osd_order2,5.384137156176627e+18,True,1.0,0.5,0.8,0.0,0.0,slip_26_1,True,63,0,17,True,False,,best_complete_marginal_score_in_osd_list,0,0,63,24,2607,2179,2179,137277,False,1.7606391829904169,-23.02575055058382,,,0.38095238095238093
performance,P64_SPARSE_LATE,P64_SPARSE_LATE_c0_t18,64,56,0.875,sparse,6.0,11470285272133224242,lsgrand_certified,1.1506338569097587e+19,False,1.0,0.5,0.8,0.0,0.0,slip_26_3,True,63,0,18,True,True,0.020588956929003643,strict_unseen_codeword_certificate,960,960,63,63,8,6,0,960,False,0.009234598954208195,-27.12539380339725,31.0,30.967741935483872,1.0
performance,P64_SPARSE_LATE,P64_SPARSE_LATE_c0_t18,64,56,0.875,sparse,6.0,11470285272133224242,lsgrand_first_valid,1.1506338569097587e+19,False,1.0,0.5,0.8,0.0,0.0,slip_26_3,True,63,0,18,True,False,,first_valid_witness,31,31,63,19,1,1,0,31,False,0.001343240961432457,-27.221569130912822,,,0.30158730158730157
performance,P64_SPARSE_LATE,P64_SPARSE_LATE_c0_t18,64,56,0.875,sparse,6.0,11470285272133224242,per_state_grand_sweep,1.1506338569097587e+19,False,1.0,0.5,0.8,0.0,0.0,slip_26_3,True,63,0,18,True,False,,best_fixed_state_codeword,31740,31740,63,63,31,28,0,31740,True,0.16243647900409997,-27.221569130912822,,,1.0
performance,P64_SPARSE_LATE,P64_SPARSE_LATE_c0_t18,64,56,0.875,sparse,6.0,11470285272133224242,plain_reliability_grand,1.1506173398235828e+19,False,1.0,0.5,0.8,0.0,0.0,slip_26_3,True,63,0,18,True,False,,first_valid_witness,692,692,1,1,1,1,0,692,False,0.003899542964063585,-33.133662712212676,,,1.0
performance,P64_SPARSE_LATE,P64_SPARSE_LATE_c0_t18,64,56,0.875,sparse,6.0,11470285272133224242,latent_osd_order2,1.1506338569097587e+19,False,1.0,0.5,0.8,0.0,0.0,slip_26_3,True,63,0,18,True,False,,best_complete_marginal_score_in_osd_list,0,0,63,24,2607,2255,2255,142065,False,1.8141724029555917,-27.122765876265344,,,0.38095238095238093
performance,P64_SPARSE_LATE,P64_SPARSE_LATE_c0_t19,64,56,0.875,sparse,6.0,8469504667822468798,lsgrand_certified,8.469504667822469e+18,True,1.0,0.5,0.8,0.0,0.0,slip_26_1,True,63,0,19,True,False,-0.0017590303153909304,query_cap_before_certificate,50000,50000,63,63,372,319,0,50000,True,5.401452691992745,-34.260925690484946,77.0,649.3506493506494,1.0
performance,P64_SPARSE_LATE,P64_SPARSE_LATE_c0_t19,64,56,0.875,sparse,6.0,8469504667822468798,lsgrand_first_valid,8.469504667822608e+18,False,1.0,0.5,0.8,0.0,0.0,slip_26_1,True,63,0,19,True,False,,first_valid_witness,69,69,63,44,1,1,0,69,False,0.0018605110235512257,-34.263182294284164,,,0.6984126984126984
performance,P64_SPARSE_LATE,P64_SPARSE_LATE_c0_t19,64,56,0.875,sparse,6.0,8469504667822468798,per_state_grand_sweep,8.469504667822608e+18,False,1.0,0.5,0.8,0.0,0.0,slip_26_1,True,63,0,19,True,False,,best_fixed_state_codeword,33407,33407,63,63,27,24,0,33407,True,0.18612157995812595,-34.263182294284164,,,1.0
performance,P64_SPARSE_LATE,P64_SPARSE_LATE_c0_t19,64,56,0.875,sparse,6.0,8469504667822468798,plain_reliability_grand,8.469575036566645e+18,False,1.0,0.5,0.8,0.0,0.0,slip_26_1,True,63,0,19,True,False,,first_valid_witness,38,38,1,1,1,1,0,38,False,0.0002585069742053747,-34.12579397163698,,,1.0
performance,P64_SPARSE_LATE,P64_SPARSE_LATE_c0_t19,64,56,0.875,sparse,6.0,8469504667822468798,latent_osd_order2,8.469504667822469e+18,True,1.0,0.5,0.8,0.0,0.0,slip_26_1,True,63,0,19,True,False,,best_complete_marginal_score_in_osd_list,0,0,63,24,2607,2077,2077,130851,False,1.8186724850675091,-34.26091670113241,,,0.38095238095238093
performance,P64_SPARSE_LATE,P64_SPARSE_LATE_c1_t0,64,56,0.875,sparse,6.0,13322869211238421512,lsgrand_certified,1.3322869211238423e+19,True,1.0,0.5,0.8,0.0,0.0,slip_26_1,True,63,1,0,True,False,-0.007497931073430664,query_cap_before_certificate,50000,50000,63,63,375,342,0,50000,True,5.503777291974984,-22.794903209240005,81.0,617.283950617284,1.0
performance,P64_SPARSE_LATE,P64_SPARSE_LATE_c1_t0,64,56,0.875,sparse,6.0,13322869211238421512,lsgrand_first_valid,1.3322869211238423e+19,True,1.0,0.5,0.8,0.0,0.0,slip_26_1,True,63,1,0,True,False,,first_valid_witness,81,81,63,52,1,1,0,81,False,0.0015901299193501472,-22.794903209240005,,,0.8253968253968254
performance,P64_SPARSE_LATE,P64_SPARSE_LATE_c1_t0,64,56,0.875,sparse,6.0,13322869211238421512,per_state_grand_sweep,1.3322869211238423e+19,True,1.0,0.5,0.8,0.0,0.0,slip_26_1,True,63,1,0,True,False,,best_fixed_state_codeword,29709,29709,63,63,33,31,0,29709,True,0.13995975302532315,-22.794903209240005,,,1.0
performance,P64_SPARSE_LATE,P64_SPARSE_LATE_c1_t0,64,56,0.875,sparse,6.0,13322869211238421512,plain_reliability_grand,1.3321743311331578e+19,False,1.0,0.5,0.8,0.0,0.0,slip_26_1,True,63,1,0,True,False,,first_valid_witness,54,54,1,1,1,1,0,54,False,0.00030225899536162615,-22.847795944228608,,,1.0
performance,P64_SPARSE_LATE,P64_SPARSE_LATE_c1_t0,64,56,0.875,sparse,6.0,13322869211238421512,latent_osd_order2,1.332286921123842e+19,False,1.0,0.5,0.8,0.0,0.0,slip_26_1,True,63,1,0,True,False,,best_complete_marginal_score_in_osd_list,0,0,63,24,2607,2205,2205,138915,False,1.6674618200631812,-22.794819863028298,,,0.38095238095238093
performance,P64_SPARSE_LATE,P64_SPARSE_LATE_c1_t1,64,56,0.875,sparse,6.0,1497385142217485950,lsgrand_certified,1.5578570041582065e+18,False,1.0,0.5,0.8,0.0,0.0,slip_26_3,True,63,1,1,True,True,0.003041887459371395,strict_unseen_codeword_certificate,3264,3264,63,63,18,18,0,3264,False,0.03751705097965896,-20.612482714900636,93.0,35.096774193548384,1.0
performance,P64_SPARSE_LATE,P64_SPARSE_LATE_c1_t1,64,56,0.875,sparse,6.0,1497385142217485950,lsgrand_first_valid,1.5578570041582065e+18,False,1.0,0.5,0.8,0.0,0.0,slip_26_3,True,63,1,1,True,False,,first_valid_witness,93,93,63,63,1,1,0,93,False,0.0015928630018606782,-20.612482714900636,,,1.0
performance,P64_SPARSE_LATE,P64_SPARSE_LATE_c1_t1,64,56,0.875,sparse,6.0,1497385142217485950,per_state_grand_sweep,1.5578570041582065e+18,False,1.0,0.5,0.8,0.0,0.0,slip_26_3,True,63,1,1,True,False,,best_fixed_state_codeword,30090,30090,63,63,32,30,0,30090,True,0.13943443400785327,-20.612482714900636,,,1.0
performance,P64_SPARSE_LATE,P64_SPARSE_LATE_c1_t1,64,56,0.875,sparse,6.0,1497385142217485950,plain_reliability_grand,1.072075717853539e+19,False,1.0,0.5,0.8,0.0,0.0,slip_26_3,True,63,1,1,True,False,,first_valid_witness,864,864,1,1,1,1,0,864,False,0.004621486994437873,-25.852554719205884,,,1.0
performance,P64_SPARSE_LATE,P64_SPARSE_LATE_c1_t1,64,56,0.875,sparse,6.0,1497385142217485950,latent_osd_order2,1.5578570041582065e+18,False,1.0,0.5,0.8,0.0,0.0,slip_26_3,True,63,1,1,True,False,,best_complete_marginal_score_in_osd_list,0,0,63,24,2607,2291,2291,144333,False,1.720076316036284,-20.61000976152091,,,0.38095238095238093
performance,P64_SPARSE_LATE,P64_SPARSE_LATE_c1_t2,64,56,0.875,sparse,6.0,15408666250328927131,lsgrand_certified,1.5408666250328926e+19,True,1.0,0.5,0.8,0.0,0.0,slip_26_3,True,63,1,2,True,True,0.01887265343392386,strict_unseen_codeword_certificate,4032,4032,63,63,21,19,0,4032,False,0.046881780959665775,-28.731161061109386,96.0,42.0,1.0
performance,P64_SPARSE_LATE,P64_SPARSE_LATE_c1_t2,64,56,0.875,sparse,6.0,15408666250328927131,lsgrand_first_valid,1.5408666250328926e+19,True,1.0,0.5,0.8,0.0,0.0,slip_26_3,True,63,1,2,True,False,,first_valid_witness,96,96,63,53,1,1,0,96,False,0.0016328520141541958,-28.731161061109386,,,0.8412698412698413
performance,P64_SPARSE_LATE,P64_SPARSE_LATE_c1_t2,64,56,0.875,sparse,6.0,15408666250328927131,per_state_grand_sweep,1.5408666250328926e+19,True,1.0,0.5,0.8,0.0,0.0,slip_26_3,True,63,1,2,True,False,,best_fixed_state_codeword,26949,26949,63,63,38,35,0,26949,True,0.12997459794860333,-28.731161061109386,,,1.0
performance,P64_SPARSE_LATE,P64_SPARSE_LATE_c1_t2,64,56,0.875,sparse,6.0,15408666250328927131,plain_reliability_grand,1.540852566745992e+19,False,1.0,0.5,0.8,0.0,0.0,slip_26_3,True,63,1,2,True,False,,first_valid_witness,3725,3725,1,1,1,1,0,3725,False,0.020481119980104268,-35.74503314249381,,,1.0
performance,P64_SPARSE_LATE,P64_SPARSE_LATE_c1_t2,64,56,0.875,sparse,6.0,15408666250328927131,latent_osd_order2,1.5408666250328926e+19,True,1.0,0.5,0.8,0.0,0.0,slip_26_3,True,63,1,2,True,False,,best_complete_marginal_score_in_osd_list,0,0,63,24,2607,2189,2189,137907,False,1.769938335986808,-28.729001583560663,,,0.38095238095238093
performance,P64_SPARSE_LATE,P64_SPARSE_LATE_c1_t3,64,56,0.875,sparse,6.0,10238199718022215046,lsgrand_certified,1.0238199718022216e+19,True,1.0,0.5,0.8,0.0,0.0,slip_26_3,True,63,1,3,True,True,0.0015670548116872851,strict_unseen_codeword_certificate,17856,17856,63,63,14,14,0,17856,False,0.16942817601375282,-24.715762251443692,1055.0,16.925118483412323,1.0
performance,P64_SPARSE_LATE,P64_SPARSE_LATE_c1_t3,64,56,0.875,sparse,6.0,10238199718022215046,lsgrand_first_valid,1.0238199718022216e+19,True,1.0,0.5,0.8,0.0,0.0,slip_26_3,True,63,1,3,True,False,,first_valid_witness,1055,1055,63,63,1,1,0,1055,False,0.006822381052188575,-24.715762251443692,,,1.0
performance,P64_SPARSE_LATE,P64_SPARSE_LATE_c1_t3,64,56,0.875,sparse,6.0,10238199718022215046,per_state_grand_sweep,1.0238199718022216e+19,True,1.0,0.5,0.8,0.0,0.0,slip_26_3,True,63,1,3,True,False,,best_fixed_state_codeword,44211,44211,63,63,10,10,0,44211,True,0.21060120104812086,-24.715762251443692,,,1.0
performance,P64_SPARSE_LATE,P64_SPARSE_LATE_c1_t3,64,56,0.875,sparse,6.0,10238199718022215046,plain_reliability_grand,1.0240451517835903e+19,False,1.0,0.5,0.8,0.0,0.0,slip_26_3,True,63,1,3,True,False,,first_valid_witness,393,393,1,1,1,1,0,393,False,0.0021211960120126605,-25.230256298256247,,,1.0
performance,P64_SPARSE_LATE,P64_SPARSE_LATE_c1_t3,64,56,0.875,sparse,6.0,10238199718022215046,latent_osd_order2,1.0238199718022216e+19,True,1.0,0.5,0.8,0.0,0.0,slip_26_3,True,63,1,3,True,False,,best_complete_marginal_score_in_osd_list,0,0,63,24,2607,2414,2414,152082,False,1.769218724919483,-24.714052653637363,,,0.38095238095238093
performance,P64_SPARSE_LATE,P64_SPARSE_LATE_c1_t4,64,56,0.875,sparse,6.0,6159881450782443619,lsgrand_certified,6.159881450782444e+18,True,1.0,0.5,0.8,0.0,0.0,slip_26_3,True,63,1,4,True,True,0.016924040248223804,strict_unseen_codeword_certificate,4336,4336,63,63,10,10,0,4336,False,0.03691499901469797,-29.426601073852552,222.0,19.53153153153153,1.0
performance,P64_SPARSE_LATE,P64_SPARSE_LATE_c1_t4,64,56,0.875,sparse,6.0,6159881450782443619,lsgrand_first_valid,6.159881450782444e+18,True,1.0,0.5,0.8,0.0,0.0,slip_26_3,True,63,1,4,True,False,,first_valid_witness,222,222,63,63,1,1,0,222,False,0.0022214709315449,-29.426601073852552,,,1.0
performance,P64_SPARSE_LATE,P64_SPARSE_LATE_c1_t4,64,56,0.875,sparse,6.0,6159881450782443619,per_state_grand_sweep,6.159881450782444e+18,True,1.0,0.5,0.8,0.0,0.0,slip_26_3,True,63,1,4,True,False,,best_fixed_state_codeword,42905,42905,63,63,11,11,0,42905,True,0.20447592693381011,-29.426601073852552,,,1.0
performance,P64_SPARSE_LATE,P64_SPARSE_LATE_c1_t4,64,56,0.875,sparse,6.0,6159881450782443619,plain_reliability_grand,1.5419317743906177e+19,False,1.0,0.5,0.8,0.0,0.0,slip_26_3,True,63,1,4,True,False,,first_valid_witness,11008,11008,1,1,1,1,0,11008,False,0.06091499805916101,-38.95778984111398,,,1.0
performance,P64_SPARSE_LATE,P64_SPARSE_LATE_c1_t4,64,56,0.875,sparse,6.0,6159881450782443619,latent_osd_order2,6.159881450782444e+18,True,1.0,0.5,0.8,0.0,0.0,slip_26_3,True,63,1,4,True,False,,best_complete_marginal_score_in_osd_list,0,0,63,24,2607,2245,2245,141435,False,1.6908758169738576,-29.425776612738265,,,0.38095238095238093
performance,P64_SPARSE_LATE,P64_SPARSE_LATE_c1_t5,64,56,0.875,sparse,6.0,7977031131525513711,lsgrand_certified,7.977031131525513e+18,True,1.0,0.5,0.8,0.0,0.0,slip_26_1,True,63,1,5,True,True,0.0013047971300039762,strict_unseen_codeword_certificate,18688,18688,63,63,72,66,0,18688,False,0.39417336403857917,-31.260402140994735,266.0,70.25563909774436,1.0
performance,P64_SPARSE_LATE,P64_SPARSE_LATE_c1_t5,64,56,0.875,sparse,6.0,7977031131525513711,lsgrand_first_valid,7.977031131525513e+18,True,1.0,0.5,0.8,0.0,0.0,slip_26_1,True,63,1,5,True,False,,first_valid_witness,266,266,63,63,1,1,0,266,False,0.002571374992839992,-31.45896652830615,,,1.0
performance,P64_SPARSE_LATE,P64_SPARSE_LATE_c1_t5,64,56,0.875,sparse,6.0,7977031131525513711,per_state_grand_sweep,7.977031131525513e+18,True,1.0,0.5,0.8,0.0,0.0,slip_26_1,True,63,1,5,True,False,,best_fixed_state_codeword,40571,40571,63,63,16,14,0,40571,True,0.18818388401996344,-31.45896652830615,,,1.0
performance,P64_SPARSE_LATE,P64_SPARSE_LATE_c1_t5,64,56,0.875,sparse,6.0,7977031131525513711,plain_reliability_grand,7.977100366398336e+18,False,1.0,0.5,0.8,0.0,0.0,slip_26_1,True,63,1,5,True,False,,first_valid_witness,231,231,1,1,1,1,0,231,False,0.0012823380529880524,-31.31614698744293,,,1.0
performance,P64_SPARSE_LATE,P64_SPARSE_LATE_c1_t5,64,56,0.875,sparse,6.0,7977031131525513711,latent_osd_order2,7.977031131525513e+18,True,1.0,0.5,0.8,0.0,0.0,slip_26_1,True,63,1,5,True,False,,best_complete_marginal_score_in_osd_list,0,0,63,24,2607,2114,2114,133182,False,1.6317460109712556,-31.253943581122662,,,0.38095238095238093
performance,P64_SPARSE_LATE,P64_SPARSE_LATE_c1_t6,64,56,0.875,sparse,6.0,984015349409043822,lsgrand_certified,9.840153494090438e+17,True,1.0,0.5,0.8,0.0,0.0,slip_26_3,True,63,1,6,True,True,0.029124313703889015,strict_unseen_codeword_certificate,3520,3520,63,63,25,25,0,3520,False,0.049393952009268105,-24.34561626418515,83.0,42.40963855421687,1.0
performance,P64_SPARSE_LATE,P64_SPARSE_LATE_c1_t6,64,56,0.875,sparse,6.0,984015349409043822,lsgrand_first_valid,9.840153494090438e+17,True,1.0,0.5,0.8,0.0,0.0,slip_26_3,True,63,1,6,True,False,,first_valid_witness,83,83,63,53,1,1,0,83,False,0.0015252480516210198,-24.34561626418515,,,0.8412698412698413
performance,P64_SPARSE_LATE,P64_SPARSE_LATE_c1_t6,64,56,0.875,sparse,6.0,984015349409043822,per_state_grand_sweep,9.840153494090438e+17,True,1.0,0.5,0.8,0.0,0.0,slip_26_3,True,63,1,6,True,False,,best_fixed_state_codeword,31559,31559,63,63,29,28,0,31559,True,0.14459938497748226,-24.34561626418515,,,1.0
performance,P64_SPARSE_LATE,P64_SPARSE_LATE_c1_t6,64,56,0.875,sparse,6.0,984015349409043822,plain_reliability_grand,3.2921101595099054e+18,False,1.0,0.5,0.8,0.0,0.0,slip_26_3,True,63,1,6,True,False,,first_valid_witness,9663,9663,1,1,1,1,0,9663,False,0.0524587060790509,-33.68902211858913,,,1.0
performance,P64_SPARSE_LATE,P64_SPARSE_LATE_c1_t6,64,56,0.875,sparse,6.0,984015349409043822,latent_osd_order2,9.840153494090438e+17,True,1.0,0.5,0.8,0.0,0.0,slip_26_3,True,63,1,6,True,False,,best_complete_marginal_score_in_osd_list,0,0,63,24,2607,2296,2296,144648,False,1.7332944350782782,-24.344948564093915,,,0.38095238095238093
performance,P64_SPARSE_LATE,P64_SPARSE_LATE_c1_t7,64,56,0.875,sparse,6.0,9694910764581388708,lsgrand_certified,9.694910764581388e+18,True,1.0,0.5,0.8,0.0,0.0,slip_26_1,True,63,1,7,True,True,0.003335138687361905,strict_unseen_codeword_certificate,6016,6016,63,63,27,25,0,6016,False,0.07097439095377922,-27.434960066355856,85.0,70.7764705882353,1.0
performance,P64_SPARSE_LATE,P64_SPARSE_LATE_c1_t7,64,56,0.875,sparse,6.0,9694910764581388708,lsgrand_first_valid,9.694910764581388e+18,True,1.0,0.5,0.8,0.0,0.0,slip_26_1,True,63,1,7,True,False,,first_valid_witness,85,85,63,52,1,1,0,85,False,0.0016006809892132878,-27.434960066355856,,,0.8253968253968254
performance,P64_SPARSE_LATE,P64_SPARSE_LATE_c1_t7,64,56,0.875,sparse,6.0,9694910764581388708,per_state_grand_sweep,9.694910764581388e+18,True,1.0,0.5,0.8,0.0,0.0,slip_26_1,True,63,1,7,True,False,,best_fixed_state_codeword,33580,33580,63,63,28,23,0,33580,True,0.1589691590052098,-27.434960066355856,,,1.0
performance,P64_SPARSE_LATE,P64_SPARSE_LATE_c1_t7,64,56,0.875,sparse,6.0,9694910764581388708,plain_reliability_grand,9.694910764577327e+18,False,1.0,0.5,0.8,0.0,0.0,slip_26_1,True,63,1,7,True,False,,first_valid_witness,27371,27371,1,1,1,1,0,27371,False,0.15511933295056224,-39.53143136794394,,,1.0
performance,P64_SPARSE_LATE,P64_SPARSE_LATE_c1_t7,64,56,0.875,sparse,6.0,9694910764581388708,latent_osd_order2,9.694910764581388e+18,True,1.0,0.5,0.8,0.0,0.0,slip_26_1,True,63,1,7,True,False,,best_complete_marginal_score_in_osd_list,0,0,63,24,2607,2200,2200,138600,False,1.7897047810256481,-27.4297725031274,,,0.38095238095238093
performance,P64_SPARSE_LATE,P64_SPARSE_LATE_c1_t8,64,56,0.875,sparse,6.0,4982360511279975081,lsgrand_certified,4.982360476987343e+18,False,1.0,0.5,0.8,0.0,0.0,slip_26_3,True,63,1,8,True,True,0.012383807748236109,strict_unseen_codeword_certificate,3904,3904,63,63,22,22,0,3904,False,0.053299720981158316,-40.99472208710852,32.0,122.0,1.0
performance,P64_SPARSE_LATE,P64_SPARSE_LATE_c1_t8,64,56,0.875,sparse,6.0,4982360511279975081,lsgrand_first_valid,4.982360476987343e+18,False,1.0,0.5,0.8,0.0,0.0,slip_26_3,True,63,1,8,True,False,,first_valid_witness,32,32,63,1,1,1,0,32,False,0.0013583159307017922,-40.99472208710852,,,0.015873015873015872
performance,P64_SPARSE_LATE,P64_SPARSE_LATE_c1_t8,64,56,0.875,sparse,6.0,4982360511279975081,per_state_grand_sweep,4.982360476987343e+18,False,1.0,0.5,0.8,0.0,0.0,slip_26_3,True,63,1,8,True,False,,best_fixed_state_codeword,27554,27554,63,63,41,38,0,27554,True,0.1380517709767446,-40.99472208710852,,,1.0
performance,P64_SPARSE_LATE,P64_SPARSE_LATE_c1_t8,64,56,0.875,sparse,6.0,4982360511279975081,plain_reliability_grand,4.982360476987343e+18,False,1.0,0.5,0.8,0.0,0.0,slip_26_3,True,63,1,8,True,False,,first_valid_witness,32,32,1,1,1,1,0,32,False,0.00020625803153961897,-40.30157490654857,,,1.0
performance,P64_SPARSE_LATE,P64_SPARSE_LATE_c1_t8,64,56,0.875,sparse,6.0,4982360511279975081,latent_osd_order2,4.982360476987343e+18,False,1.0,0.5,0.8,0.0,0.0,slip_26_3,True,63,1,8,True,False,,best_complete_marginal_score_in_osd_list,0,0,63,24,2607,2197,2197,138411,False,1.7967011210275814,-40.99471062444855,,,0.38095238095238093
performance,P64_SPARSE_LATE,P64_SPARSE_LATE_c1_t9,64,56,0.875,sparse,6.0,11010161512690363688,lsgrand_certified,1.1010161512690364e+19,True,1.0,0.5,0.8,0.0,0.0,slip_26_1,True,63,1,9,True,False,-0.006016789809681455,query_cap_before_certificate,50000,50000,63,63,225,206,0,50000,True,3.2175391539931297,-29.21064186275939,86.0,581.3953488372093,1.0
performance,P64_SPARSE_LATE,P64_SPARSE_LATE_c1_t9,64,56,0.875,sparse,6.0,11010161512690363688,lsgrand_first_valid,1.1010076345211048e+19,False,1.0,0.5,0.8,0.0,0.0,slip_26_1,True,63,1,9,True,False,,first_valid_witness,50,50,63,16,1,1,0,50,False,0.0015289869625121355,-29.212531792320604,,,0.25396825396825395
performance,P64_SPARSE_LATE,P64_SPARSE_LATE_c1_t9,64,56,0.875,sparse,6.0,11010161512690363688,per_state_grand_sweep,1.1010076345211048e+19,False,1.0,0.5,0.8,0.0,0.0,slip_26_1,True,63,1,9,True,False,,best_fixed_state_codeword,35978,35978,63,63,24,22,0,35978,True,0.1805298129329458,-29.212531792320604,,,1.0
performance,P64_SPARSE_LATE,P64_SPARSE_LATE_c1_t9,64,56,0.875,sparse,6.0,11010161512690363688,plain_reliability_grand,1.100790970844723e+19,False,1.0,0.5,0.8,0.0,0.0,slip_26_1,True,63,1,9,True,False,,first_valid_witness,36187,36187,1,1,1,1,0,36187,False,0.21937584702391177,-41.500374806825626,,,1.0
performance,P64_SPARSE_LATE,P64_SPARSE_LATE_c1_t9,64,56,0.875,sparse,6.0,11010161512690363688,latent_osd_order2,1.1010161512690364e+19,True,1.0,0.5,0.8,0.0,0.0,slip_26_1,True,63,1,9,True,False,,best_complete_marginal_score_in_osd_list,0,0,63,24,2607,2256,2256,142128,False,1.8158231939887628,-29.210639897147196,,,0.38095238095238093
performance,P64_SPARSE_LATE,P64_SPARSE_LATE_c1_t10,64,56,0.875,sparse,6.0,8286953561832991983,lsgrand_certified,8.286953561832992e+18,True,1.0,0.5,0.8,0.0,0.0,slip_26_3,True,63,1,10,True,True,0.017807788758368304,strict_unseen_codeword_certificate,4087,4087,63,63,25,23,0,4087,False,0.05456543411128223,-21.37653881755766,87.0,46.97701149425287,1.0
performance,P64_SPARSE_LATE,P64_SPARSE_LATE_c1_t10,64,56,0.875,sparse,6.0,8286953561832991983,lsgrand_first_valid,8.286953561832992e+18,True,1.0,0.5,0.8,0.0,0.0,slip_26_3,True,63,1,10,True,False,,first_valid_witness,87,87,63,53,1,1,0,87,False,0.0017288830131292343,-21.37653881755766,,,0.8412698412698413
performance,P64_SPARSE_LATE,P64_SPARSE_LATE_c1_t10,64,56,0.875,sparse,6.0,8286953561832991983,per_state_grand_sweep,8.286953561832992e+18,True,1.0,0.5,0.8,0.0,0.0,slip_26_3,True,63,1,10,True,False,,best_fixed_state_codeword,39982,39982,63,63,16,15,0,39982,True,0.205958075937815,-21.37653881755766,,,1.0
performance,P64_SPARSE_LATE,P64_SPARSE_LATE_c1_t10,64,56,0.875,sparse,6.0,8286953561832991983,plain_reliability_grand,8.142838373823982e+18,False,1.0,0.5,0.8,0.0,0.0,slip_26_3,True,63,1,10,True,False,,first_valid_witness,4259,4259,1,1,1,1,0,4259,False,0.025018020067363977,-29.392793207995826,,,1.0
performance,P64_SPARSE_LATE,P64_SPARSE_LATE_c1_t10,64,56,0.875,sparse,6.0,8286953561832991983,latent_osd_order2,8.286953561832992e+18,True,1.0,0.5,0.8,0.0,0.0,slip_26_3,True,63,1,10,True,False,,best_complete_marginal_score_in_osd_list,0,0,63,24,2607,2165,2165,136395,False,1.8435913119465113,-21.375378846127212,,,0.38095238095238093
performance,P64_SPARSE_LATE,P64_SPARSE_LATE_c1_t11,64,56,0.875,sparse,6.0,4549222367470716005,lsgrand_certified,4.5492223675378493e+18,False,1.0,0.5,0.8,0.0,0.0,slip_26_3,True,63,1,11,True,True,0.0011155099652597755,strict_unseen_codeword_certificate,10311,10311,63,63,71,62,0,10311,False,0.26275529398117214,-28.080161007752093,228.0,45.223684210526315,1.0
performance,P64_SPARSE_LATE,P64_SPARSE_LATE_c1_t11,64,56,0.875,sparse,6.0,4549222367470716005,lsgrand_first_valid,4.5492223675378493e+18,False,1.0,0.5,0.8,0.0,0.0,slip_26_3,True,63,1,11,True,False,,first_valid_witness,228,228,63,63,1,1,0,228,False,0.0024154289858415723,-28.080161007752093,,,1.0
performance,P64_SPARSE_LATE,P64_SPARSE_LATE_c1_t11,64,56,0.875,sparse,6.0,4549222367470716005,per_state_grand_sweep,4.5492223675378493e+18,False,1.0,0.5,0.8,0.0,0.0,slip_26_3,True,63,1,11,True,False,,best_fixed_state_codeword,35183,35183,63,63,23,21,0,35183,True,0.17912371992133558,-28.080161007752093,,,1.0
performance,P64_SPARSE_LATE,P64_SPARSE_LATE_c1_t11,64,56,0.875,sparse,6.0,4549222367470716005,plain_reliability_grand,4.567236765988593e+18,False,1.0,0.5,0.8,0.0,0.0,slip_26_3,True,63,1,11,True,False,,first_valid_witness,67,67,1,1,1,1,0,67,False,0.00038514798507094383,-27.64869751823639,,,1.0
performance,P64_SPARSE_LATE,P64_SPARSE_LATE_c1_t11,64,56,0.875,sparse,6.0,4549222367470716005,latent_osd_order2,4.5492223675378493e+18,False,1.0,0.5,0.8,0.0,0.0,slip_26_3,True,63,1,11,True,False,,best_complete_marginal_score_in_osd_list,0,0,63,24,2607,2225,2225,140175,False,1.888951031025499,-28.078065160178287,,,0.38095238095238093
performance,P64_SPARSE_LATE,P64_SPARSE_LATE_c1_t12,64,56,0.875,sparse,6.0,7076421463431004526,lsgrand_certified,7.076421463431006e+18,False,1.0,0.5,0.8,0.0,0.0,slip_26_3,True,63,1,12,True,True,0.000999602966704316,strict_unseen_codeword_certificate,10112,10112,63,63,98,91,0,10112,False,0.4046636379789561,-30.41617450756805,157.0,64.40764331210191,1.0
performance,P64_SPARSE_LATE,P64_SPARSE_LATE_c1_t12,64,56,0.875,sparse,6.0,7076421463431004526,lsgrand_first_valid,7.076421641015124e+18,False,1.0,0.5,0.8,0.0,0.0,slip_26_3,True,63,1,12,True,False,,first_valid_witness,122,122,63,63,1,1,0,122,False,0.0019229470053687692,-30.53108698088377,,,1.0
performance,P64_SPARSE_LATE,P64_SPARSE_LATE_c1_t12,64,56,0.875,sparse,6.0,7076421463431004526,per_state_grand_sweep,7.076421641015124e+18,False,1.0,0.5,0.8,0.0,0.0,slip_26_3,True,63,1,12,True,False,,best_fixed_state_codeword,20277,20277,63,63,47,42,0,20277,True,0.10610344703309238,-30.53108698088377,,,1.0
performance,P64_SPARSE_LATE,P64_SPARSE_LATE_c1_t12,64,56,0.875,sparse,6.0,7076421463431004526,plain_reliability_grand,6.935121025122257e+18,False,1.0,0.5,0.8,0.0,0.0,slip_26_3,True,63,1,12,True,False,,first_valid_witness,167,167,1,1,1,1,0,167,False,0.0009060079464688897,-32.20839002020278,,,1.0
performance,P64_SPARSE_LATE,P64_SPARSE_LATE_c1_t12,64,56,0.875,sparse,6.0,7076421463431004526,latent_osd_order2,7.076421463431006e+18,False,1.0,0.5,0.8,0.0,0.0,slip_26_3,True,63,1,12,True,False,,best_complete_marginal_score_in_osd_list,0,0,63,24,2607,2142,2142,134946,False,1.79300569195766,-30.41554070025592,,,0.38095238095238093
performance,P64_SPARSE_LATE,P64_SPARSE_LATE_c1_t13,64,56,0.875,sparse,6.0,6621964121419960383,lsgrand_certified,6.588863213507908e+18,False,1.0,0.5,0.8,0.0,0.0,slip_26_1,True,63,1,13,True,True,9.655089968418906e-06,strict_unseen_codeword_certificate,19584,19584,63,63,114,105,0,19584,False,0.7123405450256541,-16.16797404894524,91.0,215.2087912087912,1.0
performance,P64_SPARSE_LATE,P64_SPARSE_LATE_c1_t13,64,56,0.875,sparse,6.0,6621964121419960383,lsgrand_first_valid,6.588863213507908e+18,False,1.0,0.5,0.8,0.0,0.0,slip_26_1,True,63,1,13,True,False,,first_valid_witness,91,91,63,63,1,1,0,91,False,0.001624307013116777,-16.180887047274382,,,1.0
performance,P64_SPARSE_LATE,P64_SPARSE_LATE_c1_t13,64,56,0.875,sparse,6.0,6621964121419960383,per_state_grand_sweep,6.588863213507908e+18,False,1.0,0.5,0.8,0.0,0.0,slip_26_1,True,63,1,13,True,False,,best_fixed_state_codeword,35680,35680,63,63,22,20,0,35680,True,0.17032162297982723,-16.180887047274382,,,1.0
performance,P64_SPARSE_LATE,P64_SPARSE_LATE_c1_t13,64,56,0.875,sparse,6.0,6621964121419960383,plain_reliability_grand,6.612957059604174e+18,False,1.0,0.5,0.8,0.0,0.0,slip_26_1,True,63,1,13,True,False,,first_valid_witness,2249,2249,1,1,1,1,0,2249,False,0.012706623994745314,-24.4069835411429,,,1.0
performance,P64_SPARSE_LATE,P64_SPARSE_LATE_c1_t13,64,56,0.875,sparse,6.0,6621964121419960383,latent_osd_order2,6.588863213507908e+18,False,1.0,0.5,0.8,0.0,0.0,slip_26_1,True,63,1,13,True,False,,best_complete_marginal_score_in_osd_list,0,0,63,24,2607,2138,2138,134694,False,1.7288958459394053,-16.167937356107537,,,0.38095238095238093
performance,P64_SPARSE_LATE,P64_SPARSE_LATE_c1_t14,64,56,0.875,sparse,6.0,5370395899618745598,lsgrand_certified,5.370395899618745e+18,True,1.0,0.5,0.8,0.0,0.0,slip_26_3,True,63,1,14,True,True,0.013136501296159508,strict_unseen_codeword_certificate,4928,4928,63,63,12,12,0,4928,False,0.04534418694674969,-20.67246870498328,237.0,20.793248945147678,1.0
performance,P64_SPARSE_LATE,P64_SPARSE_LATE_c1_t14,64,56,0.875,sparse,6.0,5370395899618745598,lsgrand_first_valid,5.370395899618745e+18,True,1.0,0.5,0.8,0.0,0.0,slip_26_3,True,63,1,14,True,False,,first_valid_witness,237,237,63,63,1,1,0,237,False,0.0024161089677363634,-20.67246870498328,,,1.0
performance,P64_SPARSE_LATE,P64_SPARSE_LATE_c1_t14,64,56,0.875,sparse,6.0,5370395899618745598,per_state_grand_sweep,5.370395899618745e+18,True,1.0,0.5,0.8,0.0,0.0,slip_26_3,True,63,1,14,True,False,,best_fixed_state_codeword,32487,32487,63,63,32,31,0,32487,True,0.1702073779888451,-20.67246870498328,,,1.0
performance,P64_SPARSE_LATE,P64_SPARSE_LATE_c1_t14,64,56,0.875,sparse,6.0,5370395899618745598,plain_reliability_grand,3.0645528904047846e+18,False,1.0,0.5,0.8,0.0,0.0,slip_26_3,True,63,1,14,True,False,,first_valid_witness,4748,4748,1,1,1,1,0,4748,False,0.028503073961474,-27.905829063887353,,,1.0
performance,P64_SPARSE_LATE,P64_SPARSE_LATE_c1_t14,64,56,0.875,sparse,6.0,5370395899618745598,latent_osd_order2,5.370395899618745e+18,True,1.0,0.5,0.8,0.0,0.0,slip_26_3,True,63,1,14,True,False,,best_complete_marginal_score_in_osd_list,0,0,63,24,2607,2312,2312,145656,False,1.8220053280238062,-20.672324509664136,,,0.38095238095238093
performance,P64_SPARSE_LATE,P64_SPARSE_LATE_c1_t15,64,56,0.875,sparse,6.0,11332994431105967876,lsgrand_certified,1.1332994431105968e+19,True,1.0,0.5,0.8,0.0,0.0,slip_26_1,True,63,1,15,True,False,-0.0006049900352493864,query_cap_before_certificate,50000,50000,63,63,289,270,0,50000,True,4.180528152035549,-19.093497141030497,64.0,781.25,1.0
performance,P64_SPARSE_LATE,P64_SPARSE_LATE_c1_t15,64,56,0.875,sparse,6.0,11332994431105967876,lsgrand_first_valid,1.1332994431105968e+19,True,1.0,0.5,0.8,0.0,0.0,slip_26_1,True,63,1,15,True,False,,first_valid_witness,64,64,63,52,1,1,0,64,False,0.0015128758968785405,-19.093756704209145,,,0.8253968253968254
performance,P64_SPARSE_LATE,P64_SPARSE_LATE_c1_t15,64,56,0.875,sparse,6.0,11332994431105967876,per_state_grand_sweep,1.1332994431105968e+19,True,1.0,0.5,0.8,0.0,0.0,slip_26_1,True,63,1,15,True,False,,best_fixed_state_codeword,37625,37625,63,63,22,21,0,37625,True,0.18743099400307983,-19.093756704209145,,,1.0
performance,P64_SPARSE_LATE,P64_SPARSE_LATE_c1_t15,64,56,0.875,sparse,6.0,11332994431105967876,plain_reliability_grand,1.1331868531199123e+19,False,1.0,0.5,0.8,0.0,0.0,slip_26_1,True,63,1,15,True,False,,first_valid_witness,250,250,1,1,1,1,0,250,False,0.0013928419211879373,-23.44628947037582,,,1.0
performance,P64_SPARSE_LATE,P64_SPARSE_LATE_c1_t15,64,56,0.875,sparse,6.0,11332994431105967876,latent_osd_order2,1.1332994431105968e+19,True,1.0,0.5,0.8,0.0,0.0,slip_26_1,True,63,1,15,True,False,,best_complete_marginal_score_in_osd_list,0,0,63,24,2607,2087,2087,131481,False,1.781802432029508,-19.09349460265669,,,0.38095238095238093
performance,P64_SPARSE_LATE,P64_SPARSE_LATE_c1_t16,64,56,0.875,sparse,6.0,11854289512480266023,lsgrand_certified,1.1854289954771503e+19,False,1.0,0.5,0.8,0.0,0.0,slip_26_1,True,63,1,16,True,True,0.022449804411326824,strict_unseen_codeword_certificate,1664,1664,63,63,11,10,0,1664,False,0.016689041047357023,-28.524048256390724,45.0,36.977777777777774,1.0
performance,P64_SPARSE_LATE,P64_SPARSE_LATE_c1_t16,64,56,0.875,sparse,6.0,11854289512480266023,lsgrand_first_valid,1.1854289954771503e+19,False,1.0,0.5,0.8,0.0,0.0,slip_26_1,True,63,1,16,True,False,,first_valid_witness,45,45,63,25,1,1,0,45,False,0.0013575629564002156,-28.541806390107546,,,0.3968253968253968
performance,P64_SPARSE_LATE,P64_SPARSE_LATE_c1_t16,64,56,0.875,sparse,6.0,11854289512480266023,per_state_grand_sweep,1.1854289954771503e+19,False,1.0,0.5,0.8,0.0,0.0,slip_26_1,True,63,1,16,True,False,,best_fixed_state_codeword,27712,27712,63,63,37,36,0,27712,True,0.14027602691203356,-28.541806390107546,,,1.0
performance,P64_SPARSE_LATE,P64_SPARSE_LATE_c1_t16,64,56,0.875,sparse,6.0,11854289512480266023,plain_reliability_grand,2.6309174764307953e+18,False,1.0,0.5,0.8,0.0,0.0,slip_26_1,True,63,1,16,True,False,,first_valid_witness,512,512,1,1,1,1,0,512,False,0.002879458013921976,-32.756055997687554,,,1.0
performance,P64_SPARSE_LATE,P64_SPARSE_LATE_c1_t16,64,56,0.875,sparse,6.0,11854289512480266023,latent_osd_order2,1.1854289954771503e+19,False,1.0,0.5,0.8,0.0,0.0,slip_26_1,True,63,1,16,True,False,,best_complete_marginal_score_in_osd_list,0,0,63,24,2607,2280,2280,143640,False,1.8154105360154063,-28.52308859288827,,,0.38095238095238093
performance,P64_SPARSE_LATE,P64_SPARSE_LATE_c1_t17,64,56,0.875,sparse,6.0,2622224123654933756,lsgrand_certified,2.6222241236549335e+18,True,1.0,0.5,0.8,0.0,0.0,slip_26_1,True,63,1,17,True,True,0.0003553085572036707,strict_unseen_codeword_certificate,4544,4544,63,63,34,32,0,4544,False,0.07251457392703742,-23.999896123677672,82.0,55.41463414634146,1.0
performance,P64_SPARSE_LATE,P64_SPARSE_LATE_c1_t17,64,56,0.875,sparse,6.0,2622224123654933756,lsgrand_first_valid,2.6222241236549335e+18,True,1.0,0.5,0.8,0.0,0.0,slip_26_1,True,63,1,17,True,False,,first_valid_witness,82,82,63,52,1,1,0,82,False,0.0015471790684387088,-23.999896123677672,,,0.8253968253968254
performance,P64_SPARSE_LATE,P64_SPARSE_LATE_c1_t17,64,56,0.875,sparse,6.0,2622224123654933756,per_state_grand_sweep,2.6222241236549335e+18,True,1.0,0.5,0.8,0.0,0.0,slip_26_1,True,63,1,17,True,False,,best_fixed_state_codeword,34278,34278,63,63,28,26,0,34278,True,0.1612080589402467,-23.999896123677672,,,1.0
performance,P64_SPARSE_LATE,P64_SPARSE_LATE_c1_t17,64,56,0.875,sparse,6.0,2622224123654933756,plain_reliability_grand,2.6250388744957804e+18,False,1.0,0.5,0.8,0.0,0.0,slip_26_1,True,63,1,17,True,False,,first_valid_witness,43,43,1,1,1,1,0,43,False,0.0002499200636520982,-23.798207736600162,,,1.0
performance,P64_SPARSE_LATE,P64_SPARSE_LATE_c1_t17,64,56,0.875,sparse,6.0,2622224123654933756,latent_osd_order2,2.6222241236549335e+18,True,1.0,0.5,0.8,0.0,0.0,slip_26_1,True,63,1,17,True,False,,best_complete_marginal_score_in_osd_list,0,0,63,24,2607,2254,2254,142002,False,1.788400109973736,-23.999066898420864,,,0.38095238095238093
performance,P64_SPARSE_LATE,P64_SPARSE_LATE_c1_t18,64,56,0.875,sparse,6.0,423730602727656138,lsgrand_certified,4.237306027276561e+17,True,1.0,0.5,0.8,0.0,0.0,slip_26_3,True,63,1,18,True,True,0.011942325649457075,strict_unseen_codeword_certificate,4352,4352,63,63,18,18,0,4352,False,0.04509486095048487,-32.72293812897537,227.0,19.17180616740088,1.0
performance,P64_SPARSE_LATE,P64_SPARSE_LATE_c1_t18,64,56,0.875,sparse,6.0,423730602727656138,lsgrand_first_valid,4.237306027276561e+17,True,1.0,0.5,0.8,0.0,0.0,slip_26_3,True,63,1,18,True,False,,first_valid_witness,227,227,63,63,1,1,0,227,False,0.002421209937892854,-32.72293812897537,,,1.0
performance,P64_SPARSE_LATE,P64_SPARSE_LATE_c1_t18,64,56,0.875,sparse,6.0,423730602727656138,per_state_grand_sweep,4.237306027276561e+17,True,1.0,0.5,0.8,0.0,0.0,slip_26_3,True,63,1,18,True,False,,best_fixed_state_codeword,41086,41086,63,63,15,13,0,41086,True,0.21194078994449228,-32.72293812897537,,,1.0
performance,P64_SPARSE_LATE,P64_SPARSE_LATE_c1_t18,64,56,0.875,sparse,6.0,423730602727656138,plain_reliability_grand,4.237262046811424e+17,False,1.0,0.5,0.8,0.0,0.0,slip_26_3,True,63,1,18,True,False,,first_valid_witness,168,168,1,1,1,1,0,168,False,0.0009748359443619847,-33.85273650024477,,,1.0
performance,P64_SPARSE_LATE,P64_SPARSE_LATE_c1_t18,64,56,0.875,sparse,6.0,423730602727656138,latent_osd_order2,4.237306027276561e+17,True,1.0,0.5,0.8,0.0,0.0,slip_26_3,True,63,1,18,True,False,,best_complete_marginal_score_in_osd_list,0,0,63,24,2607,2305,2305,145215,False,1.875420053023845,-32.72290111137022,,,0.38095238095238093
performance,P64_SPARSE_LATE,P64_SPARSE_LATE_c1_t19,64,56,0.875,sparse,6.0,14467339953982709293,lsgrand_certified,1.5104219190035038e+19,False,1.0,0.5,0.8,0.0,0.0,slip_26_1,True,63,1,19,True,True,0.0060299399220298255,strict_unseen_codeword_certificate,1920,1920,63,63,19,18,0,1920,False,0.027172566973604262,-27.76810115895593,25.0,76.8,1.0
performance,P64_SPARSE_LATE,P64_SPARSE_LATE_c1_t19,64,56,0.875,sparse,6.0,14467339953982709293,lsgrand_first_valid,1.5104219190035038e+19,False,1.0,0.5,0.8,0.0,0.0,slip_26_1,True,63,1,19,True,False,,first_valid_witness,25,25,63,4,1,1,0,25,False,0.0013401319738477468,-27.955351270093487,,,0.06349206349206349
performance,P64_SPARSE_LATE,P64_SPARSE_LATE_c1_t19,64,56,0.875,sparse,6.0,14467339953982709293,per_state_grand_sweep,1.5104219190035038e+19,False,1.0,0.5,0.8,0.0,0.0,slip_26_1,True,63,1,19,True,False,,best_fixed_state_codeword,33471,33471,63,63,28,26,0,33471,True,0.1746728679863736,-27.955351270093487,,,1.0
performance,P64_SPARSE_LATE,P64_SPARSE_LATE_c1_t19,64,56,0.875,sparse,6.0,14467339953982709293,plain_reliability_grand,1.5764357954967738e+19,False,1.0,0.5,0.8,0.0,0.0,slip_26_1,True,63,1,19,True,False,,first_valid_witness,5902,5902,1,1,1,1,0,5902,False,0.03535833989735693,-37.99077304515278,,,1.0
performance,P64_SPARSE_LATE,P64_SPARSE_LATE_c1_t19,64,56,0.875,sparse,6.0,14467339953982709293,latent_osd_order2,1.5104219190035038e+19,False,1.0,0.5,0.8,0.0,0.0,slip_26_1,True,63,1,19,True,False,,best_complete_marginal_score_in_osd_list,0,0,63,24,2607,2197,2197,138411,False,1.857279786025174,-27.761829683257464,,,0.38095238095238093
